"","GSM650876.CEL.gz","GSM650877.CEL.gz","GSM650878.CEL.gz","GSM650879.CEL.gz","GSM650880.CEL.gz","GSM650883.CEL.gz","GSM650885.CEL.gz","GSM650923.CEL.gz","GSM650924.CEL.gz","GSM650930.CEL.gz","GSM650931.CEL.gz","GSM650944.CEL.gz","GSM650946.CEL.gz","GSM650950.CEL.gz","GSM650951.CEL.gz","GSM650954.CEL.gz","GSM650959.CEL.gz","GSM650968.CEL.gz","GSM650969.CEL.gz","GSM650970.CEL.gz","GSM650975.CEL.gz"
"LINC01128",7.575569,7.81717,7.695029,7.495486,7.462981,7.086119,7.187736,7.155224,7.489574,8.201512,7.554474,7.515678,7.907138,8.179843,7.881976,7.736908,7.800728,7.591349,7.927571,7.807398,8.057399
"ISG15",7.624894,7.117802,7.520475,7.474655,7.412729,7.167821,7.685093,7.735854,7.190735,7.064595,7.233101,8.699819,7.373696,7.414944,7.302315,7.404726,7.685369,7.509189,7.263457,7.344701,7.536274
"SLC25A33",8.693018,8.428586,8.340659,8.281868,8.269921,7.87342,8.462543,8.36053,7.973997,7.547395,7.120321,7.594758,7.780251,7.291135,7.469125,7.744339,7.779572,7.807796,7.575769,7.436038,7.669425
"RBP7",6.947236,6.634827,5.75642,5.909541,6.397363,6.477703,6.159352,6.675923,6.397966,5.289753,6.415764,6.298439,6.546234,5.860817,6.261531,6.328678,5.939276,6.493185,6.298535,6.393383,6.24152
"PGD",10.159275,10.304521,10.166557,9.074119,10.255038,10.166952,10.099866,10.138683,10.917744,10.430772,11.156701,10.934496,10.781862,10.07806,10.717894,10.85205,10.657963,10.796962,11.048911,10.859075,10.775936
"UBIAD1",8.335236,8.773177,8.857473,8.631237,8.673587,8.577993,8.745144,8.646734,8.61068,9.336596,8.918345,9.2376,9.100146,9.611677,9.268898,9.350569,9.375189,9.049579,9.326099,9.153984,9.203453
"RNU5E-1",8.520968,9.296638,8.479556,7.943089,7.649848,8.880995,8.543408,8.283479,6.52622,6.632364,7.469477,7.375854,7.116267,8.037542,7.798727,7.891983,7.018247,7.737683,7.520148,7.649488,6.737857
"PLOD1",7.619641,7.701079,7.280345,7.310211,7.447491,7.47243,7.563598,7.948138,7.589527,8.126239,8.619345,8.702195,8.321769,7.770836,8.226154,8.390594,8.06435,8.210258,8.376519,8.484643,8.091333
"TNFRSF1B",9.490986,9.995196,9.741935,8.800254,9.681909,9.386273,9.668217,9.946775,10.052153,10.098809,10.496497,10.597521,10.544351,9.989231,10.376357,10.219468,10.475235,10.391139,10.34487,10.365919,10.146955
"TMEM51-AS1",6.698524,6.09738,6.424072,8.034277,6.182639,6.425591,6.960098,7.322784,6.413924,6.862045,7.078866,6.50016,6.456892,6.42976,6.555847,6.386501,6.637673,6.514217,6.520938,6.378031,6.16471
"PADI4",8.2414,8.058723,7.706531,6.929022,8.220003,7.854819,7.039836,8.490702,8.589825,7.643027,9.593005,8.318027,8.29327,7.519333,8.281211,8.278577,8.135989,8.373603,8.702863,8.468952,8.238555
"RPS14P3",7.29908,7.390956,7.599544,7.483071,7.304963,7.240734,6.944671,6.752194,6.865184,7.69212,7.301212,7.139076,7.819957,7.911206,7.382297,7.784802,7.410756,7.566841,7.604159,7.68567,7.18288
"CDA",9.160534,9.61122,9.487273,7.694039,8.872539,8.985589,9.114941,9.387964,9.794461,9.730836,11.365004,10.367348,10.893232,10.275354,10.259313,10.659705,10.575294,9.995538,10.357599,9.971027,10.787402
"HS6ST1",7.004673,6.979713,7.289464,7.451528,6.367989,5.791678,5.469307,7.890793,7.246983,6.640327,6.617138,7.653312,7.650922,7.305591,7.063843,7.780606,7.502211,7.502401,6.996671,7.576047,7.767424
"ALPL",8.106435,8.489996,8.407702,7.968992,8.721043,8.541831,8.688743,9.677439,9.04843,10.38963,10.302626,9.529467,9.69334,9.494941,9.792066,9.18846,9.639807,9.639063,9.928629,9.669185,9.534124
"LINC00339",6.934694,7.623241,6.835117,7.870638,6.852056,7.237873,7.177194,6.852259,6.970396,6.525611,6.953419,7.052828,7.165059,7.212104,7.185103,6.867442,6.701501,6.693247,6.629296,6.858841,7.20552
"RPL11",10.264736,9.294463,9.002326,9.391733,9.210497,9.839437,9.756468,8.869756,8.174729,8.391847,8.061292,7.854386,9.284046,10.550413,8.620011,9.139342,8.477219,8.783302,8.654408,9.010247,7.974534
"PITHD1",7.810869,7.461658,7.864808,7.3979,8.205643,7.659064,8.152786,7.505372,7.447169,8.058405,7.816728,7.563919,8.993284,7.473403,7.510487,7.981863,7.614707,7.779876,7.74376,8.051936,8.589588
"RHD",5.769509,5.755782,5.891475,5.626169,6.013164,5.95714,5.883109,6.185831,5.921681,6.681599,6.598604,4.96757,6.908905,5.568271,6.260676,5.841648,5.743156,6.024366,5.928833,6.105604,5.739895
"TMEM50A",10.157442,9.785955,10.08891,9.835461,9.762895,10.286334,9.683483,10.073404,10.282652,10.898217,11.206757,10.638146,11.058963,10.848244,11.150011,10.977188,10.92682,10.845043,10.953731,11.031386,10.876727
"LDLRAP1",8.123919,8.567773,9.208916,8.860063,8.907137,8.622846,8.822084,8.401134,8.831552,9.634088,9.079378,9.193167,9.420564,9.833821,9.320531,9.515161,9.384981,9.26047,9.35499,9.291074,9.479257
"PDIK1L",7.41087,7.443945,7.507268,7.333788,7.551741,7.642857,7.601625,7.232414,7.263717,6.615096,6.702451,6.519059,6.965453,7.137929,6.609666,6.71201,6.778993,6.649383,7.011328,6.856652,6.893755
"CD52",10.643119,10.958545,10.078298,10.322758,9.737347,10.140104,10.511955,9.744844,9.463091,11.454103,10.908559,10.860995,11.85987,12.169657,11.529987,11.192763,11.146018,11.686013,11.483666,11.527982,11.384198
"ARID1A",8.313745,9.082356,9.306294,8.602466,8.804753,9.120833,8.859023,8.812807,9.456453,9.315352,9.712713,9.764574,8.999828,9.110411,9.543809,9.348822,9.439506,9.29023,9.312199,9.076564,9.65146
"ZDHHC18",10.126688,10.020309,9.963758,8.992816,9.804685,9.94622,9.733672,10.295402,10.49256,10.217812,11.196374,10.606467,10.255854,9.95601,10.323214,10.612379,10.201411,10.159971,10.281242,10.219617,10.275949
"TMA7",6.450877,6.081687,3.975371,4.724819,5.343474,5.885106,4.224826,3.299219,5.534554,6.402863,5.218536,5.352598,6.820342,7.590814,5.491144,6.974204,6.218847,6.280044,7.441387,6.463911,6.114539
"SCARNA1",6.188317,6.670191,6.112475,5.748338,6.317394,6.497132,5.928031,5.554713,5.825588,5.529512,5.362224,5.394198,5.725512,5.781588,5.520694,5.61412,5.503036,5.621783,5.409923,5.500637,5.908125
"THEMIS2",8.811627,9.133201,8.93651,8.445085,9.03941,9.169352,8.745884,8.896098,9.599371,9.548032,10.392511,10.208291,9.947998,9.291018,9.956697,10.017637,9.862671,9.685004,9.83229,10.084691,9.989575
"PHACTR4",7.879768,8.690391,8.549077,8.076402,8.131351,8.341223,8.16013,7.541015,8.55452,9.095413,9.036551,9.451591,8.999088,8.746165,9.28501,8.874743,8.980374,9.186213,9.462231,8.916596,9.365124
"EPB41",10.730568,11.300914,11.373352,11.123471,11.683574,11.251531,11.465858,10.900385,11.057495,10.253748,10.637865,10.205751,10.763798,10.161194,10.485586,10.754804,10.356949,10.565162,10.529631,10.492895,10.915143
"LCK",9.220325,9.469001,9.509358,9.498984,9.470243,9.224429,9.484611,9.37958,9.290685,10.179043,9.609294,9.852849,10.170842,10.383871,10.143486,10.150824,10.13797,10.019544,9.973774,10.000759,10.133832
"HDAC1",9.789226,10.444084,10.404288,10.268669,10.263656,10.275711,10.328575,9.886597,10.317355,9.863824,9.316885,9.652876,9.761289,9.892802,9.863385,9.878418,9.78098,9.743791,9.834064,9.967072,9.735312
"ZNF362",7.470381,8.096957,7.87729,7.784044,7.704966,7.531967,7.747435,8.017953,7.795119,8.553993,8.472514,8.544022,8.704221,8.583243,8.337615,8.677379,8.317577,8.336117,8.420918,8.457491,8.494351
"ZMYM1",7.106166,7.587889,7.562253,7.345408,7.792795,8.006831,7.663346,6.83371,7.551141,6.916624,6.655044,6.659993,7.132465,7.315834,6.963626,7.199637,6.891344,6.769753,6.912715,7.072251,7.28094
"NCDN",7.613401,7.481668,7.773844,7.885803,7.64259,7.465798,7.765395,7.917517,7.784028,8.439198,8.312305,8.482541,8.249401,8.570465,8.370635,8.437752,8.304236,8.44613,8.273904,8.260932,8.384309
"AGO4",9.781023,9.44677,9.475585,8.736081,9.384321,9.743619,9.200102,9.610641,10.137012,8.49529,9.343037,9.247657,8.985362,8.477081,9.161265,9.31765,8.775879,8.882149,9.121333,9.294708,8.974631
"THRAP3",9.360026,9.737527,9.735296,9.328752,9.630733,9.915962,9.263964,9.03332,9.798438,8.64066,8.695524,8.995165,8.616994,8.700183,8.908018,8.825195,8.803185,8.720569,8.905345,8.787113,8.846549
"RPS27",9.036186,7.978983,6.819926,8.056188,7.454465,8.772842,6.95227,7.020076,6.194321,7.073652,5.905501,5.96174,8.071792,9.281637,6.760957,8.047013,7.236628,7.032374,7.711625,7.856968,7.200217
"UTP11",7.172666,7.739259,7.275215,7.25115,7.799513,7.866549,7.311254,6.994436,7.488176,7.017963,6.670871,6.807019,7.60547,7.516451,7.188638,7.518379,6.94193,6.91492,7.37229,7.061415,7.314872
"AKIRIN1",10.474724,10.405283,10.486682,10.38625,10.52972,10.250326,10.279256,10.378814,10.357629,9.554914,9.672898,9.407742,9.790743,9.665928,9.639009,9.821193,9.472593,9.446078,9.633838,9.893931,9.787762
"NDUFS5",8.315171,8.247212,7.935158,8.553601,8.202038,8.640087,7.417832,7.941234,7.796933,8.98953,8.776348,8.858742,9.448795,10.168716,9.20307,9.2676,8.73036,8.987585,9.08504,9.069629,8.433126
"MIR30E",6.76656,7.121343,6.760156,6.155825,7.077124,6.932188,7.055141,6.760139,7.138483,7.565854,7.700691,7.844462,7.8244,7.950108,7.782921,8.032753,7.382905,7.672963,7.867258,7.976262,7.84606
"PPCS",8.682704,8.546636,8.351239,8.14732,8.626813,8.352958,8.451072,8.109883,8.554401,7.452231,7.441573,7.489191,8.130756,8.099152,7.768667,8.017451,7.62738,7.7059,7.64785,7.831878,7.54872
"PPIH",8.266594,8.269146,7.934588,8.292833,7.93275,7.880735,7.81456,7.733634,7.979917,7.566646,7.283525,7.398074,7.671674,7.791624,7.588734,7.787689,7.61229,7.460017,7.788211,7.548525,7.593093
"RNF220",7.845472,7.925917,8.04764,7.962689,7.707304,7.800849,7.876861,8.053277,7.839545,8.414582,8.453415,8.771,8.688888,8.895584,8.522135,8.637467,8.579347,8.47584,8.522491,8.66641,8.429502
"RPS8",10.196732,9.710823,9.752073,10.496237,9.787911,9.98611,9.87104,9.79004,9.072652,9.528185,9.072566,8.907115,9.979833,10.928416,9.382945,9.825165,9.439307,9.903951,9.627266,9.838388,9.084732
"SNORD55",8.274457,8.265526,7.704142,8.044806,7.406823,7.508053,8.255771,7.636493,7.043244,7.84427,7.385618,7.716599,8.048274,8.67431,7.802311,7.739791,7.615528,7.978647,7.718022,7.973703,7.585352
"SNORD46",10.178806,9.531756,9.800076,10.041028,9.586531,9.534895,10.039795,10.336672,9.342275,9.212398,9.026977,8.884721,9.221348,10.251388,9.487161,9.277679,9.343027,9.574739,9.04049,9.127903,8.913761
"SNORD38B",6.072695,6.773879,6.228165,6.645553,6.389459,6.600276,5.871995,4.62398,5.864599,5.467328,5.374069,5.59244,6.170904,6.195361,6.043888,6.171172,5.779878,5.554416,6.293203,6.198361,6.287971
"TOE1",7.413242,7.676293,7.541854,7.53026,7.350116,7.06611,7.415871,7.415291,7.079414,8.128544,7.907246,8.235369,8.215993,8.027134,8.052664,8.272065,7.95507,8.001513,8.254529,8.246131,8.14637
"UQCRH",6.225054,6.8587,6.577291,6.443159,5.852388,6.90947,6.68918,6.069567,5.912294,6.383466,6.159772,6.189636,6.608875,6.059213,6.438459,6.279155,6.310795,6.074325,6.147887,6.081554,5.646986
"CYP4Z1",5.931021,5.313455,5.745871,6.21827,5.060776,5.721051,5.560592,6.546919,6.343594,6.06282,5.932572,5.882842,5.668764,5.842646,6.120861,5.716007,6.024753,6.278205,5.5994,5.9398,5.604216
"FOXE3",8.925066,8.779202,8.803528,8.755726,9.047507,8.362892,9.123436,9.199946,8.688252,8.078619,8.280191,8.297896,8.220508,8.103703,8.291325,8.062166,8.420419,8.588631,8.190076,8.170451,8.136599
"STRADB",9.853577,11.107162,10.393538,10.733987,11.566369,10.205436,11.380618,10.44588,10.43547,11.224937,11.43517,10.217991,12.027737,10.282872,10.882321,11.604138,10.760032,11.178119,11.16226,10.964939,11.504069
"RNF11",8.618671,9.042764,8.56077,8.466712,9.448626,8.997828,9.075879,8.237385,8.544176,7.775332,7.882817,7.330238,8.353311,7.384967,7.603586,8.455361,7.202064,7.497914,7.692453,8.105112,8.737126
"GPX7",6.802734,7.384341,7.120406,7.340487,7.276721,7.131408,7.440285,6.848184,6.996693,8.483243,7.712237,7.909149,8.482848,8.906799,8.163557,8.395878,8.132184,8.043564,8.265453,8.331436,8.625919
"SHISAL2A",7.586525,7.932871,8.193265,7.876023,7.731267,7.693565,7.889846,7.491098,7.657515,8.622692,7.924593,8.20415,8.238011,8.758448,8.67634,8.562471,8.3333,8.281591,8.608983,8.527431,8.857431
"MRPL37",8.963082,9.424805,8.87295,8.96657,9.048904,8.705787,9.062411,8.815239,9.021982,9.899318,9.620934,9.672812,10.012451,9.957264,9.671198,9.967682,9.74132,9.907757,10.007224,9.831514,9.743906
"HOOK1",5.29078,5.715359,5.643886,5.365955,5.919344,6.034287,5.893459,5.117885,5.006496,5.481703,4.980461,4.544838,5.396107,6.072396,5.084002,5.316152,4.859895,4.903148,5.019531,5.164899,5.37455
"USP1",7.999909,8.27234,7.968588,8.020103,8.589096,8.646428,8.091752,7.494821,8.046836,7.0675,6.986798,6.901708,7.778411,7.776685,7.390581,7.425036,6.997162,6.736131,7.340793,7.574518,7.301124
"ATG4C",7.303582,7.543539,7.371841,7.444191,7.74944,7.868184,7.334456,6.783652,6.80551,7.680909,7.378745,7.554995,8.065252,8.525265,7.714365,8.021198,7.744625,7.527976,7.973865,8.21267,8.032223
"ALG6",7.413845,8.152772,7.574888,7.524012,7.907201,8.202491,7.891677,6.875773,7.690928,6.68972,6.190847,6.307687,6.937153,7.039665,6.205849,6.710068,6.566928,6.439767,6.886424,7.154156,7.136549
"EFCAB7",5.2839,5.844936,5.215602,5.258354,5.257281,5.882081,5.778392,4.980263,5.139086,5.746401,5.318209,5.238641,5.820101,6.287571,5.526062,5.595277,5.355803,5.283555,5.566655,5.738321,6.019645
"MIER1",8.870826,9.08646,8.9591,8.822831,9.36185,9.577141,9.123113,8.653103,8.978592,8.284388,8.390139,7.898029,8.826541,8.933576,8.418228,8.599133,8.330307,8.052538,8.548839,8.429672,8.73608
"IL23R",5.933703,4.983144,5.216788,5.607127,5.050729,5.243599,4.893157,4.978516,5.440878,5.159476,5.950435,5.568093,5.630813,4.934777,5.521639,5.496061,5.162408,5.238447,5.358765,5.213214,4.975756
"TYW3",7.98237,7.553846,7.987542,8.208728,7.960273,8.328796,7.958777,7.533751,7.356502,7.528139,7.060342,6.992145,7.168891,7.915334,7.234191,7.269779,7.3317,7.221868,7.423226,7.383741,7.21464
"ACADM",8.271276,8.335482,8.028735,8.318619,8.370508,8.986354,8.406327,7.486677,7.880241,8.393304,7.535664,7.800167,8.682738,8.861251,8.307866,8.138821,8.094494,7.986167,8.391969,8.280723,7.819131
"RABGGTB",7.818308,8.181681,8.007989,8.143102,8.026204,8.597652,8.203809,7.119206,7.98712,6.853794,6.173178,6.772532,7.073105,7.599136,6.668258,7.003441,6.728444,6.404204,6.886048,7.172532,7.051312
"SNORD45C",6.582905,6.48376,6.640942,6.674494,6.977837,7.296061,6.560065,5.948238,6.383129,5.795972,5.27508,5.533396,5.984298,6.53342,5.761628,5.801637,5.688273,5.941856,5.901136,5.918628,6.065042
"ST6GALNAC3",4.34572,4.735029,5.019975,5.87448,6.092132,4.986873,5.618025,5.454631,5.169368,5.666161,5.767121,5.229836,5.045783,4.40342,4.916996,4.798703,5.570897,5.705277,5.310847,4.722756,4.441342
"ST6GALNAC5",5.360631,6.117655,6.129555,7.148199,4.984791,4.486067,6.258444,6.559194,5.126264,5.666047,6.495978,6.409279,4.364374,6.690538,5.832875,5.156892,6.112988,6.052068,5.70747,5.402759,5.176039
"AK5",6.518506,6.774795,7.727228,7.489632,7.699274,7.895252,7.057355,6.03222,7.279955,7.98115,7.090523,7.196333,7.780961,8.424307,7.901984,7.988404,8.297189,7.837044,7.952096,7.846983,8.231498
"MIGA1",7.647624,8.118466,8.118113,7.962221,8.037561,8.481398,8.084159,7.611681,7.97895,7.766308,7.181502,7.129715,7.66266,7.98405,7.522665,7.717504,7.336303,7.378065,7.65089,7.762887,7.935863
"DNAJB4",6.557969,7.02627,6.617762,6.753526,7.269438,7.075761,6.885845,6.181612,6.435223,6.266365,5.831948,6.014066,6.373175,7.005936,6.067999,6.292357,6.012583,5.778727,6.267911,6.298744,6.51201
"IFI44L",8.560132,11.712634,7.966836,8.045753,9.997137,10.275967,8.988906,7.057401,8.331049,7.759679,7.50045,12.159826,9.069843,8.834677,8.539593,8.248133,9.538994,8.267751,8.728787,7.796658,9.93354
"IFI44",7.923365,10.203156,7.050677,7.133445,8.974474,9.211796,7.895307,5.853149,7.457381,7.008149,7.042096,10.908473,8.203072,7.828435,7.752935,7.769469,8.335798,7.449792,7.865262,7.296264,9.002653
"PRKACB",9.624668,10.065719,10.015539,10.315871,10.195221,10.632218,10.238318,9.319869,9.728349,9.79971,9.01863,8.851799,9.924076,10.596052,9.473932,9.652904,9.681735,9.501638,9.597063,9.78846,9.946849
"RPF1",7.599123,7.931042,7.64043,7.989767,7.814273,8.604278,7.534119,6.930083,7.342399,7.666886,7.248621,7.411178,8.206353,7.795855,7.779499,8.096816,8.038428,7.560916,8.031306,7.54315,7.647015
"SH3GLB1",9.386779,9.252642,9.183967,9.169894,9.432748,9.472477,9.09129,9.336105,9.463268,9.064577,9.165406,8.965872,9.305645,8.943179,8.92874,9.099671,8.837143,8.469695,8.985849,9.047059,9.001546
"HS2ST1",7.967316,8.538673,7.990584,8.28329,8.52277,8.553643,8.406577,7.765916,8.481029,7.873831,7.548914,7.642539,7.932037,8.1529,7.921295,7.815176,7.657993,7.398728,7.748165,7.995914,8.101505
"LMO4",7.273516,7.415822,7.112409,6.692797,7.333902,7.094748,7.384295,6.813673,7.58293,6.227925,6.26838,6.475352,6.867269,6.27672,6.259693,6.370527,5.936932,6.236726,6.382408,6.411825,6.216955
"PKN2",9.94212,9.706481,10.002368,9.559583,10.345015,10.694673,10.013786,9.714362,10.177815,8.811606,9.523201,9.014383,9.152357,9.457875,8.985925,9.496577,9.056525,8.656815,9.06161,9.253642,9.553823
"ZNF326",7.15936,7.368937,7.300149,7.174421,7.461139,7.66365,7.222929,6.719266,7.094229,7.155385,6.553323,6.78033,7.30317,7.480861,6.896715,7.192819,6.704556,6.720554,7.091096,7.312569,7.064305
"CDC7",6.076959,6.479243,6.428953,5.882476,5.989078,6.487086,5.691214,6.001657,6.298543,5.326306,5.342205,5.286056,5.788687,5.623209,5.621547,5.815558,5.395651,5.473143,5.452147,5.688113,5.31678
"RPAP2",7.235206,7.859562,7.610892,7.879172,7.848635,7.884519,7.707475,6.908682,7.019519,8.205298,7.722994,7.464611,8.294114,8.662567,7.861027,7.985407,8.131787,7.754932,8.223237,8.22047,8.258579
"SNORD21",8.129888,8.224945,8.326279,8.047887,8.040851,8.41302,8.230125,7.476451,7.68783,6.649093,6.218872,6.476344,6.376069,7.01211,6.354112,6.785351,6.818767,6.568414,6.826024,6.951953,6.865136
"MTF2",8.997306,9.200998,9.158471,9.210004,9.132047,9.585387,9.101474,8.795124,8.924088,8.285883,7.853171,8.071673,8.426438,8.603154,8.255944,8.435653,8.196571,8.104536,8.35759,8.51955,8.345909
"CCDC18",5.334388,5.751656,5.675495,5.565191,5.823358,6.181225,5.933245,4.838783,5.047817,5.14298,4.930135,4.901452,5.542042,5.628651,5.023522,5.16728,5.259582,5.077831,5.122396,5.4785,5.434934
"ABCD3",8.29111,8.779938,8.752567,8.832698,8.83502,9.293421,8.64049,8.145485,8.744525,7.28057,6.962925,6.992513,7.449617,7.67756,7.197382,7.303941,7.13315,7.067102,7.337177,7.60789,7.482447
"PTBP2",8.584863,9.416335,9.108922,8.836488,9.31049,9.485937,9.087659,8.014067,8.640324,8.665129,8.006196,8.140873,8.292386,8.779294,8.370741,8.460168,8.492507,7.799082,8.127877,8.715596,8.743624
"AGL",7.674066,8.127656,8.101838,7.917125,8.208815,8.723033,7.970753,7.203343,7.929537,7.328979,7.207218,7.412851,7.456366,7.766044,7.432128,7.704838,7.518186,7.184712,7.394954,7.733521,7.759312
"SLC35A3",8.075145,8.398153,8.367611,8.269609,8.623392,8.845669,8.49273,7.784725,8.164087,7.353481,6.610232,6.82659,7.305083,7.580434,7.148491,7.24144,7.0981,7.051086,7.522977,7.627447,7.613222
"TRMT13",7.752494,8.328262,8.295224,8.274696,8.466652,8.9777,8.271877,7.29702,7.753618,8.696533,8.129632,8.130153,8.400704,9.093371,8.185518,8.826292,8.301489,8.124148,8.478947,8.885537,8.722257
"RNPC3",8.992928,8.965805,8.762312,8.783086,8.957114,9.3223,8.945784,8.474441,8.368938,9.816556,9.711824,9.413933,9.3469,10.012897,9.792034,9.727498,9.291848,9.283847,9.582855,9.180951,9.633958
"FAM102B",7.63711,8.342694,7.986104,7.831262,8.070991,8.245919,8.118889,7.296842,8.014531,7.397996,7.11331,7.516349,7.697965,7.401406,7.521666,7.526395,7.19307,7.193852,7.48448,7.727873,7.825791
"PRPF38B",8.847344,8.522853,8.8821,8.89525,8.825763,9.179479,8.916966,8.29638,8.815973,7.934689,7.815938,7.828254,8.457574,8.746282,8.085144,8.339438,7.969394,7.935516,7.995502,8.591959,8.420475
"STXBP3",9.152917,8.831771,8.656984,8.778335,9.110713,9.744272,8.726998,8.747561,9.149105,8.453716,8.583697,8.257521,8.91681,8.803752,8.563525,8.66694,8.436532,8.031372,8.616331,8.684898,8.501494
"ELAPOR1",8.583827,8.059735,8.417023,7.568899,8.173082,7.118492,7.453793,8.970421,8.887316,9.207747,9.384171,9.609592,8.84763,8.826243,9.617584,9.432844,7.366895,9.082884,9.185962,8.721763,7.918784
"GNAI3",9.671092,9.864992,9.601052,9.428063,9.911294,10.037762,9.520597,9.308228,9.808861,8.807997,9.219339,8.987536,9.465469,9.155973,8.854986,9.310455,8.898253,8.71824,9.219839,9.07129,9.116399
"MIR197",8.371796,8.118944,8.331352,9.041361,8.15404,8.35734,8.334305,8.894056,8.54815,8.96459,9.119183,9.073839,8.6551,8.713068,8.936226,8.794371,9.031797,9.028349,8.892305,8.467938,8.680715
"GSTM1",6.549796,8.177701,5.947653,7.360672,6.148707,6.791405,7.143262,6.239261,7.866602,8.135756,8.012001,8.291243,8.268475,8.194684,8.169185,8.109539,6.365057,7.164396,7.954149,7.815744,7.141106
"GSTM5",4.961529,5.275085,4.917326,5.580236,5.364771,5.16463,5.411883,4.886573,5.412939,6.328437,6.123548,5.799405,5.617563,5.976938,5.718589,5.733297,5.503961,5.800983,5.966122,5.312528,5.842856
"AHCYL1",8.078833,8.45895,8.456993,8.050106,8.105787,8.623202,8.360809,8.026197,8.761597,8.760134,8.664053,8.944557,8.758051,8.826036,8.974017,8.92819,8.668051,8.632548,8.762275,8.973803,8.90238
"CEPT1",9.127774,9.316168,9.255665,9.551718,9.688405,9.720741,9.450041,8.610517,9.088214,8.937742,8.33311,8.905894,9.305087,9.403531,9.077735,9.112997,8.735472,8.566058,9.104276,9.625297,9.145756
"CHI3L2",6.868412,7.851066,7.669901,8.227391,8.245983,7.82874,8.033207,7.311136,6.813391,8.061923,6.820276,6.98238,7.953684,8.175656,7.984729,7.808036,7.650174,7.9076,8.158184,7.810141,8.153289
"CHIAP2",5.11771,5.030546,4.99037,5.218209,4.690818,5.07771,5.088407,5.676311,5.276627,5.301158,5.393402,5.298113,4.800525,5.000063,5.057731,4.985108,5.33869,5.207184,5.091928,5.104743,5.006489
"C1orf162",9.508446,10.483345,10.328117,9.966422,9.955381,9.847562,10.174742,9.936162,10.283547,10.388846,10.556936,10.688972,10.928607,10.090376,10.711624,10.183267,10.32174,10.079662,10.418752,10.304985,10.608127
"MOV10",7.500325,8.461077,8.102083,7.924432,8.305033,8.238448,8.300159,7.849838,8.315923,8.620871,8.617433,9.98636,8.983162,8.963507,9.169704,8.900481,8.637579,8.977213,8.865905,8.71359,9.254487
"SLC22A15",8.906904,8.623347,8.498961,7.971938,8.888114,8.94402,8.331506,8.529809,9.348946,7.940927,8.798959,8.799171,8.428803,8.094718,8.317648,8.44743,7.569298,7.873446,8.063795,8.53791,8.334365
"TENT5C",9.719348,10.84624,10.638341,10.549226,11.618552,10.604291,11.298877,10.292058,10.264293,10.741163,10.364625,10.416459,10.820283,9.674992,9.801393,10.845336,9.766124,10.545459,10.421301,10.506111,11.397305
"WDR3",6.644761,7.34051,7.035639,6.823337,7.05829,7.295259,6.904893,6.578156,6.769817,6.307768,6.131367,6.373833,6.480307,6.661534,6.567182,6.667653,6.260396,6.561037,6.54883,6.664295,6.628771
"HSD3BP4",6.397792,6.303408,6.661437,6.454947,6.481106,6.449546,6.240229,7.563253,6.316454,7.320417,7.401044,6.993439,6.225571,6.96335,7.204179,6.227639,7.139927,6.87614,6.726306,5.908424,6.188983
"LINC00328",10.451574,9.10598,10.115699,10.469355,9.5897,9.761438,9.550433,10.145512,9.860407,10.283285,10.332187,9.837802,9.729627,9.785264,10.042634,9.89593,10.167766,10.188917,10.001413,9.771206,9.885774
"RBM8A",7.643842,8.241334,7.694041,8.177848,7.825277,8.12266,8.059022,7.711675,8.342001,7.193471,6.770417,7.401017,6.7691,7.011772,7.148216,7.011733,6.870978,6.729117,6.745972,7.076804,7.064868
"PEX11B",7.568387,8.27155,8.106312,8.237962,8.015296,8.222889,7.999542,7.780988,8.185425,9.325968,9.002921,9.166406,9.559099,9.516143,9.4489,9.595081,9.18033,9.315484,9.343105,9.333605,9.391614
"RNF115",7.707012,7.995372,8.067907,7.613632,7.810116,8.315496,8.079366,7.265194,8.102975,8.415441,8.272246,8.518767,8.62562,8.638306,8.559362,8.700504,8.470266,8.619114,8.754058,8.622122,8.744618
"ABHD17A",7.576047,8.473907,7.497279,7.541106,7.470086,7.703113,8.152786,6.848618,7.901605,10.487691,10.390772,10.516386,10.810048,10.63816,10.944128,10.553724,10.485289,10.331454,10.275394,10.536343,10.621596
"RNVU1-3",6.182626,6.514965,6.558446,6.556667,6.724859,6.94257,6.427659,5.37575,6.33462,7.560593,6.728528,6.590078,7.686933,8.03662,7.056503,6.904708,7.599454,6.899739,7.45604,7.533053,7.708225
"RNVU1-19",6.892721,6.996642,6.846253,6.032272,6.940758,7.433563,6.328245,6.466104,6.049249,6.481605,7.382304,7.16878,7.158223,8.626631,7.292239,6.315834,7.49001,7.248679,6.939152,7.628106,7.116
"PFN1P2",10.416168,11.208799,11.17389,10.914861,11.19311,10.692831,10.696576,10.864097,10.862529,12.533162,12.534023,12.437511,12.421991,12.339215,12.515308,12.436077,12.56519,12.294524,12.644055,12.305027,12.489571
"H2AC20",10.698675,10.314755,9.800239,9.930593,10.045932,9.390803,10.023767,10.050925,9.579917,10.027012,10.064747,10.050707,10.600506,10.386507,10.156111,10.325013,10.067992,10.036149,10.238063,10.350874,10.210167
"RPRD2",8.383703,8.981039,9.210207,8.644241,8.853872,8.917422,8.771213,8.43304,8.792009,9.343691,9.192177,9.289117,9.351491,9.357612,9.357943,9.359151,9.387229,9.293433,9.48838,9.247978,9.478875
"PRUNE1",7.56322,7.96211,8.227837,7.510013,7.876286,7.81245,7.593275,7.457678,7.975987,8.366268,8.346574,8.197135,8.409512,8.203071,8.229348,8.425601,7.796291,8.118479,8.100371,8.038986,8.372866
"MLLT11",6.995145,6.888406,7.303529,7.438284,7.134376,7.462611,6.908158,7.136419,7.091983,8.008889,7.763941,7.423105,8.013908,8.121925,7.873676,7.81324,7.837274,7.815875,7.851707,7.907606,7.951585
"PSMD4",8.027322,7.740963,7.655731,7.511647,7.826181,7.585733,7.972014,7.78724,7.442146,7.428772,7.320595,7.474679,7.141284,7.094692,7.361622,7.508304,7.224885,7.4511,7.396045,7.635151,7.011548
"LINC00302",5.794113,4.785984,5.413241,5.540239,4.522701,4.909624,5.12967,5.749727,5.209711,5.493761,5.702005,5.544478,4.749888,4.980938,4.934667,5.05049,5.525124,5.543108,5.357554,5.384471,5.116113
"LCE2C",6.252046,4.832556,5.64513,5.822811,5.881331,5.641412,5.677543,5.952138,6.227139,5.531457,5.825735,5.676473,5.271481,5.512918,6.051578,5.575365,5.714525,6.277383,5.719378,5.694844,5.663534
"LCE2B",7.611002,7.203895,7.706643,8.462661,7.819292,7.373696,7.549186,7.88908,7.528338,8.265911,8.252929,8.174008,7.770116,7.786218,7.977482,7.641255,8.175024,8.237963,8.031508,7.80924,7.729052
"KPRP",6.181503,6.519964,6.190522,6.820438,6.545048,6.18735,6.565258,6.843702,6.703223,6.961043,6.973228,6.861064,6.325502,6.604198,6.596047,6.305593,6.600005,6.829453,6.391275,6.297283,6.377934
"SPRR1A",7.172258,6.651585,7.219823,7.416309,6.92603,6.856639,7.157784,7.410133,6.998644,7.679036,7.845061,7.652174,7.223273,7.293518,7.268523,7.25522,7.578363,7.722935,7.584878,7.301956,7.244624
"LELP1",7.051214,6.656862,7.11613,7.823645,7.032279,6.979646,7.220181,7.707515,7.043692,7.609628,7.713349,7.327228,6.999456,7.173646,7.316536,7.037629,7.421044,7.593386,7.092478,7.100051,7.102187
"S100A9",10.315365,10.168246,9.389934,9.062195,9.597467,9.832165,9.335959,10.392602,9.930345,10.175588,10.853086,9.98218,11.01305,10.698598,10.204401,10.982641,10.126702,10.286685,10.402497,10.750639,9.979091
"SNAPIN",7.692212,7.85735,7.361123,7.431829,7.509897,7.357311,7.822815,7.488504,7.632936,8.239495,7.840879,8.140548,8.739423,8.519256,8.203428,8.518689,8.158474,8.177671,8.414404,8.377854,8.527863
"UBAP2L",8.803742,9.754566,9.66062,9.280465,9.40842,9.698967,9.33608,9.216715,9.732172,10.022577,10.043581,10.17183,9.759803,9.944159,10.010372,9.929452,9.969838,9.793173,9.952225,9.787535,10.058116
"HAX1",8.024369,8.307704,7.644923,7.650982,7.640143,7.730755,7.444832,7.376983,7.287903,8.274082,7.973465,8.03803,8.877894,9.058897,8.314366,8.554922,8.252646,8.181771,8.513459,8.416162,8.154663
"CKS1B",9.081754,8.359208,8.489013,8.945682,8.807778,8.362431,8.577271,8.984233,8.882342,7.665866,7.440938,7.558907,7.396239,7.965834,7.687878,7.616998,7.762278,7.780118,7.841143,7.891136,7.515827
"SLC50A1",7.631073,8.242577,8.317565,7.911633,8.037564,7.870987,8.159992,7.828346,7.62559,8.779555,8.607503,8.868166,9.030029,8.954883,8.948374,8.939011,8.574472,8.833229,8.945195,9.026822,8.757268
"DAP3",8.672091,8.745234,8.466781,8.384437,8.579899,8.474364,8.248933,8.002436,8.361655,7.534359,7.089603,7.533729,7.685732,8.112768,7.637929,7.672474,7.438586,7.488951,7.490534,7.816713,7.450041
"SYT11",7.149349,7.479824,7.073314,6.835078,7.02409,7.061058,7.090254,7.038294,7.996281,7.412189,7.642982,8.101087,8.184825,7.470289,8.079061,7.826363,7.788991,7.678282,7.836577,7.918724,7.712602
"SEMA4A",8.072461,8.60403,7.973817,7.474475,8.247045,8.074855,8.008819,8.366111,8.607597,9.218291,9.442436,9.242923,8.943841,8.474657,9.001172,9.241318,8.785486,8.990924,9.121882,8.953346,9.105399
"GPATCH4",6.937418,6.811757,7.106775,7.101429,7.084036,6.717024,7.02375,7.642587,7.120299,8.0338,8.095038,7.455355,7.422109,7.869787,7.625663,7.39093,7.334838,7.603138,7.716184,7.395605,7.336632
"CD1D",7.936433,8.17042,7.908887,7.972456,7.999765,7.754197,7.976848,7.78737,8.229759,8.50311,8.490996,9.290499,9.118629,8.57795,8.896075,8.742045,8.608942,8.931863,8.939125,8.975185,8.696035
"CD1C",7.800867,7.453024,7.597242,7.696528,7.507499,7.790579,8.016964,7.181367,7.694095,7.716619,7.128863,7.734869,7.287984,8.01281,7.360977,7.582693,7.384647,7.503949,7.98211,8.348582,7.58542
"OR10K1",5.919595,5.585566,5.487002,6.027528,5.936311,5.67429,5.519864,6.212002,5.870475,6.434639,6.778917,6.302245,5.373809,6.128736,6.305434,5.47059,6.211166,6.013834,5.953968,5.50669,5.526857
"MNDA",11.410916,11.17529,10.850639,10.450516,11.346259,11.856386,10.250502,11.178391,10.993121,10.178641,11.324189,10.734161,10.922035,10.426537,10.499068,11.221049,10.520259,10.392505,10.595403,10.98521,10.697032
"PYHIN1",8.818873,8.881048,8.441466,8.902999,8.591327,9.211713,9.040845,7.892372,8.880984,9.786511,9.91341,9.445797,10.454229,9.788138,10.453662,9.732804,10.178907,9.757238,10.139695,9.807585,10.138093
"IFI16",9.069514,9.652339,9.048838,9.074427,9.293731,9.757772,9.197297,8.944619,9.300918,9.864484,9.574006,10.61384,9.930552,9.679154,10.007737,9.676688,9.848647,9.728635,10.041472,9.900578,10.126379
"FCER1A",7.491781,6.887416,6.727864,6.810929,6.50199,7.177295,6.187337,6.71091,6.754313,6.913216,7.385024,7.342456,7.762467,7.175754,7.728309,8.175476,6.538997,7.324825,7.591206,7.228265,7.980031
"FCRL6",8.477071,8.973332,8.492699,8.638309,8.1513,8.720792,9.072213,8.165126,9.667508,8.833492,9.164488,9.135701,9.347263,8.789329,10.211944,8.98661,9.171484,8.977034,9.118734,8.767399,8.92778
"PEA15",8.034689,8.672816,7.98052,7.924109,8.548251,7.977445,8.170004,8.373446,8.452092,8.96189,9.123003,9.810319,9.906065,9.480606,9.65021,9.585446,9.128907,9.420326,9.845702,9.604373,9.582514
"SUMO1P3",4.034273,4.49581,4.359302,4.476328,4.356779,4.520048,4.306413,4.377529,4.194327,5.656725,4.876268,5.22129,4.586666,5.237016,4.823043,4.450372,5.108506,4.556177,4.754772,5.549182,4.341129
"NCSTN",8.076325,8.738046,8.524738,7.789376,8.283821,8.407739,8.359457,8.313246,8.860428,8.862147,9.342002,9.281192,8.957292,8.798648,8.966512,8.898402,8.945371,8.94165,9.095213,8.792968,9.086294
"SLAMF7",8.124472,8.879525,7.620817,7.683021,8.00711,8.364974,8.204317,7.131294,8.483689,8.485126,7.869767,8.408284,9.040891,8.107014,8.53852,8.171279,8.106037,8.319635,8.87791,8.343633,8.677516
"LY9",8.753274,8.9106,9.271864,8.895173,8.741228,8.915424,8.906587,8.522149,8.800631,9.65996,9.150668,9.232146,9.267073,9.789491,9.337703,9.59539,9.463549,9.51722,9.501463,9.506995,9.581078
"UFC1",8.751468,8.434902,7.906807,8.409234,8.039402,8.298058,8.107884,8.155535,7.320936,10.653289,10.212408,10.170011,10.977465,11.140518,10.66669,10.835113,10.405099,10.380032,10.694361,10.573899,9.380377
"FCER1G",9.732892,10.188961,9.518607,9.022261,9.503328,9.395163,9.38052,10.332043,9.249294,10.163576,10.792605,10.31293,11.12914,10.097293,10.747341,10.426693,10.184735,10.271093,10.443342,10.017289,9.788026
"FCGR2A",10.524804,10.257336,10.350595,9.485197,10.345642,10.533857,10.036729,10.862296,10.789199,10.905759,11.31205,11.131048,11.569115,10.750015,11.050713,10.949956,10.76015,10.984742,11.125709,10.686016,10.942513
"HSPA6",9.258958,9.389915,9.457207,8.89211,9.528342,9.619121,9.439791,9.674769,9.431863,8.673937,9.382917,9.300244,9.15117,8.963296,9.054865,8.867884,9.018698,8.734799,8.830332,9.011292,8.865588
"FCGR2B",7.131196,7.595012,7.418863,7.546159,7.714829,7.640582,7.971815,7.309822,7.459305,7.895994,7.026833,8.169211,8.084102,7.837778,7.9534,7.588546,7.383616,7.705284,7.86831,8.437566,7.826273
"FCRLA",8.207187,9.233948,8.973181,9.016036,8.709999,8.786646,9.392238,8.497953,8.371283,7.8546,7.697575,8.366214,7.64422,7.980499,7.869132,8.142505,8.105858,8.114009,8.054646,8.569574,8.165482
"UHMK1",9.731546,10.005341,9.718923,9.646963,9.825308,9.821546,9.907775,9.435951,9.93972,8.431843,8.403119,8.425145,8.76661,8.8865,8.74905,8.797346,8.444252,8.461605,8.667608,8.788429,8.843939
"MGST3",7.833945,8.1546,7.850378,7.931416,7.511561,7.465964,7.932509,7.696106,8.005347,8.453165,7.673809,8.031772,9.007773,8.307284,8.401965,9.025603,7.892384,7.912189,7.932655,8.689483,8.308452
"MPZL1",8.569103,8.762124,8.974532,8.360788,8.872595,9.244267,8.781597,9.104237,9.991913,9.543444,9.430317,9.149881,8.732947,8.523624,8.705471,9.176351,8.916941,8.89048,9.023215,9.270406,8.96766
"XCL1",4.660832,5.058003,4.581282,4.861701,4.992022,5.351632,3.690999,5.053341,5.245718,4.727754,5.214475,4.617152,6.183764,4.914344,5.794414,4.616715,4.441296,4.9175,3.646804,5.093489,5.162494
"BLZF1",8.144348,8.518506,8.041251,7.928935,8.386273,8.949424,8.089487,7.42691,7.917585,8.218224,8.277651,8.248745,8.96434,9.143986,8.359691,8.730025,8.309287,8.220079,8.21037,8.645832,8.429542
"DNM3",6.277867,6.423205,6.787354,6.168842,6.615362,6.877964,6.199123,6.080045,6.736953,6.676195,7.06049,6.694861,6.714039,6.418142,6.489395,6.609559,6.164188,6.504657,6.661518,6.50476,7.115738
"SUCO",7.643379,8.034753,7.776228,7.682492,8.186154,8.484057,7.72808,7.153922,7.649088,7.514348,7.262013,7.208677,7.883292,8.01473,7.749526,7.873,7.582465,7.400502,7.78514,7.794674,7.984577
"PRDX6",10.126641,9.655696,10.172976,9.495901,10.70566,9.77585,10.651887,9.327432,10.154698,10.846793,10.393197,9.78345,11.015458,9.880554,9.775264,10.311909,9.589687,10.25222,10.680682,10.371536,10.396101
"GPR52",8.220778,8.631981,8.537336,8.028856,8.275387,8.676305,8.368462,7.886876,8.54129,8.455086,8.206812,8.542442,7.752472,7.803514,8.695651,8.470495,8.274027,8.273997,8.418499,8.657131,8.754941
"RALGPS2",9.05879,9.801589,9.699574,9.420559,9.477547,10.054693,9.757513,8.85226,8.773321,9.185408,8.17447,8.906853,8.656947,9.43923,8.615706,8.997486,9.104213,8.572588,9.236104,9.738266,9.335522
"SOAT1",8.815684,9.081687,8.919449,8.71339,9.173198,9.491838,8.889437,8.382516,9.467258,8.233311,8.216644,8.324017,8.374706,8.291255,8.296677,8.385668,8.36199,8.21209,8.599172,8.518741,8.450797
"NPL",8.834888,8.414315,8.095341,7.55398,8.620503,8.741546,8.066438,8.619457,9.160094,7.993178,9.29641,8.533084,8.498458,8.19165,8.525266,8.802759,8.388424,8.164629,8.591526,8.640084,8.499293
"DHX9",8.941677,9.435598,9.533049,9.029606,9.38093,9.433401,9.215373,8.739453,9.350484,8.512486,8.157413,8.18274,8.398268,8.590147,8.53687,8.503318,8.492824,8.210561,8.690192,8.74527,8.550194
"TSEN15",8.236454,8.157609,7.998014,8.319203,8.475318,8.303294,8.44898,7.919738,8.167289,8.642719,8.240337,8.277434,8.875472,9.347204,8.83454,8.692378,8.446916,8.445403,8.691701,8.785803,8.807112
"SWT1",6.78504,7.768204,7.238692,6.833959,8.053151,7.651895,7.028499,6.252018,7.073041,6.924655,6.528487,6.409412,7.279993,7.376566,6.495979,6.989128,6.649541,6.584837,6.772137,6.952629,7.278746
"ODR4",7.402908,7.711331,7.55773,7.446985,7.913143,8.242122,7.460069,6.949232,7.572268,7.239395,6.801013,7.031866,7.844026,7.955126,7.302689,7.396663,7.013626,6.948076,7.43543,7.663086,7.595525
"PLA2G4A",6.330856,6.340743,5.757701,5.406169,6.441804,5.941057,5.47784,5.458961,5.883836,5.528637,5.775448,5.887636,6.472092,5.751986,5.82484,5.681305,5.363653,5.600187,5.901768,5.941503,5.980544
"RGS18",8.535299,8.405109,8.31726,8.290789,9.074902,9.290127,8.147245,8.024508,8.664023,7.451747,7.542472,6.608078,8.715798,7.736574,6.709074,7.760873,6.676216,7.088332,7.217693,7.615179,8.077972
"RGS2",11.762985,10.808945,10.821886,10.275896,10.852253,11.545464,10.789413,11.309881,11.02705,10.261668,11.538729,10.608065,11.115433,10.960575,10.529134,10.852101,10.676525,10.564405,10.633082,10.678751,10.03988
"RO60",8.889434,9.321669,9.110451,9.090539,9.403647,9.787156,9.301798,8.176371,9.253067,8.115064,7.658354,7.91766,8.56556,8.59614,8.409097,8.582071,8.075409,8.031946,8.363991,8.375418,8.682456
"CFHR1",3.005699,3.780899,3.715416,5.5814,5.545681,3.968224,2.817785,3.880088,3.787931,3.005699,3.539497,4.257257,3.222297,3.245882,3.195972,3.483831,3.791032,3.440582,3.487441,3.534007,3.306689
"CFHR4",6.096893,5.219484,4.723726,5.886969,4.530926,5.207872,5.209628,6.657014,5.493761,4.541015,4.954085,4.087089,4.105004,4.153761,4.411054,4.7229,4.432083,5.052336,3.966,3.986583,4.08446
"TIMM17A",6.581412,6.938725,6.138381,6.819036,6.955466,7.144099,6.491417,6.163388,6.496941,6.427689,6.074938,6.193872,6.706542,6.565608,6.313492,6.439787,6.375976,6.180246,6.510169,6.594108,6.283288
"OPTC",6.379688,5.972612,6.168905,6.82509,6.005432,6.434343,5.962904,6.941811,6.178366,6.960256,6.850737,6.619516,6.368722,6.460091,6.404833,6.36565,6.725673,6.721882,6.779442,6.534777,6.599583
"LINC00260",6.795498,7.464761,6.859837,7.184804,7.21622,7.323333,6.878822,7.170148,7.592977,7.031897,7.008269,6.686326,6.771453,6.589667,7.005291,6.769454,6.529171,6.456055,6.637873,6.555334,6.669766
"SNRPE",6.503237,6.815132,6.569335,6.8656,6.383156,6.740507,6.232704,6.18723,6.568329,5.975755,5.293625,5.512331,6.224087,6.186004,5.998133,5.978107,5.595782,5.437633,6.068495,6.143796,5.961446
"NUCKS1",6.277528,6.697008,6.420993,6.770632,6.366575,6.105103,5.980904,6.408446,6.654469,6.194038,6.058668,5.874661,6.107861,6.216444,5.950522,5.778876,6.134714,6.160003,6.193816,6.005866,5.889616
"LOC284581",7.305145,6.497169,6.068376,6.816932,6.398034,6.409338,6.430615,7.382766,6.649154,7.150795,7.068553,7.352617,6.738559,6.350514,6.81888,6.88738,7.068262,6.768878,6.716015,6.803063,6.590103
"AVPR1B",5.62333,5.325364,5.864197,6.26536,5.599525,5.551689,5.664697,6.672965,5.795527,6.04466,6.117437,5.961174,5.20558,6.096948,5.983494,5.393914,6.213507,6.064548,5.787816,5.534123,5.554056
"IKBKE",8.009904,8.350711,8.298299,8.231825,8.485923,8.0872,8.381085,7.948883,8.470172,8.980425,8.434733,8.801895,9.016893,8.916716,8.928457,8.980582,8.946983,8.979353,8.902432,9.078963,9.123964
"C4BPA",4.831765,4.573585,5.291365,4.93509,5.558563,4.934914,5.407775,5.176111,6.020158,6.993941,5.367216,4.856477,7.0986,4.865147,4.843224,6.203814,5.095611,4.897684,5.046978,7.398168,4.64823
"CR2",6.233779,7.83642,7.456394,7.208725,7.085548,8.036402,7.291379,6.619714,6.774561,6.529407,5.733666,6.70018,5.83274,6.898887,6.371534,6.157077,6.58444,6.675624,6.844179,7.010935,7.067132
"CR1",9.059603,9.06834,9.119736,8.463523,8.915189,9.449677,9.004063,9.232624,10.053697,8.362334,9.286508,8.359883,8.565294,8.082259,8.179219,8.40136,8.399237,8.304228,8.618661,8.602731,8.450935
"CR1L",7.462018,8.031281,7.306908,6.871309,7.939746,7.546498,7.563343,7.250731,8.187076,7.560319,7.722689,7.356974,7.628097,7.136493,7.273046,7.567689,7.286324,7.305081,7.848254,7.499623,7.839461
"TRAF3IP3",9.994034,10.298357,10.461668,10.170729,10.079298,10.219954,10.00666,9.635673,10.049471,10.892022,10.45042,10.735632,10.771311,11.043299,10.707586,11.017353,10.890607,10.78432,10.727185,11.027165,10.873383
"TRAF5",8.394567,8.71743,8.868229,8.881451,8.62134,9.129007,8.88956,7.904452,8.569699,8.430567,7.706352,8.322454,8.241235,8.58478,8.303498,8.400914,8.180969,7.924267,8.459519,8.651707,8.599198
"DTL",5.408055,7.523527,5.004702,4.893217,5.827335,5.574378,5.446128,5.180867,5.367604,6.022994,5.643864,5.565969,5.941284,5.730209,5.974091,5.486929,5.54,5.806694,6.03366,5.675156,5.983408
"PPP2R5A",9.219908,9.493797,9.421326,8.878512,9.577106,9.983565,9.25614,8.897748,9.361506,8.815266,9.288788,8.748279,9.471828,9.371171,8.765591,9.266152,8.965188,8.797469,9.261478,9.350556,9.421997
"SNORA16B",6.7047,7.498645,7.68013,6.816258,7.357724,7.469221,7.163884,6.959507,7.717324,5.837157,6.71071,6.306873,6.653484,6.603592,6.304397,6.416622,6.165844,6.006346,6.330316,6.663587,7.020684
"FLVCR1",7.081297,7.566505,7.800767,6.970373,7.954044,8.527626,7.065648,6.887654,7.205496,6.806337,6.878314,7.103705,7.195392,7.511219,7.279273,7.446842,7.25075,6.822742,7.231236,7.568324,7.539194
"KCTD3",5.756753,6.352897,5.636784,6.230671,5.783683,6.181702,5.610481,5.148631,6.064357,5.287008,5.254107,5.985744,5.801493,6.04172,5.59501,5.266323,5.440659,5.735627,5.742139,5.891837,5.86762
"LYPLAL1",6.038115,6.452124,6.078526,6.083741,6.515427,6.581513,6.315931,5.576549,5.537052,5.656297,5.178501,4.81254,5.960144,6.251674,5.186993,5.870133,5.157298,4.948393,5.845906,5.966563,6.08837
"IARS2",8.122723,8.639763,8.677112,8.4863,8.457102,8.877786,8.53568,7.823932,8.695602,7.591751,7.215497,7.492944,7.572142,7.747796,7.392534,7.583348,7.487568,7.365046,7.79855,7.756123,7.599901
"MTARC1",7.895046,7.967634,7.620443,7.352027,7.743623,7.515912,7.981887,7.998586,7.999514,7.557225,7.994496,7.470337,7.696948,7.250648,7.3178,7.613019,7.193523,7.339417,7.522975,7.650519,7.136651
"FAM177B",5.794458,6.403822,6.502521,6.359724,5.971127,7.082348,6.555579,5.644495,5.571674,6.649333,5.922036,6.518749,5.537998,6.413918,6.087584,6.206127,6.4905,6.174576,6.391384,6.242017,6.141225
"FBXO28",8.961876,9.142574,9.123627,8.919773,8.999982,9.251058,9.098706,8.460636,8.905722,8.014725,7.768298,7.812733,8.306817,8.407768,8.01232,8.249327,8.099069,8.048349,8.178842,8.321972,8.404271
"SRP9",6.706223,7.717474,6.82153,6.086378,7.117529,6.849512,6.397767,5.8785,6.649618,6.505446,5.925639,6.155655,6.38175,6.366514,6.387279,6.190747,6.412657,5.817902,6.20369,6.328621,6.764601
"ZNF678",5.933851,6.256167,5.784517,6.308723,6.39287,6.381644,6.661353,5.592652,5.756444,5.718561,5.56585,5.607287,6.090517,6.852255,5.553258,6.03714,5.829613,5.721799,5.732939,6.397807,5.960164
"GUK1",9.637492,10.249027,9.724391,9.193488,10.325464,9.311332,10.318291,9.519803,9.494305,9.862561,10.621226,9.906409,10.776386,9.547018,10.247902,10.56155,10.202872,10.013315,10.082125,9.938078,9.948293
"COG2",7.230285,7.726398,7.793541,7.357074,7.839673,7.802977,7.398791,6.913225,7.333576,6.963253,6.661152,6.58781,7.012277,7.093511,6.958697,7.090618,6.717445,6.515102,7.058861,7.105302,7.290915
"ARV1",7.402008,8.062835,7.068048,7.510861,7.768962,7.739966,7.254483,6.586511,7.021632,7.668628,7.419202,7.624461,8.064789,8.417123,7.972385,7.832675,7.646815,7.445024,8.05316,7.969848,8.042803
"GNPAT",8.991814,9.112256,9.043784,8.912623,8.891711,9.340058,8.825551,8.522915,8.931841,8.002373,7.632405,7.980548,8.099994,8.120509,7.948243,7.965703,7.722259,7.823341,8.049985,8.083944,7.894897
"COA6",6.206286,6.616886,6.129636,6.078322,6.371203,6.646566,6.157489,6.46814,6.398632,6.794557,6.582828,6.467925,7.452855,7.295359,6.923609,7.02073,6.513564,6.3046,6.660518,7.067937,6.701785
"GPR137B",7.835424,8.318613,8.086844,7.731803,8.222821,7.998884,8.090196,7.396842,8.146212,8.317765,8.49206,8.861868,8.942398,8.252478,8.447265,8.621647,8.389942,8.268217,8.728489,8.586141,8.600478
"KMO",6.674017,8.145266,7.795729,7.497133,7.505476,7.895224,8.130147,6.969297,7.305856,7.426652,7.00699,7.967782,7.53528,7.645692,7.629539,7.961029,7.824642,7.53995,7.795875,8.082732,7.847435
"OR2G2",5.699718,5.179986,5.879659,6.352144,5.454163,5.994778,6.02327,5.734772,5.401477,6.420924,6.463435,5.865408,5.195232,5.912147,6.11321,5.600462,6.134414,6.040538,5.563838,5.887378,5.56025
"OR2L8",6.252046,6.891414,7.033669,7.765378,7.132093,7.665631,5.908531,6.70336,7.321804,8.885504,8.0496,7.46982,6.315643,6.948347,6.835392,5.573879,7.097179,7.846529,7.67432,7.607605,8.456169
"OR2AK2",5.621515,6.221669,6.64341,6.383336,6.236087,6.66988,5.577424,6.27481,6.495995,7.013534,6.191936,5.822808,5.201306,5.618776,5.397998,4.932573,5.329721,6.086459,6.129106,6.042635,6.962731
"OR2L2",5.627788,6.616074,6.93939,6.989135,6.954021,7.791361,5.92812,6.521818,6.792841,7.734687,7.066782,6.846708,5.905263,6.557416,6.452048,5.807437,6.750419,6.606703,6.870048,6.719887,7.694778
"OR2M4",5.803876,5.213582,6.140784,5.91382,5.808933,5.726717,5.625474,5.802889,5.932009,6.037529,6.360065,6.059937,5.410958,6.133895,5.836113,5.649393,6.184822,6.108663,5.930197,5.677748,5.72542
"OR2T4",5.424285,4.306676,4.558097,5.088723,4.896411,4.355635,4.793947,5.632751,5.288581,5.806502,5.670021,5.201695,4.813898,5.406238,5.215669,4.873956,4.97685,5.420009,5.036698,4.859414,4.703455
"OR2T1",6.537453,5.778504,6.161507,6.969145,5.909551,6.048261,6.540474,6.797612,6.484023,6.913968,7.143738,6.579833,6.229626,6.311154,6.879335,6.186524,6.64644,6.661008,6.600652,6.374657,6.13597
"OR2G6",6.127301,6.124315,5.629599,6.446635,5.810743,5.237473,6.313758,6.346872,6.376603,6.58292,6.709613,6.383293,6.022626,6.087321,6.314002,5.975859,6.24551,6.36559,6.309011,5.682681,5.637181
"PGBD2",6.611108,6.869394,6.882711,6.606174,6.762393,7.220614,7.075384,6.311031,6.678944,6.432912,6.011119,5.945559,6.622408,6.71671,6.16827,6.508696,6.179944,6.357273,6.311837,6.593291,6.787569
"NADK",9.51577,9.589139,9.537097,8.5621,9.103304,9.301717,9.418941,9.608673,9.823416,8.733402,9.73751,9.894113,9.374134,8.732076,9.413132,9.547428,9.222511,9.284766,9.272626,9.417296,9.229346
"PRDM16-DT",7.47562,7.798255,7.202874,7.839095,6.799609,7.53593,7.719704,7.917379,7.185804,7.679888,7.919576,7.941652,7.524322,7.701609,7.787886,7.343003,8.274845,7.505579,7.800986,7.253911,7.558348
"RPL22",6.116806,6.324815,7.294111,6.626011,6.682154,7.38779,6.677937,6.283402,6.095644,6.631523,5.590803,5.634417,5.853884,6.426233,6.4449,6.285973,5.692487,5.59087,6.015888,6.077404,5.60943
"UTS2",4.755107,4.727425,4.726223,4.807181,6.657598,7.233642,5.929458,4.701158,6.393564,5.162579,4.988432,4.815759,4.788707,4.764272,7.45946,4.896617,6.98918,6.214985,5.005987,7.024381,7.31099
"TNFRSF9",7.418763,6.923399,7.212676,7.224892,7.157127,7.418967,6.831918,7.437761,6.910072,7.001647,7.765099,7.419445,7.565027,7.145437,7.343627,7.538956,7.024458,7.267713,7.366287,7.074801,7.376479
"CLSTN1",8.125499,8.764483,8.902505,8.473671,8.568142,8.797328,8.535671,8.421598,8.840091,7.957001,7.746268,8.126543,7.724573,7.680508,7.931581,7.887647,8.014183,7.842544,8.027279,7.973491,7.961748
"LZIC",7.824897,7.981175,7.651093,8.083098,8.098554,8.272206,7.969865,7.558036,8.101878,7.48813,7.214272,7.06711,7.681191,7.776852,7.521361,7.642021,7.40589,7.312654,7.520209,7.567741,7.584379
"SRM",8.711891,9.386792,8.885385,8.949829,8.972086,8.633337,9.000083,8.937594,8.786623,9.98981,9.450026,9.528186,10.084626,9.967331,9.861125,9.746058,9.6193,9.649441,9.813421,9.484988,9.896003
"MTHFR",6.992005,7.787613,7.614671,7.265788,7.268383,7.48828,7.535637,7.241302,7.368934,7.937764,8.043053,8.451968,8.26548,7.718575,7.950291,8.16541,8.105399,7.976168,8.078211,8.292435,8.045837
"EIF1AX",6.849547,7.395913,6.636612,7.494196,8.166227,8.077134,6.959606,6.157958,6.979196,5.47024,5.774839,5.549508,6.600869,6.73046,5.505119,6.301209,5.931079,6.063078,6.237521,6.217313,6.713944
"LINC01783",6.65858,5.892834,6.321677,6.784404,6.477942,5.996305,6.34367,6.849173,6.462649,7.273982,7.07116,7.3285,6.471808,7.000642,6.833441,6.738719,7.120359,7.054448,6.968073,6.755667,6.475365
"PADI2",7.753122,7.986682,8.410517,8.17942,8.267147,8.840861,8.197243,9.116737,9.219522,9.614419,9.811352,9.867026,9.587396,9.183888,8.963807,10.282346,10.151617,9.207104,9.846376,8.68814,9.414987
"LOC100506730",4.567103,5.418237,4.827907,5.416345,5.254946,5.273448,4.989974,5.104234,5.285406,6.081546,6.120393,6.04366,5.607542,6.536291,6.144048,6.386589,5.691823,5.725523,5.432592,6.200835,6.369224
"PINK1-AS",6.80304,6.397535,6.575021,6.99815,7.1031,5.651831,5.479391,4.815257,5.636504,6.093718,6.364866,6.562345,6.012663,6.325473,6.53318,6.455738,6.317563,6.364413,6.50411,6.220636,6.636418
"ECE1",9.336333,9.59465,9.623356,8.971496,9.299127,9.700535,9.412373,9.622706,9.902381,9.799718,10.180516,10.209245,9.791136,9.594756,9.770845,10.071283,9.600092,9.943555,9.676429,9.958499,9.753397
"USP48",8.729616,8.75647,8.989783,8.821169,8.805197,9.150527,8.833999,8.55032,8.900392,8.007783,7.908772,7.770357,7.836249,8.001197,8.12193,8.036137,7.744945,7.592306,7.869451,8.068006,7.902192
"HTR1D",6.539555,5.903942,6.54915,7.194197,6.270361,6.226803,6.227669,6.631965,6.331695,6.903003,6.897369,6.790272,6.427049,6.702326,6.719718,6.187486,6.955843,6.732876,6.467781,6.12378,6.404691
"HNRNPR",9.609438,10.150369,9.927578,10.06706,9.920301,10.205182,9.915863,9.412017,9.758237,8.745388,8.256244,8.445146,8.697084,8.956081,8.648419,8.606935,8.662441,8.353866,8.803569,8.922824,8.710045
"ID3",6.879578,7.167512,7.029361,7.266436,7.14021,6.495289,6.983709,7.243134,6.756339,7.43551,7.380643,7.567276,7.841466,7.951073,7.283138,7.400668,7.787627,7.63869,7.694139,7.778595,8.223456
"SRSF10",6.791668,7.303684,6.996359,7.207695,7.889992,8.01643,7.386895,5.729656,6.522663,6.286886,5.734951,5.396102,7.103396,7.069593,5.658555,6.309298,6.074151,5.696779,6.036386,6.681208,6.877026
"RUNX3",8.912814,9.207486,9.306301,8.985847,9.093974,8.932852,9.299549,9.192585,9.129355,9.962346,9.912412,10.118265,10.106657,9.879719,10.236664,9.815846,10.123269,10.038118,9.950504,9.75623,10.107149
"SYF2",7.742247,7.538441,7.320475,7.534589,7.569845,7.952673,7.293826,7.225151,7.348454,6.935701,6.907827,6.564764,7.336412,7.270519,6.642865,7.253545,6.725371,6.472872,6.964548,7.050555,6.415766
"RSRP1",10.325851,9.725683,9.98914,9.501915,9.902599,10.303203,9.686486,9.433348,10.028173,8.711349,9.248494,8.865326,9.383163,9.431183,9.030884,9.218697,8.83816,8.871329,9.130171,9.340569,9.085737
"SLC9A1",7.417931,7.689545,7.689165,7.517938,7.279416,7.73039,7.242561,7.937892,7.840175,8.160341,8.694926,8.370895,8.175066,7.925438,8.442206,8.319587,8.088075,8.106942,8.248318,8.208301,8.39198
"WASF2",8.508195,9.528926,9.078542,8.439934,9.097352,9.008893,8.807185,8.970407,9.310066,9.686799,9.928227,9.957045,9.972377,9.439601,9.830594,9.819995,9.536781,9.639668,9.861001,9.702354,10.119009
"FGR",10.063605,10.491978,9.91148,9.331029,10.050379,9.923272,10.213799,10.060647,10.25187,10.389362,11.225054,11.391393,11.236673,10.5983,11.250413,11.140674,10.697004,10.904369,10.941399,10.993448,10.920055
"IFI6",9.019836,10.610188,8.74979,8.640927,10.018993,9.248041,9.33907,8.504657,9.197679,10.358428,10.237201,12.586788,11.165469,10.593242,10.297395,10.655313,11.126913,10.027488,10.310481,9.69572,11.091609
"RPA2",7.480981,7.588237,7.564087,7.426954,7.673689,7.680206,7.565744,7.392889,7.361704,7.349866,7.388918,7.340236,7.537763,7.399533,7.335042,7.465107,7.224596,7.250309,7.205494,7.726865,7.294537
"EYA3",7.868822,8.249945,8.14508,7.75426,8.101816,8.205985,7.954803,7.796095,8.264759,8.783404,8.646606,8.610225,8.399189,8.959297,8.263996,9.01628,8.316184,8.119353,8.674719,8.820688,8.623734
"SPCS2",7.044817,3.780899,5.018642,5.504011,5.389733,6.290632,3.912651,4.224924,4.148333,4.830332,5.604946,3.918959,5.121435,4.660832,6.130306,5.841648,6.077555,3.939994,5.7484,5.302134,6.475145
"DNAJC8",6.678953,6.81975,6.57882,6.438931,7.016081,7.307217,6.374511,5.750726,6.438793,6.868988,7.083498,6.433287,7.349282,7.557024,7.434859,7.069207,7.065663,6.512355,7.21436,7.151259,6.66078
"SRSF4",9.63555,9.831341,9.935957,9.741732,9.670913,9.872961,9.800007,9.748525,9.96521,8.369371,8.287406,8.615627,8.417662,8.45974,8.52296,8.5299,8.334187,8.536679,8.576335,8.564254,8.588428
"PEF1",7.569024,7.691013,7.404201,7.390269,7.554056,7.351891,7.720052,7.43871,7.554971,8.02912,8.09587,8.426379,8.738877,8.305932,8.477196,8.541878,8.121279,8.207647,8.455023,8.219201,8.452263
"RNF19B",9.765135,9.742907,9.618525,8.892826,9.893648,9.850394,9.512292,9.741132,10.090152,8.618727,9.680806,9.621996,9.272512,8.762121,9.083619,9.260665,8.969688,8.858561,8.827456,8.882422,9.325147
"SFPQ",10.186293,10.403488,10.634242,10.44321,10.40418,10.610184,10.391997,9.927571,10.423926,9.676049,9.337158,9.752759,9.604736,9.76338,9.655736,9.599668,9.579581,9.581442,9.633186,9.763649,9.582452
"MRPS15",7.891735,8.367794,7.713123,7.698076,7.673159,7.638301,7.688953,7.804783,7.644776,7.948314,7.543127,7.758481,8.659764,8.966955,8.155407,8.49718,7.919773,8.013008,8.341891,8.152338,8.208759
"CSF3R",11.378083,11.223347,11.046669,10.177933,11.532461,11.678003,10.934723,11.773267,11.972863,11.50172,12.48856,12.035029,11.789337,11.348717,11.720759,11.813367,11.50661,11.499839,11.675358,11.507258,11.712028
"GNL2",8.182168,8.277569,8.249598,8.268037,8.107089,8.623444,7.900321,7.979673,8.081699,7.832892,7.353331,7.778393,7.948062,8.118265,7.830385,7.914372,7.66469,7.454315,7.881122,7.721408,7.531142
"MTF1",8.342355,9.04829,8.817037,8.313854,8.710356,8.654414,8.350391,8.645441,9.142976,9.041099,9.506979,9.435734,9.304664,8.910805,9.252024,9.162033,8.97705,9.113108,9.348952,9.008247,9.037971
"FHL3",8.128601,8.140488,8.639372,7.957279,8.001816,7.904995,8.01636,8.564666,8.653548,8.002786,8.478249,9.526959,8.664446,8.092091,8.977624,9.411351,8.357216,8.301125,8.532779,8.496405,8.980024
"PPT1",10.513783,10.808922,10.167686,9.922493,10.854985,10.842104,9.785951,10.808963,10.723061,9.802852,10.643431,10.79325,11.070748,10.601317,10.646564,10.139223,10.622726,10.715329,11.036021,10.905002,10.234357
"FOXJ3",9.287803,9.652699,9.668423,9.491765,9.567497,9.749927,9.421085,9.28797,9.798501,10.204067,10.323716,10.155898,10.00171,10.164931,10.289262,10.223119,10.120658,9.952715,10.150778,9.813467,10.598528
"SVBP",6.889298,6.831573,6.612647,6.478993,6.820637,6.490159,6.480366,6.653146,6.486071,6.89532,6.983917,6.704501,9.37224,7.800146,7.752098,7.363472,6.81499,7.320297,6.942023,7.8512,7.182483
"SLC2A1",8.535526,9.084574,8.988852,8.658322,8.933402,8.656288,9.293874,8.534619,8.769431,9.495401,9.358407,9.368116,9.518986,9.409457,9.479522,9.481018,9.410819,9.22563,9.332479,9.607264,9.545192
"ELOVL1",8.225856,8.740169,8.35074,7.815349,8.352189,8.211393,8.299968,8.158343,8.556142,9.513918,9.740197,9.785734,9.921062,9.524279,9.8236,9.810718,9.440585,9.486278,9.846666,9.632347,9.696712
"TMEM53",6.851121,6.733578,6.544567,6.795506,6.454981,6.607601,6.748415,6.830822,6.720257,7.407705,7.46513,7.552365,7.696545,7.333484,7.538112,7.580947,7.563215,7.446894,7.591676,7.332152,7.550055
"RNU5F-1",3.986646,3.811984,3.131395,3.102525,3.46195,3.553176,3.211848,3.028593,2.870056,2.946778,2.971727,2.903654,3.06478,2.941465,2.749217,2.978958,2.765437,2.767713,2.969838,2.777137,2.943944
"RNU5D-1",4.354551,5.211989,3.38405,3.810473,3.700086,4.138344,3.914757,3.498161,3.203173,3.253104,2.910394,3.325594,3.276494,3.192702,3.009858,3.004407,2.902347,3.005574,3.16283,3.075304,3.228542
"PTCH2",6.160727,5.68858,4.130235,4.138608,4.675317,4.895413,3.381299,5.090199,2.939476,2.788429,2.869543,2.893446,3.171636,3.344989,2.706227,2.868986,2.926929,2.848464,2.820256,2.904797,3.066435
"HECTD3",7.337032,8.019921,7.811681,7.376918,7.75838,7.580331,7.772492,7.714911,7.814147,8.604038,8.48139,8.767388,8.733788,8.544997,8.7194,8.772166,8.552669,8.372097,8.664379,8.650897,8.618026
"PRDX1",8.652478,8.76926,8.233737,8.551944,8.298355,8.413414,8.433767,8.808435,7.905418,8.373742,8.011042,8.312631,8.801543,8.683712,8.632955,8.599535,8.224226,8.519848,8.670325,8.50129,7.9426
"IPP",6.984953,7.360878,7.414754,7.298609,7.484202,7.817073,7.401589,6.345735,7.661334,7.241081,7.074767,6.88564,7.106144,7.291428,7.244483,7.204452,7.177757,6.731666,7.120422,7.459848,7.464079
"LRRC41",7.935637,8.317442,8.165637,7.833939,8.095669,7.764534,8.128293,8.138059,8.277549,8.76196,8.412661,8.783725,8.757457,8.755142,8.642302,8.651826,8.647303,8.697706,8.942254,8.800141,8.775018
"CYP4Z2P",4.522846,3.448631,3.805112,4.582176,4.868119,3.509439,3.630538,4.802351,3.669094,4.544653,4.464286,4.786799,4.346295,3.994783,4.557915,3.826982,4.566952,4.081712,3.683603,4.302752,4.147997
"CYP4A11",5.277032,5.083326,5.62745,5.612735,5.243564,5.832796,6.050817,6.437873,5.860869,5.952111,5.848801,5.767551,4.946612,5.795944,5.964231,5.544303,5.707093,5.808749,5.718916,5.799051,4.679246
"PDZK1IP1",8.57619,9.153036,8.772745,8.1963,8.789149,7.751096,9.130088,8.662651,8.287171,8.173603,9.577751,8.954556,9.657243,8.607803,8.889683,9.265944,9.023374,8.785891,8.672903,8.549689,8.911715
"STIL",6.119488,7.180057,5.906178,5.998496,6.806682,6.347466,6.032063,5.854829,5.945257,5.983555,5.934053,5.969729,6.45797,6.186611,6.055182,6.097064,6.016834,5.864452,6.445325,5.962829,6.24856
"EPS15",10.043915,10.51673,10.320823,10.143568,10.21804,10.472368,10.322633,10.155134,10.435507,9.600727,9.442757,9.523249,9.496454,9.477441,9.627533,9.612738,9.408598,9.371465,9.63718,9.711722,9.796523
"TXNDC12",9.456644,9.315378,9.043067,9.233678,9.261337,9.277212,8.956243,8.964642,8.963669,9.864333,10.146331,9.664909,10.467301,10.379288,10.038491,10.25469,9.772758,9.668248,10.165857,9.963217,9.69838
"MAGOH",7.720328,7.708652,7.616466,7.482577,7.456979,8.003735,7.676741,7.503662,7.387537,7.083291,7.022865,6.947842,7.410155,7.434774,7.124743,7.360904,7.18241,6.974706,7.100714,7.281245,7.181815
"USP24",9.176738,9.340154,9.438311,9.10906,9.241103,9.688724,9.273874,8.641408,9.428717,8.760172,8.430402,8.889903,8.560789,8.748959,8.97174,8.858391,8.794021,8.616658,8.903053,9.14244,9.046229
"OMA1",8.430618,8.640272,8.453942,8.479542,8.491747,9.243013,8.555289,7.963564,8.408901,7.916608,7.733304,7.751256,8.089931,8.260274,7.919047,8.042887,7.860128,7.776879,8.243191,8.168354,8.20568
"ITGB3BP",6.225913,6.726456,6.484245,6.692387,6.63037,7.146754,6.615426,6.032917,6.303989,7.020974,6.794163,6.545538,7.323751,8.126228,6.798927,6.994586,6.937824,6.803225,7.08125,7.132257,7.367869
"MIR101-1",6.209401,5.661805,6.377874,5.427608,6.248942,6.444938,5.507364,5.877601,6.811054,5.521781,6.373298,6.023469,6.359504,5.647491,5.863391,6.132847,5.803095,6.027631,5.873617,5.696174,6.17237
"SLC35D1",8.158207,8.740653,8.789402,8.617801,8.625699,8.784321,8.592905,7.670599,8.366674,7.422699,6.697049,6.801277,7.377844,7.676622,7.081545,7.340743,6.92726,7.002783,7.310871,7.561078,7.513661
"SERBP1",8.628019,8.41325,8.670899,8.663557,8.83747,9.029406,8.473758,7.826591,8.612042,7.461723,7.261938,6.966939,7.982295,7.950044,7.456309,7.454814,7.593413,7.19954,7.369434,8.017164,7.624736
"WLS",9.41385,8.081,8.585499,7.823034,9.061221,9.755977,7.676271,8.954584,9.877708,8.743109,9.488089,8.885466,8.209386,8.435683,8.919079,8.838766,8.43659,8.571456,8.83415,8.444269,8.21596
"LRRC40",7.174759,7.408412,7.190631,7.483366,7.378581,7.790656,7.051373,6.546652,7.069087,6.563454,6.032306,6.026163,7.064776,7.422045,6.547017,6.809855,6.427756,6.193848,6.615144,7.014461,6.873931
"ANKRD13C",8.216775,8.465798,8.302269,8.253889,8.492748,8.683961,8.51512,7.520087,8.242914,8.081027,7.466424,7.634795,8.159054,8.44099,7.876977,8.122433,7.691969,7.714422,8.048907,8.23522,8.112116
"ZRANB2",9.538716,9.456763,9.5053,9.565668,9.414931,9.944192,9.48981,8.892929,9.013,9.069324,8.325457,8.267849,9.090726,9.632963,8.693198,8.977068,8.763679,8.483977,8.823696,9.227984,8.934507
"MIR186",5.818974,6.430924,6.377136,5.998596,6.313139,6.207992,6.452456,5.239971,5.509031,6.611459,6.446289,6.246579,7.271413,7.275917,6.879158,7.186112,6.582511,6.596604,7.032971,7.26626,7.373294
"CRYZ",8.115462,7.497469,8.176809,8.506829,7.32386,8.048847,7.586637,7.512549,7.148157,7.68532,7.604359,7.057966,7.900606,8.503184,8.217745,7.711515,7.732679,7.501116,7.936435,8.127709,8.189129
"SLC44A5",5.710746,5.425869,5.090917,5.575376,5.319156,5.534002,5.08098,5.070844,5.12308,5.679228,5.908777,5.695723,5.449615,5.552265,5.143605,4.761217,5.101055,5.170839,5.012477,5.132015,4.981876
"PIGK",6.819359,7.478639,7.077313,7.267108,7.569397,8.046203,7.432413,6.556866,7.010634,7.374759,6.617386,6.372938,8.080978,8.232221,7.236468,7.55668,7.055548,6.748461,7.260184,7.457415,7.990253
"ZZZ3",8.324564,8.569212,8.616717,8.522272,8.709389,9.192478,8.604057,7.988724,8.209598,8.293211,7.505196,7.813138,8.315996,8.87666,7.999948,8.464371,8.33401,8.08536,8.255,8.433702,8.525182
"USP33",9.076845,9.279808,9.163634,9.081398,9.297689,9.731614,8.940956,8.605489,9.299615,7.992924,7.860667,7.950333,8.016303,8.185805,8.096941,8.024698,7.722975,7.889043,7.888988,8.305624,8.231304
"FUBP1",9.758676,10.112414,10.272251,10.071608,10.095439,10.422315,10.10638,9.269659,10.000044,9.732645,9.195606,9.742845,9.505549,9.783533,9.531493,9.575496,9.527936,9.3968,9.532691,9.829453,9.908542
"GNG5",8.724142,9.102518,8.723161,8.45544,9.109912,8.611313,8.866097,8.804786,8.841156,9.000452,9.512865,9.876139,9.947299,9.027632,9.546916,9.7258,9.331157,9.399562,9.545828,9.512958,9.48509
"CTBS",9.522906,9.623335,9.421754,9.003642,9.921021,10.165772,9.635997,9.777759,9.837952,8.751942,9.772298,9.13161,9.383399,9.144909,9.151394,9.568321,9.158366,8.827217,9.173023,8.955286,9.512705
"SSX2IP",6.279663,6.88124,6.378021,6.311326,6.374599,7.127591,6.326226,5.35389,6.176417,6.152856,6.064206,5.669776,6.659162,6.694346,6.07801,6.221724,5.993553,5.945456,5.950145,6.421585,6.667756
"ZNHIT6",7.54336,8.277901,8.16828,8.205927,8.522719,8.779612,8.228303,7.33713,7.898436,7.804984,7.085053,7.292047,7.901836,7.935693,7.372342,7.726405,7.582344,7.405265,7.895022,7.818822,7.785259
"ODF2L",6.78524,7.234932,7.130891,7.580037,7.859524,8.179677,7.31958,6.496153,6.90805,6.63388,6.202762,5.998479,6.976493,7.190113,6.713891,6.605263,6.47602,6.295691,6.692269,6.724736,7.131569
"SELENOF",10.102447,9.826312,9.871626,9.831113,9.742571,9.884402,9.736638,9.345678,9.509189,10.32819,9.962733,9.979192,10.562813,10.457596,10.351143,10.603338,10.288525,10.1963,10.564098,10.42767,9.650849
"GTF2B",8.390504,8.205048,7.951691,8.155961,8.011151,8.793829,7.825676,7.719628,7.694076,7.843686,7.792799,7.846536,8.482193,8.654222,8.045873,8.280013,8.107238,7.752816,8.140225,7.967339,7.740817
"GBP3",6.863821,7.488414,6.647324,6.797172,7.38354,7.631513,6.37521,6.466836,7.459929,6.484301,6.184142,6.9667,7.58529,6.520631,6.651735,6.630143,6.86294,6.329396,6.783834,6.813322,6.606716
"GBP2",9.442833,10.121529,9.670082,9.078186,10.334663,10.224051,9.612328,9.057859,10.573418,9.789728,10.414303,10.511726,10.528617,10.057639,10.163382,9.86576,9.883878,9.805388,9.805803,9.73805,10.305469
"GBP4",8.410577,9.49623,8.598093,8.150036,9.227928,9.42107,8.618308,7.162701,8.995334,8.212688,8.586446,9.9,9.07866,8.632701,9.10072,8.467336,8.759736,8.686615,8.814558,8.693779,9.049835
"GBP5",9.617534,10.072465,9.64081,8.553106,10.404898,10.321634,9.336028,8.835584,10.915819,8.723183,9.626641,10.151639,9.804008,8.86663,9.710426,9.037889,9.094371,9.105879,8.752683,8.915377,9.443475
"ZNF644",7.769479,8.389645,7.91714,8.006309,8.375483,8.775425,8.055271,7.188895,7.701404,7.717212,7.319911,7.251127,8.127447,8.578553,7.841236,7.982397,7.776146,7.625841,7.939988,8.17821,8.280045
"TGFBR3",8.209353,8.47423,7.626219,7.712819,7.484938,8.064638,7.973367,7.502926,9.149982,7.594742,7.936905,7.969524,8.191269,7.297307,8.573678,7.626809,7.682812,7.817581,7.73105,7.593397,8.420193
"GLMN",6.233731,6.688004,6.318099,6.138354,6.81426,6.91388,6.302821,5.499743,6.204784,6.167387,5.723663,5.803836,6.105711,6.347663,6.146261,6.131405,5.953638,5.826562,6.038142,6.311475,6.369061
"EVI5",6.800293,7.052094,6.649047,6.130623,7.315341,7.561256,6.689492,6.524047,7.020694,5.858834,6.177765,6.178602,6.23901,5.78731,6.003421,6.215592,6.190952,6.122018,6.415119,6.625125,6.506512
"DIPK1A",7.339938,8.046949,7.960161,8.008409,7.904789,8.133895,8.172583,7.203364,7.408397,8.137421,7.213171,7.558515,7.688901,8.142046,7.653903,7.74554,8.17363,7.821806,7.985403,8.01337,8.387131
"DNTTIP2",6.436169,7.015482,6.649493,6.747994,6.575756,8.242373,6.716657,6.191722,6.656182,6.880647,6.376948,6.308856,7.429503,7.695379,6.666682,6.982724,7.046221,6.454753,6.951648,6.807539,6.702829
"GCLM",5.848948,6.287372,6.081131,5.841213,6.279019,6.226467,5.891504,5.15255,6.091361,5.337101,5.671622,5.089647,5.894677,5.783661,5.341652,5.846889,4.989288,5.318745,5.383667,5.626491,5.710727
"RPL7",6.81071,6.90556,6.215457,6.616609,6.717111,7.000768,6.497439,6.627668,6.418694,6.626366,6.148761,5.887205,6.671357,6.941199,6.681709,6.275145,6.934069,6.236826,6.671857,6.570406,6.375616
"FRRS1",6.536005,7.031373,6.542119,5.843358,7.261368,7.107385,6.163779,6.114492,6.372951,6.151896,6.418229,7.070583,6.866572,6.166523,6.471763,6.775784,6.516664,6.523607,7.13883,6.785226,7.180682
"SASS6",5.92352,6.586256,6.411732,6.017461,6.488014,6.67103,6.503523,5.907514,6.217138,7.403248,7.004776,6.896551,7.362325,7.515811,6.967724,7.298759,7.15836,6.784585,7.100834,7.441771,7.493709
"DBT",7.054576,7.692578,7.518679,7.458166,7.684292,7.831584,7.299681,6.711872,7.307598,7.425262,6.790278,7.035336,7.533262,7.444004,6.983318,7.437772,7.060499,6.719366,7.169102,7.234357,7.333813
"DPH5",7.434128,7.446675,7.288708,7.325607,7.096757,8.090451,7.486438,6.952571,6.801898,6.488962,5.895642,6.298275,6.738876,7.132269,6.364937,6.550725,6.389638,6.601049,6.538737,6.44385,6.659908
"VAV3",8.500244,9.071256,8.773357,8.737136,8.687705,9.444598,8.823406,8.476318,8.77106,8.490755,8.466246,8.332665,8.358659,8.382553,8.067802,8.492301,8.264949,8.107154,8.546738,8.684434,8.766623
"SLC25A24",8.13639,8.528456,7.903461,7.437559,8.05248,8.515396,7.596471,7.543191,7.851442,7.226545,6.718087,7.433121,7.672855,7.530928,7.488059,7.410671,7.173273,6.882619,7.283815,7.606345,7.157286
"HENMT1",6.953231,6.965466,6.637219,6.353805,6.740058,7.101615,6.385163,6.380038,6.838636,5.891828,6.230519,5.741842,6.409238,6.335154,6.42997,5.999483,5.926897,5.878779,6.24529,6.024947,6.32209
"TAF13",5.634245,5.634459,5.541545,5.636684,5.91056,6.441295,5.463814,4.798877,5.967972,5.182794,5.200618,4.985539,5.948233,5.832792,5.288694,5.544932,5.426564,5.099073,5.248426,5.533007,5.276535
"PSMA5",8.238224,8.628772,8.028213,8.125601,8.434643,8.386731,7.964485,7.191159,7.99587,7.046097,6.611501,7.262774,7.361842,7.326028,7.65881,7.262968,7.056427,6.873315,7.024402,7.2156,7.259685
"KCNA10",7.730034,7.057991,7.206286,7.611815,6.805797,7.119012,7.167457,8.096866,7.277571,7.888488,7.814445,7.747077,7.418188,7.490526,7.587097,7.333776,8.01138,7.784468,7.905149,7.390067,7.606935
"KCNA3",9.156096,9.576664,9.671164,9.616138,9.501912,9.376308,9.398913,8.736328,9.515291,9.047044,8.27846,8.504797,8.83667,9.026439,8.773177,8.941245,8.795251,8.622205,8.822696,8.827952,9.046089
"LRIF1",6.723822,6.949138,6.686675,6.687507,7.448155,7.611454,6.927825,6.159197,7.245558,7.157241,7.381077,7.014726,7.916371,7.807806,7.134019,7.644288,7.247689,6.932626,7.631454,7.710805,7.556059
"DRAM2",9.197527,9.663989,9.259325,9.338418,9.402362,9.663973,9.391192,8.529485,8.896408,9.174543,8.660365,9.003894,9.457022,9.75085,9.290266,9.445013,9.117292,9.064333,9.350189,9.672153,9.493529
"WDR77",8.240489,9.165869,8.848908,8.91077,8.909931,8.833223,8.926811,8.325978,8.78551,7.960852,7.692142,8.098185,7.821353,8.052316,8.043931,8.044652,7.918962,7.934091,8.131706,8.084759,8.001278
"INKA2",7.805659,7.139092,7.477416,6.810588,7.401995,7.470258,7.525666,7.875512,7.641756,7.086547,8.006876,7.244555,7.631445,7.458481,7.197736,7.752473,7.559964,7.307556,7.298225,7.64283,7.453433
"RHOC",8.153605,8.47135,7.970131,8.177186,8.086781,7.901219,8.735202,8.125183,8.09532,8.979302,8.798443,9.10693,9.835761,8.964262,9.368547,9.283465,8.920094,8.873218,9.052493,9.196884,9.409554
"LINC01356",5.90646,5.626895,5.434356,6.015357,5.654108,4.475338,5.575958,5.534896,5.935582,6.169133,6.233253,6.347153,6.046693,5.828238,6.143742,5.902052,6.137228,6.481368,6.046351,6.447602,5.870822
"PHTF1",7.751065,7.314936,7.287012,6.994104,7.457919,7.400416,7.620662,7.265738,7.903279,7.020103,6.853179,6.826111,6.807391,6.73827,6.811158,6.913209,6.630633,6.709464,6.612571,6.990371,6.90909
"PTPN22",8.303577,8.531188,7.905222,8.199153,8.060002,8.958741,7.984736,7.139211,8.32077,8.582053,8.187717,7.619341,9.010123,9.141624,8.472573,8.647665,8.282019,8.406345,8.712642,8.829046,8.770808
"SIKE1",7.630202,7.901065,7.772417,7.115215,7.857364,7.941136,7.501409,6.956772,7.544526,7.484529,6.984848,7.29971,8.178755,8.126195,7.425701,7.862793,7.51142,7.454639,7.78949,7.862285,7.886951
"TSPAN2",7.907292,8.711966,8.722568,8.401817,8.75159,9.33937,8.591648,8.533213,8.829338,7.868937,9.065391,8.435385,8.265314,8.101534,8.153276,8.669556,8.598402,8.286614,8.137101,8.32034,7.985818
"CD58",8.842816,8.557288,8.143668,8.068195,8.733291,8.73034,8.280153,7.89904,8.726529,8.784623,9.306683,8.868427,9.370916,9.158953,9.160068,9.107973,8.856744,9.088826,9.031569,9.216488,9.043672
"NOTCH2",10.145483,10.448514,10.219162,9.472785,10.118812,10.588844,10.064875,10.267255,10.802774,9.899815,10.230829,10.523722,9.782664,9.312532,9.913528,10.010826,9.854675,10.035157,10.085276,10.146814,9.826265
"POLR3GL",6.80558,6.638317,6.554108,6.862255,6.670429,6.944297,6.612356,6.430155,6.402813,6.190715,6.320054,6.274966,6.420254,6.503452,6.026931,6.593789,6.333342,6.188388,6.133705,6.266727,6.230727
"CD160",5.844101,6.645408,5.781805,5.993598,5.831051,6.289336,6.654376,5.209752,5.929352,6.127391,6.789305,6.20719,7.705281,6.907832,7.161764,6.404146,6.289063,6.555142,6.525572,6.922773,6.907838
"RNVU1-8",5.008722,4.636433,5.544596,4.85149,4.803602,4.841164,5.299525,5.102031,4.933253,4.901434,5.111094,5.005197,4.944063,5.284945,5.092342,4.646821,5.121499,4.747758,4.930947,4.619472,4.868717
"LOC440570",7.122745,7.172504,7.169068,8.004378,7.200036,6.994376,7.271602,7.629544,6.913073,8.462429,8.177774,7.957801,7.201236,8.036657,7.907979,7.713308,8.051738,7.831487,7.814999,7.625084,7.041704
"H2AC21",8.714253,10.038997,8.067826,8.543592,8.532827,8.074276,8.525146,8.118929,7.986641,9.182095,8.836696,8.732681,9.768251,9.475355,8.933377,9.034225,8.691725,9.007824,9.263124,9.105883,8.941735
"ANP32E",7.24983,7.614092,6.840545,7.367771,7.337425,7.71823,7.200775,6.748229,7.184766,6.561447,6.02062,6.119574,7.101192,6.904558,6.663325,6.869404,6.404915,6.246173,6.624195,6.871521,6.54075
"ADAMTSL4-AS1",7.759975,7.437496,7.535196,6.822182,7.302542,7.499421,7.127351,7.854967,7.976246,7.752543,8.456532,8.500542,8.003426,7.855253,7.82499,8.149907,7.997005,8.077794,7.764814,7.997804,7.801164
"HORMAD1",5.990887,6.959685,6.785514,5.508006,6.95382,8.337615,6.515006,6.377103,6.746419,6.445184,6.697617,6.243858,6.748843,6.705535,6.438328,6.952192,5.830109,6.476923,6.471246,6.684646,6.381893
"CTSS",12.068618,11.828685,11.742456,11.452636,12.022171,11.956954,11.778432,11.415396,12.134325,10.797833,11.284035,11.243596,11.386217,11.042067,11.160362,11.297493,10.954493,10.946065,11.229455,11.319241,11.069072
"CTSK",6.524043,6.765625,7.029963,6.617145,6.347825,7.068881,6.490612,6.66944,7.054592,7.088306,7.042366,7.372747,7.299288,7.429788,7.132652,7.295788,6.566967,7.153468,7.452522,7.409362,7.238872
"MINDY1",8.400896,8.600519,8.662533,7.920491,8.343262,8.213418,8.156123,8.639263,8.708545,8.658264,9.482919,9.233796,8.955075,8.573827,9.04119,9.131616,8.796185,8.98528,8.79918,8.964944,9.000815
"VPS72",8.6737,8.780582,8.806337,8.509165,8.595165,8.450564,8.407729,8.258424,8.673074,9.042969,9.035839,9.167947,9.196366,9.322391,9.259539,9.182079,9.097947,9.017219,9.182602,9.181686,9.086322
"SELENBP1",9.269276,9.007944,9.676461,9.668844,10.454924,8.706598,10.034128,9.603658,9.226593,11.467371,11.207653,10.534368,12.077296,9.735307,10.096334,10.983153,10.636301,11.004114,10.731231,10.981266,10.902705
"POGZ",8.462475,8.952485,8.969284,8.581324,8.761189,8.990002,8.709698,8.395569,9.001125,9.229698,9.118664,9.542125,8.984809,9.155721,9.2337,9.321982,9.206524,9.19859,9.348041,9.311342,9.262066
"S100A10",11.958455,12.356602,12.301807,12.229555,12.19524,11.85893,12.121621,12.229519,12.474074,10.917556,10.728487,10.946265,11.519942,10.980215,11.216472,11.296966,10.659149,11.180037,11.178666,11.071217,11.142323
"S100A11",11.093218,11.306497,11.232343,10.600531,11.267517,11.212582,10.993274,11.571587,11.491671,11.772411,12.100324,11.630494,11.923952,11.315358,11.746664,11.84184,11.546165,11.441779,11.656278,11.315135,11.640519
"LCE1C",6.439569,6.244475,6.926342,6.910511,6.536389,6.244761,6.564932,7.075613,6.710253,6.995226,6.74077,7.027,6.526798,6.810641,7.123717,6.833403,7.056475,7.007246,7.227018,6.886473,6.847752
"SPRR2D",4.971207,4.13769,4.680615,5.638417,4.528652,4.610303,5.029587,4.60517,5.067491,5.277283,5.377441,5.644778,4.679469,5.678823,5.357599,4.842789,5.243819,5.273985,4.994306,5.148035,5.009772
"SPRR2A",4.874687,4.499718,5.091677,5.48156,5.471601,4.939716,5.104484,4.925375,4.939388,5.947888,6.147496,5.847629,4.803074,5.837795,5.658376,4.894005,5.725581,5.820572,5.691774,5.114651,4.880167
"SPRR2E",4.776618,5.035205,5.141695,5.811955,4.899303,5.082413,4.851228,5.030073,5.134632,5.377663,5.287261,5.503358,4.474772,5.614755,5.068043,4.314711,5.529239,5.391856,5.170417,4.873448,4.811298
"S100A12",8.809239,8.156008,6.930089,6.673893,7.119438,7.690923,6.973629,8.931344,7.454119,9.702538,10.053303,8.833244,10.258832,9.932163,8.790542,10.463608,8.921318,9.492166,9.711241,9.889794,8.686994
"S100A8",11.10223,10.374462,9.191934,9.069624,9.615289,11.270578,9.376588,10.786497,9.788957,10.524189,10.706529,9.477918,11.763,11.853204,10.205921,11.504705,10.031095,10.465661,10.418944,10.732525,10.000516
"S100A6",8.766352,8.588441,8.383347,8.288216,8.035962,8.006241,8.393515,8.842801,8.22624,7.88117,8.106213,8.068285,8.007635,7.714281,7.906129,7.803988,8.031309,8.008747,7.82731,7.885425,7.741436
"S100A4",8.982763,9.523998,8.707146,8.149637,8.762579,8.082886,9.433853,8.824364,9.366642,8.156154,8.681937,8.678902,8.847421,8.046624,8.642054,8.690992,7.751317,8.370847,8.198377,8.56002,8.566099
"S100A3",5.094513,4.705609,5.550003,5.737348,4.750399,5.195832,6.074576,5.391163,4.836718,5.062712,5.438304,5.302561,4.875362,5.175655,5.097678,4.878936,5.284789,5.321659,5.201704,4.922506,5.002085
"ILF2",9.496801,9.91955,9.574587,9.669467,9.472523,9.627238,9.553624,9.295185,9.277148,10.492239,9.804721,10.080448,10.53255,10.74496,10.458416,10.322135,10.302746,10.363273,10.449512,10.32673,10.062469
"GATAD2B",8.674265,9.34931,9.641844,9.223757,9.198332,9.457319,9.209543,9.117403,9.602126,9.70841,9.831141,9.814589,9.319196,9.598764,9.694586,9.635392,9.66173,9.570883,9.787475,9.375197,9.754195
"DENND4B",8.761462,9.012024,8.863701,8.920464,8.768582,9.043338,8.816425,8.795008,9.176706,9.442387,9.392248,9.824278,9.175586,9.241504,9.549012,9.4642,9.491996,9.472245,9.527931,9.574121,9.356283
"CRTC2",8.192779,8.341306,8.570194,8.161038,8.286624,8.140773,8.322332,8.347553,8.552215,8.85794,9.142381,9.098158,8.900375,8.844221,9.161582,9.245564,9.049627,8.884204,8.845931,8.811576,9.003349
"UBE2Q1",8.124346,8.675639,8.822717,8.355425,8.438621,8.652674,8.267354,8.609306,8.774805,9.733176,9.705789,9.84386,9.892647,9.813345,9.954656,9.79323,9.810046,9.670561,9.848638,9.646084,9.895523
"KRTCAP2",8.12676,8.341832,8.006735,7.859505,8.055622,7.920088,8.347635,8.325758,8.113651,9.326666,8.566479,8.882581,9.462619,9.377929,9.070828,9.326474,8.833203,8.851233,8.959162,8.950654,9.174459
"GBAP1",5.871807,6.109645,6.163449,5.491764,6.158837,5.695539,5.735826,6.012727,6.243034,6.605972,6.099738,6.482142,6.41467,6.614283,6.321142,7.330461,6.167778,6.269008,6.38089,6.648559,6.361065
"GBA",7.355557,8.304072,7.482956,7.265257,7.708214,7.766849,7.171093,7.486437,8.143722,8.486544,8.777561,8.630386,8.548822,8.008688,8.776033,8.571012,8.309294,8.116957,8.279501,8.53702,8.461419
"RIT1",9.125433,8.777465,8.889786,8.301574,8.909189,9.289682,8.673598,8.636033,8.934895,8.310693,8.684238,8.4106,8.807112,8.455651,8.495978,8.750672,8.606359,8.282123,8.572759,8.762661,8.516521
"KHDC4",8.193401,8.322938,8.426754,8.134669,8.332907,8.622315,8.25626,7.916365,8.493668,8.82984,8.615061,8.690898,8.968492,9.046513,8.898533,8.805962,8.831034,8.690165,8.808586,8.892952,8.943752
"SSR2",10.964268,11.208585,10.616991,10.785318,10.901343,10.692628,10.951327,10.469646,10.644853,11.842707,11.466277,11.225252,12.028615,12.291778,11.743217,11.873478,11.483427,11.669533,11.711802,11.907751,11.735889
"GLMP",6.86237,7.328132,7.266462,6.862744,6.887794,6.957555,7.450456,7.205974,7.431794,8.150861,7.653891,8.148563,8.626104,7.789614,8.35713,8.535599,7.877166,8.029713,7.901762,8.050956,8.307192
"MIR9-1",6.30701,5.364685,5.708666,6.206324,5.608644,5.350275,5.870081,6.167084,5.538547,5.718543,5.432002,5.482702,5.109293,5.664257,5.298417,5.353543,5.402319,5.495859,5.30573,5.223634,5.123481
"ISG20L2",8.377083,8.660129,8.653474,8.266811,8.542214,8.542877,8.431884,8.128961,8.688041,9.01568,9.27813,9.145391,9.155125,8.988397,9.138181,9.170801,8.944562,8.931244,8.945571,8.809046,8.922313
"MRPL24",7.671264,8.296241,7.701274,7.750297,7.881976,7.790893,7.660109,7.860531,7.613412,7.017227,7.00672,7.330151,7.557428,7.463854,7.336126,7.633814,7.038341,7.142432,7.321626,7.343012,7.196627
"FCRL5",7.963192,9.122159,9.466394,9.576862,8.850604,8.480495,8.820099,8.592046,7.55166,9.014001,7.605863,8.328053,8.154595,8.23719,8.270842,8.148791,7.99914,8.059474,8.316625,9.469944,8.83297
"FCRL3",8.705249,9.186664,8.725473,9.314822,9.095325,9.429139,9.373732,8.719302,9.154362,8.963176,8.30324,8.722955,8.822328,9.192213,9.224717,8.760566,9.109962,9.200299,9.220322,9.709721,9.46085
"FCRL2",7.966918,8.629671,8.658629,8.328321,8.166336,8.768528,8.894824,7.630335,8.004537,8.480751,7.616554,8.580938,7.578998,8.173252,8.068374,8.300353,8.022832,8.132555,8.517542,9.185765,8.541562
"FCRL1",9.593158,10.479976,10.815098,10.417158,10.145417,10.536821,10.712467,9.675674,9.746943,9.766034,9.326238,10.206261,9.104363,9.895669,9.780246,9.964159,9.854883,9.786123,10.123818,10.423583,10.056689
"OR6Y1",6.310325,5.383935,5.992891,6.37456,5.706778,5.722438,5.990635,6.47962,6.024476,6.548731,6.546727,6.191645,5.810924,6.201468,6.228798,6.131327,6.056837,6.331534,6.000884,5.706528,5.787866
"OR6K2",5.590796,5.695683,5.743487,5.922062,5.482125,5.575249,5.786465,6.548057,5.751595,6.342805,6.662102,6.071152,5.301451,6.127033,5.969153,5.655039,5.814459,5.796342,5.785036,5.308125,5.466985
"OR6N2",6.101616,5.91307,6.042646,6.305166,5.470503,5.710209,5.440632,6.357764,5.96503,6.489724,6.659536,6.31472,5.952256,6.031135,6.143706,6.068311,6.197397,6.277942,6.345097,5.909509,6.155378
"AIM2",6.61576,8.082657,6.181137,6.74841,6.908947,7.941843,7.932172,6.366103,7.080645,6.82082,6.612157,7.917655,7.601395,6.813886,7.252414,6.809476,7.140663,6.740663,7.370471,7.521289,6.959352
"TAGLN2",9.141117,9.467923,9.638983,9.174475,9.474957,9.393387,9.440704,9.569273,9.753332,10.910055,11.14771,10.993865,10.627991,10.666338,10.537773,10.836317,10.860996,10.715202,10.550622,10.845672,10.8782
"PIGM",8.103087,7.894833,7.746475,7.969582,7.916702,7.942049,7.884266,7.100135,7.914048,8.78265,8.264413,8.361178,8.890397,9.022972,8.698577,8.680768,8.76662,8.240408,8.981713,8.749415,8.633746
"SLAMF6",9.269417,9.756625,9.602254,9.466394,9.683161,9.884202,9.900644,8.915401,9.545697,9.911401,9.427864,9.807738,10.268458,9.984679,10.201032,10.140614,10.122199,9.913254,10.068269,10.34566,10.464106
"CD48",10.58595,10.840288,10.275828,10.631333,10.461993,10.648707,10.55407,10.134078,10.454879,10.167726,9.829835,9.834744,10.648163,11.113632,10.326504,10.564401,9.969258,10.091315,10.27909,10.23943,10.102214
"USF1",8.909559,8.896836,8.167843,8.137888,8.416394,8.356834,8.50572,8.162898,8.88383,8.878118,9.327333,9.771249,9.456175,9.254512,9.322953,9.34519,9.138964,9.111954,9.078231,9.379959,9.35121
"DEDD",7.896163,8.577216,8.215481,7.853483,7.922686,8.07956,8.02816,7.568168,8.36041,8.844814,9.191228,9.16316,9.186584,9.013731,9.13509,9.206984,8.914681,8.806433,8.860461,8.845138,8.984029
"FCGR3A",9.201024,9.063603,8.547956,8.42319,9.293117,9.339545,8.896669,8.966389,8.647238,8.933418,9.379005,9.391576,9.493605,8.669625,9.247589,9.678229,9.16873,8.971743,9.354453,9.548448,8.665095
"SH2D1B",7.444702,8.122894,6.933403,7.055882,6.973714,7.016428,8.36619,6.446697,7.966514,7.89329,8.457447,8.2286,9.188018,7.975246,8.344808,7.924674,7.665479,7.714465,7.823101,8.478956,8.963665
"TMCO1",7.866517,8.072833,7.362365,7.346424,7.75884,7.869444,7.676793,7.066562,7.343851,8.005244,7.506664,7.460328,9.086425,8.991799,8.144064,8.627582,8.087702,7.614249,7.901211,8.375622,7.865004
"GPA33",7.160577,8.217021,8.289616,8.003612,7.752879,8.035212,8.008978,7.684757,7.675929,7.867671,7.778918,7.646009,8.259258,8.433981,7.996193,8.16657,8.422998,8.023974,7.857915,8.154113,8.416137
"CD247",8.836369,9.139131,8.947712,8.871206,8.574786,8.553081,9.010573,8.525239,9.173962,9.501036,9.577827,9.615923,10.02156,10.025413,9.874067,9.800298,9.591363,9.857185,9.656145,9.734716,10.009003
"CREG1",8.616168,8.978945,8.426261,8.003505,9.321947,8.323169,8.769371,8.435693,8.764431,9.291504,9.074727,8.861217,9.986421,8.861746,8.760132,9.217868,8.714781,8.871913,9.0355,9.121172,9.864963
"F5",7.886853,7.666424,7.767861,7.388794,7.808656,8.673852,7.74219,7.983699,8.857242,7.8587,8.665221,7.749566,7.803139,7.038055,7.160491,7.623821,7.36972,7.408954,7.787791,7.772161,7.719296
"SELP",6.920935,6.90033,7.74066,7.162244,7.726893,7.841705,6.475458,7.160717,7.504626,7.196067,7.58433,6.974378,6.88865,6.427701,6.905338,7.039766,6.701221,6.677531,6.621586,6.720299,7.045517
"METTL18",5.441148,5.413736,5.026205,5.350969,5.727135,5.689895,5.155963,5.35806,5.040611,5.559598,5.017178,5.257919,6.119969,6.66163,5.704218,5.529414,5.455834,5.28217,5.479471,5.44962,5.671762
"KIFAP3",7.652944,7.933179,7.925984,8.125681,8.035924,8.261104,7.883115,7.407182,7.97153,7.896212,7.263229,7.139074,7.91442,8.232876,7.70639,7.669261,7.611573,7.366315,7.716415,7.867725,8.035668
"VAMP4",7.752153,8.111968,7.899091,7.765252,8.210533,8.455798,7.906286,7.141674,7.895846,8.257148,7.753444,7.738971,8.775055,8.699285,8.156442,8.50936,8.194259,7.931176,8.289748,8.741521,8.813265
"TNFSF4",6.632783,6.415387,6.786781,6.054687,6.987145,6.790394,6.379438,6.587375,7.136043,6.634127,6.840354,6.661051,7.026032,6.009319,6.158498,6.975874,6.048338,6.468245,6.821791,6.760147,6.987766
"SNORD81",7.599886,7.977061,7.316711,7.353966,7.760756,8.23231,7.17018,6.419892,7.0841,7.835718,7.083317,7.149051,7.853401,8.727097,7.492519,7.766527,6.934225,7.459968,7.824851,7.871031,7.619792
"SNORD79",5.600043,6.035797,6.200216,5.628545,6.186165,6.850312,5.703756,4.388387,5.828567,5.437947,4.942461,5.131474,5.527248,6.182032,5.176233,5.66852,5.298854,5.378285,5.61173,5.785943,5.735814
"SNORD78",7.316029,7.969334,7.778885,7.37976,7.547854,8.763443,6.984189,6.354673,7.528793,6.594248,5.965662,6.261031,6.636719,7.413586,6.56618,6.792363,6.43397,5.799239,6.456359,6.741488,6.587373
"SNORD44",7.341666,7.499807,7.342765,7.005739,7.284111,7.882695,6.862425,5.853472,6.894315,5.807963,5.340057,6.048905,6.512402,7.796115,6.082569,6.608515,6.129735,6.095979,6.25958,6.97729,6.45354
"SNORD77",3.725977,4.101023,3.9401,3.797388,3.731163,5.185957,3.719109,3.26956,3.550065,3.695365,2.953238,3.156017,3.529898,3.618667,3.564827,3.715294,3.113471,3.243166,3.370508,3.760657,3.3632
"SNORD75",7.146763,7.366451,6.894545,7.124952,7.248926,7.618498,6.821193,6.540749,7.001371,6.082306,5.591564,6.172327,6.274603,6.52288,6.381704,6.317749,6.178723,6.123028,6.417758,6.347885,6.477325
"SNORD74",7.962305,7.988939,7.876302,7.894054,7.774022,8.058816,8.0061,7.485218,7.424884,8.591818,8.491057,8.237597,8.511856,9.482929,8.679748,8.525734,8.493965,8.920945,8.529463,8.745158,8.284806
"MRPS14",7.896239,7.877727,7.787753,7.523366,7.852339,8.149285,7.621725,7.20453,7.420624,8.259268,8.065017,8.047264,8.773946,9.090831,8.296605,8.430725,8.309835,8.289088,8.38449,8.341326,8.312749
"KIAA0040",8.129179,8.782698,8.770104,8.02836,8.739566,8.614289,8.434437,8.479999,8.763304,9.396273,9.403039,9.810981,9.436775,9.537364,9.255412,9.326651,9.186647,9.076135,9.406251,9.501983,9.583448
"COP1",10.162522,9.681656,9.842863,9.283806,10.171003,10.453438,9.590953,9.688107,10.036183,8.602524,9.082383,8.751068,9.087793,8.945971,8.717931,9.548144,8.684312,8.647943,8.888192,9.103534,9.283632
"RNASEL",8.400784,8.360327,8.062416,7.905699,8.664782,8.000674,8.115107,8.260392,8.640753,7.440922,8.051405,7.90762,7.97561,7.886248,7.655343,7.889139,7.709741,7.575388,7.704774,7.777058,7.211397
"NCF2",11.971239,11.568196,11.521343,10.761227,11.617738,11.729695,11.324394,12.033009,11.889918,10.673773,11.675281,11.288072,11.301901,10.658463,10.891897,11.428809,10.984608,11.049317,11.18534,11.252928,11.087435
"EDEM3",9.271624,9.569338,9.417378,8.820405,9.387475,9.683708,9.110631,8.686773,9.465252,8.863512,8.516543,8.688655,8.752834,8.843814,8.613021,8.846875,8.558716,8.483791,8.948195,8.903421,8.938876
"NIBAN1",10.061637,9.634654,9.973659,8.892632,10.266341,10.633278,9.521622,10.879641,10.951648,9.661454,10.007138,9.489251,9.518175,8.562817,9.309293,9.694812,9.326218,9.08204,9.430822,9.495407,9.276821
"TRMT1L",8.4162,9.028004,8.592932,8.671936,8.633115,9.08009,8.63327,8.068065,8.577724,7.937299,7.893004,7.991435,8.359717,8.28924,7.890862,8.250742,7.872425,7.92422,8.206918,8.308958,8.532107
"IVNS1ABP",10.611804,10.337079,10.600512,10.646248,10.623089,11.017871,10.478061,10.187268,10.919681,9.019633,9.054358,8.567302,9.195621,9.288507,8.871689,9.293038,8.851192,8.824279,9.067584,9.355152,9.414027
"TPR",8.559545,8.906024,9.017325,8.629165,8.888045,9.487477,8.866467,8.607304,8.880918,8.208727,8.039997,8.218274,8.336446,8.52685,8.295476,8.490657,8.368919,7.994611,8.28707,8.501068,8.280892
"PTGS2",8.395434,7.66891,7.603529,6.66655,8.102494,8.165387,7.238502,7.546197,8.091319,7.443904,8.878497,8.385911,8.561864,7.902203,8.201042,8.341679,7.584967,7.823792,7.784215,8.219588,8.268441
"UCHL5",7.609573,7.977301,7.555754,7.712908,7.925572,8.173674,7.494451,6.687118,7.606338,7.120033,6.397501,6.438081,7.538326,7.561567,7.166512,7.224059,6.870394,6.793844,7.330069,7.274184,7.391434
"B3GALT2",5.454907,4.42642,4.554143,4.738614,5.171404,5.061703,4.994911,5.288034,5.280682,4.977384,5.581127,5.521459,5.614896,5.356494,5.174491,5.651864,5.244242,5.227561,5.579407,5.495369,5.467038
"ASPM",5.366968,6.643549,4.904258,5.40462,5.297785,5.520463,5.372425,5.12358,5.147482,5.299089,4.656396,4.805468,5.065488,5.324642,4.989759,4.930024,4.77837,4.815992,4.967657,5.145901,5.254474
"ZBTB41",7.886982,8.314683,7.982029,8.217669,8.784527,8.754496,8.456543,7.46017,7.938327,8.376612,7.691743,7.549295,8.690156,9.039592,8.174106,8.245039,8.273598,7.826426,8.092872,8.37579,8.720852
"DENND1B",6.929247,7.894162,7.350957,7.336109,7.520725,7.634679,7.263577,6.574483,7.328825,6.83971,6.82869,6.786322,7.826389,7.566921,7.272102,7.485339,6.868499,6.822375,7.162089,7.360715,7.653777
"MIR181B1",6.433792,7.191313,6.972454,6.784039,6.797812,6.77253,7.231009,6.395667,6.595882,7.718106,7.220451,6.902651,7.809808,7.980506,7.24783,7.434168,7.684573,7.375336,7.40355,7.598241,8.333569
"CSRP1",7.684939,8.1495,7.630073,7.646706,7.750411,7.54864,7.51736,7.395671,7.909343,8.542538,8.533199,8.675111,8.993787,8.693224,8.794283,8.719188,8.384851,8.516511,8.782121,8.346836,8.47228
"ARL8A",8.417939,9.117312,9.047624,8.72353,8.853668,8.743853,8.871308,9.169295,9.150325,9.462417,9.680856,9.64741,9.489049,9.231603,9.497993,9.4977,9.416765,9.225527,9.443365,9.447133,9.480276
"ADIPOR1",10.696813,11.872544,11.497544,11.441416,12.239948,11.569845,11.963001,11.038456,11.318543,12.566702,12.65604,12.063613,12.486608,11.546577,12.31699,12.527881,12.284352,12.264878,12.362994,12.04804,12.623501
"CHI3L1",9.649324,8.633478,9.992731,8.404689,10.206031,9.380335,8.460516,10.451901,9.475828,7.027177,11.053255,10.17626,9.835311,10.446012,10.188543,9.714864,9.413702,9.368465,9.1475,10.027429,10.516342
"NUAK2",8.769548,8.882326,8.993408,8.455747,9.059788,8.865587,8.612827,9.06197,9.203788,9.43329,10.024982,9.852013,9.631189,9.516217,9.556608,9.624044,9.389996,9.229007,9.216487,9.568875,9.437608
"FCMR",9.354509,10.318778,10.583093,10.312288,10.121385,10.236119,10.261934,9.720451,10.002267,11.099916,10.486511,10.754772,10.55203,11.237777,10.827713,10.857181,11.044466,10.677619,10.821495,10.689517,11.15375
"YOD1",8.413146,9.440052,8.847725,8.219458,9.677849,9.002982,9.456827,8.118058,8.659922,8.402853,8.236968,7.893284,8.779162,8.378087,8.124034,9.079349,7.988515,8.213214,8.105377,8.666426,10.199607
"ANGEL2",8.516824,8.827255,8.663455,8.741944,8.632979,9.010968,8.66519,7.848674,8.505662,8.115618,7.461153,7.777395,8.402652,8.551401,7.981356,8.2829,7.747295,7.710544,8.226657,8.211001,8.204852
"EPRS1",8.346727,8.932345,8.69913,8.649505,8.829264,9.093044,8.737136,7.851697,8.571893,7.836089,7.18636,7.685328,7.927569,8.164677,7.797735,8.014904,7.68213,7.690732,7.913465,8.051682,7.969619
"BPNT1",6.958225,7.51321,7.16674,7.197203,7.057957,7.043921,7.349572,6.487246,6.836899,6.481736,6.492892,6.669226,6.923292,6.853439,6.59959,6.741378,6.63082,6.55568,6.531311,6.957528,6.602052
"LINC02817",5.954432,5.286023,5.836458,6.733705,5.557438,5.77797,5.67103,6.226068,5.779456,6.140423,6.215977,6.164491,5.486931,5.880245,6.183916,5.615521,6.016809,6.009161,6.053584,5.690559,5.626125
"TAF1A",5.783936,6.250016,5.849255,6.067349,6.118731,6.459937,6.383803,5.192301,5.669885,5.483192,5.144691,5.560325,5.707147,6.0288,5.472107,5.678005,5.606492,5.493738,5.805559,6.081887,5.855163
"TLR5",7.901884,8.201745,7.642009,7.033753,8.196372,8.197645,7.198675,8.486282,8.368292,8.842058,8.06684,8.242585,8.553287,8.145361,8.199354,8.084138,7.589203,8.106581,8.51999,8.511601,7.910663
"WDR26",9.619107,9.737408,9.606202,9.450679,9.971903,9.967276,9.911162,9.350081,9.913976,8.78992,9.123283,8.750975,9.017754,8.727202,8.731287,9.142006,8.61115,8.579691,8.888036,9.155863,9.284522
"LBR",11.536258,11.471923,11.449805,11.128609,11.353975,11.870152,11.399853,11.535905,11.781396,9.945661,10.332147,9.93688,10.04108,10.013115,10.01132,10.019198,10.048954,9.983261,10.121123,10.321994,10.127384
"TMEM63A",9.683305,9.873195,10.335139,9.991337,9.671016,10.056595,9.815567,9.535485,10.128952,10.496606,10.15704,10.282411,10.095073,10.376406,10.305947,10.506737,10.308883,10.275672,10.327099,10.307127,10.4627
"LEFTY2",8.09466,7.705348,8.130777,8.593976,8.176772,7.911385,8.285989,8.328799,8.082624,8.669642,8.541339,8.371298,7.981313,8.276888,8.381458,8.050484,8.592656,8.673949,8.413943,8.179325,8.030981
"PARP1",7.853414,9.071123,8.9772,8.669994,8.70952,8.903705,8.280756,8.128787,8.8858,8.255962,7.783444,8.283661,8.0383,8.33434,8.276749,8.231878,8.391015,8.137729,8.183298,8.552539,8.349668
"NUP133",7.148456,7.698858,7.825239,7.388703,7.820119,7.949062,7.546429,6.788473,7.632347,6.850781,6.714292,6.883201,7.091336,7.159038,7.114003,7.212226,6.632725,6.741785,7.101963,7.080683,7.313497
"TRIM67-AS1",4.595048,4.374108,4.879224,5.271917,4.702089,4.934197,5.558119,5.532364,5.153068,5.157963,5.271175,5.020968,4.726943,4.849164,5.038991,4.503446,5.098141,4.855698,4.611805,4.349451,4.711351
"SIPA1L2",7.755224,7.62759,7.592167,7.265093,7.876719,8.075537,7.330148,8.312455,8.528002,7.521588,7.936854,7.549844,7.363281,7.20568,7.647228,7.109497,7.675416,7.147501,7.459228,7.357768,7.420038
"TARBP1",8.238109,8.626257,8.592024,8.33736,8.561292,8.757041,8.430815,7.697904,7.984287,7.676235,7.220063,7.382832,7.48791,7.981399,7.710706,7.56376,7.600176,7.572615,7.590797,7.652359,7.762067
"TOMM20",6.854417,7.505556,7.501583,7.573901,7.760714,7.926534,7.908126,7.448887,7.89886,7.329979,6.94273,7.091064,7.533438,7.698182,7.53637,8.038009,7.476604,7.164765,7.778567,7.694271,7.843964
"RBM34",7.641208,7.300412,7.60956,7.875367,7.254095,8.240037,7.368375,7.119205,7.347134,6.783331,6.505867,6.826192,7.126274,7.141521,6.801442,7.096865,6.75093,6.562078,7.005795,7.069338,7.038921
"ARID4B",8.49138,8.532366,8.507545,8.347818,8.81346,9.006159,8.341722,8.103901,8.675145,8.106227,8.020025,8.168605,8.54665,8.613643,8.19077,8.58598,7.863831,8.029045,8.206488,8.749502,8.583406
"LYST",11.158749,10.996791,10.966783,10.185319,11.015897,11.385104,10.952211,10.775166,11.278134,9.853089,10.66262,10.309608,10.256422,10.021246,10.328203,10.560837,10.146885,10.119425,10.370665,10.563685,10.618579
"ERO1B",7.1646,7.186405,7.187928,6.967186,7.359645,7.511675,7.258713,6.810623,7.001624,6.64737,6.592245,6.334372,7.129577,6.82388,6.402885,6.749225,6.461453,6.389051,6.659078,6.845586,6.886864
"HEATR1",8.277675,9.011982,8.906088,8.564672,8.707341,9.121292,8.650762,7.928117,8.782876,7.949066,7.490092,7.976704,7.652004,8.156848,7.949013,7.922245,7.86078,7.803693,8.116694,8.146234,8.208325
"CHML",7.003524,7.742764,7.178687,7.976785,7.868321,7.995893,8.068386,6.943306,6.855718,7.048462,6.475242,6.703219,7.358161,7.843998,7.27945,7.150525,7.105707,6.839637,7.134783,7.492218,7.349396
"CEP170",8.454698,9.304178,8.426249,8.668484,9.046241,9.354644,8.51498,8.105558,9.214879,9.472125,9.022966,8.821183,8.743687,9.33403,9.039566,9.001089,9.118086,9.047069,9.188846,9.621593,9.503851
"AKT3",7.567053,7.475033,7.823606,7.473047,7.639024,8.20705,7.616215,6.981314,7.736313,7.939921,7.593238,7.628109,7.827965,8.308108,7.885746,8.13965,7.748598,7.583227,7.764431,7.936225,8.128848
"ADSS2",8.56522,8.843562,8.407108,8.545473,8.910745,9.318533,8.77044,8.024913,8.509464,7.766315,7.619922,7.440613,8.062348,7.927841,7.58024,7.740001,7.589605,7.657547,8.000365,8.146324,8.305748
"HNRNPU",9.737962,9.82941,10.007371,9.980685,9.901068,10.196357,9.985889,9.119132,9.603225,9.37237,9.130804,9.002636,9.431422,9.731863,9.385654,9.199226,9.275709,9.098274,9.509111,9.619506,9.089632
"ZNF124",7.654449,7.65729,7.26063,7.371297,7.614421,7.855293,7.471082,6.911296,6.823834,6.775575,6.128869,6.904155,6.987107,7.288721,6.771155,7.006226,6.789607,6.47101,7.101275,7.108642,7.188457
"OR1C1",5.161692,4.654406,4.729787,5.647674,4.875034,4.9759,5.07672,5.287489,4.91032,5.501272,5.849217,5.506691,5.049576,5.763578,5.272977,4.600776,5.350321,5.510096,5.439948,4.870404,4.848216
"OR14A16",5.008046,4.801224,4.942666,5.711022,5.032482,5.0356,5.388097,5.761707,5.036721,5.58504,5.47194,5.218259,4.634028,5.183149,5.016346,4.797477,5.144173,5.289025,5.249839,5.056732,5.00999
"OR2T11",5.59475,5.696344,5.601268,5.793377,4.938458,5.537092,5.366354,6.048243,5.583957,5.868964,5.666686,6.049209,4.847558,5.548261,5.492669,4.764054,5.459846,5.417187,5.590804,5.34956,4.986445
"OR2T27",5.158481,5.531911,5.022381,6.074529,5.960157,5.142115,5.342958,5.372946,5.346846,5.868918,6.373073,6.04864,5.335537,6.177657,5.987542,5.439082,6.036256,6.035032,5.730536,5.147234,5.674632
"OR14I1",5.92608,5.847283,6.034164,6.666071,6.15438,5.997434,5.874853,6.413089,6.155464,6.56862,6.171275,6.134034,5.514222,5.925489,6.102289,5.270018,6.121601,6.133994,5.913942,5.464994,5.739983
"ZMYND11",8.744511,8.811652,9.065364,8.829169,9.023444,8.959028,8.957324,8.450911,8.804205,7.930163,7.629457,7.819173,8.071699,8.124529,8.177371,8.106375,8.029314,7.808401,8.085793,8.130912,8.238112
"GTPBP4",7.720207,8.057119,7.81223,7.949063,7.856735,8.317042,7.629879,7.425774,7.903831,6.458386,6.392963,6.677306,6.615151,6.806752,6.915856,6.652602,6.486426,6.535147,6.59297,6.92186,6.747574
"AKR1C3",6.907369,7.048638,6.128902,6.928218,5.686847,6.154875,6.835193,6.344437,6.714315,5.963851,6.207988,5.941514,6.402592,5.691952,5.605649,6.059181,5.883487,5.892741,5.761845,5.698152,6.420943
"RBM17",7.78729,8.167963,8.120806,7.960604,7.980573,8.243641,7.94904,7.501169,8.019691,7.017763,6.651081,6.973616,7.235097,7.312151,7.01829,7.301899,7.125321,7.058794,7.142843,7.24824,7.320363
"PFKFB3",8.535221,8.418169,7.985349,8.005529,8.20049,8.189073,8.349884,9.18411,9.039607,9.609113,9.65174,9.321895,9.080478,8.811893,9.067955,9.048074,8.714098,8.853567,9.094107,9.069335,8.780097
"ATP5F1C",9.008561,9.267497,8.725316,9.05981,8.959277,9.224686,8.764031,8.358585,8.581676,8.618343,7.876101,7.786362,8.968753,9.333153,8.593416,8.633575,8.445201,8.502151,8.609201,8.783221,8.668709
"GATA3",7.38324,7.940121,8.000815,8.31144,7.906568,8.033587,8.011029,7.950227,8.372203,8.715293,8.431047,8.54534,8.636653,8.555108,8.504509,8.489923,8.454872,8.398768,8.287509,8.289486,8.716418
"OPTN",8.309122,8.638737,8.632176,8.269055,8.819146,8.944278,8.431535,8.092715,8.621396,7.67578,7.984995,8.045827,8.520102,8.267769,8.444289,8.492976,8.288157,7.999014,8.051391,7.967363,8.1162
"PRPF18",8.284611,7.990851,8.560513,8.217851,8.454259,8.564,8.617154,8.160778,8.005186,7.807405,7.777317,7.912649,8.296116,8.18389,8.225878,8.204,7.673762,7.855654,8.025683,8.427187,7.677789
"RPP38",6.59669,6.914835,6.647319,6.255403,6.836385,6.70821,6.729433,6.372477,6.800459,7.762442,7.536628,7.526145,8.19367,8.310898,7.772607,8.273662,7.758588,7.57168,7.797039,7.832175,7.644709
"PTER",8.495596,8.627638,8.914343,9.226425,9.013481,8.813348,8.9819,7.889243,8.462176,8.484924,7.833599,7.992679,8.422808,8.592352,8.162401,8.383291,7.979031,8.03744,8.359597,8.176985,8.56816
"VIM",9.902603,10.458293,10.213035,10.070562,10.277714,9.947354,9.846752,10.307833,10.378666,11.148113,10.909183,10.974259,10.915476,10.854602,10.808819,11.308903,10.813309,10.870916,11.05898,11.168513,10.845334
"ARL5B",8.436855,8.869641,8.791858,8.812749,9.020165,9.035236,8.897719,8.528675,8.844156,9.539236,9.320629,9.170232,9.810685,9.96848,9.56548,9.601524,9.440486,9.497027,9.597264,9.548156,9.764645
"PLXDC2",9.257881,9.361703,9.169806,8.289358,9.541183,9.599912,9.184198,9.204418,9.911951,9.776845,10.402242,10.599168,10.219114,9.171795,9.916279,10.206971,9.661172,9.744284,9.900234,10.145718,9.935444
"THNSL1",5.205751,5.289071,5.522874,5.556328,5.750699,5.857666,5.400837,5.248592,5.067057,5.816497,5.450436,5.168531,6.263375,6.858645,5.426196,5.974835,5.726413,5.536747,5.372328,5.993891,5.895557
"MASTL",6.779676,7.3943,6.982046,7.009244,7.490605,7.434912,7.237126,6.50476,7.388715,7.829351,7.253073,8.079565,7.969871,7.951384,7.29785,7.830693,6.863456,7.367182,7.788616,7.538914,7.90091
"RAB18",9.508739,9.383474,9.17297,9.15248,9.705706,10.147015,9.180635,9.016372,9.178223,8.007648,8.17101,7.496796,8.622461,8.749736,7.987741,8.48784,8.211215,7.819752,8.248848,8.53309,8.809139
"LYZL1",3.737843,4.002393,3.692128,4.010485,3.381514,3.971046,4.560708,3.43285,4.624714,4.132087,4.325045,4.095073,4.217242,4.561578,4.642381,4.519124,3.760162,4.29233,4.337508,4.205343,3.938066
"ZNF37A",7.124143,7.636302,7.072459,7.376104,7.662326,7.795628,7.471349,6.635734,7.027537,7.301944,6.764396,6.925286,7.679311,8.192893,7.365345,7.269817,7.384045,7.265613,7.342428,7.662998,7.664248
"HSD17B7P2",8.225856,7.630725,8.18298,7.549904,8.009,8.81904,7.938379,7.719216,8.211565,6.905701,7.290237,7.108975,7.557875,7.293663,7.637957,7.484857,7.352879,7.635972,7.39862,7.397855,7.728714
"BMS1",8.047147,8.407577,8.565971,8.537026,8.460453,8.867675,8.812036,8.02914,8.294102,7.579327,7.57951,7.874698,7.400236,7.87694,7.878626,7.710812,7.75281,7.735433,7.534361,7.840819,7.606289
"ZNF487",6.124083,6.594056,6.409261,5.876948,7.139542,7.242869,6.848094,7.334357,6.822221,7.254275,6.96424,6.858371,6.970733,6.624052,7.312894,7.103656,6.859651,6.833736,7.036475,7.089532,6.892848
"ZNF22",6.538545,6.573442,6.233694,6.570099,6.805,7.147881,6.629517,6.203322,6.343699,6.763432,5.562023,5.893735,7.119324,7.498518,6.491817,6.766478,6.434253,6.438542,6.678775,6.462097,6.687289
"ALOX5",10.1516,10.065868,10.168586,9.380251,10.154055,10.139721,9.919033,10.493154,10.52006,10.644813,11.283629,11.155591,10.863337,10.505398,10.787848,10.980231,10.652563,10.770871,10.874237,10.816054,10.730079
"MAPK8",8.104422,8.347205,8.367997,8.17238,8.10549,8.809031,7.981015,7.614393,8.223226,7.967615,7.926155,7.625866,8.359308,8.609506,8.01393,8.2952,7.895058,8.002606,8.067779,8.207255,8.535932
"NCOA4",11.69945,11.455953,11.87506,11.332294,12.112804,12.013919,11.934235,11.761272,11.559603,10.491274,11.198791,10.589657,11.28946,10.511036,10.78564,11.536786,10.712582,10.793269,10.707758,11.166387,11.337365
"CISD1",6.887673,7.135009,6.807823,6.95001,7.243938,6.783728,6.699805,6.194148,6.359755,6.856804,6.127486,6.293146,6.940686,7.325532,6.61842,6.806673,6.798086,6.535475,6.754373,6.954121,6.614784
"UBE2D1",9.838007,9.577264,9.405169,8.833204,10.056753,10.00793,9.2678,9.825153,9.804792,9.220756,9.608467,9.1963,9.497465,8.777711,8.746734,9.418762,8.924483,9.039381,9.365596,9.435416,9.1113
"TFAM",7.572755,8.116973,7.902588,7.668145,8.043105,8.447161,7.595863,7.074315,7.645131,7.526773,7.258679,6.999733,7.766281,7.973357,7.12173,7.651396,7.361755,7.123803,7.399095,7.706843,7.604797
"NRBF2",9.035885,8.527853,8.446369,8.37578,8.953056,9.006553,8.798108,8.889369,8.718156,8.579411,9.502966,9.18386,9.723677,9.099689,9.220288,9.448928,9.100353,9.081601,8.817136,9.167609,9.0256
"REEP3",7.823789,8.156023,7.697177,7.412425,7.97406,7.871376,7.262706,7.200743,7.546164,7.754886,7.915964,7.624414,8.568347,8.354417,7.903835,8.288546,7.748573,7.640476,8.101064,8.133686,8.126595
"SIRT1",8.931922,9.05348,9.083041,9.131686,9.179516,9.281165,9.007198,8.624885,9.03507,8.221309,7.965033,8.188455,8.197288,8.462609,8.292725,8.27951,8.128793,8.208515,8.180665,8.455804,8.38425
"HNRNPH3",8.728102,8.707115,8.719602,8.33805,8.650719,9.281135,8.361581,8.104038,8.775211,8.070828,7.932823,7.815163,7.84349,7.821376,8.059464,8.165448,7.690309,7.603906,7.906386,8.342745,7.857621
"DDX50",8.764475,8.528881,8.670963,9.024846,8.924575,9.157628,8.594982,8.170264,8.755477,8.025612,7.77833,7.792901,7.878111,8.364273,8.025736,7.892017,7.854646,7.676107,7.957613,8.238001,8.12032
"DDX21",8.689358,9.144569,9.159495,8.90473,9.102733,9.344626,8.805718,8.260736,8.761912,7.932848,7.633785,8.039405,8.157356,8.266135,8.081801,7.977203,8.139952,7.791607,7.985282,8.144436,7.931694
"KIFBP",7.394124,7.806829,7.712734,7.615284,7.576932,7.845132,7.842878,7.186158,7.988691,6.976536,7.060429,6.831777,7.042299,7.222906,7.127489,6.996437,7.036462,6.786483,7.321116,6.911599,7.20285
"SRGN",12.907856,12.4063,12.311767,12.168402,12.399487,12.948241,12.353084,12.729782,12.803687,12.040915,12.606912,11.911828,12.657646,12.305845,12.086732,12.425203,12.168815,12.034896,12.278344,12.100649,11.983746
"VPS26A",8.19371,8.35572,8.264683,8.168361,8.466988,8.832833,8.331626,7.67219,8.407922,7.735342,7.762783,7.485515,8.229746,8.004388,7.78045,8.210642,7.737566,7.587758,8.114136,8.226938,7.990439
"ANAPC16",8.916628,9.144952,9.242109,9.315549,9.221123,9.400603,8.992446,8.488501,9.062504,8.704739,8.318935,8.544602,8.974827,9.104818,8.590747,8.873555,8.672932,8.571296,8.721127,8.868953,8.881861
"VCL",8.264947,8.605445,8.90404,7.868804,8.584524,8.892927,8.255579,8.228067,9.22879,8.212458,8.718044,8.279981,8.113104,7.74043,8.565304,8.291387,7.937307,8.230081,8.369961,8.474842,8.581008
"SAMD8",9.293829,9.255943,8.875338,8.669678,9.086307,9.300017,8.754959,8.806602,9.200295,8.276648,8.517214,8.244732,8.544982,8.362892,8.410106,8.375417,8.189019,7.976281,8.258783,8.532718,8.433683
"VDAC2",8.113719,8.449467,8.42719,8.254301,8.109041,7.993599,8.597115,8.202325,8.346626,7.467071,7.724714,7.743128,7.96608,7.783268,7.409629,7.783104,7.458362,7.724714,7.658244,7.500887,7.813684
"RPS24",8.417563,7.591548,7.347058,8.665125,7.433891,8.173581,7.324299,7.592226,7.164655,7.099088,6.642621,6.749671,7.1972,8.588101,7.202285,7.264364,6.866907,7.25772,7.209728,6.870428,6.590622
"TMEM254",6.621684,7.21342,7.286479,7.162864,7.334632,7.108589,7.170057,6.780307,7.270133,8.558583,8.285379,8.363696,8.639978,8.663854,8.466217,8.556708,8.380491,8.344572,8.643557,8.414409,8.478407
"PLAC9",7.957657,7.276444,7.587375,7.579199,7.326918,6.926103,7.772464,7.91228,7.262362,6.560544,6.827742,6.679,6.809818,6.504523,6.990322,6.811634,6.808742,7.256415,6.719365,6.799081,6.939225
"GHITM",9.033248,9.184514,9.098151,9.088319,9.209964,9.217308,8.954035,8.666231,9.125609,8.540556,8.77485,8.688424,9.108254,8.800749,8.8673,9.085664,8.675783,8.661982,9.010766,9.133217,8.728637
"SHLD2",6.903546,7.658856,6.945151,7.124101,7.205052,7.806644,7.197439,6.731374,7.317697,6.731812,6.536087,7.063895,7.403328,7.025563,6.857637,7.291821,6.676217,6.768553,6.943076,6.883175,7.305361
"MINPP1",7.584609,7.736511,7.680795,7.669484,8.062788,7.91535,7.502164,7.181926,8.144294,7.421883,7.497822,7.158609,7.747204,8.079073,7.353626,8.193132,7.378026,7.063545,7.454683,7.348269,7.901289
"LIPN",7.107626,7.137388,7.085063,6.084323,6.798249,7.532737,7.267528,5.893813,8.736226,5.99145,7.687752,6.656285,7.653841,5.843966,5.940678,6.430319,5.733973,5.807337,5.957028,6.922614,5.853434
"FAS",9.094628,9.062144,8.882653,8.680159,9.089672,9.535745,8.717336,8.979558,8.937346,8.083309,8.911182,9.089004,9.137671,8.612961,8.624919,9.044844,8.521919,8.805257,8.946965,8.610935,8.792671
"IFIT2",8.720726,9.427002,8.239361,7.615087,9.330126,9.874982,8.163784,8.135288,9.031992,6.827227,8.676509,11.101857,8.565871,7.782635,7.86736,8.552649,8.843445,7.860887,8.112777,7.952281,8.640629
"IFIT3",8.679109,9.848291,7.979918,7.467682,9.299456,9.605673,7.691066,7.589386,8.726425,6.830213,7.908853,10.578699,8.813014,7.702919,7.758418,8.387978,8.54487,7.512289,7.620055,7.406244,8.496638
"IFIT1B",6.565323,8.489743,7.052087,6.915962,8.098318,7.21469,7.465843,6.904558,6.762162,6.688841,7.467126,7.030714,8.599541,6.616073,6.799392,7.078611,6.991015,7.25126,6.979535,7.289464,8.127732
"IFIT1",7.775735,9.646917,6.838333,7.13247,8.935031,9.695175,7.370621,6.977157,7.253227,6.789043,7.367899,11.028995,8.424507,7.591089,7.407213,8.129543,8.697431,7.217902,7.394479,6.960852,8.51729
"IFIT5",7.814777,8.765509,7.550612,7.483145,8.7254,8.57595,7.909189,6.548789,7.604375,7.023777,7.491143,8.841287,8.537528,7.984347,7.753044,8.106669,7.891693,7.458767,7.19952,7.735147,8.427941
"KIF20B",4.571619,5.455799,5.215345,4.894921,5.229011,6.102041,5.177596,4.467251,4.777215,5.126235,4.711237,4.608691,5.688622,5.754327,5.092179,5.058993,4.820121,4.705981,4.887302,5.090908,5.43955
"PCGF5",8.909395,9.88899,9.426865,9.410388,10.119751,9.810319,9.832506,8.636831,9.539687,9.046868,8.631714,9.142069,9.469241,9.281323,9.023584,9.240411,8.855001,8.819919,9.052823,9.285301,9.494634
"TNKS2",9.670662,9.959335,10.008685,9.677966,9.904703,10.140752,9.860779,9.449226,10.035124,8.907831,8.799221,8.966886,8.969543,9.070187,9.032466,9.036354,8.991202,8.711899,8.966034,9.211591,9.184348
"BTAF1",9.493386,9.822844,9.792301,9.679171,9.620212,9.961784,9.738259,9.03292,9.56091,8.744091,8.24492,8.738203,8.711312,8.937542,8.82418,8.81935,8.731987,8.4677,8.81688,9.142031,9.014171
"KIF11",4.099075,6.88318,4.389255,4.688694,4.632452,5.295805,4.628389,4.462337,4.54901,5.022383,4.549441,4.837405,5.190829,5.076434,4.576808,4.930211,4.579537,4.577796,4.933352,4.936959,4.775494
"HHEX",9.24608,9.593405,9.448189,9.343669,9.514545,9.695484,9.394818,9.239834,9.780071,8.013636,8.136885,8.791213,8.44943,8.137878,8.507622,8.799308,8.242692,8.230596,8.446395,8.497377,8.437433
"EXOC6",8.061364,8.678304,8.238488,8.257657,8.735034,8.938463,8.270045,8.304537,8.323656,7.970867,7.918699,7.666278,8.148829,8.049649,7.531457,8.268825,7.751425,7.400968,7.961219,8.318559,8.185879
"HELLS",5.48837,6.543008,5.881691,5.863237,6.240636,6.797833,5.959848,5.153224,5.671766,5.271286,4.970432,5.262712,4.965122,5.126694,4.874535,5.315026,4.962755,5.072665,5.36882,5.550236,5.468892
"ENTPD1",9.501666,9.410774,9.374159,8.855741,9.6234,9.497999,9.40797,9.745612,10.12469,10.11402,10.280187,10.378414,10.111453,9.966539,9.92914,10.065719,9.922412,10.027347,10.275574,10.311105,9.942336
"ZNF518A",7.97013,8.365003,7.7791,7.845897,8.283419,8.63873,8.191829,7.398699,7.93074,7.393615,6.877709,6.994193,7.829138,8.281943,7.21268,7.746433,7.476253,6.855155,7.662553,7.958866,8.041074
"R3HCC1L",8.553883,8.735612,8.514163,8.427466,8.452988,8.821472,8.538732,8.053498,8.541414,7.809496,7.909995,7.796275,8.113767,8.255942,7.849555,8.020979,7.916452,7.78258,7.934418,8.135002,7.977463
"HIF1AN",8.085246,8.393378,7.925815,7.851964,8.087468,8.129543,7.913166,7.427368,8.252341,7.327952,7.387407,7.474789,7.418523,7.363776,7.277043,7.574805,7.129568,6.980676,7.555632,7.621602,7.319675
"SLF2",7.592849,7.966585,8.11393,7.942675,8.244291,8.315246,8.158536,7.29728,7.91284,7.34923,6.792111,7.132381,7.302778,7.417326,7.180903,7.328885,7.255033,6.990656,7.230547,7.447994,7.302929
"TRIM8",8.213015,8.509489,8.562349,8.080784,8.61445,8.544604,8.441724,8.620744,9.027606,9.095261,9.505437,9.608499,9.277091,8.895514,9.242354,9.31994,8.996578,8.964762,9.158821,9.234541,9.263076
"SFR1",5.78516,5.98283,6.040414,6.172489,6.055843,6.412267,5.625474,5.933128,6.087354,6.171262,5.941514,5.912545,6.872871,7.263809,5.834163,6.06834,6.439433,6.143637,6.420763,6.196869,6.370561
"GSTO1",7.358705,6.952363,7.126832,6.836736,7.243553,7.198212,6.928112,7.211597,7.162948,7.197518,6.947558,7.387679,7.732039,7.565953,7.541834,7.534669,7.310135,6.888858,7.364827,7.525159,7.524688
"SMC3",7.95038,8.402848,8.159813,7.952665,8.506254,9.045673,7.718214,7.521347,8.019053,7.845687,7.617828,7.594331,8.384674,8.411378,7.807677,8.25365,7.815159,7.421229,8.194553,8.194137,7.94178
"PDCD4",10.161069,10.299775,10.552041,10.487121,10.587136,11.065095,10.444034,9.864477,10.489054,8.969225,8.565199,8.612169,8.847335,8.970817,8.792689,9.002462,8.610016,8.550771,8.883134,9.017967,8.903572
"SHOC2",10.369268,10.201095,10.242767,10.130042,10.5041,10.757762,10.266575,10.431919,10.345538,9.44006,9.623609,9.299434,9.894219,9.730047,9.540362,9.884905,9.59518,9.446154,9.620789,9.889296,9.702443
"TCF7L2",7.687872,8.644299,7.851528,7.90031,8.242084,8.435591,8.259914,7.851009,8.346407,8.277591,8.438632,8.841769,8.511344,7.791425,8.587107,8.489829,8.555413,8.439195,8.475085,8.445226,8.167204
"PLEKHS1",5.361026,5.836147,5.505523,5.519698,4.71437,5.191633,5.237989,5.749594,5.534689,5.449749,5.939872,5.444796,5.023494,5.649076,5.504935,5.121402,5.809826,5.440222,5.542418,5.345166,5.262158
"NHLRC2",8.557648,8.966254,8.983666,8.836835,9.038789,9.340053,8.953078,8.206262,8.769008,8.518661,8.010021,8.170667,8.622978,8.847074,8.523465,8.622784,8.429024,8.343443,8.71842,8.749142,8.82319
"TRUB1",7.408691,8.061163,7.629123,7.747648,8.034887,7.873094,7.828071,7.407915,7.593428,6.960289,6.649277,6.615429,7.227908,7.433898,6.812369,7.222066,6.873655,6.681926,7.042258,7.173306,7.061238
"TOMM22",8.257523,9.206652,8.741322,7.54738,8.774245,8.318535,8.340539,8.373501,8.218188,9.284403,8.440254,8.979404,9.65139,9.545156,9.097676,9.488011,9.131306,9.133766,9.591255,9.454521,8.969758
"SEC23IP",8.985975,9.290694,9.328446,9.101681,9.339471,9.34535,9.156856,8.707832,9.398205,8.153668,7.793784,8.404023,7.85721,7.942117,8.268461,8.386199,8.043918,7.881557,8.314149,8.485175,8.405682
"WDR11",8.482323,8.874705,8.605493,8.55651,8.64237,8.842866,9.04661,8.26994,8.834206,7.979875,7.64106,8.224813,8.279862,8.092102,8.191239,8.345311,7.912375,8.051987,8.38609,8.651109,8.152561
"PLEKHA1",8.724047,9.441104,9.424205,9.396617,9.326865,9.400382,9.142134,8.59006,9.095351,9.210083,8.560291,8.501035,8.884113,9.475691,9.08781,9.311543,9.060483,8.791387,9.183225,9.450432,9.418045
"ACADSB",6.834721,7.594402,7.696717,7.116559,7.404398,7.947783,7.168493,6.849752,7.428963,6.979751,6.5133,6.50044,7.022091,7.174876,7.029168,7.235982,6.959695,6.738072,6.942161,7.085013,7.459442
"BUB3",9.38202,9.777412,9.554577,9.615283,9.673729,9.993102,9.544778,8.758985,9.494578,8.615644,8.200391,8.268181,8.878181,9.125423,8.48515,8.731968,8.392285,8.197702,8.711095,8.913595,8.83546
"ZRANB1",9.056832,9.105252,9.315599,9.02616,9.278761,9.56043,9.35577,8.836999,9.403835,8.464427,8.572905,8.249263,8.472719,8.730672,8.424778,8.524215,8.106149,8.194602,8.380636,8.620854,8.445232
"GLRX3",8.683274,8.792367,8.438273,8.323017,8.365696,8.543467,8.344398,8.026172,8.430273,7.705591,7.54493,7.752462,7.873337,8.037638,7.759817,7.944885,7.810408,7.553259,7.969995,7.878562,8.005652
"LARP4B",8.877814,9.428883,9.334531,8.950143,9.136239,9.711509,9.249362,8.603005,9.518359,8.485352,8.289247,8.716719,8.401183,8.442931,8.443428,8.594019,8.331469,8.231314,8.387638,8.551538,8.637331
"IDI1",7.707688,7.799105,7.547427,7.54839,7.780432,8.351828,7.703751,7.373719,7.663035,7.299003,6.777225,7.051206,8.145785,8.253003,7.349225,7.687992,7.305725,7.142032,7.416158,7.801552,7.4956
"AKR1C2",4.723172,4.943486,5.822624,5.200625,5.29868,5.53632,5.338241,5.447835,5.102084,5.551636,5.521184,5.875316,5.376058,5.497521,5.180337,5.718281,5.808497,5.687576,5.370329,5.17522,5.223207
"KIN",8.143181,8.058242,8.17198,8.037349,8.355117,8.671704,7.844421,7.835294,8.112843,7.587712,7.430458,7.444945,7.898917,8.07571,7.562058,7.913285,7.499224,7.280202,7.647417,7.790105,7.85733
"FAM107B",10.152156,10.142962,10.228793,10.13458,9.92209,10.239244,10.150628,9.728998,10.048077,9.180242,9.059014,9.018043,9.33954,9.594808,9.204513,9.402208,9.242407,9.140718,9.319259,9.353163,9.746089
"MINDY3",7.93576,8.240248,8.039477,8.0975,8.299819,8.616604,8.137129,7.392402,7.719327,7.307366,7.017549,6.9655,7.626845,7.921865,7.363776,7.424901,7.260042,7.004177,7.433635,7.612025,7.688767
"CUBN",7.262293,7.716257,7.472221,7.159293,7.100305,7.957769,7.542222,7.119027,7.378807,7.274128,7.034567,6.880323,7.12411,8.100374,7.704189,7.247911,6.908295,7.583121,7.966215,7.814075,7.662936
"TRDMT1",7.416685,8.149751,7.899758,7.598704,7.448925,7.972537,7.525411,6.938172,7.425977,6.92141,6.876264,6.618763,7.456651,7.933515,7.474549,7.344318,6.935487,7.419519,7.619082,7.619093,7.869801
"NSUN6",8.089479,8.331294,8.311653,8.065403,8.330829,9.422371,7.689243,7.381204,8.146625,7.496049,7.104089,7.329633,7.812062,8.069775,7.551977,7.946982,7.621158,7.550278,7.569184,8.032934,7.846194
"NEBL",5.917451,5.60312,5.479919,5.943858,6.690118,5.54394,5.940632,6.05958,6.808856,6.921368,5.828042,5.779158,6.90371,5.652666,5.826677,6.468397,5.777552,6.012178,5.78118,7.056401,5.682385
"ENKUR",5.18599,4.613601,5.607347,5.270289,6.069682,5.722815,5.429758,5.644445,5.825899,6.102414,6.302013,5.765869,5.820346,5.295852,5.876695,6.272707,5.477893,5.58242,5.555415,5.630782,6.046354
"ABI1",9.624195,9.845948,9.752229,9.685622,9.903704,10.396752,9.832109,9.30417,10.040434,9.068195,8.920117,9.136042,9.295703,9.412838,9.134888,9.181083,9.166264,8.898241,9.246606,9.282491,9.244358
"ANKRD26",5.785418,6.174116,6.021322,6.146993,6.09466,6.511826,6.051688,5.325691,5.568667,5.885129,5.495236,5.468729,5.901045,6.42298,5.712483,5.978302,5.721518,5.49793,5.956361,5.995173,5.859788
"ACBD5",7.596594,7.963173,7.536577,7.376076,7.989568,8.156651,7.614513,7.417352,7.946214,7.270065,7.139756,7.239618,7.937224,7.616385,7.384621,7.562272,7.274448,6.947914,7.320004,7.702731,7.56608
"LYZL2",3.676902,4.580937,4.676924,4.684282,4.8145,4.304065,4.058218,4.823141,4.146102,4.811414,5.234751,4.801436,4.090439,5.156878,5.371711,4.313333,3.986822,4.246957,4.710129,4.876346,4.461553
"ZNF438",7.346528,7.80413,7.4095,6.797276,7.430021,8.083726,7.040718,7.793473,7.60481,7.658643,8.078162,7.615584,8.191762,7.233014,7.852239,7.640365,7.310452,7.309421,7.679958,7.788626,7.617684
"ARHGAP12",8.479447,8.439387,8.764172,8.772134,8.498563,9.309051,8.704739,7.861293,8.681425,7.930475,7.164218,7.408474,7.921283,8.308982,7.84781,8.125712,7.870925,7.291729,7.88848,7.888537,8.017283
"ITGB1",9.135807,9.347418,9.096857,9.170083,9.284847,9.528206,9.153977,8.973215,9.409366,8.641524,7.949341,8.630856,8.670739,8.385481,8.869286,8.394384,8.36674,8.140661,8.786623,8.941355,8.601689
"CUL2",7.700071,7.938224,7.948083,7.750507,7.926981,8.258201,7.902725,7.189439,7.678135,7.660118,7.141629,7.326828,8.024505,8.153248,7.553447,7.896027,7.495901,7.330581,7.647231,8.054405,7.911043
"NAMPT",12.294179,11.408913,11.414807,11.403954,11.968173,12.685653,11.774952,12.431809,12.208669,12.286846,12.853685,12.199693,12.283765,11.948859,12.116748,12.330976,12.217889,11.860428,12.300274,12.321063,12.014297
"ZNF248",6.375534,6.538273,6.710033,6.767236,6.915357,7.118121,6.904851,6.058027,6.393705,6.362108,5.859616,5.893591,6.482013,6.649722,6.324817,6.552022,6.327332,6.249604,6.477292,6.485408,6.800398
"ZNF33B",7.436668,7.744469,7.600628,7.462507,8.001573,8.035357,7.241386,7.025818,7.15483,7.808181,7.450445,7.235442,7.700444,7.881386,7.538493,7.859661,7.581078,7.422898,7.84683,8.012993,7.557889
"HNRNPF",9.529945,10.042836,9.606838,9.709433,9.801618,9.621165,9.854095,9.632192,9.820172,8.785916,8.66916,8.627432,8.964802,8.84311,8.754996,8.978564,8.577519,8.589097,8.912345,8.960577,8.797108
"MARCHF8",9.683002,10.423185,10.355527,10.422407,11.005348,10.308065,11.283187,10.108968,9.974378,10.855516,10.890233,10.449635,11.168686,9.632235,10.389451,10.807659,10.386838,10.704128,10.567256,10.476176,11.50057
"IPMK",8.605029,8.496983,8.552202,8.058125,8.568222,8.720274,8.179136,8.569941,8.550317,8.939912,9.406559,8.988773,9.328284,8.886064,9.15992,9.336953,9.10216,8.801461,9.232892,9.459187,9.135667
"CCDC6",8.360933,9.219149,9.013292,8.83978,9.039669,8.948273,8.933246,8.352778,9.123463,9.323206,9.318315,9.696061,9.555046,9.67324,9.628883,9.67971,9.610423,9.430397,9.778679,9.323424,9.810815
"ANK3",6.598985,6.617642,6.792494,6.472035,7.069585,7.541575,6.552532,6.256567,6.957409,7.3868,7.09365,6.720104,6.976581,7.240972,6.530326,7.329776,7.086477,6.903932,7.370827,6.800109,7.315556
"RTKN2",6.381252,6.445616,6.96182,6.65679,7.06283,6.997398,6.802038,6.032845,6.405298,6.316967,6.013182,5.916426,6.361523,6.666617,6.279279,6.418207,6.178952,5.928136,6.354869,5.893853,5.967952
"HERC4",9.458966,9.445048,9.619681,9.33406,9.552586,10.1765,9.602323,8.933415,9.477054,8.230438,8.001222,8.149217,8.315951,8.44979,8.194241,8.396555,8.093659,7.810898,8.197637,8.631813,8.514652
"PPA1",7.503548,7.435289,6.854883,7.246536,7.195755,7.4469,7.298591,6.409028,6.657288,7.108915,6.684265,7.616669,7.510362,7.83394,7.154184,7.255487,6.999056,6.745247,7.262157,7.136293,6.699293
"PRF1",9.393878,10.122966,9.059207,8.925432,8.833207,9.240377,10.127374,8.600189,10.527252,9.315186,9.933104,9.924218,9.869871,9.101376,10.14201,9.301324,9.490397,9.40701,9.499855,9.643078,10.138781
"VSIR",9.499723,9.552292,9.40941,8.806695,9.490887,9.211386,9.303263,9.701509,9.895613,10.167629,10.639222,10.731038,10.457069,9.974359,10.308268,10.521356,10.320369,10.351573,10.370349,10.396943,10.262148
"SPOCK2",8.899016,9.04497,9.434219,8.960631,8.978702,9.05327,9.12719,9.059683,9.236832,9.733071,9.683784,9.717901,9.685417,9.907362,9.912085,9.769641,9.961786,9.770402,9.86714,9.858374,9.876582
"P4HA1",8.215715,8.399539,8.316808,8.083643,8.426383,8.538414,8.46231,7.762075,8.401963,7.57013,6.902163,7.1568,7.856031,7.64227,7.368798,7.62894,7.348998,6.868828,7.54193,7.772074,7.646623
"ECD",8.310766,8.55484,8.645476,8.309866,8.48773,8.528358,8.446307,8.320656,8.501182,8.905898,8.988952,9.017364,9.319925,9.43704,9.193284,9.269041,9.057539,9.05687,9.265099,9.18648,9.216802
"PPP3CB",9.653074,10.074611,9.950156,9.871498,9.855039,10.243245,10.003771,9.293688,10.066414,9.090828,8.903096,8.889572,9.351307,9.341569,9.16264,9.397199,9.087579,8.830029,9.05933,9.223408,9.290926
"C1D",3.88118,4.937077,3.77136,3.907197,4.772861,3.893808,4.136103,3.705251,3.458699,4.375613,4.727713,4.470157,4.059427,4.662366,3.51007,3.401872,4.495504,4.030474,3.96252,2.934858,3.822487
"WAPL",9.053761,9.150936,9.168315,8.899487,9.16104,9.454333,9.240162,8.826978,9.254049,8.436654,8.440798,8.379835,8.561908,8.821559,8.515234,8.672546,8.486015,8.457504,8.669454,8.73374,8.653932
"ATAD1",9.022926,9.222395,9.124783,9.328145,9.090236,9.454807,9.250037,8.759938,8.785057,8.534395,7.934353,7.810675,8.608776,8.987955,8.276081,8.516136,8.245234,8.133753,8.165148,8.495881,8.412823
"ANKRD22",6.064378,6.97092,5.725063,5.424781,7.20555,6.26777,5.859562,6.236496,6.691395,5.547527,6.122875,6.66305,7.087203,5.711114,6.242068,5.528233,5.764816,5.725746,5.891402,5.996595,5.783346
"MIR107",7.452205,6.501645,7.168812,7.557225,7.196717,7.024065,7.038976,7.401137,7.24277,7.368644,7.254431,7.052949,6.86621,6.908853,6.99502,6.911872,7.20123,7.320717,7.095601,6.843431,6.914419
"FLJ37201",4.652865,4.823439,4.873207,5.129788,5.376811,5.633409,5.300166,5.385455,4.906067,4.937863,4.779414,4.574329,4.958067,5.336241,4.646298,4.417294,4.987146,4.751779,4.808691,4.718372,4.882664
"MYOF",7.117476,7.956987,6.914342,6.735289,7.144444,7.196768,7.497098,6.970191,7.71303,7.203593,7.213847,8.798046,7.935822,7.166254,8.235833,7.739935,7.30019,7.682479,7.684992,7.970144,7.259662
"FRA10AC1",6.281381,6.550113,6.413526,6.483489,6.708142,6.987945,6.304691,5.907855,6.118376,5.612573,5.184142,5.321107,5.94677,6.089315,5.464237,5.77563,5.209911,5.145281,5.865771,5.836505,5.771697
"NOC3L",6.99626,7.195935,6.881828,6.777248,7.020964,7.653445,6.945633,6.479577,6.577733,6.369997,5.899974,6.3455,6.953282,7.236427,6.110611,6.702625,6.524036,6.265432,6.727642,6.782977,6.926202
"PDLIM1",7.462286,8.282699,8.581053,8.415412,8.501375,8.253312,8.214554,8.110167,8.237865,8.791206,8.608421,8.691694,8.356141,8.232946,8.500714,8.494759,8.427107,8.502111,8.818497,8.698981,9.034849
"ALDH18A1",7.213811,8.159447,7.634279,7.635257,7.744078,7.725663,7.587184,7.130985,7.860178,7.034496,6.751937,7.099604,6.965139,7.243951,7.036887,7.086126,6.995678,6.927062,7.105203,7.23226,7.229426
"BLNK",7.700412,8.840574,8.563642,8.463454,8.295057,8.527381,8.727516,7.978259,7.989272,8.640678,7.804658,8.710367,8.39228,8.74938,8.36054,8.651663,8.53812,8.453099,8.957395,8.854598,8.727826
"TM9SF3",9.971727,10.0758,10.081651,9.983427,10.29818,10.577842,10.119657,9.747785,10.327252,9.724052,9.19615,9.118019,9.816639,9.893863,9.429543,9.693816,9.473536,9.103889,9.706408,9.77233,9.755022
"ERLIN1",8.060055,8.163491,7.964301,7.619426,8.228169,8.415126,7.540372,7.790507,8.604883,7.611521,7.91895,7.613603,8.142135,7.709977,7.822176,8.198756,7.604598,7.68452,8.075007,8.283938,8.166174
"CHUK",8.565039,8.760867,8.453289,8.165767,8.730418,9.207345,8.17827,8.026288,8.619184,7.728497,7.632169,7.357898,8.122494,8.128701,7.577386,7.859963,7.476551,7.349321,7.844288,8.016538,8.192411
"CWF19L1",8.344762,8.804721,8.535948,8.51046,8.667583,8.710835,8.546687,7.95916,8.584571,7.474301,7.298142,7.564506,7.846205,7.479111,7.708658,7.758904,7.486422,7.519092,7.613356,7.757752,7.699324
"LDB1",8.95997,9.250492,9.336993,9.040043,9.065485,9.054814,8.981185,8.911869,9.336917,10.240882,10.318204,10.240466,10.266736,10.398604,10.242113,10.277673,10.183104,10.166441,10.209343,10.241611,10.273412
"PCGF6",7.419365,7.200107,7.408189,8.057167,7.398794,7.395198,7.081702,7.29219,7.518645,8.380192,8.294335,8.274723,8.650086,8.715301,8.289896,8.155385,8.320356,8.443309,8.498403,8.676342,8.743623
"ZDHHC6",8.780152,9.079304,8.946206,8.626436,8.839828,9.575178,8.932567,8.505968,9.003938,8.709569,8.502254,8.577515,8.635632,9.113846,8.639454,8.773153,8.644805,8.460655,8.674936,8.72212,9.052815
"SHTN1",6.742014,7.057152,6.505513,5.931431,6.908653,6.887116,5.882457,7.092387,7.233737,6.824046,7.357657,7.830824,7.209917,6.902508,7.407828,7.70456,7.308673,6.820142,7.261008,7.602824,7.451351
"EIF3A",9.776923,10.193101,10.342213,9.944715,10.192471,10.321847,10.017066,9.679308,10.21349,9.322794,9.200706,9.478197,9.395261,9.529419,9.408334,9.446942,9.406594,9.366181,9.545247,9.839588,9.373723
"SNORA19",6.041805,5.801434,5.942674,5.60375,5.886502,6.720099,5.805749,5.504924,6.086455,5.346388,5.398152,5.397479,5.526796,5.258858,5.297254,5.705524,5.333847,5.321888,5.619089,5.89482,5.77903
"PRDX3",9.762049,10.075933,9.509615,9.81594,9.82619,9.721609,9.484132,9.377198,9.683371,8.601776,8.662737,8.682626,9.041905,9.105655,8.748433,8.895218,8.338009,8.657926,9.022115,8.9987,8.67178
"RGS10",9.284568,8.867998,9.006773,9.141255,9.066684,9.335159,8.89982,8.828427,8.599301,8.512126,8.26758,8.31896,8.792861,8.780437,8.49237,8.694597,8.355751,8.585941,8.604249,8.723503,8.464024
"TIAL1",9.091442,9.07987,9.207478,8.923973,9.31247,9.533711,9.316253,8.496133,9.068494,8.191151,7.935706,7.930262,8.366968,8.54689,8.372619,8.530152,8.294523,8.081889,8.245991,8.56845,8.714197
"CHST15",9.835487,9.446156,9.551573,8.416686,9.472479,9.813787,9.823496,10.167892,10.136717,9.141776,10.083211,9.789658,9.63057,9.285013,9.562682,9.784267,9.565239,9.594381,9.502363,9.82614,9.574211
"OAT",8.192022,8.20938,8.064508,8.149403,8.234917,8.350579,7.794023,8.123032,8.383281,7.50045,7.445009,7.324697,7.807124,7.665026,7.648238,7.969735,7.393247,7.401646,7.487127,7.662809,7.510941
"EEF1AKMT2",7.266208,7.590688,7.804572,7.503323,7.902699,7.959658,7.494035,6.747649,7.458529,7.349916,6.792117,7.006405,7.552247,7.449691,7.345653,7.482521,7.035001,7.340483,7.521933,7.609326,7.571009
"LINC01165",6.651566,5.730196,6.243233,6.001366,6.367989,6.238448,6.622985,6.744892,6.16696,6.731205,6.865404,6.49115,6.370363,6.618999,6.387577,6.235431,6.568333,6.594381,6.695343,6.213557,6.535006
"ADAM8",8.799536,8.844938,8.711618,8.143196,8.604247,8.512509,8.637207,8.81418,8.927227,8.976985,9.66265,9.56663,9.51111,8.725104,8.989803,9.400325,8.999365,8.988413,9.042215,9.122066,9.375
"ECHS1",8.427166,8.817037,8.612234,8.30612,8.576323,8.196849,8.662194,8.636296,8.672745,8.146147,7.880106,8.033799,8.207289,8.124843,7.968293,8.143162,7.924951,8.197702,8.332033,8.401287,8.193661
"IFITM1",10.618202,11.233504,10.340959,10.437832,10.696852,10.588201,10.529316,10.190093,10.510573,11.48555,11.308029,12.029819,11.916947,11.676673,11.381693,11.587858,11.532403,11.612658,11.379543,11.471912,11.726185
"TALDO1",10.342129,10.132391,10.302262,9.537801,10.454731,10.172795,10.224324,10.726526,10.730085,10.501307,11.447823,10.770203,10.995691,10.253728,10.599329,11.059827,10.566481,10.715669,10.791825,11.129531,10.784628
"PNPLA2",8.096332,8.779873,8.62474,8.279979,8.734076,8.167509,8.51489,8.612583,8.519126,9.345543,9.767114,9.550495,9.4725,8.979001,9.471339,9.457444,9.542811,9.373435,9.272481,9.127153,9.590873
"CD151",7.111458,7.228923,7.082257,6.990173,7.425051,7.227086,7.460018,7.528943,7.416017,8.299916,8.451068,8.202948,8.661599,8.261438,8.325563,8.518409,8.293055,8.534,8.722453,8.310505,8.458323
"KRTAP5-AS1",6.940293,5.939105,6.882252,7.692359,6.233357,6.484484,6.887184,6.637415,6.475579,7.231676,7.054211,6.85979,6.750069,6.754901,7.110881,6.645371,6.93823,6.914247,6.692125,6.324207,6.546825
"KRTAP5-5",7.507139,6.770535,7.212884,7.903272,7.230283,7.23022,7.152006,8.108352,7.321264,7.985992,8.062143,7.841878,7.484021,7.597927,7.972122,7.51519,7.950244,8.023141,7.736773,7.327804,7.517012
"FAM99A",6.523469,6.219432,6.363122,6.800308,6.179261,6.673551,6.258835,7.195665,6.494377,6.762046,6.96666,6.515161,6.110328,6.474779,6.817428,6.672139,6.952705,6.769808,6.961665,6.361891,6.113632
"KRTAP5-6",7.138343,6.468862,7.085657,7.667758,6.755305,7.073483,7.080432,7.433222,7.169427,7.642831,7.659477,7.391124,6.906899,7.203697,7.372151,7.053124,7.483159,7.677574,7.25641,7.045803,6.906112
"TSPAN32",8.311139,8.128677,8.229038,8.303985,8.017212,8.259048,8.270433,8.056014,8.049864,8.793933,8.655694,8.954853,9.116625,8.9335,9.161377,9.019597,8.925081,8.788068,8.74122,9.194216,9.149719
"CD81",8.9624,9.771879,9.573313,9.310017,9.299479,9.137346,9.57801,9.084517,9.448261,10.536312,10.189416,10.577112,10.961427,10.621517,10.724467,10.405648,10.522047,10.386304,10.44284,10.946604,10.81332
"PGAP2",7.45373,7.662906,7.786658,7.400442,7.088532,7.246645,7.561082,7.528978,7.415287,8.57804,8.537733,8.544755,8.393175,8.607394,8.344838,8.6947,8.483505,8.579958,8.555771,8.348127,8.620049
"RRM1",7.512233,8.479951,7.72665,7.437992,7.679603,7.828892,7.644577,7.042887,7.609112,7.28447,6.859495,7.035255,7.30627,7.523472,7.25275,7.252847,6.936122,7.383962,7.383956,7.283183,7.324532
"OR52K2",7.244757,6.993379,6.442758,6.292701,6.785785,6.76578,6.228522,6.333897,7.315489,6.171351,7.294751,8.107917,6.143537,5.969244,6.91677,6.902771,6.26812,6.5408,6.568608,6.483375,6.865302
"OR52K3P",8.369656,7.963118,7.540211,6.517475,7.463133,8.067208,7.494114,7.704556,8.345782,7.394669,8.752335,9.074799,7.487907,6.902003,8.128503,8.342145,7.590611,7.614124,7.990604,8.040953,7.979073
"OR52K1",7.806466,7.689035,6.960789,6.344558,7.443922,7.625721,6.843252,7.097873,8.089931,7.176963,8.133094,8.521454,6.615114,6.859184,7.711146,7.907908,7.058231,7.264926,7.364045,7.234429,7.841925
"OR52I1",6.017154,5.046675,5.310281,5.581044,4.836125,5.4726,5.69756,6.232779,5.659708,5.966704,6.138639,5.554702,5.237886,5.461713,5.591044,5.577894,5.809525,5.800211,5.631324,5.380323,5.452037
"OR51L1",6.094751,5.534549,5.253077,6.003647,5.231812,5.118515,5.35845,5.868209,5.427753,5.893364,5.482629,5.690422,5.137332,5.429995,5.679673,4.880568,5.435511,5.505316,5.144844,4.984032,4.806048
"OR52J3",5.610974,4.753966,5.780713,5.784923,5.653051,5.283516,6.017456,5.764964,5.600877,6.14034,5.991167,5.483565,5.136668,5.87702,5.755807,5.376455,5.843192,5.5765,5.331238,5.305562,5.35324
"OR51B6",4.742206,4.15834,4.662959,5.06284,4.322991,4.444291,4.605349,5.237861,4.945215,5.30418,5.386354,5.027529,4.481933,4.876879,4.463513,4.18464,4.895365,5.140029,4.991316,4.36869,4.385411
"OR52B6",5.956867,5.687506,5.589581,6.424294,5.503269,5.66951,5.574583,6.315025,5.741182,6.404263,6.610753,6.064379,5.667477,6.716226,6.480224,5.467187,6.497408,6.230844,6.224474,5.791959,5.680913
"TRIM22",9.885289,10.854259,10.135603,10.223065,10.664647,10.770836,10.4095,9.511751,10.538251,9.590456,9.794281,11.255752,10.116704,9.991588,10.032128,9.971884,10.140404,9.902836,9.874188,9.900984,10.089433
"OR52N4",4.937823,5.667907,4.408428,5.45813,5.015684,4.968505,4.900126,4.58594,5.193332,5.398998,5.537676,6.301948,5.845335,6.147691,5.563385,5.879426,5.534572,5.479582,5.774313,5.235514,5.766961
"OR56B4",5.054392,4.984043,4.961903,5.445674,5.335779,5.412503,5.242004,5.863531,5.641642,5.694567,6.030469,6.090373,5.391076,5.382567,6.02599,5.775203,5.92645,5.740794,5.609117,5.820201,5.501028
"OR52W1",6.665143,6.296396,6.60014,7.178529,6.403342,6.825413,6.756056,7.296613,6.655804,7.388037,7.243972,7.121155,6.855434,7.008989,7.116516,6.817209,7.233117,7.303089,7.003148,6.740385,6.926572
"TIMM10B",8.476901,8.339311,8.637878,8.358735,8.36373,8.463707,8.432097,8.213783,8.471242,9.28142,8.887213,9.112215,9.090355,9.381953,9.185061,9.222457,9.156513,8.964976,9.056247,9.033387,9.394599
"EIF3F",7.323822,7.413192,7.624154,6.886675,7.669809,7.393077,7.442313,7.091152,7.238636,5.694077,5.130972,5.017582,5.488291,6.280375,5.358063,5.712933,6.360246,5.303859,5.29786,6.284984,5.12373
"RPL27A",7.804175,7.87889,8.62032,7.631392,8.151337,8.283656,8.28439,7.631685,7.56951,6.441944,6.137697,6.539985,6.828025,7.596637,6.584362,7.007859,6.448142,6.739577,6.295763,7.145132,6.312571
"SNORA3A",8.941633,8.830428,8.704225,8.316492,8.494269,8.503566,8.832509,8.446215,8.133106,9.362379,9.795554,9.889958,9.476649,10.119868,9.872057,9.833074,9.3535,10.590316,9.439867,10.041189,9.964664
"IPO7",8.34548,8.647727,8.516965,8.410704,8.660181,9.122564,8.379553,7.580552,8.257586,8.211974,7.416434,7.833548,8.428251,8.700486,8.002267,8.379548,8.022878,8.057869,8.203967,8.5109,8.654083
"SNORA23",7.202153,7.037011,7.576767,7.300816,7.160405,7.750874,7.337925,7.050355,7.484606,8.517918,7.969348,8.172901,8.286563,9.407564,8.732416,8.790568,7.923169,8.679446,8.324797,9.391587,8.271657
"ADM",8.238035,8.327483,8.155188,7.819336,8.376914,8.385564,8.424637,8.92941,9.204319,8.81452,9.02811,8.530521,8.905308,7.967593,8.198455,8.190505,8.117061,7.988137,8.410811,8.194763,8.129354
"CTR9",9.28615,9.515859,9.74423,9.359697,9.451848,9.936669,9.361352,9.222954,9.504902,8.172279,8.181906,8.396844,8.436023,8.44538,8.416391,8.384431,8.226977,8.203456,8.509481,8.527358,8.183639
"USP47",8.277395,8.649498,8.677335,8.690524,8.758462,9.439543,8.70451,7.845636,8.431867,7.428826,7.097181,7.029737,7.563074,7.665224,7.298188,7.509243,7.417958,7.13676,7.314238,7.425278,7.58377
"MICAL2",8.620076,8.695811,8.957738,8.191956,9.31401,8.615926,8.789819,8.951072,9.001624,8.566903,9.296483,8.81693,8.846587,8.247447,8.914889,8.954837,8.331233,8.642508,8.589171,8.774551,8.970772
"FAR1",9.731002,9.62772,9.299075,9.169237,9.817734,10.040213,9.491289,9.192584,9.744184,8.206366,8.548568,7.87847,8.896875,8.521,8.306639,8.683423,7.933992,7.924012,8.62529,8.752551,8.703892
"PDE3B",9.227854,8.684627,9.401567,9.227739,9.136763,9.815337,8.961016,8.494488,9.269785,8.657776,8.576883,8.155379,8.75868,8.960466,8.097168,8.870916,8.675582,8.440174,8.679623,9.112731,9.006908
"C11orf58",9.877928,9.501858,9.406729,9.798287,9.718107,9.923034,9.401638,9.029467,9.264385,8.834372,8.407227,8.412978,9.288595,9.428414,8.726589,8.967813,8.597709,8.56512,8.983502,8.987186,8.847401
"NUCB2",8.170929,8.037046,8.38961,8.488656,8.274403,9.541464,8.126753,7.316752,7.798876,7.840692,6.910467,7.048732,8.059836,8.555933,7.433621,7.820974,7.425213,7.119652,7.562259,7.871134,7.845348
"MRGPRX4",5.419875,5.018492,5.292608,6.279589,5.296027,5.193323,5.581828,5.863098,5.449259,5.780453,5.98692,5.537329,5.156632,5.694692,5.407117,5.346785,5.524229,5.627079,5.548752,5.104533,5.002745
"LDHA",9.438064,10.222957,9.691447,9.662449,9.731301,9.692719,9.622904,9.614117,9.557333,10.509105,9.950009,9.936546,10.606393,10.571732,10.281745,10.340041,10.221137,10.071825,10.385531,9.804322,9.891586
"ZDHHC13",8.172078,8.559244,8.207866,7.897102,8.544442,8.477444,8.396133,7.765581,8.266445,8.031893,7.901213,7.760279,8.312212,8.195338,8.043731,8.271276,7.784739,7.670475,7.9628,8.452603,8.295375
"HTATIP2",8.405262,8.163958,7.989866,7.559418,8.261056,8.238661,8.185658,8.237474,8.230856,7.910343,8.490337,8.079886,8.459597,8.137603,8.196571,8.228823,7.778679,7.66212,8.149011,8.406277,7.813687
"PRMT3",7.10157,7.608324,7.318573,7.175551,7.499973,7.571061,7.252251,6.634231,7.143671,6.443699,6.19235,6.385971,6.91405,7.215631,6.605939,6.996706,6.439284,6.521715,6.988531,7.182818,7.122175
"RPS25",8.964,8.126212,8.113346,8.752389,7.900419,8.740665,8.249803,8.337969,7.555485,8.796681,8.579456,8.363603,9.478302,10.281585,9.06875,9.626012,9.038452,9.323488,9.208583,9.221435,8.005424
"METTL15",7.098854,7.586028,7.285271,7.958522,7.912925,7.953093,7.717384,7.104042,7.067074,7.507255,6.539787,6.634551,7.067251,6.862717,6.338524,7.01575,7.221228,6.493143,7.123647,7.433558,7.540553
"DNAJC24",6.815613,7.083057,6.974054,7.056169,7.15545,7.483137,6.966838,6.596862,6.723006,6.567602,6.191251,6.044488,6.802299,6.923225,6.306423,6.761928,6.272623,6.233034,6.38612,6.676757,6.673889
"ELP4",6.640045,7.424413,7.261228,7.342665,7.564406,7.272091,7.084415,6.39649,6.9967,7.323516,6.818749,7.040707,7.663925,7.915331,7.517809,7.709753,7.370084,7.237412,7.615929,7.773681,7.834877
"EIF3M",10.084502,9.726302,9.693744,10.041022,9.728239,10.198197,9.534604,9.270817,9.334831,8.798049,8.324765,8.57686,9.28723,9.832286,8.996846,9.174653,8.636422,8.895069,9.108877,9.305744,8.79421
"PRRG4",7.55324,7.557985,6.935312,6.69218,7.277151,7.897204,6.668861,6.925903,7.486493,7.146983,8.244624,7.486474,7.782676,7.031506,7.432699,7.50684,7.126637,7.22194,7.446902,7.102068,7.365115
"QSER1",7.32932,8.078155,7.789235,7.296304,7.812311,8.286343,7.810025,7.017445,7.806168,7.623523,7.476666,7.998861,8.052886,7.69754,7.9631,7.99595,7.626181,7.669959,7.866426,7.950242,8.361299
"HIPK3",9.943075,9.965208,10.139545,9.625889,10.237492,10.463447,9.951248,10.188878,10.391072,9.466329,9.899124,9.622935,9.529962,9.308796,9.491386,9.629459,9.372319,9.248352,9.494326,9.451917,9.483476
"CAT",9.744592,9.396953,10.036355,9.182434,9.663704,9.767123,9.738543,9.566668,9.479711,10.08578,10.040591,10.439678,10.412856,9.81575,10.291368,10.252872,10.061128,10.419668,10.642617,10.170498,10.645469
"MIR129-2",4.625355,4.565727,4.67957,5.193867,4.883091,4.394071,5.095151,4.509016,4.534588,5.036149,4.999417,4.872531,4.206593,4.875374,4.710029,4.428993,4.912814,4.747413,4.691494,4.39309,4.384235
"SLC35C1",7.270122,7.327992,7.621509,7.294449,7.493716,7.053859,7.175111,7.30111,7.715816,7.709044,7.994494,8.051153,8.137634,7.739006,8.128405,8.106736,7.841714,7.78205,8.034801,8.018423,8.100258
"OR4X2",5.227304,5.112655,4.891106,5.667534,4.927564,5.34461,5.208097,5.869822,5.164154,5.88693,5.556342,5.472728,4.948194,5.149596,5.351532,4.95761,5.337377,5.335477,5.21811,5.084239,4.99666
"OR4X1",5.586183,5.366172,5.442375,6.149561,5.500515,5.395548,5.654851,5.881118,5.558802,6.090683,5.95954,5.729584,5.256827,5.505217,5.590543,5.299311,5.970379,5.609424,5.856662,5.289372,5.424439
"OR4C3",4.761456,4.962543,5.139961,5.669279,4.896095,5.124569,5.019112,5.331385,5.023825,5.418754,5.532536,5.311938,4.835276,5.213718,5.380722,4.855233,5.189494,5.343696,4.906664,4.867923,4.663608
"OR4C13",4.77074,5.085633,4.877307,5.575637,4.992022,5.12225,4.591612,5.267608,5.13985,6.490693,6.0304,5.744987,5.304285,6.030261,5.981812,5.167806,5.602472,5.730747,5.8031,4.983343,5.408385
"OR4C16",4.802453,4.747248,4.536977,5.08374,4.899493,4.710633,4.856433,5.252725,4.942043,5.365157,4.915737,4.999136,4.542377,5.279707,4.837098,4.308217,4.928949,4.93818,4.945828,4.395411,4.270279
"OR4C6",5.501705,5.121231,5.260805,6.099509,5.173744,5.482316,5.806736,5.659874,5.321182,6.440669,5.974415,5.735981,5.25067,5.55997,5.963531,5.549954,5.983609,5.745902,5.845934,5.322586,5.475184
"TRIM51",6.16114,5.226776,5.937828,6.634306,6.528439,5.979721,5.922325,6.581082,5.70423,6.470537,6.831708,6.698889,6.117174,6.348139,6.70564,6.549042,7.010054,6.928431,6.435956,6.390904,6.668689
"OR8H2",3.650368,3.819392,3.660825,4.373665,3.982711,3.856648,3.816061,3.868359,3.565597,5.318399,4.777252,4.021025,3.778345,4.330857,4.19845,3.918534,4.195126,4.138814,4.373299,3.827129,3.781831
"OR8K1",4.554285,4.425364,4.219429,4.824807,4.529882,4.335255,4.46376,4.741718,4.383529,5.915716,5.631964,4.877609,4.300581,4.979465,5.019889,4.57051,5.22308,5.140509,5.020325,4.392733,4.747882
"OR5AK2",4.634227,4.324354,4.717404,5.095733,5.120388,4.457142,4.553123,5.071342,4.667644,4.582248,4.83706,4.415676,4.195621,4.417414,4.370949,4.28201,4.691694,4.815551,4.801864,4.139478,4.220305
"SERPING1",6.859032,8.333673,7.443557,6.92664,8.405234,7.601236,7.14623,7.541153,8.298291,6.911802,7.750035,9.621704,7.969426,6.897473,8.403612,7.312632,7.605773,7.62078,7.385114,7.136981,8.009762
"OR9Q2",6.650213,6.224176,6.32728,6.714633,6.143269,6.10784,6.275885,6.942495,6.221722,6.794446,7.097129,6.655881,6.257314,6.776805,6.785151,6.347916,6.802758,6.942047,6.573199,6.240106,6.316127
"OR1S1",3.838829,3.653323,3.387467,4.403946,3.455337,3.490806,4.283053,4.062611,3.571651,4.858942,4.696222,4.07675,3.443986,4.776775,4.383775,3.778871,4.256403,4.472855,4.310914,3.960292,3.66493
"FAM111B",5.667519,7.240883,6.764585,5.934691,6.953377,7.599054,7.029072,5.351409,5.235468,6.287188,5.849009,6.085095,6.589636,7.381595,5.834496,5.833241,6.281029,6.026537,6.386026,6.858292,7.093053
"FAM111A",9.443452,9.275683,9.485352,9.257573,9.489607,9.955711,8.660529,8.562339,9.345308,8.20201,8.286499,8.929126,8.827266,8.687301,8.728183,8.663967,8.509567,8.445423,8.607824,8.660938,8.746713
"OR4D6",5.664319,5.574421,5.530756,6.441514,5.57548,5.056712,5.203946,5.510784,5.6912,6.11717,5.865051,5.775515,5.468049,5.621533,5.610159,5.3783,5.819795,6.01408,5.906815,5.615041,5.455359
"OR4D10",5.620507,5.696181,5.103273,6.185069,5.421034,5.631942,5.106161,6.072073,5.826471,5.870019,5.759352,5.606954,5.110164,5.358729,5.674756,5.085913,5.834061,5.787325,5.63609,5.437804,5.422739
"STX3",9.227723,8.727962,8.854941,8.230497,8.892353,9.031704,8.605756,9.357436,9.504058,9.074464,9.947036,9.644569,9.356827,9.017303,9.147881,9.438488,9.07697,9.076383,9.116636,9.416269,9.278119
"MS4A3",5.321293,5.741937,5.959592,5.405046,6.192008,6.62447,5.590304,6.1174,6.009172,5.562882,6.118347,6.276485,6.92152,6.453996,6.503222,6.779439,5.284199,6.269477,6.239709,5.850325,6.75753
"MS4A2",5.118188,5.328358,5.703771,4.941459,5.457815,5.490535,5.251215,5.289288,5.552166,5.274884,5.387982,5.641696,5.538206,4.671624,5.443043,5.626319,5.005491,5.20311,5.168397,5.083485,6.001815
"MS4A4A",5.259153,5.505961,4.807843,5.060577,5.261901,5.14363,5.004657,4.808813,5.093727,5.650305,5.472704,6.380602,6.779167,5.290209,5.662969,5.927599,5.088828,5.202948,5.665756,5.71386,5.503794
"MS4A1",9.833252,10.951602,10.792874,10.705393,10.388304,10.737089,10.990769,9.686197,9.578059,11.224147,10.239011,11.154828,10.839194,11.595526,11.045299,11.299352,11.388265,11.152677,11.256994,11.679424,11.445802
"TMEM109",8.755297,9.769569,9.436388,9.117529,9.284229,8.965095,9.394993,9.171484,9.551924,10.307318,9.881856,10.297549,10.16325,10.246277,10.325778,10.015613,10.138617,10.099562,10.162502,9.998926,10.249402
"CD6",8.339147,8.8185,9.071452,8.848546,8.84826,8.863467,8.660926,8.653766,8.880814,9.592006,9.263748,9.375897,9.583797,9.737736,9.434834,9.580689,9.614585,9.343104,9.468123,9.100173,9.554897
"CD5",8.648781,9.383054,9.447475,9.474369,9.189701,9.407923,9.128847,9.085134,9.321921,9.997846,9.750975,9.757947,9.956463,10.174961,9.680706,9.896175,9.921346,9.925321,9.625063,9.616212,10.105986
"TMEM138",8.139905,8.580971,8.389278,8.332626,8.386592,8.548022,8.093564,8.05138,8.275258,8.672949,8.372713,8.625331,9.059233,9.01977,8.889126,9.000083,8.697279,8.614406,8.790878,8.827434,8.758028
"SDHAF2",9.696981,9.723989,9.839066,9.659667,9.520824,9.740121,9.590537,9.446472,9.634703,8.711689,8.76342,8.583314,9.107745,9.051835,8.745132,8.944915,8.534945,8.832614,8.866723,8.906031,8.815187
"FADS2",7.056587,7.379106,7.258974,6.863443,7.192837,7.294338,7.274372,7.622857,7.402856,7.350996,7.412415,7.785711,7.525419,7.687954,7.977616,7.496962,7.664004,8.142247,8.761586,7.387742,7.606596
"BEST1",7.951237,7.591063,7.517523,6.860682,7.681731,8.007824,7.916328,8.050881,8.094677,8.16478,9.114042,8.468197,8.464579,8.219548,8.246824,8.655038,8.053642,8.146353,8.115984,8.258254,8.131389
"TMEM179B",8.78833,9.102166,8.953253,8.722577,8.925925,8.730296,8.877905,8.935721,9.069537,10.151135,10.247529,10.207113,10.448414,10.161079,10.500271,10.329722,10.214743,10.037268,10.169751,9.831779,10.270961
"LGALS12",7.231618,6.777797,7.069072,7.046919,7.394173,6.59677,7.017586,7.087124,7.120394,7.459467,8.152186,8.246373,8.24615,7.202634,7.401833,7.892135,7.421536,7.906414,7.831531,7.608539,8.0015
"RTN3",9.009027,8.757248,8.656934,8.344465,8.547034,8.881183,8.683214,8.960241,8.712991,8.690995,8.72371,8.355036,8.285155,8.068855,8.055957,8.49383,8.25758,8.169036,8.272302,8.882952,8.07521
"NAA40",7.321162,7.755634,7.72234,7.612457,7.509797,7.668083,7.552485,6.594586,7.430668,7.895903,7.413386,7.890199,7.893667,8.018367,8.112542,7.896779,7.681977,7.728489,7.952273,7.900469,7.909063
"COX8A",8.226022,8.588787,8.257304,8.236753,8.084211,7.690111,8.35006,8.54917,8.250593,9.977101,9.846178,9.878476,10.187384,10.079046,10.012461,10.132097,9.679332,9.875286,10.05617,10.069934,9.727607
"OTUB1",8.757152,8.956676,8.990553,8.761385,8.81496,8.643468,9.117006,8.655351,8.972085,9.816594,9.81032,9.837083,10.037607,9.761202,9.953513,10.030689,9.875446,9.759541,9.73746,9.636512,9.77552
"FERMT3",9.355342,9.700946,9.434632,8.819788,9.535422,9.347971,9.210299,9.24748,10.028339,9.89116,10.228468,10.119149,10.091863,9.616034,9.97466,10.050628,9.874661,9.827755,9.920029,10.008209,9.969714
"PRDX5",9.589392,9.549901,9.186094,9.19032,9.453088,8.778723,9.221363,10.0436,9.075315,9.099629,9.041757,8.9414,9.401765,8.913599,9.040049,9.321395,9.231015,8.928111,9.217722,9.341088,8.848779
"VPS51",8.255522,8.703834,8.726594,8.56973,8.698366,8.324303,8.680566,8.328842,8.625672,9.524126,9.119132,9.108728,9.593084,9.569696,9.208762,9.368237,9.324297,9.294762,9.3396,9.413318,9.652936
"MRPL49",7.382754,7.918081,7.738393,7.570509,7.135538,7.438515,7.70264,7.415873,7.741089,8.187088,8.264274,8.313925,8.950626,8.758706,8.352949,8.639187,8.296782,8.28449,8.554308,8.373822,8.728966
"SCYL1",8.134399,8.368877,8.452271,8.026306,8.072457,8.000256,8.428648,8.366304,8.281419,8.896852,9.048938,8.975505,9.173368,8.852208,8.992815,9.31763,8.741741,8.947124,8.953978,8.843291,9.056878
"FAM89B",7.799685,7.769649,7.348643,7.471245,7.812475,7.338837,7.761602,7.575157,7.675649,8.805876,9.05845,9.122063,9.581631,9.033938,9.122733,9.270159,8.910764,8.636278,8.914918,8.913055,9.297171
"CTSW",8.521753,9.512925,8.779413,8.549847,8.614159,9.211927,9.327317,8.574756,9.337815,9.629072,10.024516,9.867493,10.419713,9.917802,10.091916,9.430108,9.729181,9.511401,9.322513,8.934765,10.549577
"DRAP1",9.10438,9.518437,8.691015,8.750764,9.090605,8.685297,8.996658,8.474221,9.373904,9.157639,9.268104,10.127483,9.838095,9.639366,9.577381,9.627401,9.415601,9.10372,9.336208,9.279243,9.439244
"BANF1",13.415983,13.210378,13.055215,13.392001,13.22519,12.84852,13.124805,13.214015,13.56126,11.748823,11.925052,12.272254,12.239335,11.882017,12.132486,12.141899,12.385646,12.377803,12.045001,12.263289,12.273765
"PACS1",9.08628,9.411158,9.48729,9.273086,9.207827,9.666469,9.231669,9.519269,9.594317,9.780642,10.179648,10.120646,9.62687,9.884888,10.137903,9.890361,10.058258,9.796888,9.815849,9.934291,9.985688
"RAB1B",9.620008,10.742553,10.313219,9.808012,10.162893,9.89308,10.275815,10.007374,10.453435,10.934719,11.187122,10.9706,11.059516,10.807027,11.137028,11.016608,10.995445,10.726179,10.978756,10.72543,11.122577
"DPP3",7.031722,7.532144,7.350045,7.082406,7.238819,7.27279,7.666317,6.97306,7.190418,7.707858,7.669263,8.091442,8.077529,7.865077,7.851067,7.990002,7.81609,7.723714,8.121813,8.061762,7.900317
"RBM14",8.439051,9.350843,9.440135,9.200164,9.357041,9.410964,9.257988,8.813096,9.422766,8.945454,8.406878,8.756432,8.111505,8.711011,8.831717,8.452865,8.786295,8.705933,8.614769,8.972648,8.727701
"TBC1D10C",9.133739,9.256989,9.224111,9.045902,9.121764,8.989613,9.360427,9.128734,9.108394,9.962756,9.809863,9.946812,10.312203,10.371654,10.045715,10.237348,10.218124,9.995487,10.017035,10.305223,10.168721
"GSTP1",9.310784,9.560704,9.33671,8.734166,9.275721,8.845392,9.431237,9.202449,9.387537,10.122839,10.045212,10.345322,10.88906,10.25457,10.332604,10.531996,9.929763,10.411313,10.435995,10.382286,10.221227
"TCIRG1",9.067523,8.980162,8.972921,8.521172,8.923011,8.893489,9.022638,9.158583,9.381345,9.912788,10.189781,10.498465,10.093778,9.757945,10.060615,10.242199,9.963321,10.059885,10.087909,10.300285,10.078793
"KRTAP5-9",6.99459,6.97767,7.072991,7.72955,7.114684,6.873391,7.143612,7.53936,7.143703,7.962434,7.870403,7.507976,7.181851,7.539056,7.566432,7.189726,7.540188,7.491361,7.449837,7.407325,7.207235
"KRTAP5-10",8.626216,8.126983,8.571061,9.570514,8.22402,8.559001,8.650181,9.083862,8.616593,8.984978,9.274581,8.993467,8.560143,8.708521,8.941387,8.609833,9.134678,9.035021,8.927347,8.624481,8.578069
"FOLR3",7.587479,7.331894,8.107059,6.74721,7.286931,6.908949,7.521421,7.725205,7.46476,9.132524,8.206062,8.858687,9.185521,7.360886,7.063561,7.691201,7.392435,9.126803,10.275855,9.097759,7.575332
"RPS3",12.181803,11.950514,11.686107,12.080568,11.680982,11.778791,11.818821,11.58646,11.558309,11.640526,11.12594,11.0645,11.684213,12.474054,11.614058,11.987287,11.582239,11.575267,11.75608,12.017948,11.42027
"SNORD15A",7.585634,7.087247,7.639966,7.498312,7.314168,7.887121,7.227465,7.080812,7.622463,6.954878,6.79514,6.782529,7.063461,7.333508,7.062459,7.009793,6.892461,7.104546,7.033863,7.114374,6.875349
"SNORD15B",9.719098,8.386693,8.28161,8.721972,7.982659,8.438021,8.464214,8.868447,7.155654,7.116378,7.14139,7.26509,7.204483,8.144308,7.346763,7.251823,7.201447,7.478926,7.4235,7.396787,7.112385
"ACER3",7.323791,7.844732,7.45305,6.735234,7.282312,7.356342,7.095557,6.927697,7.404661,7.567514,7.366577,7.659772,8.195346,7.614817,7.552778,7.8459,7.369021,7.537867,7.807271,7.801262,7.916749
"RPS28",12.568652,12.627781,12.842968,12.779165,12.840486,12.545399,12.914246,13.229683,12.29674,13.304093,13.562701,13.54081,13.474152,13.246619,13.584303,13.436825,13.5529,13.545884,13.336809,13.326852,13.292765
"TMEM126B",7.053979,7.081196,6.708738,6.815477,6.917249,7.473667,7.277992,6.501455,6.991579,6.899162,6.482065,6.523305,6.910083,7.511301,6.833708,6.801954,6.526475,6.572724,6.777144,6.889744,6.980378
"TMEM126A",5.965159,6.371787,5.807026,5.797582,5.604043,6.481543,5.897344,5.75287,5.717079,6.122952,5.768013,5.530482,6.252612,6.476678,6.109491,6.187009,5.695971,5.808025,6.051334,6.013428,5.894895
"PRSS23",6.081316,6.366955,5.863875,6.006275,6.107318,6.135693,6.442894,6.156182,6.605585,5.550319,5.565369,5.732751,5.765243,5.783226,5.999495,5.546994,5.766992,5.457655,5.347191,5.636345,6.04273
"SCARNA9",8.147678,7.800573,8.027028,7.433098,7.418569,7.563393,8.015348,7.311511,6.948947,6.668218,6.016144,6.202238,6.484555,7.636259,6.095859,6.399801,5.864316,6.645656,6.107682,6.951123,6.279452
"C11orf54",8.780144,8.618838,8.573388,8.485571,8.533511,9.171112,8.702147,7.887553,8.587542,7.605333,7.584614,7.573167,8.21346,8.130821,7.779651,8.208453,7.673841,7.452729,7.770193,8.384303,8.384792
"MED17",8.354108,8.614005,8.720923,8.52358,8.641296,8.893807,8.52198,8.080037,8.703447,7.707205,7.235581,7.504535,7.730716,7.845797,7.632822,7.851476,7.597129,7.342394,7.63254,7.780007,7.807184
"ANKRD49",7.38411,7.990689,7.456352,7.475915,7.663792,8.240045,7.34186,7.188696,7.166611,7.889947,7.477354,7.424658,8.497145,9.014925,7.904638,8.365791,7.661445,7.613481,8.128095,8.12465,8.296645
"SRSF8",8.641566,8.785764,8.712198,8.845623,8.707837,8.711823,8.402172,8.283137,8.509502,9.290253,8.87548,8.962319,9.557115,9.68947,9.29366,9.379416,9.222517,9.176675,9.407908,9.499305,9.454181
"ENDOD1",7.647494,8.300644,8.17299,7.820899,7.981307,7.919268,7.922136,7.716941,7.870784,7.069866,6.827303,7.254837,7.252728,6.802716,7.161207,7.256708,7.009132,7.045165,6.833975,7.393283,7.252797
"CEP57",7.724586,7.971819,7.413848,7.777001,8.073033,8.611168,7.683955,7.244495,7.59273,7.691131,7.361318,7.144889,8.183809,8.695273,7.40281,7.863527,7.481844,7.372147,7.672791,7.631676,7.80549
"JRKL",6.772735,6.990274,6.909073,7.116788,7.370229,7.575291,7.040308,6.718427,6.547196,6.469179,6.504347,6.591387,6.907143,7.146223,6.368401,6.799969,6.602797,6.634255,6.874708,6.861842,6.685612
"BIRC3",9.130514,9.859195,9.794765,9.975552,10.192834,10.481602,9.665332,9.222377,9.065201,9.022385,7.894382,8.387184,8.920327,9.638287,8.543818,9.064007,8.563639,8.587979,9.088275,8.931204,9.019495
"BIRC2",9.256701,9.956639,9.407454,9.06488,9.908604,10.253991,9.491358,8.784193,9.408696,8.302053,8.385779,8.243297,8.843111,9.123359,8.339726,8.756393,8.397343,8.169527,8.341745,8.718945,8.91785
"CUL5",7.428686,8.034143,7.870127,7.894394,8.146518,8.409408,7.959428,6.972536,7.694474,6.988498,6.681964,6.877648,7.170277,7.404269,6.912335,7.343366,6.872828,6.763835,7.124506,7.461185,7.44331
"ACAT1",7.01053,6.821403,6.439109,6.646983,6.627781,7.355895,6.81292,6.339127,6.362984,6.096868,5.825169,5.697385,6.844049,6.822052,6.653368,6.518809,5.998132,6.078079,6.518198,6.321048,6.463298
"ATM",10.917378,10.986516,11.331231,11.160178,11.182901,11.617118,11.344382,10.546834,11.031885,10.318083,9.852676,9.654383,10.032637,10.711033,10.239836,10.251112,10.334471,10.153384,10.199869,10.544681,10.648606
"MIR34B",5.590716,4.947844,5.765942,6.152522,4.83231,5.422266,5.817157,6.281648,5.363291,6.115279,6.103492,5.919063,5.382066,5.510853,5.802769,5.660864,5.681373,5.626272,6.03239,5.412128,5.53466
"PTS",7.202931,7.351725,6.930447,7.105324,7.203123,7.759216,7.066333,6.358317,7.142832,6.538935,6.54056,6.558993,6.510085,6.771107,6.379328,6.634609,6.327991,6.054343,6.520404,6.785279,6.802331
"RBM7",6.958973,7.094538,6.91167,6.965219,7.417272,7.220048,6.609312,5.860544,6.977648,7.508528,7.36558,7.474785,7.814351,7.625618,7.466604,7.690701,7.382056,7.30061,7.636483,7.764032,7.282612
"REXO2",7.630529,8.283229,8.035224,7.939005,8.264256,8.3253,7.900261,7.167333,7.744711,7.406004,6.647603,7.052632,7.737561,8.043033,7.371193,7.629932,7.426247,7.247328,7.675607,7.493016,7.604905
"APOC3",6.219605,6.33051,6.358509,6.569905,7.005133,6.643025,5.69921,6.14982,6.649042,6.501718,7.30449,6.71056,5.415941,5.291532,4.341147,6.765238,7.266626,6.362714,6.488087,5.877679,6.14899
"SIDT2",8.016846,9.300045,8.785965,8.316981,8.866649,7.802873,9.285279,8.809364,8.384236,9.207991,9.208365,10.08341,9.355303,9.091809,9.348222,9.607101,9.679971,9.071802,9.359637,9.507128,9.440048
"IL10RA",9.964637,10.19243,10.001046,9.550288,9.806003,9.800417,9.698225,9.693702,10.477109,10.676765,10.521049,11.013619,10.961482,10.681041,10.992832,10.579038,10.480044,10.632893,10.752515,10.806083,10.868089
"CD3E",9.823274,10.259232,10.638436,10.517563,10.232486,10.26147,10.096441,10.072885,10.047473,11.153041,10.576991,10.466425,10.902653,11.166471,10.899985,10.830209,10.992194,10.806111,10.814102,10.407224,11.199602
"CD3G",10.287775,10.603053,10.714778,10.897251,10.574992,10.738998,10.656272,10.006826,10.203069,11.092373,10.219267,10.428267,11.128995,11.433125,11.008206,10.999684,11.157971,10.843592,10.917303,10.570519,10.927075
"ATP5MG",10.255213,10.140154,9.575449,10.022058,9.908582,10.084517,9.688918,9.568571,9.554999,9.167053,8.758803,8.821547,9.536832,10.147343,9.295733,9.334659,8.956737,9.144621,9.064111,9.321035,9.000773
"CXCR5",6.834379,7.786775,7.573972,7.39066,7.304122,7.080985,7.890134,7.129422,7.117102,8.637351,8.096757,8.845426,8.5411,8.687261,8.335585,8.813822,8.803259,8.537993,8.739677,8.782365,8.783517
"TRAPPC4",8.360459,8.462133,8.290282,8.462294,8.191328,8.369006,7.899967,7.82457,7.917317,8.099347,7.690342,7.872718,8.255175,8.294683,8.165401,8.270591,7.876266,7.61166,8.072426,8.16362,7.881259
"HMBS",7.252928,7.478838,7.311532,7.470342,7.342792,7.124385,7.436723,7.616887,7.136825,8.142409,8.155673,8.049514,8.837439,8.130357,8.184775,8.533208,7.924585,8.32541,8.40125,8.308761,8.023695
"HINFP",7.535464,8.046354,7.731193,7.746935,7.644097,7.699401,7.717707,7.288302,7.873062,8.446769,8.310047,8.42769,8.516375,8.604795,8.4134,8.55767,8.308646,8.459925,8.324484,8.499767,8.550216
"CBL",9.586644,9.772179,9.838788,9.252601,9.635123,9.955736,9.538826,9.759299,10.171755,9.845046,10.225347,10.129349,9.451465,9.545796,9.880855,9.924309,9.896677,9.818607,9.96356,9.973623,9.93379
"RNF26",7.605301,7.9329,7.626405,7.868872,7.767354,7.524505,7.975873,7.940173,7.907009,8.791973,8.583554,8.456136,8.864753,8.689987,8.842022,8.777468,8.660481,8.718296,8.548596,8.47779,8.800519
"ARHGEF12",6.861887,7.560016,7.469027,6.909788,8.040404,7.515539,7.385986,6.766621,7.603971,6.849583,7.382404,6.834439,7.316202,6.633526,7.230142,7.193336,6.869663,6.787855,7.072278,6.948016,7.265649
"TBCEL",8.408568,9.665661,8.995653,8.841364,9.911087,9.341232,9.438297,8.112335,9.223495,8.211091,8.147273,7.982071,8.828267,8.885091,8.2758,8.691894,8.115942,8.107481,8.327928,8.572949,9.071041
"SC5D",6.324703,7.259117,7.199845,6.727957,7.230411,7.561091,6.716262,6.285734,6.796371,7.640918,6.850637,6.807164,7.660935,8.073712,7.135569,7.588769,7.537517,7.190609,7.599928,7.422298,7.631177
"SORL1",11.403051,10.823965,11.47733,10.549142,11.239754,11.722526,11.033776,11.593134,12.025841,10.972799,11.790769,11.410656,10.838632,10.586603,11.18881,11.295103,11.030639,11.051677,11.072294,11.300593,11.203747
"CRTAM",6.851931,6.594223,6.978979,6.472057,7.208843,7.50369,6.816457,6.325898,6.524015,6.692624,6.304111,6.45016,7.047277,7.789342,6.923324,7.300598,6.819767,6.632477,6.805709,7.145166,6.573506
"OR8A1",5.415786,4.763747,5.184195,6.06777,5.402756,5.575015,5.921425,5.801021,5.668901,6.564839,6.423968,6.323049,5.593799,5.896081,6.113571,5.62318,6.125724,5.876281,5.953119,5.614074,5.62848
"TBRG1",9.340722,9.523628,9.667156,9.433515,9.466007,9.662563,9.54032,8.869366,9.678357,10.108923,9.794919,9.96858,10.088098,10.347129,10.132442,10.042124,10.010253,9.88616,10.003927,10.091241,10.203075
"NRGN",9.256578,9.247201,9.977999,9.192995,9.458422,9.408466,8.66682,9.172629,9.729537,9.772312,9.821109,9.411205,9.673129,8.569389,9.643151,9.539205,9.343349,9.501613,9.690007,9.419982,9.894995
"EI24",8.140056,8.43776,8.389521,8.279827,8.348281,8.445297,8.012303,7.756022,8.257232,8.759568,8.146553,8.471102,8.773561,8.960782,8.642434,8.660994,8.684416,8.599364,8.877903,8.823534,8.67421
"HYLS1",4.945623,4.953419,4.491722,4.628142,4.343828,4.744994,4.711206,3.907603,4.13448,4.477872,4.317789,4.384355,4.889262,5.084638,4.676338,4.77815,4.203333,4.398278,4.551232,4.789038,4.128455
"TMEM45B",7.892901,7.748223,7.507621,7.22608,7.232276,8.055611,7.498994,7.681143,7.652933,7.973939,8.554242,7.772832,8.040146,7.220757,7.441867,8.952695,7.771616,7.40669,7.588821,7.884526,8.037551
"APLP2",10.5016,10.665752,10.489462,9.861644,10.522036,10.56638,10.138904,10.563827,11.232933,9.677858,10.374292,10.55162,10.062065,9.634169,10.157627,10.063108,9.896555,10.175017,10.296359,10.227402,10.219896
"ST14",6.893933,7.427738,6.642543,6.899651,6.699425,6.24489,6.932773,7.281622,6.99705,7.217788,7.563749,7.745109,7.385442,7.196716,7.241436,6.985963,7.589691,7.490886,7.637106,7.381819,7.393045
"IFITM3",8.440146,10.021077,7.617253,8.220674,8.354293,9.129343,8.849333,7.934794,8.474872,9.318,9.067859,10.901299,10.097351,9.27583,9.404455,8.878731,9.701482,9.475812,9.618394,9.189823,9.979753
"SIGIRR",8.617486,8.677864,8.747439,8.40479,8.523896,8.307421,8.867265,8.729396,8.588338,9.432497,9.336883,9.394716,9.942839,9.807129,9.770176,9.662763,9.669099,9.454028,9.497208,9.494363,9.439776
"POLR2L",8.730837,8.472982,8.578077,8.7457,8.539601,8.242065,8.746923,9.019174,8.546603,9.678818,9.72658,9.670248,9.590703,9.760388,9.707992,9.629981,9.719745,9.815393,9.773389,9.587171,9.379264
"KRTAP5-1",9.059067,8.748604,9.350639,9.969902,8.848555,9.026922,9.325089,9.57992,9.236455,9.628242,9.562145,9.51597,9.103965,9.191993,9.549677,9.309376,9.480468,9.56318,9.431922,9.236599,9.076949
"KRTAP5-2",7.945179,7.723947,8.123092,9.105927,8.056365,7.834188,8.152557,8.858615,8.173534,8.98995,8.966801,8.659676,8.190562,8.543539,8.691764,8.302663,8.615253,8.649638,8.553743,8.373921,8.007264
"KRTAP5-3",8.958511,8.458823,8.88461,9.544035,8.618374,8.584614,8.868042,9.407493,8.844281,9.279159,9.22946,9.208136,8.894603,9.015188,9.183803,8.966916,9.273908,9.303348,8.968865,9.009381,8.958257
"KRTAP5-4",7.206167,6.553567,7.193084,8.016448,6.886647,6.975951,7.392049,7.937529,7.069438,7.99804,7.820093,7.534602,6.764696,7.246467,7.74868,7.206293,7.764143,7.270848,7.455771,7.05649,7.015301
"CTSD",9.627516,10.159533,9.613299,9.17969,9.715201,9.333551,9.795035,10.134238,10.12625,10.778253,11.716169,11.339757,11.142267,10.624323,10.990563,11.271068,10.949418,10.974918,11.101864,10.966633,11.28892
"SNORA54",8.04804,7.948393,8.287081,7.845159,7.968031,8.12989,8.277296,7.859562,7.553432,8.270456,8.126348,8.041977,7.831294,8.384308,8.433659,8.397397,7.855037,8.217003,8.119089,8.36724,8.33861
"RHOG",10.074868,10.420384,10.236384,9.845871,10.259357,9.93458,10.179133,10.543469,10.496101,10.919984,11.317358,11.037902,11.036174,10.620366,11.014733,11.122441,10.822832,10.723302,10.928157,10.925983,11.053978
"TRIM21",8.241985,9.042316,8.317918,7.781541,8.963358,8.707447,8.369865,8.303743,8.963225,8.433593,9.277395,9.947134,9.230925,8.915867,9.053614,8.928029,8.831024,8.669408,8.840582,8.549496,9.242154
"OR51G2",5.851909,5.693336,5.353836,6.202895,5.288338,5.915404,5.404115,5.696084,5.913299,6.284232,6.350828,6.063877,5.542816,5.742845,5.928064,5.178267,5.736563,5.827812,5.773465,5.313433,5.390453
"OR51G1",5.598784,5.063005,5.543428,5.431991,5.239818,5.092129,5.649791,5.713247,5.089704,5.981599,6.41838,5.533578,5.126176,5.682244,5.697267,5.425319,5.608361,5.864256,5.575831,5.451353,5.419164
"OR51A4",5.222136,5.592705,5.200387,5.955075,5.072798,5.184158,5.296136,5.895354,5.666904,6.227695,6.085197,5.653503,5.256449,5.486099,5.337134,5.339553,5.224166,5.246585,5.044537,5.275432,5.400837
"OR52E2",5.168258,4.955453,5.380014,5.71125,5.534306,5.297401,5.424823,5.589699,5.376395,5.271175,5.57169,5.327618,4.694612,5.025958,4.884266,4.942259,5.155226,5.013687,5.050893,4.958651,5.030829
"OR52A5",4.979971,4.351642,4.908459,5.511372,4.652142,4.766596,4.866697,4.715965,4.724659,4.694217,5.354455,5.13801,4.274026,5.245211,5.103636,4.492702,5.075058,4.943958,4.763536,4.639773,4.432053
"OR51V1",5.775059,5.384286,6.055798,6.311257,5.771122,5.518171,5.790842,6.381894,5.760152,6.445549,6.465595,6.24546,5.709228,6.299057,5.881905,5.742732,6.171517,6.125356,6.024211,5.670207,5.714807
"OR51B4",4.962912,4.709108,4.984931,5.585368,5.273338,5.029619,4.795282,5.594858,4.860756,5.866516,5.397569,5.249412,5.054835,5.384164,5.404344,5.156274,5.321372,5.326879,5.178556,5.012362,4.865007
"TRIM5",8.099496,8.595797,8.234155,8.063555,8.586718,8.29842,8.073738,7.435154,8.161197,7.932058,7.972218,9.534879,8.317482,8.141274,8.115908,8.118929,8.255549,8.055912,8.232249,8.275208,8.403964
"TPP1",8.391607,9.617694,9.244976,8.491064,8.991337,9.137578,8.802402,8.945128,9.615352,9.637182,10.010908,10.204058,9.647934,9.129906,9.833515,9.611972,9.667856,9.795665,9.726864,9.565957,9.801725
"MRPL17",7.85451,7.795718,7.908868,7.877994,7.50971,7.611727,7.689655,8.207285,7.483011,8.734729,8.465535,8.568059,8.838195,8.743052,8.589437,8.542454,8.801971,8.712951,8.62963,8.775951,8.407007
"GVINP1",8.705491,9.147378,9.243334,9.207689,9.531508,9.340425,9.235047,8.4323,9.056056,9.140257,8.832036,8.89034,9.470025,9.600327,9.111958,9.103048,9.356551,8.981813,9.103419,9.120222,9.747069
"OR2D2",5.954208,5.913352,5.885162,6.791479,5.35912,5.991346,5.714516,6.155218,5.471815,6.198909,6.05242,5.863265,5.308338,6.027015,6.040552,5.353659,6.039802,6.180265,5.446329,5.331156,5.72239
"TMEM9B",7.918646,8.325373,7.984734,7.989892,8.1133,8.145613,8.066241,7.545054,8.057608,9.046862,8.848563,8.788672,9.488205,9.320916,9.227123,9.282977,9.041278,8.896663,9.171813,9.307049,9.173906
"RNF141",8.531492,8.391726,8.485563,8.294609,8.502289,8.849647,8.526961,8.522464,8.815686,8.018369,8.441764,7.774752,8.485405,8.388555,8.206023,8.591882,8.238774,7.94896,8.241238,8.514708,8.373233
"ZBED5",8.95875,9.390133,9.109929,9.220922,9.445799,9.652105,9.564263,9.145804,8.94461,9.028192,8.537547,8.611352,9.428094,9.888962,8.990146,8.936479,9.15923,8.815413,8.875339,9.16747,9.214661
"COPB1",9.427764,9.959141,9.696495,9.676668,9.925433,10.098414,9.868901,9.333645,9.74182,8.878018,8.595929,8.459213,9.137573,9.269352,8.757401,8.977104,8.771634,8.630191,9.014438,9.111612,9.168501
"CYP2R1",7.950501,8.732183,8.502998,8.524485,9.391961,8.767013,8.448969,8.135101,8.407257,7.985187,7.524453,7.534741,8.09144,8.640306,8.047499,8.205405,7.686818,7.684655,8.059442,8.056292,8.353935
"RPS13",11.05619,10.360331,10.224122,10.576871,10.496872,10.37655,10.265993,10.203355,9.445532,11.111796,10.730869,10.481901,11.568139,12.136138,11.185019,11.554333,11.23264,11.687739,11.451442,11.525899,11.166123
"PIK3C2A",8.338974,8.804111,8.438968,8.150264,8.573022,8.930346,8.364679,7.670012,8.434609,8.478987,8.350493,8.55975,8.736955,8.904347,8.597192,8.722359,8.407139,8.333727,8.71064,8.688239,9.02469
"SPTY2D1",6.9457,7.547407,7.297268,6.702333,7.143009,7.541351,6.914083,6.798813,7.656596,6.208381,6.582031,6.471173,6.606904,6.63303,6.300003,6.45017,6.547077,6.515793,6.637985,6.776895,6.652916
"MRGPRX1",5.826078,5.641589,5.852259,6.276077,5.330708,5.377725,5.69921,6.014178,5.823949,6.156056,6.275273,6.235096,5.610131,6.133503,6.291355,5.495848,6.076485,5.705467,5.776863,5.82385,5.564936
"FANCF",7.182878,7.477948,7.546067,7.828877,7.958867,8.118072,7.670134,7.104417,7.286003,7.267032,6.805433,6.453027,7.577684,7.792286,7.056685,7.392872,7.225501,6.799828,7.276207,7.45365,7.482415
"SVIP",7.065507,7.271918,7.149625,7.409767,7.532998,7.482263,7.387424,7.146031,6.975923,7.642711,7.373877,6.455895,8.153293,8.479737,7.560629,8.023382,7.419649,7.254868,7.482086,7.806575,7.949783
"LIN7C",7.392656,7.912157,7.631411,7.803495,7.879988,8.168447,7.593043,6.875875,7.2156,7.935351,7.534917,7.408367,8.355082,8.395357,7.548167,8.273181,8.040314,7.358074,7.997519,8.179985,8.093145
"HSP90AA2P",6.678753,6.026091,5.72876,6.191545,5.894587,6.54928,5.944202,5.835803,5.39559,6.298215,5.337752,5.668321,6.899601,6.901794,6.091075,6.232395,5.941369,5.528334,6.276219,5.972015,5.633839
"IMMP1L",6.692226,7.163901,6.502141,6.375647,6.682633,6.344791,7.251796,5.918592,6.740666,6.108633,5.703334,5.730953,6.096002,6.411242,5.879276,5.818791,5.751721,5.905426,6.272901,6.230625,6.410056
"CSTF3",7.161637,7.603849,7.372645,7.287839,7.572747,7.778292,7.342486,6.596027,6.999391,6.832813,6.367885,6.609646,7.033042,7.147057,6.81348,6.892432,6.537002,6.566756,6.915669,7.012528,6.849279
"FBXO3",8.303559,8.572059,8.539708,8.700874,8.667522,8.85671,8.254276,7.641492,8.447714,8.469627,7.924123,8.12154,8.513366,8.850654,8.251661,8.327902,8.151792,8.289875,8.618128,8.911614,8.67751
"ELF5",5.910576,5.445434,5.702888,6.544963,5.804458,5.778528,5.93257,5.982649,5.789774,6.220804,6.520633,6.159956,5.711524,5.934644,6.137276,5.768405,6.196311,6.323397,6.113664,5.966569,5.602838
"PHF21A",9.183263,9.634212,9.566969,8.907023,9.580329,9.846225,9.145491,9.660406,9.975029,10.077729,10.651029,10.195757,9.950353,9.751682,10.071368,9.888725,9.885356,9.701772,9.916993,9.851074,9.984367
"AMBRA1",7.579203,7.825092,7.963543,7.713812,7.858816,7.825923,7.917444,7.791993,7.958639,8.295808,8.505062,8.634286,8.185635,8.369708,8.541748,8.351608,8.345691,8.353057,8.209755,8.185851,8.322662
"RPS10P19",5.333087,5.09764,4.564329,4.57325,4.793496,5.142115,4.729124,4.371651,4.381291,5.578508,4.737501,5.10429,4.913074,5.220162,5.238339,6.078182,5.487443,5.054873,5.663612,5.123227,5.198664
"ARHGAP1",8.317398,9.093079,9.04991,8.473863,8.890694,8.813787,8.880666,8.770443,9.351859,9.782605,10.182208,10.182569,9.899049,9.795571,10.035282,10.043952,9.789819,9.985063,9.971998,9.707893,10.072582
"CKAP5",7.449339,8.267223,8.070565,7.716034,7.804905,8.42492,7.897532,7.436394,8.067615,7.24858,7.134812,7.40148,7.206128,7.281253,7.463473,7.465095,7.158255,7.202097,7.261874,7.590581,7.654733
"ACP2",7.423386,7.755588,7.579251,7.338436,7.612177,6.976841,7.673794,7.474081,7.50709,8.07797,7.976174,8.664124,8.45778,7.991397,8.198107,7.91075,8.081966,8.225944,8.199751,8.065807,8.108713
"SPI1",9.376998,9.719074,9.43575,8.82427,9.442434,9.263032,9.183784,9.639882,9.633205,9.490379,10.579462,10.195757,9.952267,9.192119,9.871093,10.012709,9.537301,9.569881,9.570578,9.673766,9.881485
"FNBP4",8.909308,9.115659,9.414769,9.357245,9.061227,9.527609,9.303761,8.622334,9.282332,9.688267,9.314363,9.601653,9.455071,9.720814,9.732975,9.808352,9.683815,9.551171,9.679819,9.936427,9.666356
"NUP160",8.439634,8.947506,8.937014,8.618469,8.855747,9.072657,8.622296,8.132632,8.799831,8.22935,7.823035,8.244077,7.855917,8.133463,8.12129,8.204623,8.00426,7.862982,8.10745,8.398915,8.321468
"OR4C45",3.993433,3.820661,3.879195,4.491186,3.797554,3.618681,4.026755,4.389181,4.062029,4.482154,4.533196,4.297186,3.85429,4.389508,4.610531,4.066178,3.861239,4.477426,4.213274,3.939731,3.709521
"OR5I1",6.068674,5.696532,5.835084,6.606469,5.76741,5.685361,5.584933,5.802398,5.883763,6.760731,6.578864,6.373131,5.644364,6.039849,6.112294,5.564399,6.320119,6.34435,5.877807,5.968391,5.99207
"OR8U3",5.71761,5.194705,5.545947,6.440299,5.593026,5.601391,5.69641,6.03441,5.625394,6.523306,6.486347,5.858218,5.640452,5.982291,5.529713,5.479159,6.012727,6.029773,5.685432,5.569897,5.786403
"OR5M3",5.363784,5.446923,5.058676,5.639515,5.401161,5.478254,5.016931,5.399296,4.925317,6.136237,5.805196,5.530689,4.709136,5.781176,5.59227,4.80539,5.759693,5.339518,5.406571,4.924428,5.234199
"OR5M10",6.115561,4.922446,5.080452,5.848924,5.264707,5.422336,4.913973,5.709909,5.376592,6.273347,5.997902,5.952227,5.130869,5.674431,5.920617,5.434818,5.757642,5.794462,5.880826,5.099181,5.495103
"OR5AP2",5.37606,4.793799,4.956203,5.406314,4.509396,4.7373,4.886134,5.067605,5.168122,5.248681,5.58718,5.022027,5.066471,4.901117,4.76584,4.838205,5.339911,5.209529,5.009564,4.904698,4.738664
"UBE2L6",8.669957,9.027606,8.75903,8.464955,8.856351,8.685114,9.290806,8.811137,9.120729,8.265035,8.64157,9.966554,9.037614,8.712194,8.964269,8.717159,8.571838,9.068874,8.507199,8.605068,8.907187
"OR1S2",4.125713,4.268914,4.219494,4.577689,4.648578,4.20588,4.55143,4.676402,4.284383,5.130942,5.197161,4.885244,4.651163,4.981638,4.525988,4.453103,4.421097,5.027012,4.508114,4.440026,4.404626
"OR5B21",6.29303,6.253677,5.906274,6.108403,5.945588,6.82862,6.47128,6.66756,6.666794,6.773906,6.959767,6.932696,6.459629,6.984194,6.851643,6.602707,6.461034,6.556976,6.689518,6.630695,6.79464
"LPXN",9.236626,9.733483,9.681295,9.355913,9.337813,9.417261,9.424795,8.868294,9.702382,10.309728,10.036945,10.323846,10.453466,10.338858,10.494447,10.438347,10.350618,10.487121,10.422366,10.518315,10.606159
"MPEG1",10.998627,11.103204,10.674184,10.177856,11.110282,10.990932,10.806207,10.502353,11.419998,10.943166,11.491781,11.735454,11.487677,11.206036,11.441199,11.520678,11.233422,11.245321,11.583482,11.660825,11.577742
"OR5A2",5.67529,5.304716,5.992476,6.66037,5.245579,5.6007,5.528948,6.292774,5.657814,5.953796,5.700717,5.818297,5.355147,5.783448,5.618446,5.531194,5.6359,6.046706,5.535268,5.090278,5.462958
"PATL1",9.333092,9.668027,9.614988,9.105769,9.535392,9.777114,9.35482,9.309716,9.918711,9.778129,10.254665,10.838241,9.875809,9.898016,10.132373,9.926951,9.946978,9.823599,9.828846,9.75081,9.949098
"TCN1",5.953435,6.500876,6.506359,6.25385,6.088748,6.073444,5.638939,6.134052,5.571074,6.502321,7.224796,7.079014,6.910566,6.662247,6.401288,7.461471,6.017417,6.644735,6.992729,6.242703,6.964956
"MS4A6A",9.580428,9.513126,8.866592,8.837351,9.362081,9.153592,8.633884,8.990728,9.469232,9.160216,9.240715,9.807311,9.806446,9.415635,9.598809,9.044199,8.759788,9.296931,9.672575,9.604464,9.068259
"FTH1",10.190622,10.145191,9.96328,9.413967,10.037026,10.127415,10.134886,10.245756,10.216272,10.421342,10.946446,10.808023,10.766744,10.53668,10.515426,10.973979,10.756345,10.736026,10.582692,10.812865,10.738768
"AHNAK",10.378279,10.494287,10.357953,10.424372,10.334006,10.536518,10.473068,10.387752,10.868571,9.41524,9.33743,9.771539,9.931701,9.535457,9.800819,9.690912,9.532084,9.879481,9.880557,9.856172,9.724429
"B3GAT3",6.992845,7.725502,7.085833,6.256543,6.813111,6.821395,6.007534,7.211074,6.840356,7.274569,7.368989,7.709931,7.782836,7.631027,7.602672,7.824075,7.685021,7.528507,7.846477,8.014253,7.859743
"GANAB",8.528631,9.435069,9.390168,9.030765,9.013458,9.246021,9.014126,8.740168,9.343323,9.71339,9.414273,9.818,9.355236,9.520292,9.629108,9.543516,9.594452,9.384562,9.631864,9.618572,9.757796
"TMEM223",7.949397,7.853329,7.929491,7.897394,7.923671,7.658372,8.299213,7.984926,7.852665,8.761146,8.265408,8.465165,8.83279,9.013458,8.677495,8.658492,8.686133,8.573963,8.744256,8.8351,8.671891
"WDR74",7.969886,8.32368,8.068139,7.977338,8.02124,7.974423,8.288672,7.667808,8.054545,8.758281,8.333373,8.72233,8.889913,9.048933,8.93915,8.865644,8.738249,8.621683,8.92552,8.948798,8.85992
"SNORD30",7.773031,8.297638,8.263097,7.974145,7.641105,8.698404,7.878436,7.211883,8.229605,7.647221,7.13043,7.087442,7.053745,7.717376,7.288829,7.466838,7.038002,7.312259,7.127604,7.440552,7.056813
"SNORD28",11.102777,10.284544,9.31713,9.462866,9.534656,10.006395,9.620202,9.214727,9.189901,7.500088,6.790507,7.110057,7.155308,7.654114,7.333537,7.589676,7.197948,7.124938,7.408401,7.634693,7.534919
"MEN1",6.849684,6.746006,7.099274,6.90487,7.03229,7.10506,6.936657,7.034476,7.022652,7.649642,7.36519,7.510951,7.591673,7.657025,7.728338,7.420727,7.712867,7.724212,7.400834,7.483872,7.625014
"FAU",9.150468,9.158776,8.754078,8.927007,8.82715,8.804797,8.965081,8.87716,8.485788,8.680951,8.449698,8.185835,9.125153,9.312462,8.730362,9.006588,8.547544,8.671377,8.647726,8.701182,8.676984
"SYVN1",7.84299,8.291312,8.470364,8.171864,7.974998,8.007358,8.091369,8.193221,8.142893,8.97392,8.853547,9.042322,8.563965,8.863559,8.871935,8.933716,8.911031,8.728907,8.911737,8.821328,8.934525
"MAP3K11",7.957689,8.345775,8.093782,7.767321,8.121864,8.080778,7.967266,8.031595,8.367565,8.833793,9.251319,9.376238,9.189895,8.64917,9.138145,9.045053,8.990418,8.832085,8.905222,8.896786,8.949229
"CFL1",10.239137,11.210324,11.071286,10.709163,11.00488,10.84807,11.11753,10.980481,11.077263,11.917895,12.06111,12.009835,11.97935,11.713869,11.921585,11.864269,11.863142,11.840915,11.887031,11.907832,11.807925
"C11orf68",7.434361,7.372655,7.577266,7.512844,7.735575,7.210048,7.718211,7.653995,7.575075,8.051969,8.504657,8.665211,8.608053,8.641208,8.457032,8.42933,8.41626,8.150052,8.18192,8.325512,8.515506
"EIF1AD",6.954109,7.281362,7.486583,7.542311,7.344097,7.487874,7.432763,7.384168,7.519575,8.045397,7.88873,8.248144,8.281914,8.332735,8.183567,8.232226,7.981688,7.904976,8.01607,8.103924,8.197547
"YIF1A",7.654387,8.293282,7.736785,7.776088,7.925927,7.60234,8.083454,7.7151,7.691824,8.667453,8.314743,8.69777,8.964103,8.452474,8.700538,8.746301,8.476269,8.689267,8.707951,8.59283,8.631912
"MRPL11",7.995541,8.118581,7.956077,8.036646,7.831709,7.7033,8.236893,8.283618,7.996503,7.369562,7.183529,7.303076,7.354226,7.369888,7.507853,7.670403,7.419266,7.57196,7.236308,7.513033,7.292184
"ZDHHC24",8.338099,8.1617,8.564851,8.286472,8.13588,8.022953,8.294045,8.652562,8.447289,8.9731,8.821464,8.883913,8.939697,9.073345,8.899792,8.997667,9.052517,9.117668,8.854628,8.893639,8.789751
"PTPRCAP",8.91076,9.187414,8.974839,9.053846,8.820645,8.723495,9.252379,8.956506,8.590141,10.736569,10.25259,10.548766,10.811392,11.023027,10.803039,10.770429,10.605113,10.566515,10.591724,10.49759,11.086997
"PITPNM1",7.809599,7.787164,7.689722,7.623278,7.84888,7.558131,7.922329,7.864393,7.955425,8.139844,8.376039,8.455925,8.691792,8.330205,8.367187,8.520679,8.213471,8.294236,8.227312,8.539411,8.510637
"CDK2AP2",7.944286,7.987927,7.946016,7.745726,8.027181,7.613926,8.37792,8.301382,8.096114,8.702779,8.514674,9.093904,9.236263,8.633181,8.828934,8.958814,8.859136,9.010754,9.076537,8.88168,9.28604
"C11orf72",5.361861,5.001059,5.40913,5.922462,5.014909,5.318742,5.428217,5.557083,5.562092,5.897622,5.894364,5.561196,5.232375,5.70827,5.582363,5.034795,5.746054,5.673397,5.425141,5.296487,5.407256
"OR7E14P",6.721559,6.765306,6.719485,7.310286,6.762474,6.594033,6.347959,6.723998,7.328511,7.686276,7.437688,7.032455,6.405812,7.193766,7.002961,6.433325,6.926804,6.832566,7.05411,6.575147,6.453834
"UNC93B1",8.020529,8.384573,7.904848,7.540112,8.058202,7.780797,8.158043,8.179027,8.13578,8.388669,8.730106,10.11099,8.883399,8.409627,8.617398,8.921349,8.683747,8.528511,8.735743,9.069103,9.004305
"C11orf24",7.023222,7.626664,7.844527,7.426113,7.179212,7.361146,7.515458,7.324622,7.434278,8.106469,7.799205,8.17098,8.299087,8.296075,8.030413,8.208438,7.887143,7.987185,8.032502,8.2172,8.247365
"CPT1A",7.200869,9.24948,8.087074,7.646221,8.259074,8.056911,7.986459,7.785781,8.891872,7.820132,8.228541,8.001303,7.885713,7.207113,7.990336,7.858065,7.81091,7.801531,7.750102,8.312083,8.091771
"MRPL21",7.164595,7.289934,6.996486,7.008092,6.84853,7.217662,6.991458,7.160806,6.997601,7.590469,7.295706,7.702365,8.101506,8.431269,7.673081,7.660111,7.66972,7.746108,7.920589,7.842531,7.451925
"KRTAP5-11",7.870269,7.280799,7.64839,8.559503,7.830063,7.605104,7.531236,8.223511,7.871671,8.328443,8.47519,8.181158,7.666654,7.991853,8.245442,7.799065,8.225299,8.290885,8.0936,7.916147,7.824416
"LOC100133315",7.476352,7.980365,7.919878,7.936335,7.697158,7.861437,7.772768,7.315714,7.708705,8.925767,8.266192,8.758812,8.771361,9.061654,8.705579,9.196935,8.836963,8.689774,8.820143,9.163006,9.066389
"UCP2",9.816131,10.767995,10.845019,10.918678,10.726911,10.454676,10.592417,10.504609,10.65688,11.714528,11.341282,11.448569,11.633783,11.40822,11.585479,11.418805,11.612234,11.4024,11.570353,11.525397,11.771036
"PGM2L1",7.096422,7.757581,7.887325,7.440429,7.767466,7.976168,7.6007,7.037467,7.468788,6.93601,6.649111,6.733534,7.088649,7.184337,7.065547,7.304384,6.845614,6.867103,6.959775,7.230673,7.245012
"KCNE3",7.895124,7.779516,7.334693,7.004309,7.594752,7.708623,7.364882,7.139258,7.760737,6.527392,7.927698,7.481741,7.991244,6.953937,7.136708,7.497478,6.80949,6.965352,7.004985,7.541268,7.133937
"XRRA1",6.633117,7.897611,7.235758,7.451519,7.838171,6.99336,6.788713,7.366401,7.121269,6.828957,7.577034,6.648843,6.929402,7.681412,6.953638,7.016427,8.055653,6.900549,6.891378,6.902501,7.846961
"OR2AT4",6.868003,6.239252,6.63734,7.034956,6.158535,6.302094,6.717495,6.999971,6.64406,7.394127,7.180747,6.903139,6.649359,6.813978,7.135444,6.950319,7.262272,7.179549,6.973436,6.931597,6.600316
"ARRB1",9.121815,9.505686,9.167475,8.47665,9.271315,8.926322,8.863027,9.058743,9.484133,9.578756,10.28954,10.352612,10.304691,9.754597,10.259362,10.288995,9.87714,10.181953,10.000658,10.435592,10.127872
"THAP12",7.96461,7.945351,7.356383,7.66691,8.151409,8.38291,7.538065,7.242466,7.543131,7.798772,7.168826,6.975426,8.124587,8.199507,7.429223,7.802844,7.398514,7.212449,7.704339,7.9103,7.648621
"PAK1",10.132944,10.281203,10.096526,9.457134,10.131624,10.315163,9.745422,10.057175,10.572313,9.141881,10.075938,10.075023,9.656029,9.154374,9.626272,9.903965,9.360244,9.457636,9.772483,9.861774,9.532412
"CLNS1A",8.044285,7.878356,7.757108,7.598825,7.613107,8.201706,7.688341,7.218733,7.678344,8.938088,8.33908,8.849948,9.133809,9.769537,8.851392,9.043561,8.987467,8.6807,8.911284,9.219181,8.805639
"RSF1",8.427204,8.479198,8.332181,8.646718,8.749374,9.285827,8.637362,8.205519,8.284648,7.319518,7.503076,7.535978,7.725359,8.13864,7.439603,7.710323,7.443108,7.224613,7.456949,7.724695,7.739199
"ALG8",7.171001,7.907709,7.609121,7.615842,7.635425,7.80602,7.5738,6.963661,7.54709,8.439692,7.632082,8.099758,8.115242,8.395113,8.286589,8.225248,8.142298,8.147544,8.483882,8.351375,8.224875
"GAB2",8.461033,8.3409,8.440476,7.748848,8.501287,8.515661,7.879017,8.883352,8.918621,8.269499,9.629028,9.508802,8.992738,8.660234,8.834812,9.167184,8.802555,8.710998,8.871905,8.836097,8.928368
"PRCP",9.029498,9.473569,9.024226,8.273441,9.277425,9.260734,8.931178,8.867115,9.312724,8.749377,9.429601,9.306239,9.347227,8.989868,9.237439,9.380096,8.958794,8.868088,9.412547,9.446317,9.206479
"RAB30",7.703289,8.496797,8.50708,7.99994,7.833416,8.597647,8.203841,7.82396,7.680209,8.667288,7.843831,8.329661,8.273043,8.851525,8.088828,8.518627,8.533931,8.350311,8.655177,8.551406,9.003406
"SNORA70E",7.079823,7.601673,8.10702,7.987581,7.8856,8.255838,7.998212,7.380921,7.605896,7.624773,7.153816,7.659267,7.067773,7.576842,7.497449,7.549162,7.532743,7.503443,7.678155,7.617769,7.455581
"CREBZF",9.315755,9.214591,9.497082,9.510383,9.31576,9.783225,9.557799,8.551084,9.504203,8.15858,7.734105,8.100591,8.119869,8.257434,7.982786,8.138697,8.164558,7.933236,7.992528,8.368566,8.391901
"CHORDC1",7.809705,7.712566,8.299061,7.865083,8.360416,8.198504,7.960908,6.887623,7.407835,7.735104,7.229958,6.474914,7.833267,8.226512,7.030475,7.783493,7.703686,6.85809,7.604513,7.968745,7.574
"SLC36A4",7.850366,7.740506,7.603794,7.405221,7.822285,7.885528,7.484956,7.276975,7.950067,6.645272,6.398602,6.405307,7.424244,7.064779,6.523743,7.059427,6.269943,6.427543,6.647775,6.990902,6.960264
"SMCO4",6.469823,7.088472,7.046136,6.581494,6.635263,6.417121,6.88501,6.659891,7.068155,7.330776,7.66419,8.202077,8.105421,7.468114,7.883023,7.890627,7.265751,7.392406,7.793942,7.820282,7.329887
"MRE11",7.358716,7.984854,7.629098,7.53182,8.077835,8.291457,7.77646,7.398359,7.761931,7.204912,7.114644,6.969734,7.147627,7.524422,7.21388,7.678985,7.270849,7.150347,7.437175,7.67065,7.554357
"CWC15",5.762634,5.738086,5.904028,5.540067,5.261342,6.548051,5.250806,5.344312,5.383431,5.927593,5.560819,5.703338,6.441348,6.713137,6.009757,6.407919,5.697451,5.711861,6.00758,6.219438,5.861766
"SESN3",9.520504,10.240578,10.223384,10.123152,10.709412,10.68612,10.607395,9.724861,9.945366,9.176754,8.727994,8.445187,9.278213,9.178534,8.852552,9.412756,9.130325,8.711,8.945092,9.367345,9.533416
"FAM76B",7.928452,8.052711,8.135534,8.111226,8.109283,8.419973,8.037127,7.718649,8.012998,7.318817,7.420159,7.171879,7.827204,7.763064,7.402293,7.517656,7.29724,7.166476,7.380499,7.48922,7.605791
"MAML2",8.546018,8.934985,9.273468,8.807489,8.932242,9.228041,8.550454,8.528125,9.099677,9.728598,9.580066,9.67396,9.206841,9.500353,9.516984,9.614271,9.537722,9.236918,9.454062,9.445478,9.750051
"CCDC82",7.238289,7.58846,7.363189,7.662266,7.935114,8.707911,7.602528,7.126355,7.398967,7.058553,6.549978,6.421149,7.628973,7.713899,7.0162,7.098441,7.004663,6.717286,6.947785,7.093903,7.112537
"MMP8",4.957068,5.951069,4.586685,4.452853,4.331009,4.795205,4.430458,4.842512,4.410132,4.883246,5.846128,4.86892,5.631106,5.686458,4.765103,4.869145,4.604027,5.042335,5.060761,4.888672,4.942241
"DCUN1D5",7.166564,7.764262,7.074486,7.420506,7.377579,7.869424,7.367361,6.933047,7.01908,6.413085,5.873853,5.980757,6.745703,6.983413,6.234953,6.551507,6.12297,6.375877,6.470716,6.444767,6.658416
"PDGFD",6.254517,6.29815,5.597655,6.118818,6.15764,6.252137,6.332525,5.870331,6.343352,6.20907,6.594112,6.305083,6.882951,6.008718,6.422626,6.137159,6.280522,6.266524,6.298177,6.482584,7.003571
"CASP4",9.678678,9.166474,8.874559,8.930557,9.39948,9.891765,8.898465,9.519861,9.457405,9.353172,9.888212,9.945857,9.644816,9.33713,9.416158,9.409217,9.30193,9.112823,9.459859,9.774709,9.101117
"CASP5",7.005658,7.352828,6.337572,5.818036,7.618762,7.994278,6.285164,7.382161,7.176303,7.477082,7.462343,7.940099,7.900522,6.939601,7.394343,6.884801,6.530497,6.646176,7.110454,7.32227,6.771826
"CASP1",9.599748,9.410385,8.687282,8.652553,9.412494,9.688623,8.440406,9.06079,9.350234,8.812848,9.619013,9.942076,10.025276,9.332583,9.591332,9.516422,9.187434,9.180537,9.65312,9.533091,9.05322
"CARD16",8.304988,8.543308,7.340486,7.433826,8.710804,8.760478,7.673488,7.708984,7.953927,8.22938,8.534478,9.027745,9.005287,8.258736,8.439111,8.168092,8.254221,8.232724,8.319336,8.579474,8.21749
"CARD17",7.135339,8.084303,6.77921,7.818074,7.584999,7.620353,6.339211,6.453679,7.340181,6.409275,6.695078,7.095317,7.116485,6.498133,6.456541,6.151871,6.286563,6.306497,6.670461,6.315681,6.557025
"MSANTD4",7.342433,7.658081,7.724284,7.884414,7.820204,8.024809,7.534752,7.24857,7.40087,6.489088,6.454608,6.595309,7.358661,7.446594,6.833739,7.044836,6.961102,6.591537,6.980221,7.027561,6.844127
"CWF19L2",7.531996,7.702796,7.730719,8.013689,7.70612,8.154975,7.586104,7.120269,7.111785,7.166417,6.963988,6.690083,7.423929,7.376976,6.919733,7.350922,7.166984,6.783631,7.052008,7.115105,7.057908
"ALKBH8",6.763497,7.068483,6.898097,7.070441,7.087972,7.137775,7.212005,6.623609,6.616141,6.519576,6.193587,6.299187,6.756407,6.914194,6.593791,6.711063,6.612746,6.374446,6.699628,6.802334,6.717016
"NPAT",9.530106,9.821907,9.878638,9.773429,9.854724,10.254027,9.999728,9.428344,9.790406,9.572043,8.988938,9.031878,9.353875,9.727957,9.356436,9.385847,9.522548,9.333416,9.497154,9.626038,9.782672
"RDX",6.700414,7.573657,7.303803,7.001755,7.013659,7.605971,7.002491,6.979668,6.86883,6.903234,6.699174,6.420706,7.035698,6.558016,6.770143,6.533107,6.251155,6.071465,6.479455,6.686687,6.503276
"POU2AF1",7.765375,7.885884,8.250206,8.19374,8.030346,7.954561,8.3469,7.98065,8.046316,8.681939,8.368196,8.622333,8.679013,8.516133,8.405688,8.304547,8.6333,8.644186,8.705983,8.487927,8.386559
"IL18",4.836844,5.203035,4.333144,4.518495,4.476442,4.524419,4.409353,4.367464,4.656453,4.089104,4.616847,4.525596,4.905704,4.309299,4.872199,4.924456,4.479714,4.572384,4.931484,5.04233,4.528367
"PLET1",5.663326,5.640243,5.698438,6.08356,5.654187,5.738719,5.14109,5.537616,5.218827,6.598829,6.563561,6.26122,5.401063,5.839625,6.325647,5.640849,6.196415,6.260373,5.739356,5.932233,5.605968
"ZW10",6.931609,7.302412,7.09498,7.14444,7.203006,7.516302,7.071968,6.79381,7.066231,6.46608,6.066885,6.280189,6.281541,6.494263,6.410518,6.416097,6.137043,6.266744,6.389367,6.383796,6.525456
"C11orf71",6.544973,6.776503,6.736384,6.875955,6.615659,6.511311,6.883137,6.569005,6.542043,7.262383,7.329092,7.081039,7.668617,8.003448,7.480301,7.471531,7.281771,7.296474,7.23941,7.526617,7.622903
"APOA4",5.683258,5.165397,6.109972,5.174149,6.029107,5.308301,5.792771,6.521169,5.482769,5.439903,5.699223,5.720047,5.207967,5.909806,5.683292,5.524896,5.538047,5.859405,6.084628,5.249422,5.704844
"APOA1",6.210036,5.197803,5.50412,5.56191,5.843735,5.359162,6.624997,6.079131,5.721917,4.540626,5.120701,5.117493,5.614791,5.015643,4.815952,5.962122,4.817138,5.061542,5.594645,5.939036,5.675941
"SIK3",8.765012,9.029254,9.150897,8.641154,8.84447,9.432417,8.68137,8.369066,9.462081,8.729095,9.40663,9.465775,8.764826,8.553963,9.057445,9.182127,9.020419,9.063873,9.141676,9.126579,9.281548
"PCSK7",8.387901,8.599658,8.503442,8.562433,8.550594,8.65603,8.569187,8.108136,8.759479,8.884758,9.044528,9.233575,9.276497,9.286663,9.255362,9.376558,9.226511,9.121736,9.233025,9.53608,9.400125
"JAML",11.863788,11.515423,11.496972,11.051871,11.68952,12.001224,11.170307,11.860052,12.013385,10.708989,11.521267,10.870445,11.154155,10.913383,11.130925,11.264302,10.934915,10.941818,11.258359,11.177734,10.988932
"MPZL3",9.795393,8.98348,9.339166,8.529189,9.385538,9.478338,9.161481,9.514363,9.841046,9.39021,10.132508,9.165016,9.701194,9.338184,9.497765,9.763245,9.412642,9.220599,9.580042,9.577765,9.611611
"MPZL2",6.507554,6.833407,6.26238,5.926182,6.791584,6.993803,6.536256,7.095015,7.187904,6.202963,7.529844,7.212768,7.613621,6.787201,6.955382,7.058023,6.661087,6.651931,7.040716,6.973277,7.209845
"CD3D",8.878323,8.993382,9.087013,9.328839,8.84961,9.079094,9.004027,8.44725,8.587415,10.035758,9.273283,9.165987,10.19243,10.818586,9.965515,10.122204,9.880756,9.902229,9.798581,10.009986,9.643871
"DPAGT1",7.101077,7.702253,7.619179,7.466988,7.405801,7.582064,7.146233,7.227617,7.496872,8.177125,7.757979,8.266043,8.224091,8.455603,7.968538,8.035367,7.988253,8.246855,8.121033,8.035249,8.092409
"MIR125B1",5.548744,5.173996,5.156002,5.226201,5.057204,5.070397,5.342589,5.50842,5.120421,4.445965,4.754628,4.841875,4.68588,4.4867,4.702541,4.558718,4.687739,4.813045,4.584338,4.456994,4.927014
"SNORD14E",7.751651,7.535844,7.871067,7.91037,8.188522,8.508424,7.662381,7.210428,7.868094,7.555598,7.039463,7.586743,7.932614,8.246095,7.806386,7.696546,7.442076,7.759162,7.870016,8.062157,8.059415
"SNORD14C",9.583707,9.391935,9.41093,9.25922,9.064665,9.290451,9.140092,8.867818,8.424476,10.647152,10.20375,10.211018,10.817045,11.122187,10.767937,10.367347,10.514607,11.124,10.64194,10.52373,10.386341
"OR8D2",5.769423,5.580793,5.685244,6.339114,5.517992,5.253469,5.41105,6.011293,5.279591,6.035819,5.971273,5.887486,5.100801,5.822061,5.706525,5.566824,6.131464,5.902166,5.859652,5.211726,5.565698
"OR8B8",6.437358,5.58574,6.365817,6.683043,6.1911,6.188417,6.069925,6.440309,6.172264,6.911922,6.859058,6.265889,5.636979,6.437183,6.12229,6.082325,6.180423,6.46256,6.247653,5.62998,5.732995
"ETS1",10.801962,11.323223,11.742805,11.514782,11.150449,11.530013,11.337267,11.035194,11.389249,10.753209,10.267615,10.395979,10.373244,10.864914,10.522752,10.642281,10.707196,10.496037,10.694661,10.712546,10.788664
"LOC399975",4.67791,5.645592,4.160063,4.805256,4.963616,5.853679,5.458347,4.446699,5.857629,5.475801,4.283876,4.871156,5.064861,4.957461,4.639586,5.095299,5.339212,4.714336,5.248291,4.983991,5.119822
"IGSF9B",7.654675,7.330632,7.186053,8.069637,6.819899,7.868191,7.582375,8.076276,7.756326,5.596565,7.117046,6.412516,7.058744,6.937204,7.193172,7.23213,7.093686,7.131605,6.733048,6.840109,7.138118
"NINJ2-AS1",7.284925,7.198035,6.712687,6.9052,7.036359,6.965255,6.840383,6.881303,6.792625,7.228499,8.008088,7.660903,7.856645,7.529106,8.051658,7.846311,7.183961,7.46973,7.423621,7.838537,7.556248
"RHNO1",7.631517,7.860649,7.567178,7.515689,7.504162,7.423022,7.320989,7.673627,7.340784,8.387386,8.11141,8.442677,8.738302,8.543406,8.612442,8.382416,8.39768,8.574173,8.417483,8.124007,8.398223
"TULP3",6.021887,6.566607,6.515431,6.655529,6.130303,6.514869,6.285626,6.198917,6.431223,6.96198,6.760255,6.743411,7.157833,7.251245,7.018494,7.150683,6.811978,6.776468,7.182148,6.873376,7.327862
"TIGAR",7.360415,7.561308,7.217285,6.929298,7.297627,7.509104,7.131285,6.616682,6.980543,6.388849,6.49806,6.609804,7.534978,7.002432,7.024392,7.035412,6.477144,6.476114,6.96583,7.033136,6.742467
"CD9",8.37101,8.78525,9.354319,8.482353,8.867409,8.969465,8.516252,8.191892,8.768327,7.649786,8.238122,8.115574,7.923889,7.416321,7.829669,8.09148,7.781643,7.776189,7.632016,8.054603,8.192416
"CD27",8.847898,9.467859,9.746802,9.457743,9.3941,9.13363,9.511222,9.175296,9.128518,10.52149,9.78712,9.740475,10.523267,10.742725,10.307042,10.341974,10.290824,10.231877,10.331561,10.112468,10.45026
"TAPBPL",8.482349,8.70456,8.775298,8.479394,8.744425,8.534497,8.088912,8.401949,8.817861,8.860996,9.018178,9.334361,9.487011,9.237474,9.599012,9.116011,9.28916,9.072219,9.012302,9.198222,9.503764
"SCARNA10",9.679275,8.577982,7.376544,7.538135,7.572779,7.541076,8.039251,7.812162,6.10835,7.353991,7.252443,6.898827,8.335353,8.909905,7.805055,8.388793,6.545719,7.087972,6.851985,7.92618,6.915162
"COPS7A",7.772334,8.190761,7.871097,7.719304,7.960949,7.772337,7.852631,7.675894,8.190435,8.30622,8.747279,8.901585,8.821418,8.598188,8.789702,8.956585,8.527894,8.64739,8.739204,8.696601,8.916193
"CD4",8.275309,9.732926,9.278061,8.956233,9.496119,8.95923,8.914943,8.929071,9.686941,9.533156,9.401868,9.901878,9.723963,9.369077,9.578166,9.676518,9.47361,9.650721,9.691695,9.538929,9.763188
"GPR162",7.363572,7.017994,7.070967,7.235287,7.380712,6.826793,7.164578,7.094281,7.001292,6.990401,8.168321,7.714374,7.812159,7.249815,7.663503,7.650516,7.671043,7.949118,7.230003,7.97246,7.552583
"DSTNP2",6.211434,6.746467,6.795636,6.918304,6.883886,6.907541,6.19116,6.070096,6.802792,5.950084,5.923098,5.954306,6.337319,6.042206,6.140547,6.279574,5.68797,5.93528,6.150878,6.303309,6.27233
"C12orf57",8.901269,8.726693,8.500688,8.700426,8.303431,8.380051,8.643785,8.27778,8.168325,9.230984,8.524712,8.55419,9.519598,10.349509,9.267711,9.579537,9.043852,9.134645,9.037177,9.012102,9.110323
"MIR200C",6.012161,5.599052,6.316485,6.952363,6.040501,6.140086,5.890204,6.919328,6.166739,6.071484,6.431735,6.047559,5.745288,6.012912,6.428938,5.606795,6.105423,6.266254,5.907584,5.548003,5.875299
"EMG1",7.528366,7.647648,7.348512,7.551089,7.411119,7.195143,7.563646,6.897167,7.47021,7.272819,6.9884,7.14591,7.390018,7.679047,7.149668,7.362205,6.943219,7.280207,7.138127,7.419739,7.028157
"DPPA3",6.342845,5.446853,6.552122,3.768329,4.756418,5.451366,6.177132,6.460181,5.773537,5.316259,5.74689,5.488531,5.032525,4.902021,5.113101,5.540783,5.964342,6.272684,4.803808,4.919534,5.822909
"CLEC4A",8.774401,8.815613,7.993589,7.885435,8.515263,9.14823,8.122713,8.267478,8.984774,8.002548,8.224859,8.015108,8.541713,7.899877,7.858,8.722716,7.50875,7.580803,7.918292,7.98845,7.528741
"CLEC6A",5.845364,6.368074,5.471426,5.794242,5.778754,6.53949,5.767681,5.689974,6.037625,6.459134,6.4533,6.722671,6.939798,6.713658,6.233565,6.117566,6.142427,6.306226,6.615552,7.071813,6.367648
"CLEC4D",7.158094,7.583665,7.301216,6.214878,7.161257,7.378221,6.599909,7.71367,7.501059,6.774599,7.285388,6.791995,7.254825,6.452527,6.419233,6.779755,6.922818,6.466431,6.776266,6.655661,6.942399
"PHC1",6.343597,6.372542,6.237511,7.784662,6.552043,5.478214,5.209628,6.26646,6.564953,8.136155,8.007381,6.720799,7.588234,7.262698,7.845365,7.315965,8.018816,7.277571,7.945604,7.960574,7.663173
"KLRG1",9.9983,8.839155,7.868909,9.738331,8.834687,8.63185,9.479594,8.578448,9.704024,9.083846,9.406739,9.031814,9.226188,9.240335,9.873792,9.655835,9.135436,8.615765,8.752949,9.06986,9.742616
"CLEC2D",10.466468,10.628505,10.741946,10.996484,10.801359,11.24332,10.69418,9.858516,10.294642,9.568938,8.719888,8.959837,9.561266,10.377464,9.518785,9.762131,9.610962,9.133598,9.482419,9.88041,10.004995
"KLRF1",7.097652,7.453591,5.797655,5.80475,5.972281,7.437265,7.38768,5.082177,7.434177,5.885086,6.432794,5.82317,7.678768,6.901082,6.448091,5.882879,5.207859,5.721702,6.06928,6.628041,7.769377
"CLEC12A",8.612125,9.96481,9.274607,9.160285,8.704546,10.500354,8.137968,7.491819,10.043909,7.196473,8.950679,7.881962,9.126257,6.998777,7.889999,8.200338,8.277419,8.104438,7.658156,8.099544,7.836521
"CLEC12B",5.086976,6.943962,5.965276,5.959003,5.913817,7.53541,5.637139,5.660865,7.020919,5.431179,6.509023,5.921136,6.208563,5.358389,5.546969,5.670794,5.895115,5.708324,5.175039,5.718163,5.386707
"GABARAPL1",8.272574,7.626797,7.558708,7.12781,7.64904,7.914945,7.069869,7.472811,8.076387,7.848844,8.846441,8.169415,8.747641,8.207835,8.376139,8.961944,8.528989,8.353058,8.315826,8.27326,8.465645
"KLRD1",9.249618,9.335086,8.38138,8.747091,8.535488,9.371919,9.394531,8.104528,9.583466,8.060709,8.162312,7.964658,8.895743,8.105247,8.884775,8.084781,8.317598,7.989376,8.144261,8.254728,8.988675
"EIF2S3B",5.707822,6.098364,6.279366,5.943417,6.052441,5.93179,6.010309,5.389324,5.862491,4.988726,5.060703,4.280855,4.742575,5.061355,4.937455,4.842844,5.061522,4.990187,5.228565,5.317189,4.674348
"ETV6",8.592623,9.258782,8.862166,8.377405,8.982599,9.127078,8.626904,8.702558,9.51627,9.704224,10.190285,10.167963,9.67555,9.313412,9.966815,9.57041,9.902159,9.787808,9.904129,9.731456,9.965155
"CDKN1B",9.157691,8.78714,8.976965,8.807099,8.953379,9.409853,8.85668,8.583639,9.214742,9.767635,9.790107,9.730444,9.935914,9.945162,9.79631,9.795414,9.696049,9.613835,9.695271,9.959079,9.712643
"RPL13AP20",9.840343,9.391876,9.177977,9.477719,9.40398,9.094511,9.551558,9.18161,8.812966,10.55081,9.859063,9.770221,10.844821,11.366675,10.346728,10.716401,10.603935,10.467971,10.671566,10.650969,10.439575
"STRAP",8.4833,8.719662,8.524143,8.423007,8.739276,8.626319,8.278534,8.15247,8.408654,8.115943,7.717171,7.714566,8.704185,8.280142,7.777344,8.305897,7.852131,7.683529,8.211529,8.133449,8.042564
"MGST1",5.353523,5.660698,5.12404,4.933794,5.209503,5.068948,5.27395,5.176885,4.96546,5.796859,5.966035,5.936497,6.522489,6.102303,6.092189,6.520453,5.336567,5.736072,6.176349,6.105142,5.708522
"PYROXD1",7.151809,7.765256,6.829883,7.327105,7.544568,7.954554,6.757,6.977932,6.936073,7.308662,5.799066,6.599916,7.93924,7.959343,6.860527,7.652675,6.647423,6.309594,7.401044,7.213066,7.388715
"GOLT1B",7.865239,8.456744,8.105536,8.191717,8.658151,8.536162,8.202142,7.304734,8.028866,6.565095,6.076939,6.201893,7.008015,7.217185,6.486323,6.597049,6.307224,6.459889,6.626307,7.171671,7.028281
"ETNK1",8.896863,9.175825,9.20665,9.275536,9.554755,9.537159,9.538027,8.378248,9.03497,8.167003,7.594186,8.016078,8.302902,8.458585,8.051522,8.329203,8.003306,7.94673,8.246663,8.468148,8.486593
"ETFRF1",8.066166,8.031361,8.035135,7.508691,8.279022,8.2311,7.855884,7.3462,7.636646,7.886057,7.160387,7.420593,8.386331,8.735153,7.616924,7.902038,7.870229,7.564336,7.846238,8.2528,8.15506
"FGFR1OP2",8.733159,8.84187,8.755257,8.468297,8.977821,9.582406,8.753297,7.812346,8.612391,7.825874,7.717206,7.383625,8.358554,8.416585,7.841637,8.064647,8.031092,7.496324,7.897564,8.041724,8.052188
"MED21",8.329798,8.418084,8.436195,7.97396,8.429966,8.456369,8.549426,8.068613,8.440156,8.81892,8.628953,8.48591,9.311896,9.509114,8.772145,9.321261,8.774002,8.739261,8.91143,9.14855,9.175055
"MRPS35",7.584086,7.879357,7.401736,7.383525,7.346418,7.666582,7.726908,7.155615,7.443431,6.990604,6.282818,6.842449,7.482029,7.457783,7.000512,7.13776,6.826495,6.971749,7.279977,7.335175,7.120601
"CCDC91",8.071349,8.225045,8.150162,8.210715,8.280434,9.04835,8.208604,7.394012,7.79459,8.156645,7.741328,7.836147,8.743399,9.062598,8.31889,8.453952,8.285374,8.055221,8.427522,8.493009,8.663895
"FAR2",7.59478,7.856756,8.211728,7.067058,7.926626,8.427572,7.425139,7.63583,7.997226,7.715637,8.776118,9.065494,8.471576,7.803798,8.247521,8.866281,8.029291,8.198088,8.14064,8.293769,8.223973
"FGD4",7.67967,7.784039,7.176909,6.603687,7.54635,7.937009,7.173325,7.357778,7.843297,7.127589,7.821876,7.360632,7.897648,7.009804,7.215154,7.535879,7.092098,6.682207,7.265645,7.491968,7.16986
"LRRK2",11.316154,11.027757,10.595541,9.923108,11.224166,11.75537,10.662027,10.797522,11.439861,9.080282,10.504321,10.170349,9.84463,9.349482,9.759314,10.03676,9.753928,9.439393,9.716217,10.163654,10.037217
"ANO6",8.226085,8.734064,8.841016,8.276307,8.682245,8.610759,8.310297,8.015872,9.0064,8.739502,8.711626,8.919127,8.572602,8.259935,8.646263,8.774339,8.291546,8.664138,8.874427,8.731795,8.900363
"ARID2",8.257811,8.804967,8.850356,8.392648,8.540727,9.029964,8.444427,8.063105,8.709822,8.732388,8.380935,8.500835,8.536635,8.709222,8.734134,8.825611,8.677254,8.435913,8.720671,8.781379,9.05215
"PCED1B",7.625973,8.420631,8.82059,8.529446,8.409472,8.736924,8.577327,8.163537,8.420925,8.767081,8.281201,8.287953,8.518963,8.932121,8.364198,8.751532,8.666828,8.381733,8.492613,8.31399,8.591732
"LARP4",7.468577,8.483269,7.965539,8.015585,8.287185,8.793309,8.107251,7.26795,8.11104,7.312115,6.829943,7.091031,7.538815,7.78125,7.649916,7.619764,7.237867,7.267665,7.416007,7.734921,7.905718
"DIP2B",9.797431,9.805207,9.86457,9.284903,9.864116,10.1979,9.728186,9.739065,10.062404,8.964136,9.227371,9.697039,8.875362,8.865541,9.122986,9.149648,9.132967,8.990467,9.205243,9.308405,9.239551
"ATF1",8.582188,8.905526,8.799854,8.575813,8.949772,8.939214,8.611479,8.391039,8.57239,9.659328,9.417189,9.349139,9.800972,10.022489,9.839526,9.578331,9.407636,9.376853,9.656816,9.102075,9.565343
"METTL7A",8.327468,9.137809,8.800091,8.478288,8.958768,8.741536,9.155994,8.067439,8.709156,8.173403,7.807613,8.3699,8.433306,8.275072,7.8618,8.271091,8.076496,7.99951,8.389884,8.504379,8.234852
"ARL2BP",5.055029,4.330952,4.937345,5.177288,4.810293,5.074976,4.600875,5.012085,4.823435,6.138975,6.033706,5.677796,5.660863,5.414832,5.875074,5.178835,5.725358,5.88068,5.637195,5.371336,5.602958
"PFDN5",7.539461,6.871221,6.706189,6.511112,6.698609,7.155043,6.656529,6.190241,6.82943,6.554024,6.743902,6.685584,7.398215,8.211129,6.87434,7.202007,6.699865,6.774912,6.799477,6.959235,6.37865
"MYG1",7.898323,7.995815,7.847729,8.024416,8.117308,7.454144,7.855158,7.886976,7.900337,9.032066,8.944258,8.801391,9.333446,9.156,8.957445,9.180161,8.878337,9.004182,9.018353,9.189673,9.069642
"PRR13",7.102183,6.107248,6.040331,6.392815,6.944371,6.971591,6.937393,6.907997,5.401381,8.631432,9.126719,7.961021,8.274576,8.11029,8.117723,8.370525,8.374848,8.234337,8.042358,8.339919,7.844655
"HNRNPA1",6.776194,7.080223,7.247558,7.140633,7.165396,7.690151,6.420707,6.3214,7.128079,6.280344,5.997902,6.480279,6.363452,6.491995,6.564421,6.601948,6.385832,6.080563,6.459199,6.784577,6.225677
"COPZ1",9.205615,9.856015,9.551759,9.370747,9.656177,9.571732,9.315501,9.249131,9.495748,9.589752,9.139653,9.124186,9.692167,9.617431,9.382861,9.571529,9.238721,9.39434,9.542925,9.349485,9.463088
"MIR148B",6.700863,7.064252,7.054414,7.275922,7.11058,7.301076,6.963926,5.964619,7.085155,5.92258,5.8266,5.944097,5.271178,5.616021,6.177,5.836518,5.59439,5.656137,5.759624,6.087011,5.950413
"OR10A7",5.892087,5.433176,5.190071,5.849179,5.457382,5.303426,5.331891,5.684412,5.317314,6.02327,6.012957,5.774364,5.43062,5.676928,5.816045,5.418426,5.912591,5.854225,5.612781,5.394651,5.543742
"OR6C3",4.664689,4.408832,4.520561,5.145396,4.51224,4.581074,4.686883,5.204125,4.734966,6.64057,5.635503,5.459698,4.556351,5.767729,5.009312,4.488808,5.380462,5.184928,5.336531,4.766621,4.409223
"OR6C76",4.917716,4.224388,4.581051,5.209811,4.425883,4.323049,4.768011,5.845477,4.742557,5.76901,5.743515,5.552952,4.622618,5.229344,5.540038,4.735836,4.967997,4.976931,5.234024,4.995247,4.510655
"OR10P1",7.308994,6.712076,6.927921,7.300989,6.59313,6.667153,7.129447,7.579301,7.015785,7.674552,7.742518,7.499105,6.914609,6.723208,7.161245,7.07733,7.531271,7.384073,7.290163,7.1345,6.910581
"ORMDL2",8.319432,8.380911,8.327478,8.216053,8.176551,7.888244,8.345583,8.251552,8.266953,9.702371,9.377353,9.510401,9.981169,9.834843,9.743117,9.917876,9.435696,9.562723,9.716423,9.767704,9.718792
"DGKA",10.03236,10.490915,10.915736,10.648774,10.339777,10.754294,10.304773,10.106223,10.533118,10.81447,10.342619,10.625568,10.336245,10.764033,10.695905,10.779396,10.833945,10.540165,10.583345,10.66041,10.740318
"RAB5B",8.99249,9.726656,9.49183,8.719407,9.183298,9.181749,9.022888,8.864135,9.475394,9.600348,10.092093,9.839156,9.84903,9.534066,9.780376,9.979935,9.725258,9.412516,9.778532,9.486203,10.008667
"PA2G4",8.759368,9.531056,9.31161,9.400804,9.338014,9.186818,8.987571,8.824273,9.09837,9.808343,9.38081,9.318289,9.711588,9.754533,9.541328,9.288668,9.327177,9.510167,9.753793,9.395833,9.477551
"RPL41",6.790585,6.126416,6.459631,5.934634,6.639241,5.7828,6.379773,6.409463,5.634551,7.548916,7.320301,6.772742,7.783163,7.956653,7.642451,7.813525,7.252863,7.264878,7.145859,7.354305,6.795864
"ESYT1",8.951929,9.583585,9.834417,9.44875,9.596531,9.616507,9.500642,8.910853,9.62879,9.419147,9.128343,9.570057,9.111129,9.364575,9.50139,9.360832,9.393177,9.274151,9.519817,9.536559,9.620141
"MYL6",10.733102,10.389677,9.898881,10.030629,10.0041,10.294361,10.073729,10.341129,9.497209,10.478644,10.49214,9.961799,11.278209,11.229318,10.61931,10.995702,10.473347,10.448275,10.495441,10.827255,9.942495
"NABP2",7.752703,7.878823,7.558948,7.444517,7.445639,7.726219,7.730119,7.951395,7.569271,8.524565,8.590671,8.269756,8.582672,8.492583,8.548618,8.508977,8.395856,8.477444,8.521111,8.306759,8.445645
"SPRYD4",7.442812,7.782662,7.568606,7.629462,7.76401,7.519327,7.9555,7.759508,7.515332,8.725112,8.418812,8.813601,8.819038,9.118442,8.968126,8.772629,8.907923,8.793709,8.615669,8.562406,8.752316
"RBMS2",7.013061,7.705921,7.393834,7.15189,7.230411,7.051821,7.275589,7.344052,7.628609,8.016618,7.983982,8.25709,7.934114,7.918904,7.512703,7.556492,7.968017,7.922984,8.073924,7.873318,7.422021
"LRP1",7.464297,7.851987,7.493483,7.121102,7.617675,7.590868,7.261762,7.646693,8.237664,7.671077,8.160413,8.835488,8.201899,7.539426,8.383225,8.059823,7.840393,8.085076,8.100382,8.321272,7.859231
"SHMT2",8.056585,8.829881,8.274948,8.358363,8.623015,8.217063,8.536165,8.070681,8.381354,9.484651,9.029781,9.541646,9.623656,9.68386,9.435714,9.536797,9.406728,9.451357,9.656868,9.764484,9.675423
"MBD6",8.332961,8.2836,8.734965,8.215458,8.570078,8.849048,8.31033,8.526987,8.814797,8.920227,9.418856,9.116024,8.811161,8.862091,8.92903,9.032827,8.809271,8.684177,8.799458,8.627207,9.057331
"ATP23",6.714781,6.868726,6.450484,6.697808,6.750541,6.475036,6.656448,6.478492,6.661066,7.161728,6.549634,7.059527,7.476851,7.548406,7.250187,7.431776,7.118857,7.107383,7.273108,7.443061,7.24441
"SLC16A7",8.979065,9.389668,9.216257,9.169266,9.13818,9.295031,9.299608,8.32678,8.969185,8.587488,7.842403,8.164466,8.744243,8.969283,8.388923,8.545729,8.589275,8.422682,8.650073,8.761714,9.039023
"USP15",10.541369,10.448751,10.241486,9.99637,10.803942,11.186801,10.27963,10.09566,10.615303,9.527129,10.073532,9.773857,10.143635,10.438382,9.680232,10.033283,9.622164,9.386229,9.462202,10.075982,10.105766
"TBK1",7.816343,8.012891,7.614617,7.278066,7.808569,8.525415,7.441805,7.163014,8.015519,7.162989,7.587226,7.452535,7.945924,7.600452,7.704466,7.636499,7.204567,7.093256,7.488021,7.748436,7.645748
"LLPH",5.70556,5.221395,5.378932,5.615401,5.158359,5.462392,5.141889,5.561142,5.446051,7.331615,7.101763,6.442589,6.00535,6.915279,6.643852,5.800286,6.655906,6.234875,6.289418,6.067922,5.137509
"IRAK3",8.969027,9.417213,9.059933,8.261777,9.080707,9.38222,8.653669,9.201062,9.565745,8.829219,9.267943,8.919181,9.35262,8.815135,9.063629,8.939913,8.496345,8.824643,9.582807,9.515328,8.951695
"HELB",7.998297,8.080106,8.328683,8.294381,8.36034,8.787562,8.100921,7.732665,7.98052,7.507973,7.354051,7.532721,7.659369,8.058581,7.728634,7.710575,7.639359,7.554903,7.873115,7.853889,7.984321
"CAND1",8.964946,9.490199,9.424706,9.252965,9.327403,9.537032,9.205442,8.685883,9.13738,8.571711,7.81834,7.967787,8.628882,8.965205,8.435884,8.439905,8.429786,8.263442,8.563293,8.78196,8.835249
"RAP1B",6.714293,7.423536,7.005166,6.35765,7.646322,7.842883,7.008442,6.486789,7.13091,6.618897,6.035043,5.88765,6.658267,7.205694,6.131881,6.534864,6.637055,5.615891,6.743738,7.071419,6.590697
"NUP107",7.681278,8.232952,7.894255,7.520264,7.946574,8.392639,7.783264,7.286,7.607517,6.957732,6.317678,6.611171,7.074436,6.779585,6.766964,7.164454,6.803705,6.351603,6.83243,6.781937,6.786836
"YEATS4",7.078113,7.467664,7.173094,7.233839,7.384414,7.432076,7.167457,6.505754,7.037354,6.721857,6.3771,6.286119,7.300264,8.011621,6.683065,7.223811,6.654517,6.625393,7.086832,7.053197,7.053167
"CCT2",8.169836,8.825478,8.116571,8.319392,8.297687,8.906818,8.209354,7.534051,7.807667,7.756061,7.044866,7.258488,8.131031,8.620535,7.554113,7.969375,7.701222,7.45885,7.530629,7.84467,7.706858
"CNOT2",8.635158,9.07483,8.893957,8.697278,8.920015,9.270805,8.884647,8.238368,8.886221,9.592789,9.250325,9.519481,9.622431,9.722617,9.625925,9.617484,9.511143,9.511485,9.730698,9.629225,9.606029
"TBC1D15",9.236291,9.018918,9.014125,9.125956,9.354515,9.949101,8.759957,8.835168,9.054492,8.796905,8.147112,8.066303,9.07456,9.227332,8.530961,8.851232,8.605832,8.237574,8.705899,9.087824,8.819019
"ATXN7L3B",8.837248,9.396675,9.277868,9.361134,9.294368,9.178536,9.097746,8.902306,9.301422,8.187195,8.376814,8.411997,8.385809,8.446191,8.131138,8.425755,8.180867,8.351667,8.388528,8.616526,8.392764
"ZDHHC17",8.665409,8.953177,9.002322,8.876764,9.053325,9.436402,8.972196,8.406261,9.07364,8.470311,8.317213,8.28552,8.62612,8.759119,8.403628,8.604261,8.41338,8.173059,8.436115,8.716954,8.90957
"METTL25",7.891765,7.993698,7.869312,8.020157,8.457437,8.461998,8.254689,7.670793,7.834426,7.781699,7.612625,7.248072,7.957084,8.376319,7.782526,7.982883,7.589783,7.31237,7.6541,7.904201,8.028837
"C12orf29",7.376506,7.510553,7.064305,7.387432,7.085743,7.505179,7.016924,6.527244,7.007959,7.125945,6.889532,6.895089,7.500962,8.106089,7.0451,7.302285,7.123121,6.929868,7.112304,7.260708,7.42306
"TMTC3",7.34171,7.833931,7.363679,7.392231,7.887596,8.081117,7.768201,6.77028,7.537874,7.444225,6.930943,6.674878,8.02918,8.099756,7.376684,7.524297,7.384461,7.020826,7.442391,7.626943,7.829845
"MRPL42",8.066532,8.553867,8.254251,8.330909,8.323,8.777083,8.548963,7.271845,7.862259,7.361357,6.54302,6.405156,7.631279,7.847765,7.297002,7.313218,7.035656,7.129817,7.304203,7.317764,7.841192
"PLXNC1",10.638926,10.512297,10.464071,9.36479,10.445532,10.703225,10.181822,10.799662,11.261024,9.486266,10.563346,10.048119,10.115228,9.385034,9.959103,10.097589,9.90926,9.759849,10.196895,10.04264,10.215462
"METAP2",7.374184,7.656236,7.411151,7.555738,7.620284,8.040599,7.327955,6.643686,7.061563,6.909607,6.571349,6.487696,7.38086,7.394389,6.66359,7.07018,6.968791,6.709066,6.939046,6.948277,6.764303
"SNRPF",6.032442,5.765199,5.57219,5.668561,5.824288,5.728894,5.674979,5.348601,5.835632,5.40817,4.892127,5.233366,5.759764,5.317897,5.148901,5.737615,5.577046,5.001218,5.288074,5.313702,5.629412
"NEDD1",8.264921,8.51941,8.281457,8.331079,8.428322,9.105048,8.401541,7.595266,8.242123,8.034833,7.42472,7.537004,8.257533,8.209146,7.654403,8.026795,7.83808,7.474349,8.11024,8.153425,8.192779
"TMPO",9.600137,10.126089,9.899112,9.912161,9.958834,9.852015,10.000343,9.146757,9.714171,9.32784,8.8574,8.980857,9.509782,9.42326,9.275548,9.325999,9.272852,9.214145,9.392394,9.560444,9.587597
"APAF1",10.417866,9.903922,9.776928,9.328687,10.00013,10.20131,9.800974,9.938192,10.328109,8.448049,9.449976,8.832451,8.789957,8.523529,8.757086,8.986333,8.600516,8.674698,8.910949,9.070791,9.171164
"ACTR6",6.404348,6.70181,6.20649,6.558184,6.866834,7.12643,6.562744,5.502139,6.378906,5.26623,5.459099,5.321095,5.944277,5.944493,5.547673,5.957707,5.34616,5.347233,5.545419,5.56973,5.888877
"SCYL2",8.879931,9.195482,8.73861,8.378705,9.248275,9.288484,8.695434,8.451955,9.110564,8.471535,8.622262,8.618041,8.886143,8.773302,8.600557,8.98095,8.529337,8.246986,8.87242,9.008275,9.17321
"CHPT1",9.194998,9.835701,9.609849,9.04914,9.810196,9.536695,9.90229,9.243461,9.404643,10.074627,10.021945,9.675897,10.278233,10.019719,9.500384,10.229786,9.882571,9.889279,10.106749,10.497495,10.27215
"HCFC2",6.936545,7.349065,7.032625,7.075012,7.054981,7.336904,7.254955,6.458659,6.826238,6.731937,6.438518,6.557223,7.224264,7.390437,6.984582,6.98624,6.69913,6.625579,6.860493,7.006436,7.279725
"TXNRD1",9.215506,8.930127,8.889646,8.768664,8.989465,9.254065,9.046444,9.029472,9.431665,7.749394,7.945758,8.018268,7.836153,7.792678,7.987823,8.050374,7.835292,7.667292,7.745536,7.802011,7.864966
"RPL18A",11.88172,12.055992,12.055647,11.796872,11.522999,11.101526,12.258234,11.857825,11.363664,13.128565,12.639616,12.713442,13.293487,13.496883,12.805315,13.230549,12.990788,13.151185,13.02175,13.223,13.163668
"CHST11",10.090012,9.755619,9.999983,8.965164,9.659122,9.656454,9.77404,9.995811,10.297329,10.377379,10.936694,10.959636,10.525588,10.059976,10.654361,10.742285,10.539248,10.590693,10.441204,10.827104,10.82461
"WASHC4",9.860846,9.93369,9.952534,9.732432,10.297753,10.479122,10.184109,9.62595,9.842068,9.596814,9.333606,9.633812,9.631724,9.802236,9.382886,9.495137,9.590155,9.450736,9.670994,10.233861,9.967057
"C12orf75",8.070455,8.459307,8.103861,8.037021,8.151248,8.16433,7.94402,7.276461,8.118939,8.763741,8.3342,8.106815,9.296352,8.779653,8.358922,8.830274,8.311194,8.202797,8.734312,8.755013,8.63401
"PWP1",7.755906,7.955722,8.060753,8.151611,7.962751,8.373956,8.209734,7.353642,7.777427,7.698479,7.11497,7.281046,7.930287,8.061212,7.827349,7.845502,7.657595,7.484674,7.866488,7.815414,7.655559
"USP30",6.985514,7.790215,7.373998,7.659769,7.018333,7.386085,7.368797,7.336435,7.565251,7.734079,7.953289,8.189234,8.020164,7.99042,8.256697,8.160342,7.965518,8.097663,8.168557,8.093063,8.264822
"ALDH2",8.011944,8.759113,7.912028,7.86525,8.593841,7.73787,7.842284,8.35579,8.79276,8.196772,8.525373,8.865923,8.604066,8.078728,8.758296,8.810584,8.050917,8.534441,8.779456,9.051252,8.238635
"PTPN11",8.748306,9.171919,8.822149,8.841438,9.24212,9.280074,8.983934,8.817456,9.101331,8.350142,8.004051,8.208195,8.469896,8.495728,8.438336,8.400792,8.177892,8.008874,8.422651,8.5611,8.072857
"OAS1",8.740381,10.612064,8.917142,8.622725,9.370664,9.112267,9.41105,8.380428,9.26708,9.309105,8.96579,11.893759,9.726664,9.529307,9.943108,9.370167,9.754311,9.381915,9.623319,9.597236,9.929182
"OAS3",7.671838,9.62203,7.642057,7.286389,8.39244,8.32975,7.793631,7.278288,7.976958,7.869416,7.882165,11.825873,8.584928,8.2836,8.554329,8.394854,8.962444,8.439159,8.549559,8.065582,9.114694
"OAS2",8.524009,10.548271,9.255527,9.089871,9.681237,9.543041,9.339046,8.42852,9.311858,9.374738,9.134314,11.829383,9.494508,9.476441,9.609831,9.307999,9.816529,9.427066,9.580966,9.285327,10.055076
"TPCN1",7.465527,8.093235,7.784592,7.625563,7.813241,7.978829,7.680353,7.169763,8.050061,8.291405,8.223217,8.568966,8.359486,8.199305,8.534682,8.400026,8.108305,8.316535,8.381189,8.457703,8.367973
"HSPB8",5.912908,5.224347,6.064285,6.021132,5.804804,5.73543,5.700089,6.263286,5.141412,5.340751,5.162016,5.574911,4.987294,5.277219,5.636357,5.569671,5.788965,5.549849,5.100245,5.214675,5.190247
"COX6A1",9.628411,9.369832,8.394554,9.207881,8.479748,8.607523,8.814921,9.074445,8.56994,11.226572,10.913863,10.872876,11.650744,11.916147,11.359488,11.50391,11.041653,11.382916,11.226816,11.282554,10.816187
"RNF10",10.068462,11.05515,10.844572,10.683736,11.209778,10.639461,11.052522,10.478415,10.673308,10.329453,10.495494,10.17688,10.452507,9.536015,10.108617,10.251748,9.996132,10.248957,10.234965,10.157877,10.524837
"RNF34",8.55385,9.001878,8.600867,8.575858,8.72495,8.858652,8.780692,8.273605,8.776131,8.146006,7.953981,7.940887,8.183537,8.150327,8.073453,8.201516,8.041257,7.905815,7.975432,8.079975,8.12617
"MLXIP",7.908002,8.387505,8.731123,8.001006,8.168311,8.42018,8.240759,7.970312,8.681888,9.396527,9.200283,9.512186,9.251182,9.217302,9.448155,9.240268,9.235901,9.099878,9.130543,8.912075,9.298707
"KNTC1",6.763809,7.764743,7.235227,7.170468,7.434325,7.792943,7.326974,6.186864,6.947483,6.846094,6.499785,6.523015,7.003074,6.956748,6.74552,6.940354,6.6974,6.756219,6.988402,7.235218,7.243611
"DENR",8.146517,8.037498,8.234335,8.173654,8.182029,9.013957,8.060066,7.448353,8.127518,7.410277,6.913491,6.820535,7.275922,7.557049,6.84634,7.261738,7.098598,7.072206,7.214061,7.702019,7.30587
"ARL6IP4",8.29148,7.981758,8.115619,8.134518,8.066847,7.842686,8.147129,8.533604,8.131195,8.783567,8.686851,8.859784,9.127328,9.029675,8.967673,9.13238,8.625755,8.807496,8.726271,8.88413,8.863479
"TMED2",9.294306,9.402035,9.029928,9.007902,9.417349,9.268596,9.174412,8.976023,9.361573,10.947793,10.554606,10.474179,11.189692,11.180032,10.801542,10.82112,10.466713,10.694068,10.819351,11.01625,10.714226
"GTF2H3",7.353056,7.69032,7.39591,7.748179,7.651599,7.757972,7.323362,6.965378,7.466032,6.591919,6.37768,6.477053,7.037279,7.071877,6.723333,7.004988,6.915736,6.703963,6.941624,6.818738,7.040232
"GLT1D1",9.884585,9.492985,9.303277,8.415789,9.66474,9.900355,8.952401,9.966796,10.025664,9.126116,9.931999,9.417535,9.444904,9.035513,9.210551,9.545352,9.023285,9.091327,9.318739,9.29654,9.188152
"RAN",8.806775,8.953864,8.573698,8.823995,8.895666,8.816911,8.465691,8.375462,8.361249,8.115089,7.612676,7.936448,8.470728,8.504665,8.203049,8.355433,8.087356,8.091379,8.347334,8.012928,7.885658
"SNORA49",7.682061,7.45549,7.343393,7.112377,6.752309,7.132354,7.226776,7.201103,5.995038,6.952999,7.218664,7.13646,7.659336,8.653039,7.647814,7.745593,6.729912,7.312102,6.95117,7.756001,7.14066
"ZNF26",6.86064,6.978854,6.846374,6.775094,7.104353,7.472365,7.183323,6.626366,6.718366,6.356033,6.397157,6.290632,7.055669,6.982416,6.655887,6.980668,6.286446,6.212501,6.718319,6.999606,7.026528
"ZNF84",7.271452,7.42686,7.466501,7.678172,7.64202,7.553833,7.486767,6.801554,7.22069,7.784806,7.181101,7.365386,7.931698,8.277444,7.670545,7.933269,7.509889,7.70701,7.685896,7.933099,7.906174
"ZNF10",5.440005,5.794313,5.668689,5.954162,5.377351,6.14426,5.969046,5.546429,5.456125,4.938904,5.160279,5.015278,5.430786,5.55008,4.84314,5.190833,5.20213,5.223945,5.014175,5.352747,5.616836
"FAM138D",3.348835,3.813121,3.661026,3.8882,3.71779,3.621411,3.837646,3.369641,3.648696,4.126143,4.00864,3.910383,3.619259,3.653284,3.879323,3.577996,4.371313,4.10656,4.023148,3.486678,3.583194
"KDM5A",9.665402,9.855443,9.940059,9.588543,9.842495,10.077942,9.658915,9.563962,10.030315,8.692208,8.86834,8.972966,8.609164,8.702136,8.895236,8.826269,8.779861,8.506099,8.915017,9.025763,8.903941
"DCP1B",6.96828,7.411257,6.920301,7.109328,7.223767,7.223225,7.314646,7.051459,7.351758,7.735961,7.615533,7.714678,8.166442,7.910919,7.833645,7.789206,8.004283,7.739014,7.842172,7.628473,8.189865
"CRACR2A",7.131893,8.008692,7.365083,7.175629,7.801475,7.695294,7.986772,7.242046,8.155706,7.947862,7.539002,7.777595,7.533599,7.957463,8.015765,7.862874,7.260631,7.227696,7.435786,7.298622,7.764329
"PARP11",7.144374,7.511929,7.329257,7.07216,7.508614,7.611934,7.218875,6.656695,7.002807,6.33109,6.521015,7.130134,6.618978,6.723346,6.545579,6.689006,6.383271,6.416496,6.466857,6.516829,6.892758
"C12orf4",7.283973,8.091204,7.394883,7.679286,7.758052,8.244515,7.862409,6.945615,7.564415,7.629566,6.961507,7.118044,7.839311,7.962267,7.548346,7.900745,7.150474,7.260423,7.337124,7.538086,7.673287
"TNFRSF1A",9.769698,9.558624,9.647856,9.172206,9.76881,9.612281,9.495946,10.149807,10.197002,9.909969,10.796926,10.54406,10.342034,9.951548,10.286466,10.271959,9.945589,10.018532,10.032431,10.129661,10.273681
"VAMP1",8.905575,9.309586,9.007547,9.21215,8.763268,9.058401,8.878503,8.966358,9.227129,10.059476,9.850485,9.536568,9.604625,9.976593,9.795067,9.772405,9.486184,9.79913,9.831764,9.72043,9.644385
"MRPL51",8.155209,7.654607,7.323946,8.430132,6.934394,8.222595,6.722945,8.146506,6.49071,9.31552,8.85602,9.112702,9.7904,10.150849,9.462733,9.609601,9.220518,8.942014,9.426744,9.282052,7.55706
"CHD4",9.026526,9.605641,9.767926,9.219089,9.41786,9.7576,9.353079,9.274481,9.779552,8.688873,8.677222,8.966812,8.70772,8.526938,8.833039,8.736534,8.617707,8.740997,8.760849,8.836711,8.910646
"MLF2",9.144258,9.294456,9.417608,8.732351,9.334619,9.08249,8.984795,9.215562,9.603658,9.785877,10.368413,9.998043,10.088312,9.855289,10.085825,10.148576,10.010752,9.883984,10.05522,9.970563,10.124533
"PHB2",9.277416,9.946278,9.416149,9.499053,9.594067,9.142967,9.721082,8.979841,9.250805,9.622227,9.214247,9.373898,10.154712,9.900552,9.352736,9.674788,9.220571,9.303943,9.50609,9.384214,9.854108
"SCARNA12",8.985014,8.719243,8.431446,8.589313,8.725627,8.578332,8.757573,8.398251,8.37969,9.947031,9.904429,9.66007,10.752709,11.260971,10.273467,10.474092,9.820128,10.082884,9.877879,10.194567,9.880578
"LPCAT3",8.65235,9.16453,9.241071,8.374544,9.322862,9.096662,8.736058,9.239426,9.573687,9.897499,10.142982,9.852926,9.914755,9.410852,10.039273,9.70999,9.64971,9.624192,9.96265,9.712388,9.704988
"C1RL",8.047741,7.878063,7.990128,7.386708,7.854163,7.920835,7.687588,8.051709,8.4212,8.611156,9.049183,8.689493,8.869611,8.289453,8.622146,8.734094,8.379006,8.459433,8.576147,8.778009,8.485124
"RBP5",8.029939,7.501015,7.526506,8.193436,7.672511,7.29255,7.543821,8.278951,7.589541,8.171078,8.178652,7.883967,7.693868,7.777061,7.896959,7.748861,8.149723,8.057529,8.008616,7.80547,7.572893
"CD163",7.814106,7.798081,7.551569,7.249063,7.888803,8.31229,7.127986,7.780696,8.582142,6.610906,6.823473,7.226083,6.67784,6.574339,6.57946,6.318705,6.370879,6.633738,6.457047,6.75252,6.584985
"SLC2A3",11.317332,11.374563,11.302275,10.793067,11.155399,11.474478,11.246899,11.938158,12.080925,11.108686,11.287549,10.650159,11.154148,10.521007,10.793983,10.917283,11.133654,10.759224,11.068741,11.021105,11.404097
"C3AR1",8.46289,8.711462,8.747279,8.015502,9.087296,7.979289,8.76582,8.553173,8.292605,7.660969,8.331893,9.82134,9.338762,7.668589,8.888493,8.571422,8.051611,8.09544,8.20004,8.645366,8.628247
"POU5F1P3",8.289898,7.957225,7.987307,7.923453,8.097564,7.538611,8.395961,8.073396,7.942682,7.449137,7.063496,7.263191,7.089138,7.103516,7.304557,7.342833,7.066881,7.330745,7.268795,7.308969,7.297043
"FAM90A1",7.064706,6.475325,6.715579,7.459351,6.673966,6.509227,6.522171,7.363135,6.403967,6.810294,7.160664,6.99237,6.419431,6.472409,6.478116,6.307514,6.532239,6.898604,6.952551,6.505879,6.445093
"CLEC4E",9.064967,8.469438,8.496868,7.246125,8.464313,8.800632,8.005651,8.416091,8.676905,7.476398,8.984136,8.084697,8.407743,7.602732,7.781463,8.33855,7.624483,7.411887,7.909156,8.015611,7.689958
"KLRB1",8.452843,7.231344,6.471971,7.008865,7.088296,7.738209,7.543136,6.627545,7.371493,7.196814,7.52418,6.793181,8.624691,7.639662,7.33015,7.649896,6.903619,7.053368,7.580863,7.022846,7.741643
"CLECL1",6.064845,5.850123,5.459592,5.955074,6.077172,6.222808,6.458804,5.528199,5.468312,6.110817,5.99631,6.209468,5.943757,6.518652,5.687003,5.553411,5.787674,5.914844,5.821217,6.700586,5.870177
"CD69",7.900933,7.923048,7.390605,7.882466,7.706949,8.116562,7.957268,6.783346,7.476731,6.918807,6.435578,6.49433,7.368172,7.828572,6.807332,6.9262,6.489247,6.768429,6.660508,7.210257,7.071901
"CLEC2B",7.699927,7.85105,7.693946,7.681478,7.948422,8.862273,7.552661,7.008551,7.58824,7.730452,7.587736,7.662739,8.409862,8.795,7.7838,8.185372,7.771768,7.492267,7.905334,8.072274,8.162636
"CLEC12A-AS1",6.22671,6.525672,6.203334,6.968071,6.752275,6.55175,6.780632,6.963255,6.589912,6.745937,6.959979,6.812888,6.367767,6.577143,6.6418,6.520423,6.992073,7.01041,6.85869,6.436872,6.883518
"CLEC7A",9.886001,9.639114,9.338407,8.288589,9.717513,9.84511,9.325718,9.466848,10.295325,8.195074,9.369088,9.037341,9.509088,8.848701,8.942687,9.195006,8.315826,8.542329,8.510367,9.158274,9.123952
"KLRC4-KLRK1",7.723891,8.422684,8.395291,8.789843,7.665539,8.769122,7.656274,7.729277,8.409435,8.729007,7.768414,7.299847,9.697283,8.510806,8.896065,8.064336,8.478745,7.720826,7.935589,8.318417,9.129718
"KLRC3",7.139328,7.283707,7.465182,7.79153,7.171515,8.129914,7.713052,6.549603,8.152849,7.241506,6.507236,6.271284,8.214971,6.734067,7.255407,6.879206,7.086381,6.123626,6.242544,6.868774,7.630695
"KLRC1",6.131714,5.791424,6.030495,6.438701,6.148201,7.001294,6.571602,5.574772,5.894363,5.714702,5.936876,5.42783,7.186503,6.224689,6.220047,5.915092,6.237267,6.108274,6.057885,6.383771,6.744294
"KLRA1P",5.387937,5.640156,5.304618,5.634469,6.013099,6.401943,5.340158,4.787146,5.388253,5.702326,5.432006,5.388547,6.631051,6.047653,5.873015,6.053641,5.651745,5.624533,5.665355,5.847064,5.968111
"MAGOHB",7.578545,7.615492,7.616761,7.827719,7.7068,8.043668,7.393126,7.290493,7.26428,7.26492,7.174469,6.885192,7.746767,7.944171,7.382116,7.898912,7.354508,7.228494,7.448703,7.498716,7.685556
"YBX3",10.691267,11.097324,11.154208,11.01282,12.180331,11.040683,11.674531,10.516766,10.881484,12.279376,12.256926,11.862925,12.438724,11.004655,11.761385,11.916149,11.929105,12.069991,11.98088,11.817322,12.264386
"TAS2R13",5.83337,6.450514,6.43501,6.697324,6.413117,6.32357,6.541428,5.530359,6.090675,5.935207,5.472617,5.839206,5.476638,6.029094,6.061235,6.018133,6.063448,5.969247,6.144972,6.193063,6.287781
"TAS2R50",5.887351,6.502767,6.459652,6.704466,6.328786,6.273271,6.515417,5.880714,6.412349,6.970496,6.257515,6.300917,6.926867,7.238018,7.020435,7.348731,6.599403,6.629035,7.048882,7.380498,7.317871
"TAS2R20",6.630901,7.569282,7.285233,7.470904,7.585497,6.954325,7.450018,6.691495,7.202411,8.208258,6.946788,7.370853,7.642174,7.984316,7.839096,7.96734,7.565594,7.681924,7.704706,8.234202,7.967944
"TAS2R19",6.822128,7.6081,6.997396,7.303869,7.498259,7.503461,7.487408,6.391445,7.032561,7.098049,6.271299,6.788651,7.338225,7.294595,7.057389,7.585739,6.947959,7.076768,7.143706,7.582391,7.424806
"TAS2R31",6.885421,7.663427,7.894063,8.236335,8.126231,7.492573,8.264116,7.512789,7.859906,7.718762,6.634432,7.188509,7.323596,7.87989,7.476546,7.732248,7.430216,7.10937,7.588197,7.832977,7.420781
"TAS2R46",4.20928,6.409239,5.080737,5.065837,4.986015,5.747694,4.833273,4.890702,4.776955,5.019933,4.803922,4.7659,5.300376,5.890835,5.129652,6.227635,5.204074,5.062184,5.194068,5.767682,5.621998
"TAS2R43",6.378264,6.112569,5.84682,5.704839,7.034224,7.347968,4.327317,5.190651,3.998102,5.379926,4.529073,4.00915,5.087568,5.339138,5.206364,4.112769,5.097838,4.455145,5.263951,4.325043,6.465457
"MANSC1",7.805804,8.134631,7.79118,6.015792,7.749608,8.066856,7.266921,8.416515,8.622001,8.047352,9.07352,8.329411,8.274022,7.509204,8.031104,8.705251,8.4129,7.674242,8.258903,7.869166,8.419991
"GPRC5D",6.050619,7.108545,6.253593,6.409909,5.907494,6.336753,6.18128,6.314619,5.982763,7.476194,6.362335,6.776695,6.606206,6.577665,6.408079,6.485466,6.549582,7.074074,7.361736,6.63452,6.543243
"PLBD1",10.03034,10.07074,9.377102,9.024319,9.886317,9.620316,9.790469,10.312032,10.317953,9.335521,10.083836,9.398109,10.087931,9.255433,9.346595,9.813162,9.148698,9.631789,10.348823,10.026696,9.413004
"WBP11",7.918498,8.834908,8.921246,8.647529,8.849889,8.999988,8.382195,8.002355,9.01622,8.960217,8.940378,8.840803,8.956275,8.924144,8.87377,8.87237,8.983275,8.814394,9.154807,8.939449,9.202068
"ERP27",7.768009,8.370811,8.3074,7.985964,7.820918,8.390649,7.786914,7.42115,8.217849,8.84514,8.451712,8.542518,8.789949,8.876241,8.735991,9.171719,8.739387,8.554132,8.794232,8.715887,9.107402
"RECQL",8.00033,8.274459,8.126456,7.940875,8.272075,8.570773,8.341168,7.442833,8.054216,7.395659,6.935313,7.218482,7.820848,8.010351,7.55903,7.563812,7.380215,7.270372,7.379846,7.603628,7.680025
"LDHB",10.630558,9.8403,10.500434,11.304356,9.984027,11.023227,9.769647,10.441287,9.356787,10.466908,9.677251,9.49092,10.284389,10.87072,10.092767,10.330829,10.277418,10.042697,10.232181,9.864352,9.078896
"KRAS",8.991505,9.275963,9.070897,8.801631,9.242389,9.649806,8.797347,8.388687,9.17517,8.281073,8.341231,8.239971,8.666639,8.690154,8.423159,8.383389,8.380397,8.213926,8.432272,8.594151,8.58487
"ITPR2",9.044234,9.114062,9.410982,8.863113,9.120887,9.641693,9.162891,8.378541,9.342956,8.429736,8.387549,8.445885,8.227778,8.50338,8.550896,8.522281,8.277225,8.074242,8.428264,8.768156,8.81091
"INTS13",7.411584,7.912244,7.668686,7.63179,7.716,8.307874,7.508724,6.985542,7.311248,7.388509,6.67647,6.789977,7.345572,7.513503,7.170679,7.266873,7.061357,7.027002,7.205888,7.311605,7.046022
"ERGIC2",8.145206,8.201504,7.653898,7.946698,8.365332,8.758956,7.624397,7.391728,7.832557,8.649609,8.183334,7.620972,8.954616,9.417992,8.156933,8.537615,8.305074,7.974886,8.44413,8.668398,8.422057
"TMTC1",5.550816,5.561708,5.14633,5.400765,5.102908,4.806153,5.506614,6.291808,5.249422,5.907991,5.351818,5.361899,4.921833,5.021211,5.063487,5.234403,5.217652,5.316251,5.303702,5.168097,5.048616
"IPO8",8.50968,8.84413,8.77253,8.60996,8.835308,9.007296,8.44881,7.916435,8.661746,7.739148,7.625246,7.642891,7.764434,7.742247,7.690876,7.887325,7.707342,7.292129,7.868166,8.162639,8.042571
"CAPRIN2",7.365931,7.848076,7.680351,7.583365,7.491809,8.031796,7.637435,7.001971,7.49149,8.152552,7.456547,7.881814,7.871975,7.835268,7.881924,8.056199,7.980138,7.69955,7.888051,8.027219,8.008737
"OVOS2",4.232009,4.583956,4.486996,4.178715,4.565259,4.046132,4.516997,4.278573,4.37677,4.286285,4.083143,4.136736,4.263644,4.277507,3.684266,4.122481,4.07903,4.391124,3.852546,4.314069,3.753839
"SINHCAF",4.983131,5.953888,6.2117,4.553521,4.253418,4.658813,5.475767,5.785943,4.910951,5.574645,5.49754,5.634417,5.788221,5.182326,5.571949,5.195728,4.924223,5.148631,4.933477,5.353524,5.555382
"DENND5B",6.332497,7.283918,6.930194,7.038695,6.826805,7.534437,6.970112,6.622343,6.578187,6.818789,6.164345,6.764757,6.357291,6.774109,6.600756,6.649967,6.653227,6.723827,6.816717,6.962351,6.657114
"AMN1",8.161422,8.165147,8.286443,8.16401,8.226398,8.643774,7.88784,7.51353,8.465238,7.504754,7.405891,7.3312,7.4074,7.768648,7.383041,7.65173,7.486316,7.031531,7.269719,7.850225,7.60927
"H3-5",9.555859,9.457363,8.489862,8.53195,9.283499,9.083006,9.069619,9.277494,9.397052,10.43317,10.683689,10.790169,10.45102,9.952417,10.217529,10.43549,9.927609,10.158328,10.26866,10.508578,10.578399
"ABCD2",8.247472,7.889836,8.31021,8.063846,8.723447,9.146435,8.250191,7.482023,7.933395,8.567,7.797954,8.00277,8.448869,8.946402,8.382095,8.492052,8.574097,8.026422,8.42197,8.475386,8.464072
"GXYLT1",7.567404,7.992068,7.197164,7.288047,7.691978,7.979173,7.53085,6.741741,7.683548,6.767638,6.625276,6.885876,7.562728,7.708506,7.36259,7.317417,7.000583,6.820785,7.574943,7.489896,7.524613
"YAF2",7.556743,7.670007,7.600535,7.7081,7.963218,8.163254,7.431406,7.034887,7.545976,7.103002,6.894294,7.102928,7.364804,7.516156,7.130678,7.447396,7.038769,7.037945,7.361051,7.331846,7.588702
"ZCRB1",7.273497,7.339701,5.939,6.805955,7.294889,7.87115,6.449634,6.939219,6.055691,6.899568,6.963349,6.682757,7.927743,8.09914,7.141769,7.378561,7.193152,6.843591,7.504784,7.158992,7.017413
"PUS7L",7.29796,8.0694,7.589683,7.685306,8.160464,8.327843,7.661905,6.947788,7.292569,7.076313,6.429967,6.478691,7.610886,7.824139,6.856987,7.20647,6.857441,6.631504,7.201612,7.46416,7.43514
"NELL2",9.104833,8.589605,9.736206,9.04856,9.187115,9.70375,8.714413,8.526829,8.77399,9.17694,8.450856,8.090138,8.598269,9.703785,8.735355,9.198867,8.592681,8.95353,8.707452,8.799354,9.053699
"SLC38A2",10.779582,10.939237,11.354976,10.907503,11.180502,11.271281,11.01813,10.371362,11.03085,10.503358,10.05475,9.983499,10.410972,10.547506,10.116038,10.287818,10.121537,9.958466,10.306791,10.566589,10.602071
"RPAP3",7.128276,7.274992,7.270891,7.215744,7.663442,8.26494,7.282577,6.195158,6.882933,7.163811,6.710739,7.24444,7.622237,7.751634,7.227221,7.299352,7.112118,6.77018,7.332069,7.522138,7.181568
"SENP1",8.315946,8.769452,8.559729,8.361004,8.285685,8.51765,8.281912,7.659127,8.209986,9.043501,8.827555,8.914719,9.4804,9.50607,8.923163,9.27075,8.952666,8.725817,9.133943,9.021913,9.347561
"ZNF641",7.885292,7.758688,7.301678,7.425293,7.714912,7.604238,7.847946,7.352622,7.920471,8.472031,8.665892,8.743385,9.083099,8.598491,8.666316,9.288471,8.27159,8.261541,8.278315,8.914556,8.891318
"SNORA2B",7.077517,7.136778,7.18364,7.089019,7.206159,7.557727,6.894764,6.432295,7.241889,5.263273,4.815222,5.046425,5.458639,5.406794,5.365412,5.366475,5.089732,5.13023,5.597627,5.399792,5.553625
"DDX23",8.163643,8.78321,8.491039,8.4871,8.664984,8.481273,8.243157,8.22648,8.598656,8.74712,8.795322,9.252324,9.075697,8.941658,9.058258,9.002239,8.930414,9.006711,9.139511,9.092253,8.97129
"ARF3",8.742544,9.213184,9.222305,8.908426,9.333048,9.137281,8.699812,9.631444,9.635458,9.617679,10.086403,10.091065,9.868972,9.781158,10.366475,9.955901,9.928225,9.791764,10.089911,9.758014,9.930678
"CERS5",8.148803,8.566815,8.49242,8.110053,8.440316,8.576101,8.120324,8.071289,8.252499,9.126586,8.851456,8.859771,8.980701,8.989964,9.031614,8.964103,8.671864,9.014907,8.982358,9.247459,9.202202
"PHBP19",6.861274,7.602242,7.691833,7.335113,7.476171,7.824371,7.570906,6.927459,7.64698,8.224638,7.994226,8.161314,7.444194,7.690857,8.310056,7.786419,7.966172,8.12077,8.058639,8.166959,8.09148
"SP7",8.321825,7.506565,7.908672,8.721368,8.001073,7.688743,8.049536,8.64583,8.155039,7.844908,8.051406,7.936538,7.584478,7.95672,8.116193,7.738707,7.912392,8.134411,8.003243,7.821402,7.727757
"ATP5MC2",9.690092,9.788437,9.495568,9.492107,9.518631,9.09634,9.91708,9.821396,9.500003,10.524948,10.508245,10.496834,10.32358,10.117504,10.385207,10.407845,10.548417,10.564132,10.517015,10.22734,10.224627
"CBX5",7.980451,8.916714,8.51115,8.292289,8.180456,8.623791,8.083102,7.129957,8.446444,9.5311,8.82672,9.317438,9.085071,9.266823,9.33045,9.208719,9.363634,9.203169,9.473176,9.379666,9.33267
"NFE2",8.153479,8.980021,8.599504,7.691756,8.818384,8.22725,8.790279,8.672319,9.028883,9.22799,10.054244,9.095996,9.890113,8.788914,9.044751,9.57381,8.940078,9.026114,9.072738,8.662205,9.238522
"ZNF385A",8.147067,8.434096,8.188632,8.166797,8.477175,7.978185,8.003267,8.43364,8.455059,8.522169,9.088724,9.610407,9.270733,8.676962,9.155773,8.931087,8.867715,8.981137,8.996392,8.727298,8.917067
"ITGA5",9.171841,9.104167,9.129887,8.556018,9.171451,9.03652,8.794246,9.250884,9.364546,9.265615,10.238578,9.817277,9.732617,9.364217,9.666119,9.846505,9.416067,9.480594,9.396011,9.525263,9.688591
"TESPA1",9.169382,9.383758,9.86863,9.665127,9.524772,9.68226,9.369514,9.099023,9.653162,9.675646,9.14622,9.450713,9.473895,9.829456,9.51978,9.65477,9.518229,9.450138,9.522145,9.17792,9.593004
"CD63",9.017209,8.929695,8.710949,8.139204,8.680693,8.382651,8.636262,8.829283,9.004949,8.011322,8.055074,7.913718,8.057537,7.483999,7.957729,7.81885,7.529616,7.483408,7.737421,7.882694,7.494438
"CS",8.938775,9.234826,9.160759,8.87867,9.26246,9.174108,9.056867,8.998459,9.324641,9.672106,9.751021,9.963742,9.537402,9.591913,9.734915,9.659388,9.778912,9.831966,9.724456,9.595581,9.905025
"STAT2",8.431634,9.746576,9.061022,8.742086,9.230978,9.338362,8.909079,8.428385,9.332955,8.647523,8.946986,10.831786,9.097353,8.974685,9.145962,9.155127,9.299647,9.319792,9.071881,9.313645,9.430611
"BAZ2A",8.902534,9.212772,9.338697,8.618902,9.022652,9.433461,9.003564,8.89093,9.695252,9.20989,9.712265,9.929962,9.150033,9.100026,9.683501,9.426571,9.393496,9.325949,9.29836,9.289096,9.443938
"SNORD59B",7.154803,7.788127,7.838167,7.221403,7.604182,8.137832,7.664645,6.774161,7.819522,6.695168,6.018876,6.049092,6.508874,6.660196,6.480873,7.00159,5.991658,6.286576,6.458532,6.818059,6.469745
"SNORD59A",5.230606,5.631901,5.350043,4.784363,5.361956,5.923804,5.309294,4.483837,5.06252,4.829977,4.407031,4.614605,5.253144,5.163029,4.964211,5.148604,4.620875,4.525065,4.927714,5.087092,4.843181
"PTGES3",9.72994,10.080669,9.708233,9.828685,10.359728,10.298656,9.838518,9.19154,9.799015,9.440452,8.95636,9.203356,9.95875,9.588012,9.166866,9.632993,9.26757,9.026148,9.569993,9.704651,9.51312
"NACA",10.666644,10.173901,10.393369,10.768521,10.078792,10.447302,10.253877,10.27424,9.400313,10.143754,9.697111,9.780488,10.350958,10.448171,10.123205,10.353145,9.921926,9.955734,10.245237,10.466518,8.630729
"PRIM1",7.580193,8.018563,7.701931,7.719319,7.714295,8.305507,7.889303,6.92113,7.632097,7.524284,6.917858,7.08698,7.751076,7.780501,7.383063,7.362834,7.282626,7.439548,7.245965,7.645975,7.456438
"ARHGAP9",8.858036,8.771392,8.857441,8.487364,8.74489,8.912928,8.856718,8.919361,8.975149,9.243454,9.830757,9.667609,9.539741,9.406319,9.50676,9.699763,9.379872,9.166307,9.531546,9.488218,9.513488
"CDK4",7.942326,8.596546,7.88329,7.835748,7.940691,7.757465,8.167465,7.642971,7.953121,8.724697,8.43291,8.363647,9.043436,9.076709,8.779579,8.820407,8.590449,8.571469,8.741347,8.762769,8.785829
"AVIL",8.169717,6.946403,7.583497,7.087359,7.491564,7.745407,7.125506,7.480283,7.806395,7.144174,7.920587,7.542764,7.540673,7.475335,7.456503,7.577154,7.44139,7.339464,7.540408,7.47782,7.495299
"GNS",9.439179,10.130708,9.556326,8.805126,9.704951,9.653571,9.336713,9.300419,9.974978,9.122574,9.465417,9.884248,9.573534,8.734195,9.562827,9.437083,9.270479,9.329405,9.771944,9.777993,9.513599
"MDM1",6.147502,6.647478,6.95323,6.547483,6.773822,7.248453,6.84412,6.329429,6.513377,6.837504,6.513017,6.970569,7.335637,7.380485,7.028053,7.193426,6.721854,6.54968,6.925477,7.283049,7.08938
"ZFC3H1",9.438323,9.747377,9.783081,9.284172,9.699658,10.271928,9.593938,9.090807,9.726878,8.756163,8.632956,8.554466,8.595495,8.997674,8.854689,8.913669,8.779854,8.449456,8.798961,9.144477,9.266905
"KRR1",7.332379,7.918715,7.687692,7.535234,7.929554,8.352513,7.452798,6.970269,7.214093,7.488397,7.036536,6.933612,8.067788,8.380641,7.406906,7.645084,7.280339,7.050044,7.404862,7.700661,7.80798
"NAP1L1",10.272594,10.373334,10.43381,10.653317,10.775113,11.149509,10.406783,10.050918,10.392423,9.155258,8.401237,8.609787,9.554068,9.640554,9.011544,9.435835,8.725461,8.875909,9.20558,9.388729,9.256395
"BBS10",6.468199,7.209611,7.039701,7.004965,7.326488,7.310709,7.04354,6.431083,6.981786,7.20072,7.193856,6.846406,7.676922,8.074816,7.585785,7.459896,7.097037,7.31588,7.369434,7.728884,7.780655
"OSBPL8",10.150584,9.857201,9.801558,9.466482,10.234455,10.324213,10.003481,9.849344,9.903554,9.561759,9.573717,8.996762,9.815879,9.666461,9.441619,9.737809,9.400843,9.274758,9.651417,9.806373,9.916781
"LIN7A",8.098427,7.21803,7.378831,6.613303,7.468834,7.748858,7.01086,7.403828,7.169076,7.671347,8.339593,7.107828,8.528731,7.358491,7.272006,8.191348,7.534828,7.288121,7.977951,7.805505,7.902396
"CCDC59",6.430968,6.856875,6.345221,6.762405,6.881775,7.832418,6.130129,6.437223,6.01776,5.811539,5.950091,6.049471,6.834175,7.196369,5.84793,6.974624,6.351133,6.192126,6.285994,6.504125,6.302511
"CEP290",5.327271,6.069305,5.778217,5.702866,5.848682,6.738736,5.508459,5.053861,5.530293,5.48194,5.083921,5.070994,5.671002,6.070705,5.258761,5.59402,5.360706,5.09389,5.397918,5.619959,5.580088
"DUSP6",10.040889,9.754778,9.469902,9.099644,10.197581,9.718025,9.950603,9.90468,10.160764,8.580727,9.515935,10.207061,9.938655,8.944081,9.662345,9.59727,9.265758,9.429845,9.363762,9.516524,9.464379
"ATP2B1",9.862698,10.195768,10.235143,10.058253,10.354064,10.654719,10.318896,9.773447,10.470179,9.237652,9.320039,9.48238,9.06098,9.297811,8.993494,9.373402,9.261182,8.970102,9.364828,9.436907,9.414114
"EEA1",6.717105,7.294336,7.140847,6.551821,7.081106,7.969302,6.900722,6.481573,6.937614,6.843415,6.23482,6.413093,7.042108,7.153424,6.55815,6.912104,6.530624,6.404185,6.547907,7.140982,6.984743
"CEP83",5.270298,5.824288,5.521695,5.566712,5.750042,6.076232,5.307774,5.098351,5.423879,5.691389,5.075208,5.268373,5.597059,5.968617,5.500024,5.754342,5.448257,5.176439,5.55613,6.131435,5.936948
"TMCC3",8.604857,8.321356,8.552793,7.399986,8.423065,8.490573,8.556407,8.421669,8.574007,8.356716,9.735534,9.245057,9.102487,8.464382,8.650446,8.993886,8.841367,8.790281,8.908053,8.909631,8.972488
"NDUFA12",8.557264,8.59709,8.438436,8.265713,8.709235,8.171064,7.994091,7.507368,7.833893,8.956237,8.680076,8.827658,9.653782,9.473619,9.237287,9.2003,9.272616,8.869253,9.022054,8.953169,9.279478
"USP44",6.136962,6.048282,6.721031,6.631221,6.111693,6.313008,6.067423,6.069366,5.811616,5.728625,5.617475,5.773496,5.802129,6.151506,5.53107,5.692685,5.882828,5.75622,5.83436,5.735308,5.681149
"HAL",8.975152,8.4239,8.455978,7.68692,8.66432,8.840287,8.3569,8.917163,9.190083,8.358921,9.451132,8.603258,8.644862,8.418155,8.495899,8.707975,8.426627,8.441456,8.618845,8.958079,8.56179
"IKBIP",6.701599,6.086833,6.233596,6.188265,6.517846,6.483696,6.213719,6.072534,6.345698,6.291042,6.804358,6.080753,6.717516,6.631665,6.277165,6.550343,6.119554,5.824997,6.454147,6.356638,6.925761
"UHRF1BP1L",8.614098,8.673661,8.333801,7.861361,8.745344,8.898699,8.115531,8.131918,8.615106,7.622488,8.165508,7.759117,7.975741,7.780056,7.757549,8.186419,7.86964,7.361182,7.917171,7.961106,8.027232
"ARL1",7.253591,7.476032,7.261064,6.991739,7.152465,7.659358,7.379521,6.40122,7.15431,7.319259,6.919638,7.119864,7.678955,7.783077,7.636367,7.519756,7.590407,7.746702,7.373367,7.397354,7.62887
"GNPTAB",8.452411,9.058089,8.708656,8.51079,8.902036,8.843574,8.798054,7.950858,8.770718,7.986941,8.031924,8.145177,8.324761,8.181051,8.243678,8.244018,7.946286,7.822405,8.229995,8.316131,8.427967
"WASHC3",7.454111,7.632006,7.213701,6.985781,7.191534,7.986389,7.40083,6.96262,7.443265,7.49186,7.259657,7.382677,7.77312,8.134779,7.236571,7.76255,7.408091,7.385201,7.727763,7.435462,7.639061
"NUP37",7.199671,7.941949,7.2768,7.584198,7.115003,7.873265,7.438723,6.636596,7.243898,6.751991,6.385011,6.675823,7.191689,7.437704,6.87286,6.957935,6.814673,6.280607,7.133539,6.916095,6.799054
"NFYB",6.263224,6.395814,6.447239,6.596712,7.097095,7.559235,6.332695,6.293239,6.444328,5.344196,5.091812,4.886395,5.61,6.099093,5.198363,5.603237,5.39325,5.084855,5.297956,5.344551,5.010236
"CMKLR1",6.853389,7.24941,6.190008,6.410717,6.887368,6.752073,7.041974,6.775598,7.622062,7.104748,7.43334,8.079434,7.564728,7.036726,8.03683,7.335935,7.082481,7.382325,7.678077,7.491036,7.629922
"SART3",8.481382,8.708242,8.833971,8.48953,8.542885,8.904977,8.893533,8.366875,9.024818,7.674282,7.495954,7.844674,7.648013,7.702898,7.979452,7.895379,7.742835,7.443817,8.031972,8.030533,7.838465
"SELPLG",9.6849,9.884135,9.858053,9.176284,9.707112,9.265201,9.918549,10.176115,10.230173,11.541103,12.09097,11.831084,11.741045,11.622813,11.720544,11.721925,11.797632,11.603781,11.602974,11.481473,11.875018
"ARPC3",11.140714,10.414505,10.473008,10.637715,10.379072,10.984606,10.38869,10.850812,10.131783,9.469497,9.828352,9.71351,10.192429,10.07935,9.674908,10.024758,9.72485,9.700741,9.924096,9.949078,9.517956
"VPS29",8.588057,8.596363,8.322527,8.642235,8.53409,8.972885,8.245638,7.739199,8.341623,7.877932,7.689289,7.729158,8.046654,8.628082,7.959031,8.392588,7.734145,7.753244,8.192045,8.235264,8.223778
"MAPKAPK5-AS1",6.343597,6.607712,6.466299,5.960874,7.083461,7.147531,5.994968,6.101464,5.849409,6.620932,5.695698,6.136696,7.001182,7.243441,6.265843,6.803351,6.399665,6.032766,6.428048,6.745485,6.741048
"TESC",8.099076,8.188982,8.210375,7.848334,8.747972,7.810249,8.61721,8.080472,7.976529,8.748617,9.213089,9.055396,9.878215,8.435745,8.96508,9.435268,8.934451,8.815454,8.910219,9.134957,8.618571
"WSB2",8.673683,8.751326,8.452519,8.290192,8.802009,8.490801,8.40639,8.49012,8.681286,8.931408,9.226898,9.439396,9.489797,8.848945,9.237783,9.287044,8.731723,8.895518,9.210962,9.221856,9.183737
"RAB35",8.125754,8.538215,8.394878,8.06797,8.32615,8.286952,8.427873,8.497804,8.591669,9.17747,9.308319,9.255257,9.156529,9.169221,9.371762,9.293234,9.316317,9.085739,9.179383,8.988333,9.127865
"RPLP0",9.691521,9.513436,8.653366,9.034774,8.896054,8.761285,9.531988,9.040872,9.332715,10.477955,9.874129,10.036767,10.541396,10.992132,10.095118,10.578845,10.334903,10.456873,10.415552,10.800029,10.395444
"PXN",8.768209,9.328759,9.172932,8.629555,9.266058,9.195695,8.982602,9.369887,9.761357,9.242332,10.097209,9.684305,9.316702,8.875121,9.261761,9.393386,9.302997,9.186861,9.373886,9.003426,9.404031
"RNU4-2",6.533047,6.532413,6.23331,5.042948,6.0698,6.332201,6.059043,5.295446,5.492428,6.832618,7.193008,8.599854,7.402915,7.930657,7.603462,7.847762,6.993951,8.252731,7.469481,8.196665,8.386074
"RNU4-1",8.974098,8.885823,8.659728,8.314405,8.512169,8.65264,8.732815,8.421158,8.188544,9.794524,10.051428,9.999126,10.073395,10.760262,9.942191,10.907879,9.402248,10.897777,10.200451,10.6889,10.02736
"POP5",6.720716,7.269221,7.171273,6.980269,7.041317,7.444889,6.986695,6.498533,7.056017,6.090301,5.983942,6.445949,6.645213,6.654149,6.410071,6.394689,6.182202,6.268862,6.01694,6.835266,6.218374
"HNF1A-AS1",5.124124,4.769748,5.193928,5.848462,5.592047,5.494375,5.341868,5.735479,5.26706,5.835365,5.87799,5.651669,5.031939,5.188039,5.760722,5.300093,5.725577,5.662894,5.631314,5.718818,5.237377
"OASL",7.273591,8.388138,7.271739,7.029254,7.454465,7.505207,7.182966,7.117746,6.963254,7.229237,7.754464,10.040051,7.938106,7.205361,7.717108,7.751317,8.023936,7.461969,7.516898,7.25072,8.203342
"RHOF",8.110911,8.504793,8.374576,8.23426,8.262311,8.076268,8.339135,8.223332,8.400278,9.355363,9.326983,9.29364,9.784768,9.507117,9.521958,9.578667,9.405208,9.349682,9.344522,9.408967,9.603783
"LINC01089",7.906498,8.190188,8.286121,7.984663,7.523293,8.174793,8.034356,7.634071,8.033939,8.531189,8.354896,8.37497,8.520604,8.842096,8.849528,8.751954,8.4984,8.394653,8.530679,8.614333,8.755771
"RSRC2",8.286417,8.302795,8.548472,8.277585,8.240829,8.931061,8.278217,7.484349,8.173162,7.823271,7.638639,7.590661,8.215728,8.086053,7.9683,8.1756,7.625987,7.475273,8.155486,8.136676,7.934514
"HCAR2",8.584716,8.551305,8.491085,7.541972,8.734382,9.026326,8.68843,9.198849,8.770928,8.488887,8.109628,7.526138,7.954642,8.134399,8.150565,7.812869,8.113399,7.798353,8.138812,7.342862,7.66237
"HCAR3",8.628619,8.869418,8.548531,6.953061,8.685162,9.363695,8.490401,9.396654,8.931694,8.038132,8.135401,7.300164,7.845063,7.774305,7.871412,7.79684,7.449758,7.167152,8.350833,7.212913,7.927125
"CDK2AP1",8.247457,8.441721,8.280487,8.381875,8.338062,7.988776,8.501201,8.534831,8.4721,9.108285,9.68638,9.03506,9.754378,9.094414,9.360933,9.383627,8.886743,9.163832,9.287602,9.246752,9.040978
"SBNO1",8.581401,9.037873,9.097352,8.995738,8.982961,9.535745,8.858998,8.31187,9.277722,7.956839,7.811592,7.829479,7.940978,8.081884,7.944318,8.125882,8.053048,7.650589,8.137074,8.432649,8.059755
"CCDC92",7.084804,7.883411,7.481262,7.386505,7.653947,7.283685,7.432968,6.908341,7.702237,7.833706,8.040245,8.08014,8.434019,7.991912,8.342273,8.229106,7.875941,7.87105,7.930793,7.971036,8.487852
"LOC101928697",4.834351,5.079353,4.683643,4.767583,4.682088,4.943578,4.284425,5.526388,4.687319,5.306556,5.033721,5.563483,5.230884,4.895094,5.018995,5.145597,5.603998,5.605098,5.382396,5.289334,5.207591
"IFT88",5.926498,6.438979,6.708926,6.707194,6.51688,7.286589,6.434997,6.248253,6.364033,6.192896,5.954244,6.010781,6.266346,6.21302,6.209079,6.348531,6.02689,6.064478,6.264796,6.41177,6.543269
"SAP18",8.945741,9.049852,8.992709,8.741248,9.012486,8.81377,9.018678,8.740392,8.901138,8.245852,8.380984,8.059935,8.571244,8.519693,8.348425,8.458059,8.310026,8.327585,8.1946,8.435114,8.361674
"MRPL57",7.571125,7.732761,7.572077,7.457067,7.433039,7.528333,7.842456,7.575699,7.309551,6.900644,6.530255,6.90618,7.177406,7.249234,6.905088,7.153556,6.836155,7.237705,6.845207,6.931919,7.211793
"C1QTNF9",4.510104,4.179062,4.556881,4.744979,4.387042,4.102478,5.225631,4.966362,4.36188,4.969734,4.274537,4.52439,4.1046,4.78507,4.6766,4.338386,4.867074,4.546336,4.538478,4.379189,4.159402
"NUP58",8.49296,8.914314,8.535089,8.139823,8.638173,8.852069,8.422355,8.231135,8.731284,7.901174,8.292389,7.929885,8.213937,8.056935,8.102199,8.31449,7.967715,7.744183,8.322749,8.391558,8.465364
"CDK8",7.95966,8.455309,8.046553,8.141517,8.380247,8.41967,7.934569,7.409063,8.008144,7.639094,7.382053,7.353027,8.087845,8.191549,7.671184,7.839758,7.65171,7.432605,7.768225,7.901416,7.878264
"SNORD102",4.98385,5.332209,4.952965,4.957461,5.557428,5.873453,5.251733,4.66129,5.366536,5.196919,4.795627,4.979367,5.674795,5.808234,5.371952,5.51123,5.255781,5.012785,5.382456,5.427563,5.443977
"SNORA27",6.82145,6.934011,7.109104,7.161114,7.159437,7.451997,7.461984,6.554512,6.64718,6.900479,6.186718,6.187478,6.891695,7.083376,6.726292,6.724476,6.55657,6.407621,6.949658,6.905192,6.835144
"GTF3A",9.07065,9.218374,8.761858,8.822355,8.82401,8.955787,9.06376,8.533116,8.690225,7.953525,7.63955,7.999944,8.413012,8.619693,8.100447,8.271992,8.280205,8.066141,7.983742,8.387131,8.397093
"ATP5F1EP2",7.508786,7.203172,6.957369,6.82743,7.178178,7.280344,6.711808,6.845146,6.089748,7.622056,7.381642,7.051473,8.486236,8.935536,7.772054,8.136742,7.604741,7.571837,7.57526,7.839445,7.403101
"POMP",7.748864,7.93883,7.666287,7.616545,7.754954,7.973421,7.547338,7.435651,7.4433,8.663091,8.322596,8.121301,9.553293,9.289805,8.837667,9.045782,8.662154,8.38006,9.217043,9.042583,8.083742
"USPL1",8.688697,9.095601,9.003878,8.874753,9.18071,9.510143,9.109501,8.417359,8.932876,8.510894,8.053627,8.512609,8.476518,8.804317,8.533941,8.606196,8.408353,8.163368,8.484373,8.494718,8.754204
"ALOX5AP",10.80979,10.599212,10.743792,10.310459,10.542654,10.309983,10.935078,11.258947,11.047563,11.433311,12.334906,11.83747,12.295559,11.607826,11.750451,11.911744,11.838547,11.802195,11.85441,11.554724,11.559684
"FRY",9.337468,8.934178,9.142017,7.957509,9.222924,9.606451,8.684443,9.031879,9.913488,8.516065,9.792521,9.464224,8.965402,8.60912,9.083913,9.285382,8.98453,8.911843,8.982421,9.133066,9.260363
"PDS5B",8.54958,8.915557,8.894324,8.528871,9.097751,9.282477,8.580865,8.189109,8.851056,8.245964,8.089421,8.064712,8.263015,8.319132,8.300203,8.354363,8.217932,7.995036,8.289641,8.387118,8.632048
"RFXAP",7.433463,7.508311,7.685662,7.577065,7.950705,7.778194,7.665916,7.177464,7.681213,6.820635,6.36298,6.63739,7.06455,7.158327,7.052209,6.975032,6.95705,6.531377,7.130429,7.174082,7.10158
"EXOSC8",7.059603,7.55188,7.492628,7.327233,7.116125,7.977268,7.060036,6.322292,6.99347,6.879815,6.192782,6.454919,7.134075,7.586684,7.127363,7.318527,6.582975,6.567241,7.134203,7.092297,6.807715
"UFM1",8.064418,8.575423,8.086437,8.375173,8.495424,8.883017,8.337151,7.708274,7.756243,7.750542,7.497255,7.286243,8.604463,8.611083,7.708378,8.310015,7.486604,7.510836,7.967815,8.226238,8.323732
"COG6",8.493974,8.67658,8.450541,8.642551,8.776195,8.591413,8.211987,7.581828,8.154411,7.944188,7.114566,7.62109,8.246851,8.242883,7.85635,7.920406,7.816486,7.486917,7.703516,8.232714,8.29446
"WBP4",6.047354,6.165709,5.918242,6.104745,6.040707,6.612257,5.957724,5.5105,6.016535,5.654212,5.349755,5.596437,6.366481,6.010074,5.703181,6.17969,5.634186,5.688583,5.809667,5.987954,6.038766
"NAA16",8.18496,8.475827,8.580284,8.305629,8.643257,9.07244,8.20435,7.451239,8.219626,7.920752,7.662504,7.498343,7.860646,8.234235,7.608396,8.200008,7.886415,7.595644,7.738689,8.274539,8.416682
"AKAP11",8.095647,8.718473,8.722699,8.697511,8.711981,8.989577,8.645388,7.955049,8.336005,8.109371,7.647077,7.83622,7.810416,8.209031,7.752475,7.968679,7.731754,7.698328,7.960589,8.268298,8.295455
"DNAJC15",7.432,6.768971,7.247059,6.732393,7.524934,7.406996,7.395136,6.36545,6.880238,8.468271,7.936433,8.281008,8.96979,9.625726,8.039366,9.035389,8.484718,8.515407,8.918142,9.112736,8.543373
"GPALPP1",7.627516,7.965717,8.02253,7.72389,8.066049,8.174418,7.725358,7.137393,7.467652,7.21405,6.877416,7.030991,7.611685,7.677728,7.34608,7.404377,7.19461,7.418195,7.402015,7.37551,7.547293
"TPT1-AS1",7.472848,7.932027,8.062892,7.79436,7.773203,8.065882,8.08265,7.285025,8.397122,8.155816,7.799499,8.25987,8.626869,8.452374,8.182479,8.658455,7.787963,7.729273,8.170106,8.361916,8.671573
"CYSLTR2",6.908661,6.712036,7.369191,6.429121,7.486471,7.567787,6.866627,6.175752,6.724272,6.584843,7.154253,7.555467,7.611093,6.772995,6.815534,7.016639,7.161499,6.875033,7.324087,7.029764,7.23274
"SETDB2",7.760601,8.407839,8.156148,8.006513,8.256029,8.540878,7.895322,7.277027,8.122277,7.234903,6.455802,6.770209,7.315016,7.570661,7.077681,7.280189,6.994812,6.758242,7.221143,7.362005,7.581388
"PHF11",8.199335,8.775059,8.452413,7.951137,8.508829,9.016055,8.140342,7.888338,8.530591,8.262023,8.019155,9.042375,8.611333,8.507695,8.274605,8.583106,8.408044,8.218043,8.473025,8.498725,8.903753
"RNASEH2B",8.338146,8.677956,8.74524,8.540994,8.468687,9.007983,8.496575,7.766662,8.123461,8.095015,7.741547,8.167808,8.591214,8.668843,8.187754,8.204903,8.348648,8.178092,8.43376,8.584933,8.530561
"CKAP2",7.188293,8.33202,7.808461,7.37057,8.063399,8.096832,7.702321,6.85447,7.806973,7.245554,6.734241,7.057993,7.547321,7.331211,7.258834,7.32217,7.174265,6.849416,7.366657,7.573106,7.481725
"SUGT1",8.158171,8.126649,8.131818,8.169976,8.390856,8.624641,8.23566,7.43458,7.927204,7.263245,6.793025,7.039063,7.588888,7.644446,7.310619,7.392475,7.201436,7.00889,7.649191,7.562042,7.573287
"OLFM4",5.458228,5.482982,5.463858,5.275709,5.39146,5.001675,5.593495,5.83268,5.08531,5.754493,6.015249,5.679797,5.815142,5.600648,5.586994,5.354009,5.45238,5.492003,5.31209,5.617855,5.426386
"BORA",6.474156,6.948816,6.178033,6.483207,6.813395,6.938592,6.346748,5.480154,6.466307,6.304654,6.091659,6.038061,6.727656,6.610318,6.181862,6.326031,6.135781,6.284936,6.149473,6.477265,6.418887
"PIBF1",6.31787,6.848015,6.924519,6.677632,6.79179,7.612384,6.586771,5.716595,6.172565,6.592332,5.950859,5.973048,7.121746,7.59065,6.756193,6.949536,6.506377,6.245074,6.784501,6.878877,7.152842
"UCHL3",8.312973,8.59629,8.34312,8.457476,8.369851,8.876097,8.260183,7.62726,7.775789,7.67225,7.280281,7.398066,7.975639,8.254625,7.722695,7.800079,7.397664,7.60607,7.726553,7.803329,7.905869
"CLN5",6.504035,7.317632,6.767045,6.515161,6.870489,7.14149,6.516623,6.487835,6.946511,7.766857,7.268913,7.555093,8.084031,8.191853,7.564177,7.898683,7.548305,7.231944,7.776463,8.091431,7.912759
"SLAIN1",8.126236,8.132264,8.057032,8.050675,7.954762,8.17711,7.54417,7.64284,7.752891,8.821378,8.261989,8.343231,8.979775,9.398764,8.638499,8.814146,8.617833,8.66232,8.675667,8.565656,8.85106
"DNAJC3",8.561048,8.749174,8.182077,7.775636,8.765755,9.006236,8.541089,8.308941,8.865809,8.123535,8.194725,7.629888,8.084655,7.719383,7.587208,8.068116,7.902806,7.476826,8.001062,8.160417,8.10227
"RAP2A",7.885388,8.556974,7.933502,8.026556,8.44058,8.303203,8.269834,7.631987,8.125434,7.794477,7.300438,7.418589,8.152882,8.092401,8.179366,8.120118,7.637295,7.686479,7.617856,8.080521,8.109281
"TM9SF2",10.734017,10.858256,10.900594,10.528742,11.00884,11.178287,10.696461,10.706963,11.236363,11.213547,11.428687,11.233044,11.342288,11.177232,11.219466,11.331277,11.264994,10.981031,11.425706,11.29071,11.453236
"TPP2",9.626528,10.081729,10.110098,9.941123,9.80614,10.307408,9.889438,9.384824,9.891717,9.254365,8.783344,8.90841,9.240488,9.613513,9.25953,9.282595,9.168452,9.00365,9.298501,9.305036,9.59341
"BIVM",7.048542,6.924822,7.07715,6.588178,7.023077,6.213986,7.150563,6.687575,6.569667,6.95965,7.196469,7.156935,6.700744,7.014726,7.223679,6.989491,6.736835,6.615319,6.616006,6.90034,6.495205
"ABHD13",9.241002,9.214205,9.049572,9.054866,9.432208,9.403671,9.278543,8.934327,8.938549,9.634556,9.591574,9.305208,9.969928,10.257327,9.598397,9.810835,9.55474,9.474968,9.702784,9.923381,9.930054
"TNFSF13B",8.839925,9.097294,8.2708,7.960226,9.174892,8.954548,8.448606,8.806702,9.278296,8.887866,9.740294,10.39849,10.115092,8.986161,9.192171,9.359653,9.178055,9.02713,9.309688,9.57407,9.449147
"TFDP1",8.773966,9.445887,8.781204,8.872796,9.515667,9.037528,8.920145,8.494523,8.958435,9.579554,9.560171,9.307762,10.115467,9.612335,9.603128,9.816475,9.459399,9.505937,9.813118,9.778548,10.114906
"UPF3A",9.832953,9.576473,9.528659,9.451341,9.528464,9.381129,9.421668,9.326659,9.638719,8.446873,8.908244,8.711543,8.656053,8.295351,8.583884,8.504629,8.658296,9.056267,8.932027,8.56744,8.632153
"TPTE2",6.122315,5.60298,6.552043,6.257515,4.636978,4.48367,3.780899,4.957461,6.3862,6.566765,5.865406,6.425321,6.431535,5.504011,5.041842,6.022742,5.304724,5.688077,6.013342,4.585738,6.357281
"ZMYM5",6.772008,6.997509,7.029095,6.691444,7.064221,7.426865,6.757948,6.310672,6.867144,7.602663,7.407257,7.221256,7.603175,7.95378,7.61348,7.763852,7.595642,7.442737,7.470261,7.596298,7.767038
"XPO4",7.463173,8.207791,8.074734,7.680656,7.992188,8.232843,7.943136,7.39732,7.835898,7.343997,7.067449,7.258349,7.377941,7.676712,7.314513,7.513237,7.189783,7.134678,7.383579,7.695232,7.745748
"SKA3",5.163239,6.099701,5.280149,4.886292,6.077073,5.873835,4.93512,4.862466,4.942392,5.474646,5.706159,5.162092,6.367965,6.551855,5.311034,5.636738,5.494952,5.267228,5.63769,5.301591,5.709975
"MICU2",7.650894,7.94868,7.523494,7.537965,7.920244,8.267631,7.520915,6.9801,7.660562,7.557809,7.189758,6.933039,8.063078,8.166323,7.585025,7.843625,7.409945,7.385355,7.599574,7.905827,7.816564
"SACS",7.18698,7.255034,6.919455,7.236649,7.083513,7.502278,6.962715,6.309407,6.830682,7.20795,6.688273,6.656719,7.448778,7.592901,7.018204,7.215929,7.093505,6.689903,7.223832,7.38871,7.229688
"MIPEP",6.777233,7.702968,7.368326,7.546552,7.279355,7.795886,7.204345,6.950445,7.411569,7.0158,6.467783,6.992917,6.42278,6.888978,6.777989,6.726024,6.998427,6.576389,7.09602,6.642883,6.853168
"C1QTNF9B",5.059323,3.729293,5.314056,4.934812,4.774231,5.059613,4.608792,4.429737,4.496264,5.318399,5.131655,4.932766,4.217923,5.210882,5.482992,4.868485,5.887626,5.14157,5.007739,4.959159,4.404484
"RNF6",7.389966,7.459113,7.401187,7.406196,7.598816,7.833226,7.103688,7.051789,7.312213,6.576639,6.351492,6.279723,7.027725,7.036971,6.394563,6.787862,6.286747,6.360624,6.472847,6.705085,6.636361
"GPR12",5.527538,5.665202,5.697459,6.157368,5.578422,5.086794,5.999308,6.219917,6.196633,5.973457,6.286208,6.248622,5.557736,5.752494,6.03874,5.842995,6.067487,6.198401,5.738333,5.844115,5.881773
"USP12",7.341905,7.543899,8.047486,8.173221,9.398819,7.998902,9.13742,6.86047,7.779668,6.289315,5.491295,5.403533,6.177087,6.043139,6.023984,6.54225,5.625016,5.98952,6.260739,6.539176,6.442031
"SLC46A3",8.440562,8.469765,8.610093,8.27094,8.824857,8.833415,8.655224,8.142981,8.726152,8.047054,7.889158,7.887813,8.461476,8.696225,8.065026,8.342062,7.928476,7.990537,8.186784,8.192996,8.582987
"UBL3",8.442031,8.481552,8.371009,8.254539,8.628713,8.602779,8.308485,8.18757,8.491345,7.67464,7.792331,7.570472,8.257515,8.163078,7.861693,8.012614,7.761565,7.568455,7.973257,8.166774,7.802466
"HMGB1",8.176956,8.660263,8.267798,8.770968,8.310788,9.038023,7.659164,7.666505,8.361174,7.748336,6.677745,7.007578,8.092274,8.453856,7.367147,7.722445,7.741465,6.986077,7.539464,7.810597,7.586142
"HSPH1",8.50872,8.729933,8.925081,8.590812,8.842749,9.244436,9.051883,7.77899,8.627104,8.281052,7.721227,8.164569,8.542596,8.691937,7.975714,8.270707,8.282691,7.916514,8.420202,8.305306,8.245683
"SPART",7.419672,7.57483,7.479313,7.079921,7.51626,7.891186,7.651022,6.981521,7.751179,6.765885,7.561152,7.270969,7.175639,7.251849,6.997948,7.237289,6.859925,6.876399,6.955514,7.095882,7.195974
"SUPT20H",9.556386,9.657112,9.235877,9.077553,9.5024,9.735766,9.27271,8.696843,9.544777,9.22448,8.992143,9.161973,9.539451,9.610744,9.315157,9.598255,9.210921,9.008779,9.397123,9.557551,9.512273
"PROSER1",7.827546,8.197136,8.33597,7.835045,7.985836,8.404841,8.023991,7.759396,8.28435,8.452279,8.270525,8.619981,8.443029,8.71177,8.610952,8.256986,8.440885,8.38067,8.635636,8.413744,8.78833
"MRPS31",7.250112,7.349107,7.268079,7.322854,7.411567,7.435882,7.51693,6.567379,7.046458,6.98266,6.539631,6.628352,7.256935,7.709749,7.021991,7.173928,6.988883,6.92141,6.851986,7.153461,7.087916
"ELF1",10.938862,11.173216,11.309421,11.060869,11.196469,11.444927,11.157967,10.664445,11.197027,10.48307,10.462377,10.941806,10.496524,10.405041,10.369223,10.379977,10.457127,10.193269,10.605839,10.575911,10.582267
"KBTBD7",7.533018,7.877584,7.574163,7.624191,7.619973,8.161636,7.860327,7.713633,8.000069,7.632759,8.122309,7.311872,8.230952,7.919906,7.432831,8.076237,7.785323,7.39556,7.717126,8.11824,7.744413
"MTRF1",7.078463,7.821797,7.696718,7.422451,7.373872,8.21122,7.442355,6.76773,7.330016,6.976396,6.910815,6.994038,7.057475,7.600843,7.254307,7.209898,7.077913,6.872151,7.078868,7.276448,7.31411
"EPSTI1",6.588761,8.760134,6.744751,6.920328,8.117912,8.131711,7.203084,6.10181,7.496859,6.679158,6.079944,9.063524,7.755801,7.203323,8.012826,7.072318,7.610973,6.609082,6.468416,7.168007,7.976644
"TPT1",7.965078,7.821699,7.423057,7.429302,7.535114,8.063374,7.32984,7.319755,7.548661,7.201979,7.140772,7.048032,7.075335,8.242253,7.688913,7.738192,7.416464,7.337039,7.462468,7.621849,7.215161
"SLC25A30",7.091395,7.402729,7.399927,6.801406,7.608939,7.760987,7.367635,6.32349,7.281577,6.876692,6.577677,7.161184,7.160484,7.31351,7.007973,6.966474,7.031331,6.574881,7.10503,7.509386,7.155781
"ZC3H13",7.969083,8.525585,8.477175,7.93551,8.144967,8.93622,8.07126,7.441573,8.552514,7.423022,7.691148,7.584786,7.823392,7.879404,7.527788,7.724883,7.311581,7.469361,7.505193,7.701859,7.754132
"RUBCNL",9.295337,9.326275,9.137086,9.125791,9.373055,9.86407,9.533771,9.312686,9.555793,8.882923,9.406616,9.001236,8.384473,8.972099,8.872631,9.04624,8.896589,8.810584,9.297215,9.439612,9.275259
"ESD",7.643856,7.738421,7.62246,7.951433,7.694149,7.805268,7.338682,7.477236,7.481067,7.127171,7.014301,6.906331,7.58236,7.652571,6.951197,7.276926,7.165428,7.018362,7.299462,7.262592,7.102262
"SUCLA2",8.032592,8.62532,8.121025,8.671692,8.432722,8.843666,8.150704,7.583587,8.193658,7.924423,7.270685,7.603333,8.143149,8.475656,7.889955,8.111228,7.945709,7.796712,7.938115,8.065163,7.944062
"MED4",7.374784,7.580642,6.97093,7.189339,7.562375,7.936185,7.385279,6.254888,7.26463,6.567274,6.447103,6.559701,7.273967,7.168133,6.794618,6.991434,6.637276,6.480823,6.897568,7.160006,6.906302
"PCNP",8.777428,8.841435,8.802908,8.898291,8.970963,9.104113,8.878511,8.3269,8.666085,8.613734,8.441732,8.31316,9.213159,9.261181,8.381487,8.735541,8.533953,8.487305,8.734797,9.117991,9.008107
"LPAR6",8.533141,8.719162,7.894061,8.505145,9.06679,9.182503,8.393709,8.147415,8.281229,8.362776,7.559552,8.016602,9.170083,9.425796,8.211235,8.358895,8.087222,7.901224,8.110025,8.432578,8.414075
"RCBTB2",8.696448,8.635796,8.080771,7.632472,8.245827,8.49316,8.019492,8.496507,9.080021,8.095924,8.594255,8.539722,8.388012,7.744384,8.304149,8.476752,7.869055,7.853515,8.3001,8.574207,8.361345
"KPNA3",8.143515,8.859685,8.273145,8.192033,8.388372,8.535774,8.328669,7.747233,8.520669,8.615827,8.317698,8.627434,8.818469,8.754543,8.675837,8.784156,8.499648,8.432557,8.794373,8.815838,8.635224
"DLEU2",10.09419,10.002251,9.712907,9.985231,9.99015,10.643939,9.956607,9.693409,9.856411,8.391142,8.456544,8.285329,8.730905,8.944915,8.339662,8.358162,8.41338,8.511671,8.557708,9.137262,8.94879
"MIR16-1",4.858677,5.647019,5.089434,4.765986,5.932746,5.750404,5.288807,4.653965,5.087462,4.603487,4.822024,4.745742,5.133405,4.658276,4.75681,4.832889,4.578418,4.602097,4.65074,5.007501,5.113289
"MIR15A",9.66302,9.486151,9.240305,9.193367,9.624661,9.958743,9.238903,8.968259,9.078389,8.167029,8.187093,7.850556,9.108214,9.431308,8.420487,8.602167,8.24575,8.585048,8.638035,9.146581,9.076111
"TMEM272",9.075437,8.609293,9.187905,9.066915,9.126187,8.893156,9.527205,9.096249,9.606545,8.358407,8.757238,9.145726,8.717103,8.469665,8.650389,8.84239,8.50735,8.889908,9.059675,9.341467,8.916934
"VPS36",8.751121,8.827404,8.497722,8.614153,8.647232,9.068443,8.49223,8.0107,8.590134,7.965584,7.49976,7.873365,8.187593,8.4514,8.04463,8.223383,7.707152,7.668695,8.28705,8.305253,8.364744
"DIS3",7.929362,8.013967,8.364502,8.046539,8.439986,8.749385,8.140166,7.63551,8.099663,7.745902,7.192973,7.561698,7.930544,8.026892,7.613876,7.767277,7.614751,7.31203,7.659644,7.808264,7.999062
"COMMD6",7.186418,7.250784,6.996442,7.119358,7.378496,7.795141,7.205071,6.51603,7.089572,7.219993,6.905553,6.788949,8.120497,9.498252,7.381669,7.71323,7.459002,6.94772,6.934524,7.467893,7.598276
"KCTD12",8.610848,8.578685,8.607129,7.921331,8.546088,8.024578,8.475585,8.509339,8.844225,8.832337,9.384026,9.616557,9.350901,8.889102,9.450443,9.258372,9.066274,9.39362,9.424952,9.079387,9.196274
"FBXL3",10.316859,10.18151,10.407396,10.348292,10.493132,10.717945,10.362168,10.040605,10.381118,9.41254,9.430653,9.283048,9.911263,9.889379,9.448733,9.702335,9.594731,9.186064,9.579785,9.720602,9.86672
"MYCBP2",9.676363,9.983929,10.127045,9.71504,9.869569,10.435355,9.781527,9.284872,10.093223,9.190971,9.017866,9.501219,8.739266,9.052763,9.187754,9.181472,9.234164,9.037739,9.284728,9.406814,9.485932
"OBI1",7.203856,7.90017,7.354057,7.627193,7.941618,8.021135,7.574706,7.14713,7.301124,6.518724,6.2735,6.333323,7.306843,7.53566,6.417218,6.812529,6.463588,6.304143,6.73952,6.962357,6.883029
"TGDS",6.77922,7.085946,6.486407,6.83019,6.821458,6.993526,6.787736,5.904517,6.604925,6.448629,6.002727,6.167196,6.801332,6.671397,6.268025,6.553833,6.538985,6.281427,6.452463,6.55591,6.4999
"GPR18",8.213966,8.67876,8.537975,8.64709,8.430135,8.75858,8.57728,7.985351,7.977481,8.738344,8.061983,8.225524,8.857416,9.598492,8.531542,8.672175,8.678249,8.488748,8.881474,8.786948,8.99514
"GPR183",8.580119,8.798817,8.545585,8.847921,8.679435,8.743038,8.567759,8.434653,8.083317,8.241952,7.873619,7.851797,8.809625,8.896404,8.136034,8.516806,8.27379,7.997574,8.242352,8.518921,8.379698
"TEX30",5.686037,5.569502,5.508951,5.515956,5.64224,6.245701,5.304061,4.932197,5.357287,5.52417,4.991674,5.004077,5.599182,5.496528,5.11966,5.359034,5.195767,4.895421,5.128845,5.455145,5.390965
"ARGLU1",9.723725,9.718385,9.988709,9.885709,9.947387,10.229113,9.860268,9.254439,9.670088,9.01989,8.661913,8.71848,9.313152,9.824139,8.953496,9.150914,8.980384,8.852842,9.120883,9.439487,9.290369
"DCUN1D2",8.268144,8.252058,8.116751,8.155082,8.254888,8.353259,8.179421,7.577295,8.059058,7.152424,7.330102,7.221438,7.295579,7.435826,7.385788,7.615999,7.330969,7.254889,7.515701,7.418577,7.515303
"GAS6-AS1",6.091648,5.775193,5.661944,6.38285,6.527023,6.725312,6.77799,6.32906,6.613461,6.864094,6.24153,6.271779,6.226416,5.82656,6.417378,5.808864,6.324254,6.107352,6.046114,6.827738,6.329556
"OR4N2",5.051696,5.251313,4.483664,5.187865,4.872959,4.863852,4.715114,5.3279,4.360686,5.689274,5.662322,5.359727,4.87081,5.325132,5.622964,5.100537,5.263735,5.314164,5.476885,4.920641,4.860076
"OR4K2",4.967728,4.7382,4.714387,4.76905,4.819544,4.666192,4.868246,5.098476,4.941477,6.324708,5.799308,5.278741,4.674906,5.539359,5.609073,4.614785,5.36732,4.902439,5.327092,4.702505,4.715352
"OR4K5",5.10989,4.642079,4.837836,5.445381,4.789864,4.646463,4.903254,5.607891,4.804697,5.662788,5.346679,5.359035,4.760413,5.226004,5.307517,4.810762,5.047282,4.924587,5.340362,4.801194,4.765612
"OR4K1",5.263623,5.157431,5.343586,5.596331,5.163713,5.018765,5.248779,5.964265,5.209554,6.085954,5.932904,5.414149,5.273862,5.335243,5.85529,5.077984,5.442094,5.720352,5.41844,5.021722,5.151269
"APEX1",9.217495,9.623231,9.471141,9.322548,9.386427,9.520288,9.28263,8.944581,9.089353,10.210054,9.661713,9.657083,10.121775,10.694219,10.249064,10.230338,10.230004,10.058674,10.178775,9.949259,10.097609
"RNASE6",9.60549,9.671129,9.635817,9.697899,8.899139,9.745592,9.377116,9.444938,9.227999,8.305269,8.295872,8.361279,8.51603,8.252137,8.464363,8.533336,8.186441,8.195246,8.470489,8.839936,7.891645
"RNASE3",7.583723,7.427531,7.786222,7.474383,7.446555,6.813275,7.625048,7.861965,7.354513,7.794562,7.862649,8.2708,8.496547,7.658132,7.703295,8.531345,8.232806,8.158583,7.944807,7.912496,8.643773
"ECRP",7.406831,6.605301,6.661369,7.223252,6.611185,6.702082,6.383651,7.761513,6.869746,7.27448,7.654824,7.312259,7.639226,7.382706,6.988819,7.315891,6.977024,7.654001,7.797045,7.428002,6.994901
"RNASE2",8.638078,8.034238,8.196859,6.686044,8.066292,6.721743,8.802617,7.821002,7.799563,7.567949,8.477998,8.970763,9.866604,8.729504,7.797513,9.544468,8.127118,8.551427,8.638569,9.566032,9.405004
"TOX4",8.55977,9.060924,8.824197,8.676596,8.760799,9.097017,8.700397,8.619888,8.936969,9.335229,9.246091,9.668563,9.274112,9.161152,9.529042,9.188353,9.565386,9.412256,9.259244,9.408427,9.366784
"OR4E2",5.472557,5.853641,5.669329,6.419376,5.044681,5.746388,5.127826,5.879209,5.734304,6.116323,5.993913,5.806972,5.298011,5.883274,5.981602,5.388097,5.783312,5.77242,5.665636,5.501741,5.363443
"OXA1L",9.719861,10.348011,10.169258,9.972426,10.056841,9.944988,10.278239,9.87019,10.257773,11.070696,10.718923,10.702891,10.994642,11.123017,11.024199,11.025616,10.836133,10.810344,10.763462,10.91141,11.00743
"LRP10",9.149985,9.444328,9.282903,8.308171,9.372029,9.179719,8.998527,9.288848,9.608309,10.278094,11.023817,10.637346,10.491546,10.082723,10.395283,10.597708,10.284311,10.216832,10.258554,10.237291,10.27347
"CMTM5",6.355134,6.400315,6.90323,6.894896,6.936024,6.537642,6.690292,6.858587,6.731607,7.334865,7.707519,6.950141,7.31879,6.597551,7.168155,7.26381,6.961745,6.992601,6.836756,7.064802,6.971206
"NGDN",6.826188,6.899056,6.903491,6.973276,6.732461,7.750036,6.678599,6.505438,6.586287,6.439189,5.969024,5.939391,6.658996,7.156679,6.35943,6.68537,6.286462,6.138807,6.373522,6.591519,5.901514
"PSME1",9.209228,9.725271,9.229688,8.898917,9.355171,9.33651,9.289253,8.899225,9.651893,9.671543,9.821072,9.986655,10.457705,9.80118,10.176717,10.170331,9.739212,9.917112,10.036771,9.921591,10.133004
"IRF9",8.888083,9.74714,9.219828,8.826653,9.359468,9.274466,9.17324,8.768473,9.477512,9.366864,9.792758,10.531963,9.755767,9.593773,9.81905,9.63083,9.883436,9.688024,9.706242,9.563119,9.88781
"TSSK4",6.251046,5.938153,6.202031,5.552396,5.896967,5.978881,5.67661,6.465046,6.072736,6.933975,6.919224,6.80039,6.794741,6.541266,6.557446,6.77938,6.77663,6.919825,6.863342,6.885482,6.532049
"G2E3",7.228842,7.779319,7.382197,7.730586,7.791112,8.09881,7.287317,7.116683,7.735242,6.832317,6.822953,6.884146,7.482933,7.617559,7.109451,7.333432,7.224495,6.737665,7.136711,7.294174,7.373382
"SCFD1",7.494539,8.132715,7.683595,7.678055,7.701775,7.951185,7.614232,7.163729,7.324713,7.291259,6.799867,6.851109,7.621616,7.673796,7.333851,7.611617,7.126988,6.925141,7.35728,7.624191,7.500089
"ARHGAP5",7.575869,7.84486,7.650926,7.633775,7.883815,8.158424,7.865212,7.447008,7.862883,7.155334,6.785216,7.220679,7.341794,7.376497,7.043303,7.355141,7.267627,7.162393,7.407229,7.37414,7.506006
"IGBP1P1",4.043706,5.108771,4.106399,4.616256,4.718621,5.193675,4.355514,3.691773,4.531798,3.997601,3.820886,4.058757,4.430023,4.932167,4.210325,4.579077,4.703243,4.265486,4.368533,4.692046,4.729826
"SRP54",8.154607,8.607025,8.18865,8.211987,8.31661,9.018742,8.121352,7.442483,8.257486,7.815329,7.716614,7.480984,7.977996,7.837896,7.773251,7.918215,7.840727,7.485536,8.163209,8.060434,8.065405
"PSMA6",8.781527,8.882326,8.005347,8.317404,8.698068,8.914609,8.198158,7.885231,7.991662,7.613446,7.337201,7.133206,8.745668,8.836078,7.865371,8.243495,7.366538,7.719968,7.785426,8.206078,8.195982
"DPPA3P2",5.666606,4.753375,5.26899,5.793538,5.767045,5.007705,5.215004,6.152433,5.436388,5.644103,5.931993,5.613444,5.491686,5.713724,5.44458,5.421621,5.648139,6.061955,5.665532,5.232339,5.331521
"PNN",9.517073,9.408206,9.669494,9.640101,9.489238,9.948058,9.450608,8.97307,9.284229,8.104159,7.914831,8.175039,8.079831,8.460466,8.331547,8.430191,7.945893,8.00272,8.209527,8.563196,7.983504
"C14orf28",6.581668,6.812142,6.467646,6.881025,6.952158,7.210831,6.686214,6.476987,6.659905,6.168579,5.585999,5.591238,5.893174,6.307539,5.506569,5.781372,5.478322,5.420185,5.625571,5.972547,5.683408
"TOGARAM1",6.984037,7.772639,7.586566,7.397973,7.764887,7.756928,7.568358,6.884714,7.538898,7.27465,6.619984,6.847793,7.270747,7.422978,6.931551,7.156808,7.053135,6.758041,7.198226,7.336297,7.265573
"PRPF39",7.745994,8.309838,8.320272,8.195138,8.383422,8.881339,8.467873,7.222483,8.034078,7.571953,7.017575,7.233691,7.478915,7.900844,7.628021,7.598331,7.541781,7.179289,7.524596,7.764188,7.790848
"FANCM",5.550543,6.301306,5.886115,6.05879,6.296013,6.710965,6.132446,5.51085,5.852423,5.34446,5.097906,5.070994,5.702471,6.043244,5.084676,5.567854,5.329807,5.076493,5.319699,5.584487,5.927741
"DNAJC19",8.106602,7.919848,7.687947,7.946522,7.843585,8.267907,7.253528,6.405119,7.444199,7.836515,7.449596,7.128651,8.121253,8.312762,7.573477,7.889897,7.739844,7.549277,7.864289,8.128818,8.044561
"MGAT2",7.636833,7.946544,7.767117,7.414107,7.756188,7.987848,7.529631,7.059334,7.701788,6.771709,6.757988,6.619256,7.11197,6.9992,6.86346,7.148731,6.53314,6.424288,6.851425,7.031046,7.208776
"KLHDC1",6.167056,6.952429,6.747784,6.882682,6.845338,7.954928,6.867143,6.303964,6.615221,7.13481,6.3961,6.191807,6.698623,7.270051,6.647574,6.883178,6.763215,6.675574,6.844179,7.211558,7.150753
"KLHDC2",8.700981,8.922959,8.788873,8.812059,8.828917,9.194297,8.775077,7.969168,8.815868,8.150983,7.458359,7.746743,8.546489,8.706531,8.158181,8.477863,7.903498,7.828657,8.102589,8.41332,8.485596
"ARF6",9.217778,9.481123,9.062595,9.184547,9.406957,9.213675,9.775111,9.45099,9.491472,9.908759,9.775766,10.008805,10.256447,10.014557,10.273078,10.2085,9.92364,9.804239,10.119134,10.027472,10.253152
"DMAC2L",7.392951,7.866292,7.941912,7.769023,7.734924,7.978409,8.274655,7.186638,7.773619,8.380348,7.815573,8.216311,8.251484,8.391961,8.397502,8.489879,8.248118,8.065198,8.220929,8.344839,8.407377
"TMX1",9.276042,9.063076,8.628733,8.84657,9.026626,9.140495,8.978664,8.866539,8.559579,8.490368,7.705863,8.225374,8.899427,8.85611,8.334742,8.507795,8.230761,8.290732,8.627154,8.740531,8.407403
"GNG2",8.897373,9.364543,8.825441,8.698538,8.802831,9.091954,9.057133,8.908171,9.10264,9.730455,9.831604,9.411696,9.503523,9.524588,9.788705,9.703651,9.66012,9.409017,9.527604,9.399855,9.979102
"RTRAF",8.055109,8.53204,8.320171,8.205812,8.249697,8.628468,8.355149,7.767246,7.901417,7.917337,7.424244,7.407054,8.380519,8.404461,7.726891,8.118498,7.516753,7.640119,7.966104,7.887518,7.944745
"PTGDR",9.530446,9.162892,8.901676,9.027636,8.663816,8.849368,9.624208,8.452547,9.214394,8.972238,9.017447,8.54459,9.589859,8.535298,9.322386,8.987459,8.317429,8.434936,8.997555,9.005736,9.649403
"PTGER2",9.194997,8.906901,8.230945,8.173438,8.521221,8.617343,8.651173,8.382267,9.443717,8.160674,8.48888,8.681833,9.140383,8.423776,8.661331,8.482349,7.971719,8.465237,8.603001,8.445147,8.495184
"PSMC6",7.334501,6.943787,7.145524,7.2924,7.415951,8.219428,7.259911,6.805182,6.984833,6.80663,6.279243,6.036996,7.043828,7.829311,6.512147,7.128683,6.445471,6.505199,6.607706,6.935982,6.790957
"STYX",9.379347,9.640808,9.539388,9.50367,9.547118,9.866466,9.608642,8.976338,9.352363,9.450651,9.134011,8.883637,9.832314,10.020004,9.351719,9.629481,9.643426,9.326747,9.526731,9.652338,9.747236
"SOCS4",7.208917,7.427331,7.328584,7.131267,7.505587,7.672037,7.348948,6.95446,7.19449,6.980483,6.991007,6.851105,7.635315,7.657345,6.967401,7.267686,6.968735,6.926269,7.108809,7.461363,7.37342
"KTN1",7.297635,7.504923,7.345089,7.388207,7.443289,8.385719,7.561697,6.631968,7.322701,6.77435,6.008098,6.444073,7.197926,7.400045,6.479128,6.959106,6.724982,6.345717,6.729818,6.997771,7.118602
"AP5M1",8.25077,8.642486,8.349385,8.537303,8.659583,9.127758,8.350494,7.995099,8.315488,7.340207,7.253676,7.30599,7.883417,8.176256,7.39368,7.614017,7.695679,7.401446,7.613,7.906426,7.970962
"NAA30",8.150762,8.546068,8.345292,8.406398,8.344308,8.132372,8.479828,8.033954,8.460503,7.29406,7.580203,7.486363,7.860668,7.579848,7.712633,7.520695,7.448488,7.285805,7.469503,7.800509,7.328223
"ACTR10",8.297693,8.361777,8.17617,8.160661,8.553757,8.893247,8.048346,7.759396,8.153777,7.361138,7.339693,7.450916,8.145002,7.673346,7.622727,8.026743,7.410756,7.770416,7.631806,7.60724,7.888406
"PSMA3",7.523275,7.471904,7.23244,7.732227,7.494096,8.666326,7.083473,6.722534,7.013537,7.207829,6.86089,7.085901,7.689895,7.787704,7.328668,7.40678,7.270501,6.81385,7.321136,7.318885,7.478474
"ARID4A",8.176407,8.166996,8.217515,8.084445,8.592482,9.08779,8.170232,7.588086,8.22099,7.514169,7.692345,7.416635,8.069179,8.017316,7.635098,8.165562,7.691818,7.406492,7.740792,8.023384,7.962196
"JKAMP",8.698669,8.998244,8.59671,8.368761,8.814625,9.249952,8.574937,8.174281,8.942693,7.875459,7.728959,7.723496,8.605162,8.432359,7.956342,8.248695,7.732717,7.706745,8.110574,8.202522,8.195184
"PCNX4",8.675125,8.711666,8.589413,8.39997,8.612613,8.982012,8.478523,7.754551,8.647896,8.229513,8.106534,7.889339,8.355584,8.458618,7.951572,8.321426,8.12719,7.972652,8.489113,8.64626,8.662131
"PPM1A",8.28105,8.863016,8.403187,8.178436,8.912084,8.864361,8.651497,8.178129,8.50092,7.882713,8.252562,7.521513,8.46039,7.72694,7.927436,8.369132,7.78335,7.754271,8.020666,8.144187,8.520512
"MNAT1",6.138155,6.45076,6.327177,5.734379,6.172604,6.423648,6.181707,5.518361,6.408495,6.748166,6.462615,6.288845,6.659408,7.031276,6.555152,6.759651,6.371229,6.515386,6.780683,6.976808,6.939047
"SLC38A6",7.442359,7.608892,7.301147,7.516009,7.43697,8.041386,7.140055,7.199501,7.471359,7.106152,6.664087,6.721155,7.192909,7.35758,7.115732,7.197553,6.911617,6.718853,7.119357,7.304778,7.355229
"PRKCH",10.090451,10.448866,10.503632,10.449292,10.137041,10.450313,10.205523,9.520179,10.47321,10.80238,10.464168,10.564158,10.835227,10.955393,10.979055,10.716645,10.828266,10.579996,10.791132,10.788473,11.011043
"HIF1A",9.611106,10.01443,9.984069,9.513922,10.120701,10.439197,9.649923,9.595268,10.32105,9.849373,10.053888,10.489114,9.96923,9.746902,9.730696,10.075634,9.997057,9.685702,10.026739,9.933319,10.135377
"SNAPC1",6.402886,6.967353,6.979317,7.085299,6.957167,7.679037,6.453425,6.491278,7.132873,7.123831,6.497202,6.711779,7.050011,7.038606,6.427131,7.373344,6.722982,6.612189,6.632874,6.860998,7.129689
"SYNE2",9.117609,8.915774,8.984673,8.522916,8.629482,10.1221,8.804248,8.515169,9.43313,8.175316,8.906722,8.848792,8.339494,8.102419,8.742572,8.563255,8.584895,8.422684,8.615118,8.560196,8.882435
"ZBTB1",8.736153,8.732501,8.778697,8.914717,9.116253,9.30364,9.014601,8.349578,8.690199,8.028553,7.352341,7.360288,8.311602,8.925519,7.837894,8.079083,7.963172,7.8632,7.821283,8.082928,8.238025
"SRSF5",11.763156,11.477085,12.135355,11.84238,11.646553,12.217721,11.837233,11.496079,11.900466,10.430461,9.994761,10.255365,10.197925,10.551282,10.527537,10.5218,10.321106,10.319031,10.419327,10.691433,10.451995
"ADAM21",4.448805,4.198833,4.146032,4.327111,5.453416,5.107195,4.618117,4.861373,5.076197,4.429249,4.461893,4.20311,4.421317,4.322795,4.620571,3.921551,4.57575,4.491509,4.699826,3.9811,3.902379
"PCNX1",10.18336,10.044611,10.086716,9.756332,9.964305,10.251133,9.899565,9.839149,10.567432,9.29548,9.655952,9.263493,9.409477,9.08903,9.40796,9.554157,9.357243,9.229249,9.560296,9.555457,9.434026
"SNORD56B",5.915379,5.861746,6.296733,4.991492,6.029536,7.099184,5.826585,4.908795,6.886068,5.719164,6.233052,6.34711,4.630065,4.90233,5.817014,5.884488,5.828434,5.443668,5.754953,6.23198,6.114551
"SIPA1L1",9.285828,9.451241,9.596515,9.029263,9.533688,9.850548,9.387649,9.282524,10.078419,9.544603,10.365166,10.306971,9.575853,9.506179,9.937965,9.655384,9.821624,9.683229,9.832853,9.96592,9.701495
"RBM25",9.649532,9.546409,9.675699,9.445612,9.747704,10.241114,9.609033,9.28305,9.732714,8.724902,8.808456,8.840351,8.954691,8.934734,8.988031,9.03154,8.803068,8.682442,8.869977,9.083327,9.137901
"BBOF1",4.847308,5.178616,5.234514,5.347845,6.349839,5.555092,5.826418,5.307628,5.289542,5.807203,6.212351,5.656199,7.338354,5.676847,5.906934,6.890479,5.825295,6.09031,5.869693,5.874176,6.241154
"FCF1",7.526017,8.02318,7.720283,7.734815,7.922792,8.23099,7.467458,7.130053,7.423386,7.169115,7.002902,7.128698,7.354784,7.274622,7.048732,7.203596,7.145505,6.902185,7.298006,7.320273,7.144759
"YLPM1",8.678042,9.081655,9.487599,8.989359,9.025009,9.443223,8.997162,8.491358,9.244915,8.621835,8.186196,8.404091,8.075082,8.615201,8.350214,8.61264,8.36269,8.171723,8.372601,8.653142,8.717123
"FOS",8.736335,8.932435,8.514898,8.433872,8.690128,8.880903,8.554498,8.898378,9.514244,8.701957,9.493363,8.980954,9.148196,8.348862,8.742917,9.048271,8.59274,8.747693,8.595602,9.096078,8.678548
"AHSA1",8.188978,8.448388,8.425278,8.320376,8.344247,8.452784,8.308093,8.013579,8.014053,8.066052,7.615756,7.778552,8.054249,8.123968,7.733113,7.825687,7.882987,7.925231,8.017194,8.009905,7.629371
"SLIRP",8.296341,8.17011,7.893148,7.699482,7.858147,8.445207,7.592841,7.475602,7.569253,8.15719,7.75414,7.942405,8.757486,9.734554,8.279221,8.502646,7.812483,7.802727,8.180128,8.289486,8.154305
"GPR65",8.118106,8.703485,7.971032,7.819529,8.587185,8.787546,8.283223,7.554841,8.268222,8.634559,8.489753,8.349677,9.693353,9.38208,8.69613,9.021951,8.549939,8.619248,9.041297,9.169009,9.430825
"CPSF2",9.188896,9.364566,9.130158,9.028672,9.117988,9.540304,9.105804,8.797383,9.244073,8.001761,7.921809,7.918361,8.294092,8.320084,8.203107,8.206903,8.095095,7.925473,8.241652,8.336848,8.299225
"UBR7",6.5524,7.525785,7.006177,6.638208,6.827421,7.211587,7.036487,6.28944,7.134392,6.565564,6.357706,6.173114,6.615404,6.387368,6.326056,6.705362,5.850456,6.26134,6.477441,6.592884,6.510553
"IFI27",6.638226,10.088631,6.965178,6.728119,6.971466,6.427099,7.145303,6.936059,6.477429,6.488714,6.568212,7.044776,6.88278,6.323988,6.547148,6.668503,6.613326,6.587877,6.164889,6.252403,6.46667
"GLRX5",9.744072,9.746742,9.858813,10.075063,10.156308,9.616245,10.645727,9.943802,9.588278,9.607413,9.295196,9.492565,9.855006,9.209459,9.387792,9.681161,9.559491,9.72409,9.595069,9.463623,9.481352
"BDKRB1",5.730955,5.374246,5.979965,6.113914,5.557114,5.363628,5.915047,5.818199,5.694117,6.406327,5.989586,5.912878,5.343159,5.891413,5.822265,5.497122,6.019881,6.014188,5.783049,5.663948,5.448547
"GSKIP",6.78577,6.369177,6.22836,6.246896,6.928806,7.236177,6.439707,6.151336,6.193846,6.054974,5.845805,5.527156,6.842836,7.107683,6.131007,6.42851,5.881088,5.817733,6.084527,6.166719,6.302849
"VRK1",7.77392,8.359307,7.777539,7.747412,8.08621,8.353491,7.51268,7.019928,7.243783,6.888177,6.54839,5.824904,7.397779,7.859198,6.740217,7.095977,7.004004,6.478003,6.968071,6.976024,6.826004
"ERVH-4",6.602108,6.690225,6.76424,8.73202,7.285289,6.194767,7.052543,7.649831,6.708546,9.267341,9.178154,8.265731,7.247808,8.283296,8.276756,7.189911,8.517035,8.360402,8.225053,7.21344,6.87721
"CCNK",8.335839,8.782277,8.804344,8.65456,8.7093,8.734219,8.548701,8.47864,8.851556,9.486657,9.75287,9.508106,9.419471,9.365268,9.633542,9.548417,9.579802,9.34666,9.623391,8.996449,9.791763
"MIR382",4.716135,4.164854,3.843271,4.806002,4.263611,3.838609,4.335464,4.168974,4.046948,3.892615,3.854245,3.615646,3.53798,3.982019,3.839801,3.333637,3.921885,3.836908,3.836977,3.453778,3.627331
"TECPR2",8.074357,7.745231,7.617617,7.269926,7.977137,8.378456,7.342792,8.318177,8.748398,7.99017,8.897281,8.078426,7.852547,7.484505,7.952908,7.985777,7.703353,7.676092,8.110416,7.800387,7.753182
"TNFAIP2",9.03056,9.178827,9.001931,8.122767,9.069244,8.965196,8.649961,8.867883,9.397881,8.375212,9.880076,9.947997,9.41409,8.815172,9.455351,9.607928,9.012023,9.254682,9.119893,9.24471,9.263116
"EIF5",9.060425,9.204251,9.167992,9.006344,9.309972,9.525591,9.199119,8.722691,9.113046,8.576278,8.446687,8.628974,9.036317,8.804846,8.694399,8.950138,8.873731,8.505068,8.621612,8.932567,8.76717
"SNORA28",5.946821,6.446321,6.257522,5.654314,6.420291,7.213914,5.788482,5.147012,6.283081,5.373287,5.112413,5.120839,5.658899,5.940534,5.666356,5.690344,4.965791,5.393599,5.417164,5.492565,5.528281
"MARK3",9.317519,9.336254,9.638868,9.146331,9.636471,9.756618,9.340861,8.9809,9.808498,8.535152,8.630298,8.600776,8.610851,8.592468,8.814932,8.826635,8.304393,8.32587,8.629648,8.969801,8.938937
"TDRD9",5.508756,5.275143,5.781487,5.245254,5.403683,5.463665,5.293274,5.473321,5.891226,4.794221,5.458826,5.67992,5.115239,5.014148,5.141199,5.422732,4.973451,5.293935,5.078201,5.18219,5.003631
"PLD4",7.50815,8.237605,7.92829,7.932374,7.9633,7.626024,7.948439,7.885108,7.545866,8.424863,8.181608,8.763371,8.23152,8.153349,8.519552,8.332636,8.398316,8.447582,8.592129,8.684072,8.355724
"FAM30A",8.083043,7.764008,8.112146,8.096172,7.575046,8.080662,8.269204,7.8941,7.915869,8.3344,8.378894,8.663231,8.041786,8.233398,8.177663,8.14721,8.489756,8.653206,8.59556,8.877418,8.203365
"RPPH1",9.236234,9.261367,9.036782,8.389525,8.928531,8.526341,9.800837,8.314764,8.025971,8.868145,9.396398,8.969657,10.02964,9.621127,9.325774,9.616209,8.950318,9.316901,8.821279,9.512362,9.309997
"OSGEP",7.378816,7.847469,7.535004,7.441555,7.505526,7.854033,7.737397,7.144626,7.582543,6.825414,6.25363,6.525406,6.758737,6.792488,6.81328,7.112393,6.828823,6.613152,6.996671,7.152594,6.921563
"SUPT16H",8.721762,9.036039,9.141247,8.983129,9.140802,9.458512,8.729771,8.289255,8.987126,8.205757,7.748156,7.960995,8.180742,8.467219,8.104589,8.191358,7.972002,8.018881,8.297559,8.313316,8.060545
"CHD8",8.372901,8.761455,8.807045,8.19187,8.56896,9.038331,8.520806,8.046344,8.792654,7.675514,8.071184,8.060454,7.624345,7.728351,7.976278,7.764221,7.769523,7.662913,7.948704,7.936155,7.937137
"SNORD8",9.377669,8.767454,8.633876,8.577153,8.317,8.519945,9.146259,8.861174,7.410186,6.809034,6.862464,6.694467,6.525833,7.441995,6.829886,7.398031,6.675258,6.638109,6.5386,6.854058,6.945017
"RAB2B",8.184561,9.003594,8.612658,8.311815,9.066741,8.210393,9.409223,7.723448,8.228608,9.427783,8.965194,8.782177,9.506581,8.678252,9.112768,9.557782,9.231471,9.242518,9.25329,9.10192,9.714563
"OR10G2",6.479886,6.035123,6.458132,6.534157,6.380516,6.306266,6.250946,6.617534,6.28809,6.456454,5.89663,6.209656,6.123607,6.677254,6.303758,6.109754,6.341831,6.913444,6.123803,6.118309,6.066413
"DAD1",11.437037,11.601798,11.436436,11.441443,11.44573,11.275671,11.427785,11.288253,10.799419,11.549499,11.434661,11.201846,11.914429,11.920783,11.907994,11.655401,11.622148,11.723111,11.790951,11.26172,11.192624
"SLC7A7",8.745922,9.552946,8.514957,8.176465,9.026966,8.429762,8.719352,8.36894,9.04378,8.6866,9.214683,9.669554,9.683319,8.813481,9.400658,9.335109,8.925255,9.252141,9.390562,9.738789,9.119186
"RBM23",9.104351,9.291505,9.239777,8.737444,9.28183,9.327703,9.415227,9.019079,9.575696,9.547077,10.185556,10.192488,9.587982,9.757803,9.736613,10.030767,9.848669,9.743378,9.902976,9.993785,9.733588
"PRMT5",7.234954,8.280715,7.784417,7.782399,7.936513,7.826705,7.789812,7.464725,8.382045,8.219184,8.175731,8.650667,8.641386,8.352529,8.221773,8.374412,8.306824,8.235995,8.675591,8.34055,8.488806
"AP1G2",8.408063,8.85769,8.823576,8.220306,8.151271,8.758229,8.6174,8.276749,8.785131,9.021855,8.901361,9.251459,8.944718,9.044359,8.941365,9.173125,8.847022,8.816559,8.809039,8.947954,9.238603
"PSME2",7.271589,7.950424,7.010921,7.324985,7.176793,7.548233,7.621226,7.06578,7.432976,7.96121,7.886879,8.886478,9.020107,8.222984,8.520773,8.163842,7.999618,8.593258,8.288007,8.355134,7.922258
"IPO4",6.971858,7.393733,7.303411,7.129594,7.302752,7.247762,7.231242,7.185104,7.293106,7.822616,7.828592,8.320585,8.01942,7.887861,7.906732,7.843898,7.799567,7.855844,7.874773,7.799586,8.041812
"RABGGTA",7.351351,7.532369,7.53267,7.28602,7.282406,7.345806,7.29182,7.494496,7.647295,8.113147,7.939331,8.461891,8.08175,8.013748,8.178771,8.274286,8.046348,8.105985,8.117164,7.918353,8.089641
"CIDEB",7.51302,7.802213,7.541357,7.181181,7.323411,7.414448,7.378116,7.419346,8.089034,8.32966,8.593779,8.422623,8.567662,8.339223,8.652463,8.332959,8.231413,8.268588,8.354271,8.191649,8.461357
"GZMH",7.469148,7.276582,6.8738,7.075658,7.000259,7.034702,7.497324,7.437232,7.342323,7.574436,7.568583,7.94634,8.09591,7.295491,8.518102,7.971224,7.85388,7.692952,7.742119,7.323447,7.383621
"GZMB",8.641443,9.238551,8.202314,8.2193,8.582561,8.76756,9.108579,8.238494,9.165376,8.5114,8.666477,8.705361,9.016115,8.675441,9.016216,8.330206,8.762969,8.307946,8.442344,8.25226,8.979651
"STRN3",8.66722,8.787108,8.756215,8.449101,8.881096,9.037244,8.817117,8.19733,8.666541,8.231933,7.987538,7.738926,8.325787,8.294978,7.96284,8.330312,8.300987,7.876686,8.165193,8.387622,8.404217
"HECTD1",8.683431,9.003992,8.939738,8.647916,8.992123,9.335642,8.950759,8.352935,8.987631,8.070394,7.768556,8.084678,8.14337,8.176929,8.073151,8.150139,7.990153,7.763427,8.270996,8.359823,8.386777
"HEATR5A",7.938301,7.987551,7.963975,7.234718,7.914157,8.349838,7.783648,7.179437,8.150663,7.304243,7.741168,7.578844,7.521313,7.283733,7.398319,7.708118,7.25964,7.293495,7.387377,7.92603,7.855306
"EAPP",7.505367,7.701165,7.63869,7.842981,7.771004,8.090943,7.462119,7.075495,7.339701,7.713549,7.841388,7.517441,8.517737,8.811752,7.843033,8.376214,7.977391,7.590123,7.840028,8.255108,8.027059
"CFL2",6.657373,6.610043,6.844606,6.792813,7.099259,7.269134,7.096153,6.141516,6.457801,5.70467,5.515514,5.798342,6.089342,6.369213,5.971808,6.265154,6.168023,5.823517,6.06436,6.074834,6.151951
"RALGAPA1",4.967843,6.126814,5.885077,7.19333,4.521042,7.363107,7.046222,4.318007,4.908266,6.792638,5.455404,6.339003,6.49951,7.295672,6.498595,6.787537,6.824472,6.208816,5.850576,6.9125,6.935318
"MBIP",7.663587,7.668256,7.346309,7.812307,7.851414,8.141414,7.566322,7.442657,7.363972,8.420702,8.178233,8.033969,8.568154,9.101342,8.149416,8.628592,8.160444,8.15842,8.426226,8.433198,8.394758
"TRAPPC6B",7.674977,7.766634,7.681774,7.750982,7.774245,8.356366,7.663038,6.906283,7.626288,7.316863,7.073753,6.884403,7.690644,7.952265,7.263182,7.553609,7.306987,6.927628,7.474024,7.532422,7.345223
"FKBP3",6.722559,6.932262,7.051784,7.159205,7.042583,7.443259,6.541929,6.387418,6.774623,6.154966,5.70065,5.706462,6.005548,6.531212,6.172147,6.073283,5.65955,5.789162,6.096727,6.023631,5.85799
"MIS18BP1",7.16585,7.778976,7.612172,7.476119,7.699097,8.531098,7.798609,6.813055,7.67135,7.700464,7.414935,7.782228,8.286086,8.385469,7.894207,7.89889,8.022312,7.616565,8.077005,8.390005,8.344548
"RPS29",7.069941,6.411634,6.246807,6.413872,6.352596,6.528813,6.639252,6.162058,6.251142,6.100724,5.398298,5.613576,6.413107,6.881166,6.059101,6.466987,5.88359,5.857022,5.962011,6.220904,5.899435
"RPL36AL",9.184716,7.864559,8.26009,8.976699,8.1349,8.377217,8.332099,8.698274,6.748207,8.817349,8.396804,8.13526,8.893931,9.140379,8.804116,9.181836,8.554179,8.317656,8.746565,8.578187,7.135508
"DNAAF2",6.36996,6.522624,6.714951,6.749367,6.572454,6.622102,6.646933,6.230041,6.161455,7.271302,6.63247,6.586049,7.637794,7.561154,6.956246,6.869934,6.677089,6.937176,7.040342,7.437751,7.14489
"POLE2",5.337842,6.284438,5.074414,5.102979,5.940391,5.409444,4.902098,4.973584,4.790932,5.366967,5.291789,4.932642,6.336607,5.956335,5.42577,5.512347,5.224076,5.329745,5.579547,5.447163,5.934955
"NEMF",8.334264,8.429718,8.563943,8.378701,8.403665,9.22517,8.425167,7.587131,8.076817,8.103567,7.698299,7.861675,8.133944,8.341171,7.986203,8.327223,7.819642,7.584939,8.111337,8.384298,8.262378
"VCPKMT",7.4358,7.422934,7.436643,7.012466,7.758042,8.182626,7.534754,7.319744,7.922342,7.327462,7.477622,7.134121,7.435939,7.383655,7.051086,7.341227,7.089723,7.085656,7.490832,7.816229,7.481087
"SOS2",9.85262,9.841338,9.935769,9.530879,10.099645,10.600096,9.855026,10.15657,10.378508,10.406015,10.978026,10.096264,10.399131,10.043407,10.094762,10.520914,10.279752,10.197039,10.341452,10.246894,10.472478
"MAP4K5",8.038298,8.587506,8.42761,8.231918,8.63168,8.685291,8.35739,7.330095,8.20642,8.100253,7.940782,7.91457,8.43198,8.453941,8.098452,8.252211,8.185731,7.94473,8.388367,8.193692,8.617034
"SAV1",6.853975,7.361274,7.486554,6.998698,7.158904,7.783662,7.121769,6.594473,7.114667,6.593397,6.749093,6.706596,7.02467,7.287663,6.833939,6.992617,6.640987,7.030488,7.083535,7.03857,7.378343
"PYGL",10.268983,9.896418,10.172018,9.549997,10.424347,10.706794,9.993843,11.057318,11.276614,9.982276,10.802233,9.517238,9.962097,9.58842,9.824078,10.219352,9.721039,9.560765,10.001334,10.130794,9.720638
"TXNDC16",6.086759,6.610276,6.350819,5.917945,6.339862,6.760882,5.843818,5.319429,5.885678,5.471672,5.661281,5.559848,6.019015,6.033033,5.93602,5.938623,5.61949,5.60183,5.968798,5.788483,6.152667
"DDHD1",8.433867,8.76848,8.71411,8.75413,8.848739,9.282028,8.740363,7.773653,8.698646,8.933036,8.403734,8.89585,8.805277,9.2008,8.842968,8.879892,8.782596,8.481976,8.745212,9.109412,9.004478
"GMFB",7.730245,8.065868,7.795122,7.778194,8.046773,7.934576,8.111238,7.326327,7.713694,6.753905,6.291178,6.500939,7.481233,7.324722,6.78187,7.29847,6.828683,6.552681,7.014532,7.301462,7.20299
"GCH1",7.879767,8.73793,7.843804,7.911455,8.598095,8.200962,8.316958,7.329052,8.198462,7.632709,7.817535,8.630243,8.532047,7.949971,7.915344,7.83629,7.625893,7.66963,8.091905,8.125181,8.351933
"DLGAP5",5.039683,6.509863,4.72624,4.901976,4.931529,5.252308,4.710119,4.395327,4.819682,5.368022,5.046608,4.733525,5.183998,4.978968,5.315019,4.968021,5.021853,4.907179,5.185108,5.005871,4.806576
"ATG14",7.318063,7.985607,7.853597,7.859424,7.777309,8.015997,7.88891,7.256783,7.707876,7.129962,6.944499,7.315245,7.41962,7.244292,7.225066,7.421323,6.916224,7.035588,7.098544,7.288775,7.364092
"EXOC5",8.342078,8.913651,8.778422,8.23294,8.852324,8.979038,8.541713,7.969186,8.725088,8.041719,7.336187,7.511084,8.134589,8.245677,7.781129,8.046292,7.653752,7.564802,8.053632,7.955166,8.230718
"DHRS7",8.959011,8.853409,8.576386,8.136914,8.863289,9.051764,8.327932,8.605116,9.163141,7.605312,8.285762,7.843837,8.287129,7.856687,8.089123,8.271771,7.800461,7.573087,8.009333,8.143487,8.33578
"WDR89",7.813134,7.791897,7.693636,7.621329,8.257153,8.521267,7.591381,7.086019,7.497331,7.77691,7.152231,7.270451,7.78656,8.789319,7.678206,7.546233,7.74493,7.408539,7.422728,7.671865,7.848901
"MAX",8.61266,8.611792,8.737792,8.266326,8.640968,8.618485,8.443247,8.323036,8.834685,9.491507,9.61568,9.608288,9.478257,9.42435,9.4169,9.37814,9.46733,9.359993,9.368696,9.377712,9.468783
"ATP6V1D",7.003336,7.218884,6.92052,7.280672,7.178255,8.010002,6.609637,6.714849,7.071038,6.418573,6.315602,6.314581,7.284534,7.081728,6.651767,7.00349,6.760824,6.185895,6.669688,7.027644,6.503855
"PLEK2",7.008871,6.646322,7.131394,7.215367,7.104664,6.709031,7.127284,7.165842,7.023418,8.265649,7.548845,7.370213,8.131993,7.017389,7.385739,7.970192,7.284186,7.612445,7.562507,7.743285,7.388382
"TMEM229B",6.97821,7.636681,7.325653,7.30363,7.016469,6.925569,7.183411,7.115342,7.498577,7.687081,7.527327,8.218972,7.939748,7.677756,7.858309,7.751972,7.5171,7.200825,7.616671,7.321193,7.859708
"VTI1B",7.650379,7.896295,7.540928,7.26333,7.786127,7.480536,7.526927,7.197373,7.551819,8.227037,7.958636,8.209947,8.556952,7.985305,8.237332,8.459795,8.067306,8.162411,8.391584,8.359345,8.094101
"ZFP36L1",9.733622,10.334338,10.289407,10.201988,10.366573,10.621005,10.051078,10.646385,10.352613,10.809196,11.265015,11.048573,10.988187,10.817108,10.659262,10.925852,10.869799,10.694708,10.623008,10.696604,10.894408
"ACTN1",10.102433,10.120498,10.539827,9.619095,10.28938,10.493212,9.9068,10.625207,10.600737,10.943848,11.505726,11.185285,10.793533,10.788606,10.885549,10.955789,11.069907,10.954378,10.981295,10.914856,11.03227
"ERH",9.017707,8.825796,8.058305,8.556492,8.495987,9.098832,7.910008,8.184106,7.906563,9.772139,8.908863,8.985498,10.466893,10.970871,9.794675,10.085987,9.617369,9.597213,9.938772,9.963623,9.255546
"ADAM20P1",4.874919,4.697009,4.776085,4.634917,5.631377,5.371036,5.171517,4.094423,4.927162,4.697239,4.183847,4.894331,4.243245,4.335976,4.339567,4.326779,4.29129,4.651852,4.400832,4.472998,4.454254
"MED6",8.160293,8.418498,8.359156,8.113549,8.26963,8.591425,8.172008,7.62537,8.055683,7.782435,7.252647,7.658393,7.703305,7.841983,7.731628,7.872143,7.671221,7.475661,7.797163,7.918116,7.756949
"TMED10",9.747878,10.015358,9.692681,9.566287,9.586718,9.613427,10.011479,9.748725,9.740188,11.110288,10.714067,10.723753,11.145184,11.095698,10.868181,10.975109,10.765713,10.988607,11.06927,10.876872,10.996542
"ERG28",8.300259,8.663426,8.787843,8.72452,8.461818,8.770991,8.564688,8.677601,8.521063,10.187501,9.5191,9.750707,9.970773,10.166634,9.955977,9.878858,9.845862,9.634477,9.915885,9.482447,9.851381
"SNW1",8.508225,8.699064,8.332113,8.569226,8.642562,9.014205,8.359645,8.215787,8.264475,7.91391,7.578767,7.76316,8.063514,8.027797,7.889703,8.045599,7.802217,7.700505,7.906163,7.962273,7.760524
"CEP128",6.897955,7.484887,6.940502,6.933016,7.243805,7.526932,6.817867,6.665602,6.97037,6.645349,6.2673,6.547337,6.771535,6.491275,6.576465,6.731514,6.368012,6.582652,7.048488,6.555919,6.881138
"SEL1L",9.133702,9.386281,9.416197,8.5924,9.309651,9.680381,9.126401,9.1474,9.742346,8.699743,8.891122,8.678744,8.525295,8.587051,8.770567,8.796336,8.589992,8.593804,8.69734,8.839806,8.885144
"RPS6KA5",8.790238,8.164273,8.563293,7.846737,8.653649,9.167074,8.189107,8.180873,8.679925,7.657705,8.109899,8.148611,7.815862,7.87526,7.900061,8.465827,7.734793,7.570428,7.729441,8.084397,8.268339
"PPP4R3A",8.763245,8.759542,9.096326,8.734755,9.010856,9.29842,8.887401,8.391391,8.984676,8.127436,7.932622,8.072899,8.286398,8.351501,8.219856,8.379228,8.054477,7.964793,8.223423,8.48582,8.365921
"TC2N",10.858845,10.616387,10.890549,10.926691,10.823136,11.228232,10.560604,10.237275,10.5767,10.362588,9.612739,9.503111,10.414377,10.503325,9.978536,10.022259,10.146732,10.247979,10.151112,10.270729,10.734496
"TRIP11",7.518376,8.187556,7.962538,7.580314,8.303609,8.749148,7.463101,6.883263,7.759186,7.444042,7.311421,7.20607,7.859706,8.006536,7.521762,7.755823,7.500023,7.198092,7.731038,7.830932,7.564421
"ATXN3",8.545058,8.496091,8.680463,8.786741,8.94048,9.044271,8.599348,8.003043,8.609651,8.13916,8.077022,7.69236,8.274302,8.47745,8.130941,8.30376,8.018395,7.826946,8.177942,8.466183,8.302789
"NDUFB1",7.123553,7.127444,7.328711,7.318943,7.370822,7.53807,7.018913,6.367563,7.199017,6.709878,6.936606,6.765146,7.062861,7.13309,7.065899,7.172402,6.787817,6.573891,6.743161,6.793882,6.626211
"ITPK1",9.067041,8.917854,8.998082,8.064004,8.935247,8.695766,8.776005,9.028318,8.995637,8.852179,9.643384,10.052269,9.380943,8.900329,9.294019,9.549853,9.179681,9.21956,9.135016,9.14279,9.45777
"IFI27L2",7.696586,7.833065,7.303186,7.754531,7.17506,7.081968,7.573712,7.663879,7.495032,8.254346,8.444012,8.333028,8.634709,8.518833,8.408418,8.286353,8.252761,8.480152,8.272316,8.163521,8.188097
"SERPINA1",10.2072,10.541197,10.629334,9.694133,10.65684,10.548296,10.444699,11.065043,10.954733,10.641028,10.913901,10.942778,10.79842,10.158462,10.567002,10.725172,10.576491,10.384723,10.320674,10.68074,10.811551
"TCL1A",8.280818,9.858846,10.142154,9.658443,9.57272,9.462965,9.982762,9.805464,9.080483,10.569285,10.310031,10.982161,10.361226,10.82822,10.666899,11.014642,10.749346,10.439619,10.478686,10.858583,10.875532
"ATG2B",8.831238,9.320014,9.350539,8.88076,9.134482,9.689731,9.050457,8.705727,9.410515,8.063132,8.123726,8.241944,7.866125,8.001906,8.269846,8.365348,7.874589,7.914127,8.26846,8.552537,8.558605
"WARS1",8.16081,10.300702,8.802567,8.972385,9.38695,9.231872,9.269775,8.542063,9.768912,9.655882,9.523673,10.621634,10.138076,9.232539,9.859297,9.820082,9.56422,10.042717,10.321182,10.154683,9.425578
"HSP90AA1",9.622133,9.19328,8.763436,9.511426,9.183565,10.296026,8.917389,8.936983,9.030366,9.51901,8.710262,9.027203,10.141238,10.501704,9.464642,9.750587,9.377588,9.111844,9.566311,9.238082,8.405297
"BAG5",7.954716,7.97405,8.085776,8.033969,8.168674,8.001043,7.865878,8.022843,8.260296,7.307527,7.207499,7.170664,7.396514,7.584073,7.114393,7.620954,7.289374,7.05609,7.397027,7.7353,7.693455
"ATP5MPL",7.848779,7.178743,6.69457,7.043459,7.090029,7.201883,6.958926,6.747042,6.886905,7.236025,6.719209,6.61326,7.863257,8.423814,7.169016,7.81965,7.081061,6.903704,7.222575,7.442488,7.009817
"AKT1",8.748789,8.928798,8.877882,8.283877,8.889666,8.536539,8.762906,8.519899,8.895123,9.133467,9.762967,9.705337,9.537812,9.269928,9.692233,9.623348,9.529679,9.415667,9.441781,9.354303,9.566738
"GPR132",8.233261,8.301364,8.466258,8.092846,8.127111,8.052716,8.518116,8.477438,8.541643,9.402263,9.201198,9.546678,9.709907,9.487286,9.583938,9.404478,9.466521,9.290449,9.670009,9.637586,9.402727
"IGHA1",5.907091,6.368009,6.186598,6.596799,7.145341,7.189683,6.613195,6.120278,5.857046,6.776032,7.259965,6.843096,6.689057,7.102195,6.679805,6.158061,7.11928,6.772874,6.790694,6.653989,6.488081
"IGH",6.52828,7.204383,6.997444,6.012176,6.055157,6.377982,6.867472,5.612705,6.010989,9.061152,7.37645,8.017325,7.595523,7.558441,7.524448,7.423899,7.662823,8.312262,9.035896,7.853499,8.089928
"LINC02203",3.594393,3.564598,3.954591,4.355788,3.83681,3.047429,4.026583,4.165951,3.713403,4.394982,3.81951,3.38167,3.735638,4.254292,3.734129,3.975718,3.57434,4.371356,3.676107,3.886759,3.800249
"OR4N3P",4.202445,4.099951,3.657796,4.087123,3.790626,3.837938,3.822836,4.183282,3.651206,3.714065,3.62262,3.961305,3.33602,3.556502,3.987757,3.317463,3.468057,4.039548,4.111003,3.584324,3.678842
"PWAR6",4.379273,4.755434,5.412582,4.582683,5.893492,6.307146,4.804511,4.255678,4.741986,4.08306,3.694712,3.98349,4.555003,4.829375,4.038023,4.416599,3.635522,4.092333,4.120255,4.511388,5.0043
"SNORD116-1",6.523899,6.038661,5.033956,5.613079,5.879191,5.766249,5.216106,5.111028,4.005069,6.317306,5.57324,5.531293,7.744854,9.199372,6.698208,7.276055,5.586483,7.634904,6.454217,7.271764,6.456838
"SNORD116-2",6.029084,6.294036,6.305838,5.86145,5.77273,6.350972,5.729743,6.009722,5.676935,5.909455,6.286374,5.805634,6.117724,6.453883,5.323166,6.071261,5.867991,5.737425,6.076875,5.785113,5.377662
"SNORD116-6",5.901288,5.018273,5.083539,5.806674,4.649265,5.554484,4.873676,4.88829,4.6388,6.024493,5.684116,5.358428,7.180375,8.098824,6.081412,6.786286,5.746101,7.252365,6.263421,7.111257,6.359557
"SNORD116-11",5.557496,4.459719,4.746271,4.944032,4.776477,5.004888,4.380313,5.136675,4.824098,5.16939,4.931263,4.949761,5.405048,5.864037,5.214956,5.268587,4.985613,5.444768,4.887302,4.989329,4.870347
"SNORD116-12",4.844156,4.912145,4.085644,4.124428,4.455707,4.281255,4.013947,4.927868,4.108523,4.328298,4.536609,4.709913,4.385466,4.873933,4.379968,4.582268,4.426148,4.861118,4.793213,4.330874,4.289515
"SNORD116-13",3.854255,3.711391,3.507134,3.372262,3.919243,4.021152,3.633543,3.397435,3.353931,3.179187,2.967547,3.276655,4.427069,5.677522,3.307511,4.075426,3.323698,3.711657,3.586086,3.987113,3.677022
"SNORD116-14",10.624732,9.50633,9.26453,9.783348,10.088913,10.042356,9.433774,9.533328,8.113113,9.778308,9.055109,8.950146,10.989311,11.920279,10.248582,10.696929,9.701397,10.897396,10.263357,10.45802,9.883778
"SNORD116-15",12.171649,11.203696,11.11456,11.49508,11.392648,11.635263,11.488176,11.418784,9.674308,11.287144,10.837011,10.476083,12.373673,13.12982,11.753639,12.059424,10.869124,12.323413,11.569979,12.116024,11.310554
"SNORD116-16",3.550684,3.430079,3.326265,3.292072,3.020408,3.48088,3.18235,3.148664,3.068006,3.083498,2.842329,2.895929,3.711226,3.279361,3.067701,3.085312,3.364283,3.115439,3.366647,3.038126,3.124353
"SNORD116-18",3.254965,3.399999,3.061375,3.363747,3.398132,4.008215,3.273371,2.825093,3.292292,2.722011,2.757392,2.807553,3.136965,4.729242,2.782711,3.054603,2.995856,3.2568,2.878155,2.869183,2.892146
"SNORD116-22",3.30802,3.827073,2.952844,3.464333,3.944714,4.11605,4.555051,3.535748,3.382119,3.509497,3.329469,2.965832,4.171569,5.068813,3.590444,3.996055,3.337455,3.524268,3.459163,3.324031,3.315734
"SNORD116-23",4.904795,4.377232,4.335982,4.117475,4.288848,4.427542,4.229305,3.890685,3.698367,4.316421,4.242961,4.01436,5.725761,6.947694,4.960727,5.313366,4.23837,5.419728,5.009654,5.392628,4.733889
"SNORD116-24",10.269091,9.198681,8.993249,9.098322,9.254689,9.648761,9.173956,8.474117,7.517242,8.582136,7.904918,7.944799,10.022742,11.334982,9.252318,9.679625,8.271626,9.910511,8.630453,9.623717,8.839397
"SNORD116-25",5.131984,4.818849,4.899753,4.596107,4.638398,4.908746,4.750987,4.800454,4.192538,4.442658,4.683984,4.641158,5.195932,6.224363,5.011459,5.249747,4.720576,5.102952,4.899578,5.051708,4.90487
"SNORD116-26",4.462656,4.34694,4.364337,4.569702,4.813222,4.667138,4.167672,4.29478,4.153695,4.791021,4.31723,4.213184,5.120352,6.208419,4.796007,5.170311,4.443729,4.72898,4.314794,4.825994,4.419989
"SNORD116-27",5.533236,5.579894,5.158428,5.09048,5.336699,5.471835,5.431996,4.890637,5.115595,5.083725,4.971463,5.212999,5.432563,6.387966,5.203939,5.62802,5.090887,5.251223,5.212783,5.557126,5.421891
"SNORD116-29",5.32728,5.435024,4.971887,4.878758,5.365048,6.126816,4.821258,4.737626,5.180582,4.851558,4.87338,4.991857,5.470166,6.483499,5.23908,5.734011,5.279261,5.76053,5.057295,5.525133,5.468805
"SNORD115-24",4.603307,3.85168,4.065629,5.572542,3.959655,3.691052,4.226164,4.913419,3.990519,4.963273,4.934522,4.417657,4.110323,4.580827,4.381106,4.093245,5.041558,4.61766,4.37269,4.115365,4.199773
"SNORD115-25",3.746799,3.318329,3.688436,6.267166,3.123967,3.092013,3.65437,5.433628,3.471352,4.597634,5.009371,3.650389,3.680912,4.785321,3.870813,3.476071,4.201782,4.326752,4.488432,3.367706,3.503605
"SNORD115-31",3.525976,3.298399,3.194046,5.419568,3.73618,3.403611,3.910169,4.102976,3.132124,4.143909,4.269199,3.342628,3.18271,3.406891,3.240147,3.247025,3.655452,3.511077,3.486442,3.064459,3.037416
"SNORD115-32",4.503634,4.003775,4.215611,4.893644,4.339536,4.29269,4.650841,4.952785,4.163355,4.186327,4.579601,4.295205,4.213717,4.815861,4.378013,4.007703,4.601674,4.524873,4.548003,4.035894,4.315584
"SNORD115-33",3.673001,4.345059,3.262593,4.859429,3.817223,3.447888,4.024796,3.664927,3.697251,3.742584,3.810081,3.508883,3.459749,3.804925,3.832918,3.352511,4.182184,3.406887,3.564714,3.341508,3.15294
"SNORD115-38",3.165292,3.096004,3.216255,4.45907,3.346536,3.138852,3.375691,3.7413,3.149574,3.643536,3.772831,3.284868,3.091388,3.270923,3.328352,3.133555,3.686063,3.237831,3.351131,3.241422,2.983061
"SNORD115-41",3.347886,3.49768,3.161722,5.338889,3.798017,3.143981,3.275369,4.337623,3.206509,4.387916,3.986599,3.154881,3.351239,3.42355,3.618999,3.127096,3.521966,3.663132,3.722906,2.932555,3.010252
"SNORD115-44",3.544987,4.308967,4.04044,6.437238,3.853255,3.82885,4.468014,5.823073,4.021299,5.98191,5.443205,4.916371,4.023124,4.344105,4.186644,4.131061,4.555064,4.322246,4.332772,3.763734,3.672834
"LINC02249",5.937289,5.831984,6.086205,6.592274,5.706703,5.826905,6.260566,6.541673,5.999396,6.07007,6.502898,6.149639,5.309487,6.382717,6.090993,6.049584,6.495875,6.409133,6.099805,6.084623,6.13523
"ARHGAP11B",4.816487,6.49344,5.807413,5.529759,5.733967,5.800053,5.88628,5.592759,5.352494,5.680775,5.283219,5.403533,6.359429,5.751799,5.99498,6.451618,5.550985,5.119076,5.467954,6.145725,5.513292
"ARHGAP11A",5.063868,6.730878,5.555662,4.847755,5.34468,5.761405,6.064889,4.976682,5.506083,5.212658,4.631524,4.94235,5.403509,5.064345,5.069042,5.041052,4.972754,4.640434,5.24935,5.245858,4.764571
"EMC4",8.803309,9.04286,8.632003,8.618497,8.63848,8.520789,9.093142,8.41028,8.724932,9.233642,9.04672,9.235386,9.893732,9.811729,9.459288,9.779327,9.199702,9.200451,9.474439,9.461683,9.361534
"THBS1",7.221238,7.079367,7.878393,6.354616,7.603798,8.171851,6.67556,7.48135,7.914751,7.651175,8.119133,7.363754,7.246784,7.268139,7.446652,7.04335,6.717325,7.420496,7.687677,7.517794,7.874906
"CHST14",7.590773,7.912736,8.155326,7.673472,7.716313,7.518503,8.185468,8.100065,7.707997,7.368587,7.193054,7.275784,7.311772,7.537395,7.307669,7.205882,7.384309,7.303312,7.329107,7.463259,7.159565
"KNL1",5.348557,6.536379,5.253822,5.435397,5.72519,5.951022,5.566227,5.15904,4.984738,5.696781,5.33263,5.292206,6.284989,6.193548,5.286251,5.658308,5.596271,5.442471,5.777136,5.952156,5.912725
"CHP1",9.399637,9.950886,9.829237,9.364535,10.033802,9.840748,9.451904,9.950224,10.314017,10.286965,10.89836,10.537417,10.707228,10.139919,10.698604,10.809752,10.388052,10.498069,10.715658,10.621895,10.594631
"NUSAP1",5.837871,6.971693,6.047458,5.893489,6.189357,5.99126,6.078587,5.604239,5.836999,6.593668,6.105332,6.078587,7.015223,6.874701,6.385243,6.49023,6.252683,6.463899,6.556181,6.723044,6.524937
"HAUS2",6.38429,6.786277,6.269282,6.241357,6.81335,6.710949,6.318687,5.71453,6.44506,6.521629,6.513237,6.509479,7.214279,7.160679,6.714839,6.818772,6.8038,6.622261,6.815477,6.884612,6.719562
"TUBGCP4",7.543753,7.873248,7.995385,7.570334,7.747075,7.846958,7.748666,7.085035,7.720038,8.295363,7.838779,8.353556,8.573444,8.412878,8.416747,8.67108,8.294807,8.205729,8.538846,8.402693,8.537877
"WDR76",7.099981,7.928997,7.380228,7.295789,7.123911,7.613684,7.37516,6.962633,7.065532,7.765684,7.269934,7.467598,8.280245,8.028042,7.716499,7.965732,7.653075,7.513526,7.983509,7.753786,8.169193
"CTDSPL2",9.096535,9.178758,9.147154,9.174553,9.133729,9.563954,8.900762,8.143783,8.892967,9.191465,8.744994,8.733143,9.436509,9.729438,9.192323,9.447877,9.063293,8.972321,9.207008,9.406334,9.398718
"B2M",12.582154,12.229352,11.96521,12.239185,12.298197,12.834938,11.963981,12.05301,12.176204,11.645971,11.611247,11.324921,12.354493,12.407118,11.923811,12.107262,11.688359,11.491479,11.640006,11.788967,11.508017
"BLOC1S6",8.628363,8.791725,8.821802,9.022466,9.031494,9.023681,8.933732,8.26385,8.652401,8.296862,8.049216,7.839572,8.745424,8.836057,8.255867,8.574669,8.220165,8.2566,8.240364,8.600911,8.743987
"SLC12A1",5.420857,5.533236,5.417353,5.382603,5.01928,4.944583,5.061163,5.587381,5.151265,5.151656,5.993687,5.819481,5.537678,5.42167,5.614011,4.808544,5.221949,4.986141,4.832794,5.491893,4.769154
"DUT",6.945938,7.588136,7.205404,7.403737,7.14683,6.889655,7.085808,7.108375,7.151492,6.633339,6.529021,6.494146,7.033878,7.198729,6.885375,6.509381,6.966073,6.795521,6.890852,7.126507,7.013776
"EID1",8.678625,8.512192,8.437301,8.801205,8.625278,8.656437,8.238761,7.928186,8.486531,7.531048,7.304173,7.107824,8.168476,8.14529,7.663749,7.947165,7.503144,7.427924,7.797884,7.736259,7.513752
"DTWD1",5.272271,5.889073,5.077551,4.865906,5.36841,5.460075,5.183986,4.561959,4.946635,4.928062,4.631452,4.529975,5.846786,5.653986,5.104423,5.297846,4.997049,4.778273,5.13465,5.2434,5.839319
"USP8",7.301491,7.962056,7.855577,7.485293,7.748521,8.380355,7.070047,6.871775,7.708974,7.167012,7.457237,7.380375,7.734464,7.538665,7.428831,7.646717,7.228665,7.033985,7.731459,7.781318,7.590658
"AP4E1",7.156336,8.075841,7.550614,7.471707,7.696234,8.209081,7.266919,7.220239,7.794699,7.114569,6.718165,6.974619,7.143014,7.266373,7.202167,7.194754,6.760991,6.910171,7.066643,7.31028,7.228657
"TMOD2",7.755285,8.448838,7.877893,7.755738,8.137895,8.355717,7.389478,7.920085,7.870198,7.929952,8.338634,8.71554,9.633699,8.525318,7.813198,8.189826,8.540886,8.657241,8.713302,8.702883,8.497334
"MAPK6",6.015974,7.201698,6.765876,6.595746,7.169364,7.131073,7.009966,6.528411,6.83506,6.393729,5.773498,6.205818,6.977885,6.687442,6.401567,6.7653,6.281817,6.299974,6.780936,6.780681,6.742206
"PIGB",8.709621,8.695819,8.633707,8.284578,8.834473,9.36616,8.523944,8.281837,8.807694,8.303438,8.804024,8.478788,8.744942,8.790356,8.720533,9.200809,8.484538,8.17998,8.77364,8.730653,8.620144
"TCF12",8.785655,9.329043,9.386665,9.137905,9.19977,9.13686,9.201992,8.651965,9.222998,9.997922,9.537691,9.96848,9.730301,10.153388,10.097613,9.863142,9.774006,9.99967,10.007994,9.887138,10.171809
"AQP9",11.551656,11.453885,11.265819,10.494559,11.550537,11.861316,11.220479,12.161698,12.12326,11.669005,12.160837,11.453727,11.618634,11.051734,11.39044,11.486508,11.274589,11.22675,11.579784,11.343588,11.495187
"MINDY2",6.80427,7.422973,6.981025,6.735782,6.891131,7.296654,7.097804,6.136223,6.91007,6.810548,6.481559,6.458709,6.893894,7.212902,6.65344,7.105794,6.691928,6.276279,6.823652,7.113511,7.143828
"CCNB2",4.944675,7.301529,5.244939,5.103936,5.310814,5.535993,5.05839,5.168107,4.852556,5.397476,4.793954,4.874317,5.421653,5.47207,4.951971,4.778079,4.839166,5.241491,5.339188,5.187786,5.232849
"FBXL22",6.602101,5.805923,6.401956,5.911279,6.557802,5.576725,6.506002,6.75964,6.229538,5.657005,5.892664,5.767987,6.003794,5.53819,5.718834,6.024767,6.074418,5.808349,5.590353,5.962861,5.909028
"RNU5A-1",6.303176,5.507989,6.059945,5.553673,5.144472,6.106157,6.263457,6.44709,4.361661,6.220529,5.536838,5.706176,6.011617,5.967804,6.036405,6.371037,5.139865,5.847427,6.1373,5.9688,5.26561
"RNU5B-1",6.162307,5.97774,6.240563,6.581242,6.315217,7.491188,7.113739,5.229962,5.934743,5.699663,5.370681,5.548524,5.789663,5.885413,5.629551,6.164309,5.65736,5.600481,5.991121,6.23708,6.176339
"DIS3L",7.394083,8.039461,7.936072,7.672735,7.583235,7.971067,7.756025,7.471004,7.685056,6.970496,6.780205,6.948656,7.010242,7.456581,7.335823,7.099349,7.43007,6.947006,7.405138,7.195138,7.049923
"PIAS1",10.346891,10.627943,10.608326,10.152356,10.590565,10.7133,10.495608,10.368381,10.646227,11.290914,11.560904,11.434585,11.384953,11.340601,11.279558,11.459284,11.373641,11.30259,11.453769,11.262789,11.487596
"RPLP1",11.971895,11.29307,11.481633,11.755982,11.310475,11.07962,11.238589,11.324698,11.067105,10.551381,9.657282,10.064853,10.559836,11.248999,10.181776,10.707167,10.133177,10.160845,10.574824,10.585977,10.193613
"PML",7.420052,8.257497,7.853923,7.367771,7.778468,7.704858,7.797804,7.431674,7.919161,7.590337,7.877416,9.345587,7.919507,7.731686,8.010395,7.851276,8.160317,7.996391,8.029382,7.81383,8.033123
"MPI",7.590282,8.007783,7.897095,7.461076,7.624262,7.6683,7.864261,7.33499,7.774502,8.546293,8.250192,8.296033,8.40147,8.646146,8.47484,8.442761,8.38916,8.142678,8.581466,8.414549,8.46271
"LOC441728",6.06991,6.187728,5.623734,6.079247,6.086757,5.803274,6.155147,6.63786,6.163252,7.161904,7.15584,6.34694,6.978489,6.083974,6.852046,6.616966,6.612339,7.086394,6.80893,6.872429,6.68371
"UBE2Q2",7.982116,7.999213,7.639252,7.498192,8.200805,8.147796,7.757045,7.410316,8.053234,7.397811,7.044404,6.728654,7.43549,7.684785,7.467226,7.352502,7.247561,6.887736,7.259759,7.23874,7.673418
"RCN2",8.096788,8.042083,7.909719,7.934221,8.248319,8.977634,8.133492,7.053769,7.829822,7.379996,7.010239,6.725694,7.784886,8.205583,7.33605,7.374632,7.027681,6.997558,7.335205,7.483729,7.642297
"IREB2",9.082908,9.409932,9.39029,9.094864,9.468511,9.569545,8.939752,8.889229,9.39754,8.361508,8.138239,8.2461,8.444672,8.383631,8.181181,8.470301,8.341923,8.215543,8.419183,8.724031,8.752121
"PSMA4",8.554022,8.398282,7.755624,8.111208,8.103733,9.083595,8.07462,7.381814,8.043195,7.779287,7.06971,7.4758,8.628323,9.08873,7.716141,8.169742,7.537295,7.400539,7.936272,7.801126,7.602642
"MORF4L1",10.309327,10.381566,10.151952,10.273814,10.206854,10.38127,10.161556,9.941114,10.016802,9.587695,9.561733,9.583115,9.645248,9.49202,9.747759,9.580624,9.462894,9.698745,9.547994,9.681914,9.422177
"ZFAND6",9.76224,9.340384,9.014829,9.154777,9.760733,9.97102,9.251462,9.165982,9.335196,7.852849,7.751903,7.076216,8.489041,8.70258,7.856172,7.991203,7.474376,7.087158,8.008343,8.256993,8.135081
"RAMAC",4.557814,5.492384,4.544653,4.954055,4.816037,4.753518,4.968998,4.638173,5.277457,5.825548,5.988279,5.627288,6.662581,5.701226,5.804733,5.979119,5.845072,5.388716,5.886741,6.135036,5.742526
"TM6SF1",9.0194,8.403636,8.458049,7.581081,8.583038,9.03713,8.562795,8.758709,8.936874,7.557784,8.433429,7.945807,8.240789,7.873769,7.739417,8.387509,8.048324,7.80448,8.153996,8.119391,8.221785
"LOC440300",6.572795,5.950634,6.693824,7.564976,6.869289,6.877597,6.065946,7.212835,7.101733,7.520832,7.270783,7.185007,6.556263,7.231399,7.236531,6.846834,7.123634,7.317296,6.892269,6.995069,6.992964
"MRPS11",7.844866,8.035229,7.994503,7.746422,7.511936,7.43805,7.910951,7.369772,7.65071,8.679807,8.51429,8.624537,8.959693,8.939631,8.538511,8.945638,8.600661,8.696166,8.791573,8.811811,8.652098
"ABHD2",9.857553,9.601114,9.748683,8.734695,9.854215,9.748137,9.317558,9.706625,10.544164,9.214498,10.33582,9.881974,9.611661,9.245395,9.605501,9.65307,9.633293,9.718768,9.648093,9.700279,9.844475
"MIR9-3",5.752155,5.519459,6.17585,5.634429,5.484223,5.465251,6.380805,6.254033,5.653671,5.099534,5.163846,5.331715,4.94403,4.951278,4.936247,4.948772,5.016634,5.19244,5.283731,5.100195,4.85926
"ZNF774",6.64261,6.499745,6.578818,6.867812,6.079902,6.027125,6.385379,7.0407,6.529158,7.445884,7.165804,7.039606,6.983438,6.940978,7.070084,6.896227,7.151501,7.073917,7.155412,6.762469,6.889757
"CRTC3",8.01588,8.703693,8.927268,8.472304,8.339829,8.521964,8.445557,8.275024,8.535751,9.641583,9.202679,9.473729,9.258197,9.572766,9.364373,9.327237,9.622648,9.41913,9.547706,9.241575,9.561986
"FURIN",8.119568,8.706472,7.976866,8.001272,8.386083,7.876198,8.260613,8.322231,8.388442,8.73091,9.180274,8.771646,9.040763,8.344571,8.786167,8.987592,8.756726,8.750558,8.840503,8.742653,8.959351
"MAN2A2",8.578287,8.564272,8.517628,7.8566,8.51586,8.067438,8.263879,8.081887,8.68517,9.005704,9.467179,9.482751,8.995877,8.970735,9.23536,9.219121,9.055625,8.879563,9.006769,9.218315,9.093497
"SLCO3A1",9.083593,9.301667,9.335922,8.618448,9.089913,9.373086,8.994331,9.423994,9.839788,9.721073,10.542059,10.343381,10.01748,9.476121,9.937259,10.197474,9.844393,9.924319,10.163004,10.033445,10.057963
"MCTP2",10.38835,10.087295,9.949906,9.284701,9.881077,10.440741,10.031117,10.391559,10.66263,9.504342,9.843247,9.592399,9.490665,9.318015,9.412286,9.44764,9.161961,9.053354,9.513755,9.711335,9.843964
"ARRDC4",7.425146,8.033623,7.489473,7.22608,8.013778,7.5681,6.989772,8.126599,8.048921,7.488179,7.77096,7.05249,7.393938,6.701832,7.196628,7.581919,6.864403,7.135834,7.443293,7.339996,7.45194
"IGF1R",8.562018,8.421904,8.809351,8.263696,8.626209,8.853625,8.563501,8.594728,9.040519,8.901512,9.561651,8.967805,8.583741,8.828888,8.636384,8.938469,8.943937,8.765364,8.992531,9.200359,8.981998
"HSP90B2P",4.517984,4.45023,4.702077,4.892187,4.874556,5.038816,4.838016,4.861311,4.206119,4.372135,4.284982,4.558966,5.11423,4.892602,4.608701,4.76975,4.720812,4.448244,4.570322,4.570688,4.478693
"LOC105371030",10.123326,10.225527,9.857875,9.760478,10.095119,9.678568,9.816961,10.338104,9.981964,11.035492,11.179789,10.842826,10.764609,11.385681,10.740478,10.030231,10.419756,10.56883,10.590945,10.833326,10.273175
"OR4F6",5.861404,5.230734,5.226733,5.761938,5.440354,5.3385,5.783231,5.864225,5.55334,5.799046,6.074968,5.665004,4.990124,5.689725,5.400188,5.457893,5.808635,5.975203,5.808416,5.203297,5.222959
"RPL5",12.230944,11.518566,11.524872,12.429846,11.556897,12.529617,11.286414,11.673684,10.916491,11.564685,10.871661,10.332356,11.77503,12.531836,11.355042,11.757175,11.364505,11.186577,11.590749,11.47282,10.46799
"UBE3A",8.210594,8.89912,8.906002,8.794967,8.83655,9.217701,8.65415,8.041461,8.639721,7.717875,7.389193,7.41225,8.085103,8.594682,8.013214,7.875461,7.540626,7.69948,8.074934,7.989516,8.153612
"MIR211",7.420224,6.95424,7.340986,8.1627,7.166113,7.187566,7.103148,7.905477,7.581356,7.959069,8.07494,7.844954,7.484888,7.617746,7.802721,7.786394,8.218134,8.201549,7.928692,7.727585,7.783324
"FMN1",6.81837,6.067185,6.19293,6.996192,6.552043,7.515405,6.665647,6.464418,7.175898,6.993998,6.6766,5.826221,6.163668,6.696186,5.724595,7.377339,5.596916,6.306368,7.059366,5.987411,6.856808
"NOP10",9.17459,9.082801,8.158653,8.269652,8.090774,8.351221,8.515818,8.727648,8.334409,9.695085,9.848308,9.689283,10.221857,10.068327,9.690963,9.911267,9.503212,9.735301,9.732225,9.851986,9.343847
"ZNF770",7.417397,7.895473,7.845839,7.733134,7.866401,8.325192,7.539744,7.219596,7.563994,6.505244,6.519374,6.198848,6.831649,6.952378,6.475534,6.955654,6.700875,6.477347,6.640701,6.982126,6.966998
"DPH6",6.2266,7.080515,6.857987,7.023606,6.845897,7.089613,6.758451,5.94368,6.261296,7.2573,6.699042,6.878729,7.53442,8.286608,7.27918,7.374647,7.153336,7.103923,7.574563,7.471918,7.701679
"RASGRP1",9.778422,10.139751,10.316226,10.267599,10.189954,10.275863,9.95483,9.679741,10.13224,10.719099,10.056774,10.344797,10.398475,10.772509,10.591552,10.560168,10.580018,10.525481,10.673604,10.65643,10.705771
"SRP14",9.624852,8.892322,9.125146,8.76275,8.665357,9.115666,8.465678,8.713227,8.582737,8.919535,8.670777,8.763705,9.638282,9.614937,8.906309,9.64653,8.903385,8.941469,9.345593,8.950553,8.272744
"NDUFAF1",7.067491,7.415249,6.50526,7.002339,7.38581,7.748215,6.88277,6.484225,7.105345,5.717195,6.079993,6.097253,6.76232,6.437877,5.92428,6.062106,5.929618,5.800887,6.280523,6.188744,6.156994
"ZNF106",9.494595,9.785852,9.458707,9.015636,9.664563,9.887565,9.466581,9.227106,10.163863,8.535283,8.883927,8.757823,8.596643,8.192513,8.439936,8.637935,8.346643,8.514005,8.697862,8.881763,8.605581
"RPS3A",10.191211,8.542401,7.966041,8.811251,8.953233,9.643435,8.49229,8.259643,8.25398,7.420732,7.074584,6.349913,8.369257,10.020978,7.249229,7.723245,7.770259,7.636959,7.705594,7.813117,7.499176
"EPB42",8.06803,8.038648,8.637268,8.273948,8.809794,7.908754,9.077286,8.087203,8.033484,9.417952,9.54485,8.865131,10.018845,8.589224,8.752078,9.474112,8.987719,9.104429,8.983684,8.858506,8.955007
"ZSCAN29",7.698759,8.273822,7.917337,7.924902,8.123416,8.007114,7.577767,7.599155,7.911025,6.933819,7.25632,7.581932,7.474486,7.378387,7.081406,7.397578,7.162844,7.316218,7.41978,7.476711,7.322536
"PPIP5K1",7.424939,8.117898,7.648857,7.915335,7.309545,8.022895,7.344417,7.020047,7.758503,8.188233,7.822933,8.338615,7.702352,7.970647,7.783869,7.810762,7.948546,8.227259,8.062126,7.685672,8.031147
"MFAP1",6.903304,7.067154,7.06332,6.922504,7.08281,7.148257,6.627422,6.861893,7.022132,6.244436,6.246289,6.502953,6.435589,6.488034,6.452038,6.268954,6.211209,6.272367,6.250288,6.2819,6.309288
"GATM",5.942394,5.717966,6.628027,6.349651,6.034574,5.155627,6.553996,6.214894,5.76643,7.199136,6.093062,7.192998,7.065817,6.798098,6.920062,7.118635,6.213845,6.61318,6.931116,6.413288,5.518961
"MYEF2",6.70371,6.781089,6.917673,6.973243,7.242706,7.265973,6.904914,6.57267,6.915998,6.633504,6.519763,6.654507,6.466965,6.901622,6.420011,6.683043,6.657306,6.299854,6.431882,6.860999,6.729839
"COPS2",7.921934,8.607638,7.86824,7.919513,8.454034,9.177488,8.111646,7.093334,8.031031,8.004973,7.271358,6.904431,9.06234,9.54838,7.792261,8.439675,7.935555,7.534058,8.089103,8.347906,8.567561
"ATP8B4",7.666491,8.085143,7.486175,7.186617,7.63957,7.630051,7.698881,7.212903,7.728875,6.99619,7.227707,7.56492,7.100487,7.115609,7.308364,7.196018,6.806337,6.902054,7.119823,6.968229,7.476681
"HDC",5.972996,5.93413,7.007008,6.247073,6.409025,6.782492,6.069268,6.559774,6.789957,5.951884,5.981941,6.326216,5.90262,5.514291,6.110615,6.244935,5.631521,6.107852,5.965822,6.01415,6.500639
"TRPM7",8.444323,8.907274,8.787867,8.601761,8.799186,9.242751,8.585718,7.634757,8.571936,8.313524,7.928377,7.917536,8.486916,8.791898,8.267273,8.382028,8.11784,7.793248,8.422115,8.572219,8.673508
"DMXL2",9.416176,10.022253,9.293977,8.435235,9.949465,10.358855,9.281395,9.453375,9.873684,8.738623,9.653572,9.847682,9.540822,9.112309,9.541768,9.256552,8.984452,9.443189,9.53041,9.836248,9.423791
"RSL24D1",7.550055,7.4192,6.87656,7.608946,7.371072,8.508543,7.266242,6.774685,7.269531,6.481738,6.236422,5.905818,7.253425,8.1332,6.297723,6.995059,6.209912,6.539827,6.580209,6.694539,6.790652
"RAB27A",10.318099,9.727743,9.573521,9.409552,9.789594,10.278713,9.360845,9.676141,10.108809,8.736734,9.267171,8.699433,9.031301,8.559953,8.931862,9.06951,8.947321,8.529477,8.959076,8.999078,8.774512
"RFX7",7.94908,8.549211,8.606634,8.346237,8.381112,8.573609,8.334975,7.911696,8.471534,8.515683,8.43333,8.735484,8.52933,8.878095,8.625139,8.695444,8.62958,8.646628,8.986367,8.833798,8.973416
"ZNF280D",8.427868,8.665552,8.67059,8.716824,8.789462,8.978885,8.681169,7.903738,8.058669,8.899028,8.087855,8.221937,8.972005,9.281333,8.541314,8.889498,8.689595,8.518283,8.820291,8.904851,8.917445
"SLTM",8.9529,9.031857,9.225511,8.960642,9.149757,9.588647,9.054429,8.492228,9.011994,8.091071,7.847754,7.859122,8.267255,8.432308,7.995479,8.223695,7.96744,7.857404,8.280803,8.458404,8.157308
"GTF2A2",6.64316,7.154679,6.813305,6.777183,7.103565,7.508275,6.328685,6.235685,6.825721,7.597907,7.135729,7.237781,8.274335,8.154821,7.653627,7.851424,7.219465,7.230601,7.871203,7.968423,7.865448
"BNIP2",10.058318,10.056885,9.984431,9.881498,10.14408,10.503674,9.776517,9.744708,10.171888,8.810563,8.913261,8.632582,9.319712,9.081684,8.853604,9.318987,8.871264,8.842924,9.060826,9.23255,9.175209
"ICE2",7.854151,8.413158,8.337785,8.44432,8.540378,8.628352,8.27726,7.757479,7.826313,8.317369,7.548959,7.876094,8.348318,8.619426,8.061944,8.430242,8.204696,7.86111,8.36971,8.309099,8.376928
"VPS13C",10.14474,10.324259,10.195339,10.066869,10.288618,10.611316,10.137804,9.493434,10.198119,9.341272,8.859621,9.473564,9.48392,9.563699,9.417767,9.628053,9.309242,9.234951,9.609054,10.001536,9.826861
"RPS27L",6.465751,6.857308,7.007025,6.740238,6.448498,7.710586,7.000666,6.418877,7.019166,6.475372,6.118579,5.841059,6.82161,7.314531,6.468651,6.638212,6.224222,6.211866,6.19704,6.689541,6.716336
"HERC1",9.194247,9.467577,9.745812,9.319428,9.238869,9.867402,9.412595,8.885554,9.788386,8.826065,8.534435,8.822965,8.339962,8.68489,8.91321,8.889872,8.808318,8.682422,8.689634,9.111838,9.011214
"CIAO2A",7.563396,8.081157,7.73857,7.455515,7.727544,7.941751,7.984614,7.546163,7.769551,6.456463,6.196518,6.365867,7.247661,7.322271,6.932552,6.803176,6.537978,6.706322,6.625456,6.819721,7.054322
"PPIB",9.539577,9.908992,9.396424,9.501003,9.327041,9.168902,9.563597,9.566914,9.344747,11.780693,10.823409,10.973463,11.450098,11.43061,11.1848,11.248636,10.953587,11.364119,11.527893,11.382117,10.792707
"PCLAF",4.764757,7.019221,4.655179,4.927343,4.954099,4.929514,4.717346,4.582864,4.601612,4.780543,4.804652,4.80346,5.149174,5.036037,4.945362,4.373084,4.562896,4.619855,4.750252,4.743351,4.834667
"SPG21",10.124175,9.963215,10.00149,9.840852,9.887353,10.034576,9.759755,9.813796,10.150985,10.455919,10.602597,10.432741,10.641947,10.550653,10.576966,10.804662,10.239375,10.319213,10.467113,10.632518,10.42327
"CLPX",8.612412,8.933177,8.88033,8.699164,8.988064,9.199437,8.637922,8.23999,8.75248,7.783097,7.478286,7.498407,7.806324,7.971445,7.689978,7.821916,7.637868,7.506872,7.703976,7.972068,7.752523
"DENND4A",10.040271,10.586186,10.569186,10.457097,10.553882,10.679965,10.552591,9.720677,10.172806,9.907556,9.510111,9.392302,9.722155,9.886589,9.696812,9.858209,9.688123,9.652277,9.800372,9.905579,10.238942
"AAGAB",7.439375,8.004043,7.582304,7.513309,7.63283,7.960877,7.433652,7.122334,7.389991,6.859812,6.738041,6.854871,7.265561,7.225154,6.821675,6.975001,6.839717,6.855162,6.813701,7.172864,6.940577
"CLN6",7.246977,7.502245,7.595425,7.462188,7.310384,6.920999,7.517265,7.621834,7.436411,8.116614,7.889779,8.082919,8.259878,8.212901,8.102091,8.1189,7.902708,8.077619,8.121257,8.10432,8.443182
"TLE3",9.082279,8.722772,9.000945,8.39019,8.99721,8.974845,8.869377,9.54925,9.533881,9.801134,10.555336,10.112175,9.653601,9.365098,9.739618,9.821745,9.883675,9.860386,9.763776,9.860855,9.684573
"MYO9A",7.541968,7.919537,7.954541,7.868353,7.909346,8.24979,7.722987,7.095198,7.858425,7.201873,6.970098,7.140078,7.171031,7.402563,7.301402,7.405108,7.242272,7.146979,7.372976,7.508587,7.667535
"UBL7",8.028302,8.549329,8.365178,8.223006,8.497096,8.087551,8.352997,8.038446,8.423895,9.019014,9.263338,8.961724,9.224983,8.998338,9.208772,9.017272,9.047221,8.941138,9.02373,8.809731,9.069999
"SCAMP2",9.213514,10.041618,9.822616,9.501639,9.787705,9.494283,9.589859,9.590056,10.030541,10.581665,10.767227,10.645034,10.72686,10.510902,10.728755,10.444584,10.552349,10.504669,10.748984,10.161053,10.708386
"ETFA",8.188285,8.679402,8.044103,8.332194,8.103667,8.874538,8.048506,7.750014,8.074247,7.773582,7.575705,7.354388,8.230788,8.217328,7.877208,7.892027,7.53036,7.495852,7.823361,8.194195,7.886852
"SCAPER",8.015556,7.783925,8.245869,8.345821,8.143417,8.432289,7.957174,7.453605,7.519312,7.67549,7.16103,7.476432,7.399117,7.712113,7.419351,7.592989,7.457518,7.182459,7.411551,7.465555,7.509937
"TSPAN3",9.422386,10.277212,10.050144,10.039836,9.655488,10.082737,10.3836,10.015805,9.638889,8.268515,8.24751,8.460228,8.622055,8.789035,8.362152,8.813402,8.36241,8.277173,8.492932,8.672285,8.421589
"CHRNB4",6.88486,6.527996,6.862181,6.703806,6.899754,6.290632,7.395759,7.256552,6.872196,6.106341,6.530423,6.432678,6.204945,6.204814,6.234484,6.46386,6.479183,6.649069,6.178386,6.14843,6.307717
"CTSH",8.624946,9.056509,8.54108,8.283076,8.554924,8.085581,8.493406,8.341779,8.639125,8.485263,8.744005,9.290125,9.361187,8.925527,8.752032,9.350347,8.464857,9.10191,9.36176,9.408198,9.26979
"ST20",8.15758,7.879746,7.862733,7.466574,8.345963,8.113392,8.331949,8.080606,8.166742,9.401622,9.618799,9.128346,9.886966,9.858335,9.317002,9.791383,9.203229,9.158728,9.421396,9.971001,9.318497
"BCL2A1",6.794109,6.54119,6.168526,5.877555,6.509344,7.418908,6.512653,6.453983,6.199505,7.534893,6.952485,6.54429,8.18411,8.227361,7.14837,7.588221,7.004801,6.932103,7.419483,7.609135,7.260237
"CSPG4P5",6.049709,5.54525,6.171331,6.679412,6.167424,6.060725,5.956418,6.698815,6.308316,6.582215,6.574542,6.265741,5.896305,6.048179,6.402931,6.290927,6.374269,6.700571,6.468256,6.482337,6.012544
"RPS17",10.330085,9.581911,8.892921,9.789729,9.371603,10.157677,9.448368,8.818016,8.062486,9.617015,8.822787,8.162796,10.685979,12.027077,9.474551,10.341875,9.502888,9.735691,9.656259,9.865214,9.403011
"BTBD1",8.79482,9.019177,8.861247,8.611011,9.068086,8.817607,9.040145,8.356207,8.809121,8.080193,7.928464,8.137612,8.610787,8.630449,8.079574,8.415222,8.408834,8.128653,8.379347,8.627224,8.554905
"SEC11A",8.765792,8.401796,8.738412,8.556319,8.628579,8.560363,8.504039,8.692655,8.612467,7.850428,7.711137,7.634229,8.053965,8.074498,7.890229,7.977113,7.579279,7.487088,7.933021,7.964353,7.529465
"DET1",7.235469,8.096699,8.373945,8.624463,8.123552,8.260416,7.789287,7.469698,8.51619,8.425483,7.619151,8.302284,7.79173,8.150659,8.135135,8.349695,7.934469,7.805665,8.405341,8.05383,8.225888
"HAPLN3",7.595387,7.564044,7.676697,7.706353,7.651883,7.707585,7.681183,7.480862,7.696952,8.198788,8.172422,8.289899,8.196521,8.562449,8.265701,8.383552,8.353144,8.355191,8.058215,8.25001,8.269767
"ANPEP",8.819631,8.989427,8.748858,8.033968,8.867363,9.50273,8.002851,9.171049,10.269659,9.182683,10.591038,9.900031,9.230715,8.861781,9.718749,9.890586,9.77218,9.310574,9.497277,9.694953,9.653098
"PRKXP1",6.901876,7.107469,7.647328,7.774835,7.862452,8.515567,7.099791,6.625626,7.285743,6.856148,6.254018,6.73343,7.045304,6.681873,6.667895,7.057651,6.385464,6.687519,7.498494,6.455451,6.428859
"LINS1",8.033791,8.593754,8.649523,8.593597,8.779025,8.967472,8.357587,7.840113,8.520313,8.038928,7.745768,7.846417,8.509291,8.549318,8.008916,8.440812,8.1234,8.084578,8.378789,8.262751,8.355009
"SNRPA1",7.629873,7.556128,8.510089,8.147186,8.078546,8.151135,8.150577,7.282406,7.832765,6.723893,6.04642,6.763116,6.601773,7.072891,6.631198,6.982346,6.509473,6.165877,6.798786,7.033119,7.215443
"WASIR2",6.482198,6.556584,6.751919,7.058265,5.696866,6.470049,6.72323,7.058823,6.751163,7.297331,7.327365,7.190404,6.786615,6.774605,7.080776,6.873039,7.284603,6.839248,7.046689,6.886134,6.889111
"SNRNP25",6.784854,6.866641,7.029963,6.746529,6.667715,6.519837,7.085522,6.595151,6.966165,8.119105,7.691,7.128741,8.238346,8.536346,8.045543,8.035151,8.071446,7.656291,7.994226,7.957263,7.700906
"HBZ",3.812539,5.732432,5.663645,4.174846,6.337434,4.21876,5.126386,4.052984,4.509364,3.693761,3.679649,3.957682,7.753597,3.652031,3.958006,6.473098,5.693684,5.570393,6.461605,5.898726,3.774036
"HBM",8.824794,9.362101,8.455851,8.48402,9.097327,7.659256,9.26288,8.792515,8.728916,7.820373,8.746968,7.97641,9.458637,7.905813,8.264786,8.878129,8.236039,8.738638,8.406161,8.277082,8.588716
"RPL23AP5",4.552583,4.730562,5.871222,4.801883,4.991614,6.472774,4.974604,4.816863,5.376687,4.36021,5.242677,4.203964,3.974626,4.923245,4.449577,5.883415,4.252441,4.519792,4.761744,5.419966,5.235113
"PIGQ",6.850709,6.873438,7.12856,6.676677,6.753267,6.655607,6.886025,7.401461,6.786601,7.595534,7.8757,7.551541,7.908279,7.500189,7.756437,7.8079,7.59704,7.706694,7.745373,7.504766,7.785546
"ATP6V0C",9.832725,10.925127,10.719394,10.41557,11.00083,10.229305,10.859918,10.407495,10.750011,11.42159,11.575082,11.287811,11.641958,10.969978,11.526976,11.349942,11.243818,11.315324,11.125026,10.83191,11.735489
"FLJ42627",7.156925,7.055119,5.304724,6.559269,6.044421,6.598428,3.416157,6.977807,6.943285,7.886009,8.018684,7.138343,7.116064,7.049976,6.873818,8.032393,6.178446,8.029241,7.207637,7.75221,7.587698
"SRRM2",9.718869,9.97928,10.446952,9.877872,9.854068,10.473839,9.854447,9.738491,10.502652,10.342771,10.296864,10.536508,9.876955,9.898356,10.426718,10.299229,10.330799,10.384915,10.260775,10.19436,10.313182
"THOC6",7.578555,7.706084,7.560283,7.482467,7.54586,7.314229,7.650422,8.02622,7.510815,8.718873,8.41303,8.816083,8.842355,8.947479,8.940446,8.865137,8.838778,8.77353,8.944564,8.765193,8.748712
"MMP25",9.145826,9.089644,9.099309,8.283082,9.131549,9.153175,8.768826,9.586858,9.796127,9.661201,10.559296,9.824136,9.758309,9.275481,9.384621,9.792547,9.407175,9.888252,10.068246,9.507017,9.612032
"IL32",8.414783,9.166858,8.507032,9.172823,8.317483,8.71544,8.873405,9.172245,9.096206,9.78277,9.420869,9.493765,9.267185,9.181213,9.367066,9.975424,9.736863,9.418962,9.562233,8.854487,9.842448
"OR1F1",7.216741,5.573911,6.302249,6.622476,6.337691,6.020261,6.426863,7.124575,6.306705,6.763243,6.927607,6.734174,6.10834,6.634227,6.633536,6.290906,6.770314,6.76223,6.669025,6.407141,6.265586
"OR1F2P",6.249024,5.877293,6.086275,6.414573,6.089298,5.948454,6.277224,6.497338,6.382381,7.101827,6.888009,6.409605,5.718103,6.505972,6.48421,6.03554,6.614057,6.299479,6.43762,5.92357,6.057862
"CLUAP1",6.955101,7.256549,7.170341,7.407407,7.36006,7.352567,6.647082,7.092572,6.766492,6.341122,6.248819,6.374894,6.513967,6.882395,6.489999,6.748674,6.416898,6.308385,6.332227,6.619846,6.694282
"UBN1",9.601227,9.251056,9.307953,8.708372,9.256401,9.663482,8.999485,9.265264,9.887199,8.202628,9.614767,9.221454,8.661163,8.659236,8.815471,8.923146,8.946886,8.535244,8.770877,8.714084,8.907445
"ATF7IP2",7.863791,8.019032,8.222102,7.904362,8.131245,8.346491,7.702004,7.071525,7.610813,7.677304,6.796882,6.827394,7.188891,7.561089,7.370442,7.559345,7.043104,6.962372,7.607042,7.49869,7.60366
"NUBP1",8.219896,8.961391,8.656351,8.360387,8.897043,8.513624,8.659328,8.288388,8.649944,7.882713,7.346513,8.088234,8.3213,8.222576,8.280628,8.146287,7.730056,7.878369,8.158292,8.342677,8.155947
"CIITA",7.358192,8.123391,8.162334,8.180447,8.052877,8.004521,8.468592,8.038417,7.989287,8.718829,8.15089,8.994298,8.160586,8.424491,8.612236,8.592893,8.766194,8.55087,8.669768,8.680449,8.590432
"TNFRSF17",5.868442,7.142259,6.151182,5.34385,5.840833,6.259001,5.767817,5.443477,5.563566,7.091414,5.671393,5.83301,6.7107,6.833862,5.579084,5.929705,5.927238,6.218892,6.783996,6.608364,5.927493
"SNX29",7.664838,8.316413,8.253305,8.192266,8.047934,7.971047,8.20161,8.002202,8.049948,8.85978,8.477881,9.009071,8.481003,8.670418,8.790769,8.810778,8.757504,8.815866,8.931828,8.877053,8.854066
"MIR365A",7.07846,6.437311,6.745694,7.757301,6.842939,6.282849,6.553522,7.2597,6.963078,7.16741,7.534269,7.287552,6.77853,7.251551,7.392928,6.727152,7.385444,7.484026,7.393569,6.825974,6.641467
"CCP110",6.295298,6.625865,6.165661,6.168544,6.447664,6.971324,6.351452,5.668232,6.374992,5.838681,6.07349,5.82059,6.644812,6.534596,6.026487,6.281681,6.05958,5.792783,6.318033,6.392404,6.290004
"ACSM2A",5.859255,5.075014,5.860146,5.848887,4.936986,5.366906,4.805049,5.708469,5.665877,5.443562,6.079011,5.769701,5.161818,5.667745,5.557828,5.460871,5.517452,5.859241,5.782358,5.510917,5.189978
"PLK1",7.113092,8.070424,7.134749,6.905705,7.309085,7.151119,7.320448,6.491144,6.607584,7.89178,7.152775,7.34086,7.758431,7.609174,7.358721,7.216009,7.43513,7.564785,7.554893,7.097198,7.363475
"APOBR",7.535,7.838856,7.590078,7.08758,7.770169,7.783665,7.269033,8.075386,7.935438,6.974867,7.706669,7.585126,7.465797,7.064853,7.387571,7.732166,7.267962,7.173602,7.201763,7.336021,7.364014
"CD19",7.500624,8.329526,8.214893,8.024782,8.10442,7.953113,8.581789,7.68474,7.743826,8.202144,7.765516,8.417151,7.928721,8.247749,8.289561,8.318874,8.352394,8.099611,8.316734,8.634181,8.365952
"NFATC2IP",8.482082,8.692429,8.56929,8.666981,8.694996,8.581499,8.645025,8.145573,8.689945,9.1397,8.931081,9.351596,9.072083,9.185711,9.445506,9.107866,9.20421,9.111101,9.249271,9.285766,9.185644
"SPNS1",7.914971,8.325846,8.226188,8.015692,8.182528,7.826833,8.147266,8.156771,8.306139,8.861263,8.704065,9.207872,8.943165,8.789015,8.960182,8.765334,8.909207,8.964968,8.7762,8.95559,8.889549
"LAT",8.533478,8.930355,9.272534,8.971032,8.923656,8.83207,8.641286,8.524454,8.862464,9.792924,9.333279,9.419049,9.822181,10.057073,9.930881,9.87521,9.695178,9.565069,9.53261,9.233434,10.068699
"SNX29P2",7.357092,7.076438,7.43559,7.019518,7.495876,7.298743,7.606171,8.187561,8.130231,7.875306,7.913107,8.175314,8.084322,7.74827,8.442024,8.140508,8.068104,8.0222,7.993999,8.347226,8.059868
"SPN",8.031781,8.717631,8.338494,7.844995,8.102512,8.330145,8.351698,7.424305,8.406355,8.83671,8.559302,9.142021,8.780137,8.6021,9.11967,8.783199,8.812011,8.786511,8.745055,8.9955,9.024576
"ZG16",7.009607,6.099169,6.159945,6.521067,6.084,6.245899,6.275315,6.381111,6.127436,6.195579,6.389942,5.420095,5.536091,5.963778,6.203757,5.825285,6.439716,6.002495,5.956201,5.710438,5.867842
"KIF22",9.540217,9.382079,9.293262,9.243978,9.403078,9.015573,10.073921,9.833382,9.54367,8.125501,8.514927,8.130353,8.61947,8.157971,8.594993,8.471006,7.995367,8.930764,8.371796,8.311717,8.241676
"PAGR1",8.631523,8.814518,8.819444,8.870011,8.625825,8.65931,8.807292,8.389711,8.668729,8.120913,7.961815,7.810989,8.038322,8.335145,7.794977,7.786919,8.079476,8.01371,8.013923,8.081299,7.724219
"CORO1A",11.237786,11.723163,11.451376,11.024289,11.306721,11.092507,11.592986,11.348332,11.545611,12.960338,13.134508,13.225909,13.109489,12.990095,12.987547,12.943024,12.935466,12.829475,12.860108,12.823732,13.081357
"ITGAL",9.244571,9.884901,9.626339,9.192693,9.510999,9.781328,9.70925,9.076629,10.060725,9.854003,9.829785,10.230966,10.013066,9.721967,10.258573,10.140011,9.948031,9.875943,9.851547,10.195274,10.031444
"ZNF646",7.310663,7.405814,7.55571,7.286983,7.371421,7.602218,7.627043,7.609643,7.600146,7.962288,8.292486,8.344265,8.241126,8.113653,8.106459,8.311499,8.146544,8.142669,8.135019,8.328677,8.322528
"TRIM72",7.83467,7.175783,7.34302,7.279072,7.409495,7.457478,7.702624,8.081268,7.277655,6.522906,6.670079,6.864544,6.998206,6.895206,6.933863,6.615235,6.860985,7.027997,6.797446,6.824276,6.63358
"ITGAM",9.213746,9.531448,9.303053,8.55954,9.09215,9.392018,9.213708,9.601178,10.258726,9.104867,10.172136,9.840823,9.602254,9.089794,9.813008,9.727596,9.172349,9.500737,9.546828,9.76033,9.633211
"ITGAX",10.373035,9.6399,9.712552,8.934756,10.032398,10.431963,9.725148,10.250789,10.908175,10.599667,11.040912,10.776041,10.706681,10.35659,10.671431,10.744253,10.754323,10.537458,10.781922,10.614147,10.51442
"AHSP",7.292887,7.724156,7.346998,7.361818,8.226367,6.765912,8.105778,7.079269,6.87415,8.799418,9.755462,8.189748,11.242658,8.901311,8.811999,10.033599,8.688943,9.222943,9.038766,9.015826,9.021265
"CLUHP3",7.384838,7.505623,7.350559,7.574961,6.701525,7.365932,7.252751,7.337264,7.443987,8.195278,8.045347,7.933699,8.30277,8.477718,8.423952,8.484833,8.165755,8.27042,8.21306,8.048738,8.059979
"ZNF267",8.59665,8.28584,7.69725,7.326729,8.680318,9.340234,7.922779,7.82705,8.074635,7.729765,7.756939,7.276187,8.776203,8.918367,7.50259,8.34065,7.846743,7.254188,7.684847,8.17902,8.119528
"ADCY7",9.128783,9.46463,9.023163,9.058744,9.020064,8.895221,9.272579,8.976326,9.424019,9.735413,9.343774,10.160069,9.869196,9.409268,9.705506,9.697339,9.495544,9.511498,9.493375,9.851849,9.561867
"NOD2",7.543302,8.104832,7.576318,7.569123,7.620272,7.857915,7.444182,8.166696,8.162164,8.345671,9.351949,9.401424,8.525507,8.622548,8.607842,8.837536,8.598117,8.564659,8.843737,8.840362,8.372253
"CYLD",10.038383,9.954863,10.266132,10.009879,10.035157,10.572102,9.901411,9.626558,10.028423,9.296783,9.104169,9.189147,9.285077,9.421438,9.149905,9.407461,9.31812,9.028692,9.126025,9.225299,9.302294
"RBL2",10.121407,10.350588,10.827468,10.223413,10.328184,10.876805,10.070862,9.883516,10.677645,9.661097,9.375375,9.365655,9.452408,9.741974,9.765496,9.5502,9.877903,9.367704,9.771305,9.557198,9.488409
"LPCAT2",9.403165,9.56718,9.872675,8.382143,10.132487,10.104944,9.370424,9.641437,10.01707,9.76228,10.651641,10.525119,10.299498,9.408257,10.118885,10.076553,9.975565,9.887687,10.465261,9.739784,10.249764
"MT2A",9.599507,10.159776,9.022735,9.420928,9.398439,8.885771,9.183149,8.820623,9.599753,11.029211,10.926378,12.525792,11.702721,11.068207,11.104012,11.06902,10.926071,11.013076,11.005965,11.183698,11.359149
"MT1M",5.961682,5.910685,5.721509,6.16696,5.887051,5.665147,6.290566,6.094252,5.753194,6.825487,6.925495,7.057432,6.280457,6.545116,6.422714,6.409771,6.378077,6.291185,5.928446,6.282237,6.187977
"MT1L",8.686164,8.483475,8.307551,8.546115,8.287048,8.33951,8.314068,8.48825,8.763962,9.223621,9.140971,9.53633,9.131043,9.091061,9.00645,8.993515,9.090776,9.162355,9.013051,8.926991,8.874865
"MT1E",7.365032,7.651623,7.40856,7.880061,7.733447,7.357944,7.749969,7.68859,7.664965,8.090207,8.215554,8.582517,8.594312,8.492622,8.200522,8.211495,8.37121,8.668428,8.241151,8.024623,7.923308
"MT1JP",7.001719,6.548512,6.457809,6.84739,6.365935,6.429053,6.52838,6.75425,6.746701,7.646385,7.36717,7.761774,7.265429,7.254189,7.074479,7.4069,7.38028,7.252619,6.973281,7.063629,7.140484
"MT1DP",8.004758,7.813604,7.953748,8.365214,7.931185,7.872231,7.91269,8.266636,8.013429,8.997909,8.842871,9.170703,8.762817,8.471524,8.725971,8.479411,8.752982,8.750755,8.571876,8.633728,8.527108
"MT1F",8.574641,8.528918,8.087911,8.088107,7.965799,7.772596,8.472661,8.501221,8.315441,9.259809,9.268121,9.850113,10.261855,10.41234,9.719065,9.930781,9.709195,9.498702,9.606065,9.757909,9.269484
"MT1H",6.94837,6.729186,6.340659,6.96564,6.721774,6.316006,6.422137,6.875163,7.002027,8.013125,7.561094,8.429322,7.432968,7.683481,7.228447,7.137063,7.570622,7.275577,7.309605,7.053081,7.04282
"MT1X",7.557984,7.632591,6.829757,7.227833,7.089309,6.672993,7.216523,7.160632,7.17823,7.674601,7.718407,7.846533,8.374413,8.361023,8.050712,8.086609,7.927333,7.987968,8.122979,7.97872,8.363519
"NLRC5",8.480593,8.869771,8.917649,8.624057,8.745041,8.993119,8.782045,8.420862,9.119987,9.156032,9.094975,9.849367,9.243568,8.983955,9.430009,9.407103,9.161153,9.088839,9.080949,9.324014,9.277303
"CPNE2",7.631429,7.799731,7.954425,7.768249,7.966269,7.841706,7.808465,8.160651,8.010212,8.287726,9.117802,8.657663,8.718881,8.449455,8.768048,8.7884,8.677065,8.36805,8.73186,8.498984,8.725252
"ADGRG5",7.930063,7.68073,7.879836,7.781585,7.744346,7.777238,8.310664,8.167632,8.172087,8.452041,8.465145,8.856285,8.659945,8.271867,8.799295,8.38956,8.780118,8.46226,8.338593,8.464416,8.976793
"ADGRG1",7.149506,7.869387,7.171338,7.212361,7.106602,7.624898,7.97058,7.12006,8.233574,8.504816,8.548976,9.006786,9.013289,8.20923,9.332054,8.52007,8.261625,8.451489,8.524443,8.559547,8.938553
"ADGRG3",9.040614,8.280719,8.703993,8.09028,8.707686,8.951173,9.051547,9.640939,9.552614,9.616785,10.535975,9.949077,10.17291,9.645378,9.758655,9.440069,9.738983,9.656032,9.614962,9.538246,9.51841
"BEAN1",7.927996,6.842202,7.317006,7.644795,7.030653,7.177626,7.348053,8.066373,7.399419,7.731658,8.10334,7.944933,7.500021,7.810988,7.878297,7.740441,7.999878,8.051576,7.886697,7.637476,7.764945
"CMTM2",8.034316,7.204453,7.153164,7.257924,7.329079,7.407978,7.298036,8.14021,7.286519,7.925285,8.476839,7.558503,8.05875,7.88623,7.571718,8.241643,7.814393,7.427666,7.689586,7.823089,7.730957
"CMTM3",8.718221,8.511915,8.383873,8.123904,8.554886,8.286411,8.621897,8.41608,8.714591,9.332017,9.539373,9.632036,9.665145,9.307855,9.711352,9.670017,9.651782,9.460784,9.478568,9.556702,9.456377
"PDP2",6.648118,6.70271,6.770207,6.760155,6.623747,6.778288,6.557856,6.26207,6.736381,6.981453,7.137002,7.190241,7.456391,7.46881,7.233858,7.361237,7.033056,7.001146,7.309061,7.136621,7.420934
"E2F4",7.874414,8.28581,8.185695,7.954212,8.224515,7.943951,8.076303,8.028578,8.188816,8.560828,8.567487,8.646217,8.995117,8.649749,8.688272,8.836212,8.2417,8.658728,8.627651,8.520398,8.76099
"TMEM208",7.881169,7.842641,7.901233,7.833589,7.832734,7.508013,7.713139,7.722712,7.8691,8.616039,8.314263,8.500965,8.707616,8.764066,8.603786,8.744722,8.511521,8.450647,8.693135,8.847626,8.651321
"RIPOR1",7.175653,7.500711,7.442287,6.991781,7.227206,7.383925,7.199683,7.335374,7.505313,8.008662,7.949549,8.190159,7.735746,7.793814,8.045902,8.274464,7.841449,7.796987,8.030401,7.911743,8.09886
"DUS2",7.691303,7.580422,7.693259,7.604983,7.533038,7.696745,7.920961,7.215056,7.904955,8.09207,8.137947,8.210768,8.201179,8.250772,8.387002,8.763897,8.13361,8.259686,8.406648,8.725251,8.607392
"UTP4",8.104152,9.241727,8.794105,8.533439,8.657279,8.817854,8.800076,8.065471,8.706319,8.888152,8.650845,8.828017,9.027519,9.32178,9.075215,8.877929,9.051517,8.904816,9.066379,8.859612,9.049474
"PDPR",8.775682,9.376777,9.086098,9.213598,9.058048,8.804826,8.650953,7.890977,9.485395,9.810448,9.183074,9.033378,8.866626,9.464093,9.079039,9.580225,9.508292,9.739021,10.358916,9.621707,9.754067
"HP",5.322483,5.385648,5.480816,5.179405,5.258269,5.075601,4.92195,6.201307,5.115118,5.393922,6.39049,5.256892,5.540229,5.606546,5.594279,5.948944,4.924114,5.587713,6.272912,6.016858,5.233359
"HPR",6.14222,6.005898,6.176046,6.567978,5.648222,5.250735,5.499337,6.198827,6.01545,6.11788,6.506058,6.227288,6.142862,6.326472,6.60965,6.339288,6.501725,6.506443,6.505174,6.365597,6.127661
"ZFP1",6.957835,7.350815,7.168309,7.38919,7.254973,7.145781,7.211159,6.805293,6.715896,6.735452,6.539262,6.591152,7.146288,7.019188,6.56495,6.529282,6.361532,6.419737,6.678272,6.833966,6.772129
"GABARAPL2",10.087582,9.948893,9.881703,9.728201,10.27757,9.641632,10.172539,9.764895,9.603858,10.083244,10.448373,10.049025,10.668395,10.165931,10.247666,10.812809,10.127581,10.370547,10.407447,10.584162,10.515277
"ATMIN",8.392598,8.518613,8.305617,8.268897,8.506218,8.259091,8.607138,8.207943,8.35646,8.982244,8.684134,8.9631,9.540776,9.464974,8.910217,9.319568,8.914867,8.982002,9.353433,9.088655,9.2285
"CMIP",8.575381,8.846966,9.024184,8.207734,8.681975,9.015494,8.604858,8.742037,9.394094,9.239853,9.798142,9.771913,9.178738,8.759412,9.303326,9.401276,9.143901,9.151171,9.314562,9.39442,9.554515
"HSBP1",8.182612,8.289885,8.188527,8.070214,8.377138,8.171336,8.111422,7.831971,8.283038,7.192219,7.177229,6.993036,8.118162,7.875076,7.47362,7.481336,7.257156,7.090384,7.397236,7.662228,7.819555
"CRISPLD2",7.790833,8.011738,7.254037,7.010705,7.291569,7.669343,7.631788,7.808826,8.110548,7.13028,8.878861,7.351479,7.470451,7.085949,7.189448,7.684035,7.435815,7.260941,7.795122,7.695186,7.579144
"KIAA0513",8.562275,8.447209,8.572772,7.739307,8.611489,8.274964,8.398181,8.287672,8.755374,8.45696,9.314485,9.229686,9.143647,8.402887,8.803681,9.154235,8.685143,8.781647,8.88654,9.02371,8.64838
"COX4I1",8.94806,8.949976,8.926879,8.635683,8.492967,8.801729,8.5404,8.582522,8.373688,9.165062,9.036406,8.991823,9.54934,9.724409,9.347631,9.745634,9.261623,9.148357,9.429035,9.554167,9.061433
"IRF8",9.614987,10.242017,10.154908,9.921627,10.11312,9.703127,10.350812,9.653432,9.992922,9.550478,9.094333,10.110013,9.815152,9.745864,9.876466,9.920275,10.038421,9.887029,10.224529,10.219092,9.884147
"CDK10",6.972234,7.392593,7.111525,7.080759,7.380673,7.362705,7.504868,6.939996,7.556426,7.780116,7.619296,7.955554,8.014179,8.007404,8.104247,7.565841,7.944756,7.875053,7.807423,8.044175,8.030722
"NPRL3",8.497633,10.974372,9.585198,9.159159,11.066383,9.202628,9.932743,9.315969,10.273676,9.871038,10.341456,10.26798,9.935119,9.094773,9.991097,9.795841,10.154088,9.697137,9.743957,9.511118,10.097856
"MRPL28",7.740889,7.79872,7.296367,7.017766,7.042502,7.06075,7.687647,7.59794,7.522703,8.006312,8.510498,8.296732,8.837985,8.459594,8.390243,8.717936,8.311663,8.332316,8.587519,8.657548,8.575746
"PGAP6",8.602338,8.647907,8.207727,7.977725,8.704459,8.132317,8.549244,8.498619,8.400883,9.359946,9.549555,9.212898,9.226862,9.380451,9.40993,9.479996,9.40993,9.28974,9.474241,9.512794,9.651195
"JMJD8",7.763939,7.99144,7.930328,7.484533,7.878783,7.349606,7.937104,8.057024,7.773026,8.877195,8.499606,8.853558,8.742811,8.675291,8.806269,8.734915,8.664955,8.591311,8.59184,8.523763,8.635563
"LMF1",7.697423,8.071405,7.988316,7.927229,8.218172,7.630364,8.0408,7.857118,7.847493,8.984939,8.722441,9.039032,8.957514,9.070168,8.903357,8.85068,8.849656,8.797582,8.877723,8.902704,8.983784
"SSTR5-AS1",7.4286,7.47352,7.739087,5.790438,6.963955,4.838024,4.795282,7.702124,7.168412,5.848595,5.997902,5.167927,6.290632,4.195621,5.361802,4.668815,5.263735,6.385379,6.17892,5.1515,5.502735
"CLCN7",7.354907,7.936421,7.735231,7.480973,7.55033,7.547363,7.429939,7.521268,7.69834,7.932243,8.337693,9.166361,8.427744,8.350727,8.602407,8.59869,8.262467,8.478542,8.599801,8.535522,8.503561
"HAGH",8.7875,9.205924,8.798934,8.684713,9.359497,8.645585,9.210264,8.533166,8.588649,9.260817,9.856764,9.449255,10.105906,9.323959,9.689794,9.881565,9.625892,9.805631,9.688547,9.658532,9.497646
"MSRB1",9.862532,9.268684,8.855688,8.256919,9.290875,9.048999,9.059903,9.663866,9.378404,9.527204,10.426208,10.145971,10.291804,9.639433,9.931548,10.355989,9.685434,9.754191,9.615635,9.846236,10.017666
"SNORD60",8.13177,8.187106,7.499507,7.204789,7.693116,7.171213,7.98469,7.304414,5.884885,5.506884,5.618385,5.256707,6.210196,7.433434,5.690844,6.085456,5.208238,6.570894,5.927534,6.299817,5.853912
"ELOB",8.2871,8.192586,8.217363,8.15612,8.248123,7.785256,8.450402,8.335046,7.865667,7.922923,8.150215,7.826625,8.612246,8.433132,8.149468,8.288034,7.895912,8.141908,7.870266,8.058439,8.141767
"CLDN6",5.94562,5.588784,5.697875,5.82552,5.545533,5.356378,5.999006,6.157787,5.698611,5.538244,5.755325,5.661467,5.510326,5.218522,5.406971,5.430146,5.295976,5.713742,5.448287,5.159876,5.029982
"MEFV",9.154445,9.107099,8.960238,8.308195,9.102637,9.00912,8.724716,9.283294,9.631623,8.236034,9.273444,9.403087,8.664928,8.187678,8.68334,8.898825,8.460841,8.560154,8.582927,8.667617,8.678995
"TIGD7",6.32989,6.260755,6.050999,6.607437,6.429302,6.723632,6.451458,6.406909,6.08527,5.992973,6.103287,5.806509,6.176154,6.449277,5.525521,6.000731,6.029596,5.998646,6.227519,5.874907,5.746675
"ZNF597",6.719657,7.147468,7.127286,7.063993,7.249402,7.104924,6.948523,6.873072,7.233419,7.659923,7.32588,7.530965,7.978632,7.844469,7.576652,7.823252,7.643856,7.480518,7.893522,7.64292,7.970522
"UBALD1",8.019042,7.859234,8.018297,8.483259,7.893392,7.769927,8.077173,8.251649,8.116692,8.612396,9.078942,8.727425,9.276428,8.580226,8.838249,8.773258,8.549837,8.650488,8.389494,8.291925,8.617895
"USP7",9.784733,9.966526,10.150189,9.900658,10.003306,10.462215,9.884588,9.731088,10.108918,9.047997,8.781217,8.947075,8.933412,8.937517,9.016095,9.109511,8.994928,8.92863,9.104475,9.236724,9.106387
"DEXI",6.660763,7.672017,7.669318,7.449388,7.641026,6.694307,7.400541,7.260953,7.148746,7.644521,7.305025,7.841929,7.814445,7.818429,7.305518,7.798868,7.341692,7.568657,7.869423,8.174133,7.919995
"ZC3H7A",8.697687,8.916937,9.007186,8.624178,8.992791,9.45431,8.664459,8.302469,9.155648,8.040934,8.087871,7.969799,7.844618,8.238114,7.90502,8.220643,8.090005,7.998215,8.142999,8.398909,8.132674
"GSPT1",10.306236,11.057507,10.889236,10.979015,11.601418,11.046146,11.028812,10.761727,10.837671,10.432096,10.581523,10.182227,11.068819,9.833068,10.420296,10.953304,10.20723,10.484866,10.406124,10.651663,10.597056
"CPPED1",10.874547,10.520422,11.188454,10.331477,10.956715,11.231596,10.796136,11.24555,11.261227,10.42896,11.508528,11.190128,10.724459,10.26093,11.046453,11.391672,10.893491,10.889951,10.895498,10.973578,10.852796
"PLA2G10",5.208563,4.823543,5.699435,5.368928,5.064428,5.7163,5.566433,4.785033,5.014433,5.045403,4.958903,4.834291,4.870737,5.322652,4.803638,5.166234,4.564859,4.834638,4.734349,4.865575,4.826173
"NTAN1",7.460211,8.27036,7.397679,7.562971,8.077318,7.529227,7.524118,7.487425,7.279005,7.03082,6.813467,6.657408,7.747293,7.139141,6.909546,7.517872,6.894304,6.93432,7.40426,7.195298,7.006094
"MARF1",10.394207,10.859511,11.180822,10.601633,10.933705,11.340675,10.796793,10.782854,11.232395,10.213085,10.747111,10.599851,10.081138,10.126662,10.365067,10.472342,10.445133,10.416228,10.426308,10.234273,10.656747
"CEP20",7.502665,7.724029,7.113825,7.274915,7.797611,7.890836,7.374118,6.589637,7.385398,8.06984,7.565927,7.619725,8.442815,8.343037,7.764711,8.273817,8.015458,7.996939,8.178715,8.281221,8.152862
"LYRM2",7.365611,8.172755,6.641341,7.847929,7.135671,7.784486,7.47004,6.123854,6.911524,7.867393,7.335605,7.297967,8.858362,8.983967,7.827585,8.186762,7.566116,7.462468,7.645366,7.93729,7.960574
"RPS15A",11.08984,10.387829,9.797624,10.519746,10.330751,10.702887,10.357678,10.046286,9.699715,10.355508,9.815879,9.286077,10.841486,11.993638,10.34893,10.849428,10.163127,10.187522,10.300945,10.575417,10.081034
"KNOP1",6.814597,7.566914,7.280607,7.298898,7.063864,7.139109,6.808622,6.93212,6.970071,6.355637,6.07345,6.53363,6.559188,6.298686,6.472936,6.405602,6.440819,6.424225,6.787495,6.579659,6.42346
"THUMPD1",8.022847,8.058107,8.180132,8.111308,8.493474,8.55356,8.138975,7.629657,8.008635,7.017218,7.161817,7.139198,7.489448,7.634094,7.136458,7.340976,7.27227,7.093062,7.370039,7.516442,7.370371
"IGSF6",10.112849,9.469103,9.436189,8.615723,9.555365,9.879598,8.965514,9.598171,9.754868,10.853798,11.638075,11.303177,11.423593,11.018482,11.277966,11.390279,11.088747,10.992468,11.288506,10.7478,11.222018
"GGA2",8.507734,9.159472,9.197109,9.007371,8.930116,9.085462,9.291429,8.407882,9.019404,9.178744,8.59778,9.31391,8.847933,9.362032,9.276827,9.081154,9.130975,9.120009,9.438779,9.581856,9.301248
"NDUFAB1",7.391357,7.873023,7.225276,7.404794,7.547716,7.589421,7.319376,6.921612,7.382485,7.086863,6.67241,6.631604,7.282748,7.179607,7.009957,7.072177,6.971487,6.473723,6.970833,7.194413,6.875656
"SULT1A2",7.041771,7.187257,6.824919,6.536009,6.776328,7.50217,6.949721,7.490069,7.155611,7.406537,7.572808,7.908283,7.549895,7.540323,7.717953,7.818851,7.617339,7.710225,7.700089,7.735119,7.653464
"KCTD13",7.189949,7.603702,7.651646,7.299521,7.313303,7.561458,7.478201,7.28092,7.735684,8.399498,8.539228,8.316427,8.381546,8.362499,8.432129,8.495125,8.41574,8.275541,8.499011,8.067335,8.452629
"GDPD3",6.372954,6.246392,6.603034,6.109532,6.230758,6.548668,5.899459,6.238865,6.465671,6.823895,7.265144,7.032795,6.995008,6.863046,7.214355,7.391525,6.743827,7.095654,6.558362,7.070113,7.31253
"MAPK3",8.660444,8.526743,8.665433,7.985873,8.490671,8.37048,8.319288,9.17524,8.865636,9.466668,9.874911,9.587578,9.474436,9.042125,9.437493,9.662933,9.570244,9.336448,9.421634,9.38602,9.507869
"SEPTIN1",9.148483,9.489465,9.678088,9.382775,9.352697,9.331825,9.583033,9.296216,9.409925,10.122737,9.565831,9.847257,9.94996,10.229845,10.010635,10.083763,10.010927,9.87777,9.926312,9.829432,9.96185
"VKORC1",8.782911,8.95261,8.91743,8.772893,8.790305,8.635395,8.846982,8.911719,8.892331,9.682527,9.528155,9.354736,9.970321,9.796422,9.667272,9.915159,9.385642,9.618828,9.472539,9.495933,9.720928
"PYCARD",8.415145,8.560703,8.239098,7.725046,8.28051,7.887361,8.391853,8.619012,8.27695,8.85675,9.468721,9.311339,9.749972,9.095981,9.312108,9.653041,9.019581,9.065248,9.127397,9.367314,9.350558
"VN1R3",5.517294,5.490415,5.733631,6.254376,5.503953,5.238511,5.809615,5.687336,5.537236,5.589816,5.811395,5.390784,4.8122,5.471585,5.078006,4.703574,5.42216,5.454548,5.294733,5.074747,5.466221
"UBE2MP1",7.259226,7.513363,7.245459,6.755182,7.520782,6.994421,7.033632,7.012051,7.173863,6.114306,6.292263,6.789806,6.713825,6.472567,6.293317,6.612595,6.35543,6.015791,6.265057,6.480161,6.418478
"DNAJA2",7.983781,8.170778,8.128031,8.018986,8.375417,8.574308,7.919113,7.565459,8.203086,6.671675,6.790423,6.481487,7.476415,7.445759,6.894902,7.310675,6.727989,6.450848,6.791095,7.114629,6.912022
"AKTIP",8.642533,8.513008,8.730126,8.906835,8.798599,9.291096,8.757737,8.148606,9.039638,8.493909,8.197191,7.812741,8.511803,8.699411,8.072851,8.664411,7.759017,8.00488,8.096357,8.542508,8.79807
"CES1",7.944321,8.810124,7.467644,7.677721,7.727303,7.029174,6.636983,8.261776,7.998543,7.02944,7.811209,7.791331,7.50314,7.389916,7.159333,7.810276,7.546879,7.764761,7.960161,7.805302,7.315775
"NUDT21",9.992028,10.266464,10.028335,9.987501,10.071649,10.293971,9.971536,9.227633,9.958406,9.244416,8.7577,9.058989,9.471655,9.696211,8.860734,9.262294,9.140098,9.126027,9.390494,9.441849,9.508859
"MT1G",7.367699,7.451887,7.192268,7.346424,7.26708,6.979754,7.226952,7.636416,7.267961,8.400753,8.425024,9.171663,8.538266,8.295742,8.134577,8.218229,8.468331,8.468648,8.365236,8.312165,8.391563
"CFAP20",7.704817,8.109174,7.943987,7.719543,7.677193,7.925689,7.768834,7.2382,8.011029,8.051317,8.056278,8.226248,8.645671,8.699241,8.470547,8.666723,8.265419,8.152974,8.404384,8.456551,8.392739
"CSNK2A2",8.747897,9.207658,9.032826,8.768908,8.811283,9.019291,8.902591,8.458535,8.999571,9.656568,9.226521,9.648345,9.534097,9.723657,9.496233,9.792653,9.625788,9.475536,9.815621,9.806759,9.693097
"SNORA46",7.611026,8.045619,7.519799,6.676713,7.592392,7.817433,7.537065,6.792509,7.702587,5.277569,5.229417,5.956454,5.263741,5.453847,5.445771,5.709918,5.386689,5.283023,5.392516,5.773503,5.739411
"GOT2",7.905798,8.395245,8.399298,8.239451,8.279153,8.105036,8.312822,8.185569,8.426733,8.679438,8.464634,8.809581,8.740508,8.959258,8.998865,8.616687,9.070511,8.836316,8.93156,8.489457,8.702822
"NAE1",7.436767,7.235262,7.425838,7.021926,7.189538,8.269737,7.239071,6.519654,7.041948,6.890098,6.296521,6.484897,7.402263,7.854884,7.031232,7.271164,7.04699,6.80552,7.194552,7.200092,7.273502
"TPPP3",7.427184,7.556058,7.417871,7.516726,7.327951,7.144682,7.269123,7.567341,7.22571,7.88121,7.90753,8.411647,8.628739,7.764005,8.178413,8.432558,7.949136,8.195055,8.415085,8.388422,7.548151
"ATP6V0D1",9.103405,9.80317,9.632095,8.586795,9.64228,9.264256,9.110674,9.485414,9.738371,10.525863,11.300413,11.155337,10.830818,10.40909,11.093646,10.982854,10.864666,10.836635,10.953417,10.789734,10.99796
"RANBP10",8.301971,8.958845,9.014114,8.502177,9.468087,8.499178,9.050738,8.270979,8.677985,9.464958,9.750855,9.283777,9.876131,9.016545,9.639069,9.54602,9.542573,9.575936,9.415353,9.047042,9.688352
"PSMB10",8.449156,8.408895,7.952828,7.78065,7.915499,8.034393,8.278925,8.087756,8.191825,8.621677,9.036915,9.197844,9.03967,8.763619,9.075443,8.794802,8.937935,8.416852,8.627347,8.797708,8.791638
"SMPD3",7.207201,6.705979,7.614944,6.841387,7.257889,6.945902,6.818869,7.216452,6.939193,6.948835,7.821025,8.461589,7.908463,7.128615,7.459778,7.88251,7.580352,7.781443,7.716561,7.549225,7.957306
"NOB1",6.467682,7.268542,7.235721,6.606503,6.907167,7.011457,7.268027,6.982548,6.835144,7.718351,7.135845,7.72836,8.104578,7.887062,7.824305,8.11548,7.844515,7.503126,8.069183,7.969988,7.979501
"PDXDC2P-NPIPB14P",8.293595,8.495826,8.588,8.314292,8.242015,8.637469,8.485697,7.73504,8.564139,8.942302,8.286925,8.895623,8.324234,8.381322,8.632428,8.963769,8.514904,8.416716,8.751017,8.838174,9.300844
"ST3GAL2",8.248367,8.656332,8.370086,8.256112,8.594677,8.110014,8.227204,8.773374,8.55238,9.05193,9.40465,9.680768,9.400647,9.102952,9.258916,9.483208,9.262109,9.164419,9.244483,9.315235,9.325278
"PHLPP2",6.224192,6.794234,6.201228,6.429856,6.633029,6.749528,6.492339,6.079101,6.316817,7.176124,7.191507,6.866817,7.177267,6.958916,7.140854,6.948902,6.856142,6.813984,6.925174,7.179235,7.241999
"TMEM170A",8.762793,8.728388,8.928186,8.865444,8.931179,8.727834,9.204405,8.612118,8.849302,9.811401,9.536369,9.560526,9.867061,9.789423,9.615792,9.623491,9.559032,9.697609,9.64145,9.84304,9.6777
"CMC2",7.942191,8.067377,7.630414,7.412483,7.662758,8.127243,7.796592,7.434665,7.580016,8.513327,7.902405,7.857261,8.789835,9.135138,8.210525,8.455615,8.031898,7.960825,8.241589,8.229036,8.132049
"MPHOSPH6",6.147738,7.037876,7.003221,6.893487,7.35732,7.582093,7.078541,6.592557,7.027365,6.312594,5.506602,5.594196,6.715256,6.246267,6.016937,6.564251,5.687905,5.451474,5.866609,6.396715,6.70317
"LINC00917",5.088788,5.181333,4.387789,4.675292,5.424702,4.588058,5.616505,5.37906,4.724659,5.295989,5.331381,5.148017,5.094663,4.93443,6.076633,5.276525,5.808866,5.080357,5.560435,4.92694,5.497358
"CYBA",8.730154,9.028115,8.90921,8.279466,8.464176,8.204868,9.153929,8.817681,8.654159,8.920197,9.108128,9.228582,9.319855,8.990714,9.202738,9.106345,8.869378,8.992965,9.073693,9.357737,9.152365
"TIMM22",7.892648,8.153119,8.389809,8.216142,8.316809,8.095135,8.04456,8.133473,8.345672,9.063561,8.778777,8.765873,9.135627,9.257441,9.015643,8.950212,8.879608,8.849345,8.96725,8.743803,9.030735
"PAFAH1B1",9.68795,9.786155,9.829792,9.619427,9.757713,10.251906,9.558851,9.386465,9.965361,8.907088,8.917095,8.83219,8.935721,8.857054,8.991456,9.115235,8.73624,8.619827,9.028371,9.114118,9.097071
"OR1A2",6.139302,5.635685,5.332941,5.511021,4.722392,5.111247,5.250039,6.022057,5.329806,6.137962,5.852388,5.734934,5.169149,5.7085,5.963191,5.23223,5.988438,5.865139,5.799703,5.416516,5.398395
"EMC6",7.674938,7.696776,7.341528,7.036015,7.121942,7.204281,7.646681,7.119994,7.090968,6.222771,6.435843,6.191172,6.975914,6.932578,6.434059,6.656048,6.727176,6.690004,6.53467,6.917069,6.761788
"ARRB2",10.285654,10.161398,10.119671,9.375614,10.217113,9.833397,9.786719,10.374209,10.577722,10.846749,11.546366,11.309714,11.331799,10.761177,11.131251,11.204573,11.040061,11.051051,11.051869,11.071153,11.117843
"PSMB6",8.235557,8.574839,8.010093,7.879796,8.112602,8.156822,8.192442,8.177553,7.906978,9.262152,9.019401,9.290128,10.013855,9.668632,9.68331,9.636158,9.154742,9.624351,9.720515,9.706072,9.266706
"GP1BA",6.709118,6.840299,7.259058,6.927506,7.103402,6.972355,6.412651,7.2812,7.166694,7.645174,7.946635,7.600423,7.33755,6.347205,7.35858,7.366076,7.224653,7.378298,7.533936,7.226199,7.674627
"RABEP1",8.720799,8.940506,9.041805,9.168454,8.941591,9.537407,9.164183,8.664395,8.958014,8.442775,7.9465,8.303269,8.581713,9.10337,8.431652,8.53707,8.376025,8.145224,8.390606,8.823849,8.708818
"MIS12",7.505943,7.693306,7.476028,7.639271,7.439163,7.919204,7.260195,6.91207,7.187285,7.211783,6.316878,6.584813,7.641069,7.681743,7.134878,7.216293,7.073911,6.541594,6.985488,7.276259,7.174452
"TXNDC17",6.579881,6.59182,6.540792,6.609681,6.583063,6.773101,6.622273,6.187497,6.42596,5.743942,5.798877,5.96869,6.403615,6.442704,6.130306,6.098025,5.974856,5.984239,6.078638,6.13193,6.18473
"XAF1",9.429997,11.162924,9.51782,9.531359,10.106967,10.375153,9.417005,8.806386,9.669386,9.299911,9.263756,11.643613,9.874025,9.491552,9.660032,9.580244,9.915116,9.549948,9.589584,9.32981,10.258255
"ELP5",7.704604,8.435239,8.121573,7.967001,8.073796,8.042712,8.155186,7.702665,8.019469,8.796163,8.35764,8.561782,8.913816,8.97782,8.671237,8.794445,8.849235,8.655898,8.674252,8.434059,8.70786
"SPEM2",6.89579,6.428214,6.919797,7.286301,6.527702,6.650222,6.805082,7.429978,6.842008,7.492054,7.29643,7.462308,7.133666,7.141802,7.326092,7.34195,7.608601,7.605687,7.305003,7.241114,7.290063
"CD68",9.971579,10.632033,10.145442,9.646368,10.226689,9.465179,10.009697,10.481301,10.705153,10.610459,10.882592,11.576462,11.328882,10.459538,11.122173,10.98561,10.684561,10.997421,11.180871,11.002642,10.812058
"MPDU1",8.530591,9.139166,8.177867,8.312168,8.804522,8.040238,8.879616,8.606611,8.398444,9.945046,9.288354,9.843629,10.150394,9.987051,9.886722,9.852946,9.702453,9.631588,9.993877,10.030505,9.717123
"TMEM88",7.965052,7.651133,7.915789,7.913332,7.737367,8.047556,7.61308,8.15617,8.273069,8.6102,9.081739,8.712092,8.318057,8.049411,8.378963,8.370503,8.435996,8.399866,8.319101,8.240968,8.347159
"ADPRM",6.855186,6.76884,7.421155,6.91798,6.348242,6.944906,6.428648,6.281687,5.74825,6.70273,6.181028,6.423187,7.089615,7.099164,6.538921,6.331631,5.959992,6.655784,6.8105,6.539806,7.136007
"MAP2K4",9.24343,9.321344,9.41963,9.12246,9.567471,9.89548,9.210591,9.448529,9.630185,8.403433,8.801259,8.301789,8.580945,8.8489,8.238924,8.691143,8.236907,7.955137,8.435604,8.607688,8.702407
"SNHG29",9.199588,9.168886,8.857421,9.072042,9.186513,9.145785,9.122547,8.694751,8.608959,8.695824,8.59364,8.557148,9.357421,9.671262,8.797898,9.191105,8.712631,9.00951,8.896744,9.225289,8.856004
"SNORD49A",6.107488,6.2025,5.433493,5.495938,6.027565,6.160558,5.16435,4.509875,5.076679,5.00925,4.724555,5.176101,5.798537,5.671869,5.133148,5.907795,4.907492,5.155795,5.682191,5.977268,5.898507
"USP32P1",7.412662,8.395861,8.289925,6.341153,7.525258,7.346424,6.387329,7.227514,7.139269,7.371817,7.412662,7.104451,6.848211,6.406018,6.238865,6.754957,6.369601,7.261663,7.494169,7.432774,6.157812
"DRG2",7.746254,7.990803,7.587532,7.598306,7.740474,7.579386,7.855695,7.409943,7.880623,8.359196,8.074946,8.476583,8.660839,8.435519,8.496917,8.568407,8.339559,8.361513,8.557177,8.53097,8.576395
"SMCR8",7.825012,8.201886,7.94889,7.196178,7.791122,7.631896,8.041514,7.767156,8.367963,8.486297,8.850109,8.894378,8.996963,8.694026,8.701287,8.792211,8.712354,8.671638,8.807673,8.736467,8.801739
"FLJ36000",6.38968,6.004208,6.182625,7.300816,5.768113,5.761532,5.997353,6.690195,6.29811,6.312223,6.323746,6.451627,5.901772,6.310854,5.797844,5.723179,6.516495,6.403708,6.246199,5.982703,5.76273
"KSR1",7.880021,7.921658,8.178241,7.80704,8.220181,8.17035,7.796035,7.942536,8.043759,8.430286,8.919224,9.324124,8.773681,8.48252,8.621838,8.931428,8.611192,8.655022,8.809386,8.54207,8.631487
"LGALS9",6.355306,7.37976,6.242379,6.085798,6.453559,6.183469,6.996686,6.569084,6.843742,6.474515,7.100844,7.394123,7.776634,6.766073,6.856607,7.158523,7.096094,7.221571,7.12809,7.036372,7.649227
"NLK",7.85618,8.259539,8.351875,7.792204,8.075296,8.298566,8.051463,7.587347,8.17037,8.629954,8.496961,8.695087,8.875137,8.926951,8.60644,8.701799,8.445088,8.363833,8.736197,8.764473,8.979539
"TNFAIP1",7.263986,7.440919,7.437417,7.21391,7.086838,6.967975,7.644568,7.432479,7.139131,7.664966,8.128565,8.166855,8.327477,8.176571,8.374264,8.200987,8.169182,8.038112,8.14756,8.19199,8.206859
"TMEM199",8.361777,8.440948,8.328838,8.252927,8.2483,8.133317,8.186458,8.057324,8.4793,8.862574,9.066613,9.176746,9.19713,9.102518,9.219413,9.227215,9.146718,9.159942,9.067787,9.398859,9.052162
"RPS7P1",6.663966,6.030438,5.468826,5.861159,5.850231,6.211241,5.937262,5.653772,5.449728,5.574254,5.085187,4.712647,6.087108,7.228118,5.7343,5.778603,5.155176,5.711382,5.301998,5.61785,5.339649
"SNORD4A",5.984338,6.945191,6.528639,6.05222,6.374856,6.742917,6.065293,5.934663,6.12744,7.58452,6.807803,7.36401,7.743273,8.052271,7.701355,7.961607,7.313085,7.667703,7.834618,8.027336,7.949403
"SNORD42A",5.789225,6.121067,5.666827,5.742455,6.217568,6.532385,5.641191,5.279274,5.655774,6.549712,6.324061,6.181319,6.986829,7.415449,6.828093,7.145234,6.819989,6.766035,7.120433,7.15761,7.154116
"SNORD4B",6.820259,6.978819,6.80412,7.304017,6.832574,7.38096,6.73954,5.873425,6.739916,8.166017,7.32052,7.555625,7.845574,8.236858,7.928545,7.514232,7.804472,7.83629,7.863502,7.989071,7.843087
"ERAL1",6.998782,7.976431,7.805138,7.899779,7.980486,7.706807,7.783855,7.267896,7.865076,8.41638,8.177203,8.454162,8.664741,8.681991,8.488269,8.451493,8.30566,8.316351,8.53387,8.408743,8.69699
"TAOK1",9.220297,9.511193,9.60714,9.336368,9.447101,9.992546,9.218543,8.936811,9.45215,8.693417,8.711709,8.614474,8.528171,8.662484,8.569911,8.75735,8.495755,8.411997,8.651869,9.122761,8.931691
"NSRP1",7.314595,7.042663,7.292047,7.249934,7.300308,7.819283,7.052575,6.917143,7.055279,6.734938,6.579293,6.923737,7.376765,7.376391,7.222938,7.45557,6.859716,6.463728,7.246526,7.496355,7.106475
"CPD",9.972416,9.433338,10.024579,8.84145,10.097618,10.193126,9.675939,10.105177,10.742578,9.339938,10.315285,9.22176,9.583578,8.824782,9.646876,9.722619,9.45515,9.235906,9.620613,9.471109,9.876343
"SUZ12P1",9.710598,8.976007,8.482639,8.721496,9.389783,9.270614,9.290939,9.075494,8.951747,9.754873,9.9822,9.400689,10.068994,10.227565,9.931459,9.432836,10.164152,9.842507,9.845431,10.471809,10.248676
"ATAD5",6.025767,6.968444,6.177283,6.466127,6.566606,6.904338,6.388367,5.474185,6.063431,5.999797,5.860199,5.807636,6.045431,6.164265,5.88741,6.177238,5.872754,5.686082,5.615304,6.144837,6.214556
"ADAP2",7.361933,8.358371,7.689815,7.60165,7.781362,7.528299,7.619294,7.960499,8.078188,8.286895,8.218868,9.150981,8.96582,8.069611,8.697863,8.846976,8.330741,8.522604,8.718743,8.75023,8.408202
"RNF135",7.834065,7.969918,7.160979,7.517944,7.755697,7.788308,7.095927,7.840134,7.895428,7.957036,8.700663,8.819571,8.594487,8.228025,8.60244,8.923387,8.321367,8.464288,8.701165,8.677827,8.335811
"SUZ12",9.017988,9.518861,9.324695,8.955143,9.358515,9.771424,9.071221,8.412901,9.035056,8.82137,8.584904,8.687137,9.371825,9.442217,8.818709,9.323717,8.883315,8.68944,9.067196,9.34074,9.239691
"LRRC37B",8.276066,8.459576,8.431322,8.368917,8.616811,9.156498,7.836038,7.721952,8.541073,8.788482,8.896565,8.632805,8.951695,9.335896,8.739719,8.885224,8.659472,8.733276,8.883952,8.84348,8.845907
"CCL2",5.898214,5.687161,5.545302,5.797064,5.600959,5.349756,5.742802,5.863849,5.482366,6.089768,6.051832,8.675413,5.968127,5.801105,6.201054,5.702471,6.115838,6.189856,5.971721,5.642195,6.217255
"CCL8",5.215018,4.970485,5.143827,5.260335,5.06088,5.057149,5.297886,5.525812,5.033065,5.341205,5.2778,6.333855,5.015742,5.315518,5.016457,4.977222,5.160001,5.330883,5.434762,4.873088,4.720885
"ZNF830",7.180349,7.154092,7.020085,7.167669,7.229935,7.192333,6.756909,6.714772,6.939631,6.662381,6.437487,6.584377,7.149649,7.638503,6.782626,6.988694,6.719283,6.543489,6.829773,7.040261,6.490697
"SLFN5",10.462342,11.091285,10.902713,10.809429,10.596401,10.779634,10.386947,10.121582,10.988955,10.530537,10.297201,10.577135,10.749343,10.861875,10.799977,10.521936,10.969389,10.919113,10.807968,10.845707,11.272345
"SNORD7",6.888937,7.162261,7.556044,7.05811,7.305137,7.729079,7.380676,6.952826,7.369547,6.339638,6.573698,6.389249,6.749149,6.826747,6.662013,6.559368,6.165941,6.424122,6.458188,6.376913,6.596493
"TAF15",9.986418,9.986426,10.068716,10.048273,10.117677,10.251713,9.994052,9.524486,10.301301,9.215932,9.056767,9.177503,8.799279,8.980897,9.305501,9.001932,9.329499,8.983683,9.098114,9.335837,9.130575
"CCL4",6.42835,6.941751,6.086517,5.536428,5.745515,5.840985,6.48526,4.852316,6.693364,5.917475,5.988524,5.925148,6.367824,5.34636,6.057,5.576055,5.175991,5.877015,6.123439,5.67148,6.237753
"GGNBP2",8.72534,8.646435,8.901184,8.857376,9.04287,9.397008,8.781013,8.324886,8.788963,7.623944,7.557011,7.583772,7.70359,7.841874,7.715371,7.825365,7.56003,7.393333,7.760442,8.100127,7.729963
"MRM1",7.363791,7.167424,7.284133,7.111721,6.775327,7.053508,6.941902,7.421868,7.190786,8.109442,7.638252,7.934326,7.690436,8.008049,7.963458,7.78728,7.948651,8.016828,7.782158,7.966204,7.816137
"MRPL45",9.099969,9.34766,9.368369,9.415518,9.365276,9.359973,8.867917,9.298382,9.147893,9.409513,8.729795,9.034565,9.700898,9.830743,9.308716,9.503142,9.255943,9.288852,9.439741,9.73293,9.111733
"ARHGAP23",6.979665,6.451848,7.048816,7.774462,6.538465,6.902799,6.87587,7.811438,6.922168,7.535772,7.613856,7.398449,7.094154,7.182345,7.210539,7.193316,7.308878,7.44195,7.705498,7.078419,6.925172
"PSMB3",9.893091,10.234508,9.921636,9.522962,9.676352,9.438425,10.126132,9.507555,9.636494,9.38112,9.444505,9.252743,9.853939,9.40667,9.574031,9.636212,9.111485,9.224353,9.545519,9.569805,9.300922
"STARD3",8.495238,8.556441,8.656825,8.52428,8.488295,8.696415,8.625687,8.569025,8.901697,9.361679,9.780225,9.489052,9.734908,9.6853,9.590433,9.740409,9.451886,9.369681,9.438429,9.540679,9.502143
"THRA",7.459188,7.751753,7.756278,7.252401,7.236092,7.484078,7.381513,7.80906,7.734866,8.318447,8.737705,8.398904,8.481598,8.381221,8.707765,8.620244,8.442896,8.474275,8.414006,8.306207,8.666265
"CDC6",4.653455,6.610995,4.847412,4.974391,4.671696,4.941975,5.083557,5.220936,5.266534,5.440056,4.965703,4.777942,5.006193,4.95566,4.705371,4.797901,4.970392,4.900766,5.151387,4.968041,4.815554
"RARA",8.042741,8.283666,8.184247,7.711506,8.216308,7.910909,7.968393,8.248293,8.462206,8.708053,9.316465,9.266202,8.991707,8.4151,8.826849,9.022771,8.777371,8.762537,8.978293,8.713995,8.821847
"NKIRAS2",7.862429,8.180575,8.015326,7.86822,7.965191,7.956595,7.91132,7.908655,8.085141,8.453393,8.960293,8.945452,8.904272,8.795422,8.853967,8.786351,8.661051,8.58246,8.859478,8.494224,8.748259
"MLX",8.688334,8.654849,8.675346,8.224601,8.518803,8.32559,8.544248,8.573872,8.553368,9.348295,9.508371,9.467396,9.865017,9.619564,9.391944,9.753239,9.406897,9.468832,9.642953,9.458967,9.505356
"TUBG1",7.297806,8.055204,7.386716,8.058857,7.611149,7.420443,7.653319,7.147227,7.62466,9.160901,8.496345,8.478351,8.844978,8.748036,8.718013,8.493355,8.598647,8.408993,8.920502,8.495965,8.473786
"TUBG2",6.837897,6.568759,6.680289,6.516905,6.855983,6.720097,6.892717,6.406922,7.181913,7.459504,7.239661,7.312269,7.50585,7.450341,7.508072,7.597101,7.445583,7.36822,7.609387,7.525461,7.445218
"VPS25",7.38556,7.868904,7.561858,7.261359,7.246508,7.45853,7.831599,7.258875,7.50849,8.435346,8.287289,8.213849,8.882934,8.912762,8.5236,8.83671,8.203307,8.113163,8.557773,8.578625,8.45987
"PSME3",9.404419,9.568827,9.331613,8.994042,9.368241,9.518001,9.174854,9.31434,9.476638,9.568257,10.230373,10.017496,9.812376,9.971538,9.940852,10.03754,9.975741,9.90075,9.891343,9.800866,10.116643
"RPL27",9.563758,8.849528,8.884445,9.286194,8.594763,8.779437,8.911403,8.475409,8.112891,9.312411,9.451486,9.161104,9.683001,10.874266,9.375691,9.4287,9.382119,9.35452,9.407238,9.458939,9.363638
"IFI35",7.614218,9.076269,7.740311,7.83546,8.143705,8.193454,8.014938,7.798532,8.058963,7.787156,8.432974,9.912867,8.972834,8.344588,8.650996,8.599508,8.496965,8.314508,8.35291,8.500248,8.967322
"NBR2",7.133209,8.054198,7.951105,7.732727,7.834313,8.30668,7.600431,7.19265,8.183298,8.518751,8.365217,8.497525,8.47071,8.390718,8.627721,8.700066,8.441339,8.465059,8.701651,8.66573,8.368447
"NBR1",8.630857,9.017238,8.849089,8.461133,8.837795,9.06532,8.278845,8.370629,9.142445,9.225243,9.534501,9.381122,9.294722,9.13823,9.316024,9.528673,9.271625,9.277171,9.528615,9.469524,9.572043
"TMEM106A",7.88254,7.548693,7.821569,7.587963,7.148782,7.647166,7.448407,8.498825,8.048518,8.492213,8.854932,8.980303,8.52251,8.480266,8.752577,8.532697,8.098907,8.369283,8.421508,8.494366,8.405923
"G6PC3",7.201035,7.390782,7.514385,7.342044,7.339626,7.177132,7.500771,7.469212,7.419988,8.002718,8.049397,8.245773,8.311034,8.181026,8.217828,8.102074,7.910327,7.973228,8.251396,7.936619,8.401479
"RUNDC3A",6.928523,8.125423,7.392702,6.861466,8.276403,6.895983,7.60876,7.072124,7.270813,7.494095,7.88172,7.579171,8.583891,7.432095,8.551639,9.542014,7.502883,8.119471,8.055607,7.738493,7.728449
"GRN",10.067082,10.994575,10.370836,9.528595,10.458247,9.946051,10.401279,10.84755,11.257683,11.05783,11.953429,12.062332,11.524314,11.021094,11.618584,11.635871,11.27278,11.563736,11.726627,11.278842,11.445151
"MYL4",6.909119,7.432712,6.883489,6.994789,8.026738,6.607614,7.439628,6.687547,7.006621,7.582061,7.627167,6.988777,8.108697,7.138489,7.525322,7.554942,7.66689,7.709521,7.299883,7.429375,7.446395
"ITGB3",8.013444,8.34906,9.295013,7.942577,8.676996,8.891763,7.172527,7.830286,9.192324,9.208078,9.517442,7.9997,8.415757,7.010087,8.933107,8.430739,8.130763,8.680253,8.537376,8.831965,8.477568
"EFCAB13",5.21834,5.823686,5.588027,5.556689,5.699429,5.642371,5.79188,5.063561,5.348308,6.102,5.161542,5.264342,5.540272,6.410739,5.576999,5.87694,5.814827,5.368408,5.304886,5.424869,5.233878
"KPNB1",10.013065,10.248389,10.001267,9.618112,10.069395,10.479774,9.739284,9.739588,10.369511,9.270814,9.59424,9.792503,9.478912,9.107181,9.233632,9.390471,9.304857,9.178369,9.280243,9.384185,9.1691
"PNPO",7.158222,7.748015,7.27656,7.187329,7.421041,7.560367,7.444181,7.394914,7.556794,8.144651,7.830446,8.240966,8.378113,8.426165,8.275026,8.268604,8.1498,8.147919,8.317811,8.158469,8.177609
"CDK5RAP3",8.328438,8.508355,8.455238,7.928592,8.315962,8.697154,8.491952,7.854588,8.968106,7.079818,6.948837,7.206336,7.301497,6.914922,7.429916,7.437868,7.254159,7.108171,7.147274,7.43047,7.377005
"ATP5MC1",8.132174,8.274239,8.11946,7.884608,7.71989,7.812381,7.918117,8.175092,7.921252,10.165945,9.471553,9.744305,10.238319,10.327815,10.18172,10.202173,9.787003,9.930203,10.111892,10.073434,9.920278
"UBE2Z",8.877019,9.154735,9.216591,9.092517,9.04059,8.970414,9.050875,8.868806,9.39091,9.587667,9.706232,10.011986,9.901653,9.689838,9.868949,9.896594,9.769475,9.665717,9.734331,9.618697,9.848357
"ABI3",8.471372,9.119941,8.409086,8.014497,8.540592,8.310264,8.837573,8.430196,8.650413,8.848887,8.818692,9.443342,9.669878,8.956574,9.386949,9.106073,8.988441,9.081259,9.162773,8.975672,9.349151
"PDK2",6.688028,7.697271,7.595867,7.048618,7.211414,7.184194,7.319908,7.294269,7.973955,7.958068,8.006479,7.988566,8.275762,8.038275,8.162295,8.008575,7.862248,7.803172,7.86534,7.648418,8.119933
"LUC7L3",9.441669,9.357394,9.614493,9.486275,9.373499,9.996989,9.380018,8.846489,9.062329,8.253386,7.861143,7.816785,8.039394,8.543395,8.025393,8.432056,7.864482,7.60565,8.03608,8.595281,8.014374
"PCTP",7.495914,7.757955,7.268402,6.776417,7.986519,7.28203,7.23651,7.503107,7.350907,8.624113,9.009741,8.933916,9.622286,8.255533,8.745857,9.017368,8.595315,8.761665,8.87347,9.178565,8.657384
"NOG",7.687442,8.132438,8.811517,8.57746,8.472078,8.287767,8.311069,7.747987,7.909733,8.451847,8.071034,7.970579,8.198451,9.106899,8.116129,8.203949,8.338775,8.458331,8.127297,8.097974,8.248545
"DYNLL2",8.559026,8.416856,8.412189,8.508586,8.497169,8.219462,8.57041,8.440587,8.289157,8.828963,9.306194,9.168047,9.25305,9.371565,9.338937,9.431717,9.181731,9.251407,9.161942,9.144936,9.199269
"DHX40",7.106604,7.725052,7.288316,7.256382,7.655011,7.585788,7.621483,7.153813,7.358588,6.703397,6.793495,7.029656,6.937479,6.984668,6.830076,7.104837,7.106811,6.808915,7.096629,6.712494,7.320436
"CLTC",9.882246,10.209568,10.039642,9.584563,10.020846,10.37096,10.016427,9.725061,10.354248,8.938374,9.231068,9.071729,9.028447,8.860702,9.151351,9.299907,8.846171,8.871365,9.144962,9.399905,9.355309
"MIR21",9.85404,9.452895,9.325517,8.374663,9.353081,10.015597,9.168883,9.05226,10.477106,8.678261,9.223203,9.323856,8.659079,8.610859,9.041286,9.008959,8.289877,8.38748,8.744519,9.225895,8.778291
"METTL2A",7.315978,7.993079,7.274869,7.536809,7.757779,7.395635,7.348275,6.815221,7.408545,7.199243,6.829599,6.613737,7.098507,6.349071,7.027209,6.661852,6.725891,6.655458,6.672063,6.900857,6.931883
"DDX42",8.781006,9.251068,9.22736,9.174415,9.26761,9.544083,8.994147,8.771306,9.503134,7.774227,7.905847,7.94196,7.895536,7.724606,8.122118,8.088757,7.665991,7.659861,8.050154,8.170631,8.055179
"PSMC5",8.693739,9.193199,9.025406,8.603184,8.740639,8.956426,8.892205,8.517251,9.001562,7.932526,7.801181,8.107869,7.973803,8.158035,8.113943,8.235036,8.185136,7.984184,8.010276,8.271234,8.053354
"SNORD104",9.67638,9.819729,9.65531,9.461035,9.260541,9.035944,9.751974,9.399184,8.004288,9.45615,9.363508,9.001563,9.855115,10.828761,9.936074,10.09166,9.087066,9.989412,9.825088,10.187255,9.421695
"CEP95",8.470645,8.767902,8.860698,8.753206,8.737641,9.130291,8.885675,8.128697,8.59406,8.299092,7.7313,8.140012,8.175656,8.529889,8.303839,8.437494,8.205878,7.839581,8.224053,8.432557,8.518421
"PRKCA",7.17995,7.727707,8.185248,7.990052,8.055053,8.164318,7.603941,7.492552,8.083036,8.28594,8.129071,8.373566,8.049678,8.55844,8.127311,8.517521,8.302998,8.181063,8.340319,8.16738,8.627469
"PITPNC1",8.736434,9.131038,9.166045,8.935543,8.858732,9.122752,8.841325,8.373209,9.137061,9.50376,9.493537,9.332841,9.700451,9.77354,9.813628,9.819973,9.59143,9.171961,9.518722,9.804907,9.712941
"PRKAR1A",11.192578,11.108234,11.3591,10.893554,11.228824,11.576046,11.198955,11.458103,11.621213,10.262115,10.784763,10.742912,10.667208,10.183533,10.600775,10.733479,10.538372,10.617051,10.640925,10.81438,10.74492
"MAP2K6",7.697603,7.852072,7.823771,7.744997,7.444891,8.014253,7.553306,7.285012,7.79886,7.252849,7.174957,7.811141,7.288394,7.313001,7.163344,7.387808,7.125129,6.9904,7.31861,7.227906,7.283821
"KCNJ2",8.337419,8.323415,7.851699,7.310136,8.947166,8.687715,8.041215,8.819276,8.817261,8.820523,9.562872,9.101623,9.635169,8.653179,8.844529,9.04551,8.403163,8.656727,8.785723,9.133468,8.817304
"LINC01152",3.911921,3.830508,3.821586,4.396371,4.181,3.837197,3.57187,4.191261,3.816713,4.917768,4.64194,4.24794,3.730809,4.331277,4.146937,3.839292,4.402628,4.339762,3.942311,3.866885,3.934174
"CD300A",9.775929,9.991435,9.64481,8.690804,9.726746,9.437271,9.814161,9.930472,10.077241,9.358877,9.707302,10.142919,10.126097,9.207519,9.948133,9.857922,9.304835,9.424804,9.495271,9.646626,10.096319
"RAB37",7.888646,7.654295,7.683014,7.494981,7.568912,7.808309,7.696864,7.738896,7.852379,8.701814,8.621633,8.740077,8.769544,8.45255,8.642049,8.555001,8.352269,8.454793,8.506059,8.767722,8.645373
"TMEM104",7.538349,7.553358,7.590873,7.676352,7.300135,7.601955,7.766259,7.518856,7.801686,8.349377,8.495661,8.841777,8.58233,8.463062,8.674491,8.54851,8.549919,8.470284,8.458959,8.370068,8.527754
"MYO15B",7.068375,7.200545,7.188875,6.882498,6.598096,7.208881,7.324924,6.967891,7.113205,7.97373,7.74681,7.32924,8.042134,7.563066,7.227683,7.6033,7.904624,8.053914,7.537499,8.355576,7.568959
"SNORD1B",4.655555,4.922597,4.604293,4.387481,4.788676,4.851559,4.371145,4.526483,4.800055,4.133999,4.057843,3.905756,4.195621,3.649711,4.17172,4.21764,4.113428,3.937157,4.287877,4.413783,3.989219
"SNORD1A",6.013484,6.46983,6.162383,5.909855,5.924275,6.434461,5.124883,5.283365,6.01451,5.610143,5.26737,5.634417,5.332098,5.672514,5.557456,5.751775,5.294748,4.98918,5.447324,5.290518,5.737661
"SEC14L1",10.0256,9.538503,10.083078,8.926254,10.041561,10.334054,9.712667,9.829373,10.425995,9.470483,10.487578,10.15512,9.622005,9.012536,9.590914,10.015408,9.744081,9.688427,9.622729,9.680985,9.868296
"TMC8",9.278088,9.207326,9.632411,9.527898,9.230858,9.361134,9.228368,9.394076,9.403499,10.276947,9.742487,10.232607,9.837121,9.816212,9.91843,9.823685,10.094181,9.91827,9.779184,9.951208,9.852852
"PGS1",8.444991,8.292523,8.454505,8.131978,8.507957,8.429127,8.595904,8.911482,9.014497,9.27127,9.275221,9.120586,9.358134,8.995054,9.022124,9.187708,8.745503,8.770817,9.004943,9.306875,9.032755
"RNF213",10.092221,10.477364,10.196672,9.986885,10.234462,10.741746,10.256725,9.583962,10.69195,9.679277,9.655567,11.035255,9.628493,9.547705,10.018965,9.944197,9.95277,9.7844,9.681677,9.933788,9.965214
"CHMP6",7.424835,7.451798,7.389598,7.43844,7.485929,7.170201,7.605728,7.042086,7.384588,7.758945,7.872377,8.280837,8.354131,7.970121,8.110535,8.401455,8.07285,8.058132,8.122729,8.278087,8.389334
"DOC2B",6.799581,6.726849,6.360727,6.647835,6.125748,6.448818,6.296846,7.193906,6.615511,6.919772,6.552,7.116422,7.333348,6.934893,7.075402,6.927288,7.121503,7.320652,7.079339,7.398971,7.132531
"RFLNB",9.217357,9.01292,9.394568,8.650894,9.126879,8.725114,8.628066,9.726233,9.330496,9.831062,10.677114,9.948654,10.146299,10.087109,9.902739,10.221275,9.891688,9.859254,10.040368,10.102168,10.056901
"GLOD4",8.323212,8.742703,8.602659,8.630476,8.302105,8.666933,8.612812,8.5419,8.427299,7.708417,7.338453,7.437443,7.707345,7.755096,7.966745,7.465925,7.523042,7.392101,7.805004,7.405615,7.369078
"SLC43A2",8.784457,8.611362,8.775446,8.081956,8.809461,8.548576,8.521083,9.082247,9.151948,9.468898,10.428488,10.296851,9.716762,9.611185,9.651103,9.868526,9.536393,9.663349,9.730031,9.682155,9.885068
"PRPF8",9.376499,9.770726,10.186569,9.543303,9.688338,10.003909,9.7798,9.62349,10.261205,9.970909,10.128602,10.301233,9.648423,9.768327,10.175667,10.116907,10.032194,10.156066,10.14716,10.211315,10.04027
"TSR1",7.23249,7.826196,7.604293,7.428224,7.561161,7.790914,7.613351,7.117024,7.707195,6.884322,6.623497,6.816251,6.894167,6.959739,6.774051,6.926848,6.928016,6.817762,6.969884,7.056239,6.927344
"METTL16",7.28813,7.881056,7.978943,7.686143,7.761476,7.99903,8.138931,7.237313,7.75616,7.15256,6.845513,7.116097,7.138506,7.145898,7.293768,7.235122,7.285222,7.050658,7.225412,7.265672,7.331869
"OR1D5",5.622736,5.607116,6.224765,6.349135,5.809909,5.82036,6.277633,6.59558,6.27732,6.802744,6.57147,6.414116,6.144693,6.27573,6.04047,6.075757,6.543744,6.178507,6.330115,5.885607,6.174845
"OR1G1",5.961356,4.643353,5.419776,6.228191,5.412171,5.586556,5.364706,6.387158,5.215135,5.827019,6.015544,5.614375,5.140704,5.838002,5.748026,5.380602,5.701555,5.815507,5.458623,5.274452,5.452195
"NCBP3",8.53535,8.660266,8.603789,8.215785,8.514269,8.928704,8.781072,8.22213,8.989821,7.832565,7.904478,8.032734,8.188174,7.926273,7.995273,8.084181,7.857295,7.682842,8.001934,8.141823,8.026868
"P2RX1",7.904821,8.315262,8.132075,7.578915,8.045604,7.69277,8.078428,7.950837,8.01456,8.109793,8.838356,9.110272,8.536063,8.089971,8.815741,8.413718,8.434832,8.253095,8.354672,8.772107,8.61181
"ALOX15",6.624318,6.832217,7.920524,6.469753,7.726236,7.206543,6.804553,7.189727,6.791397,7.126092,8.366463,8.763081,7.500858,6.779272,7.571331,7.772342,8.167412,7.822222,8.132968,7.459456,8.029922
"CXCL16",8.078478,8.151102,8.025782,7.541197,8.376771,8.104612,8.081771,8.554217,9.382363,8.146967,8.423809,8.081891,8.211133,7.703912,8.188348,8.296929,7.965666,7.890216,7.853735,7.963474,7.881551
"SLC25A11",8.689614,9.033843,8.93882,8.704,8.75036,8.727019,8.572137,8.744196,9.001499,9.413685,9.522009,9.38142,9.644242,9.463258,9.580495,9.654207,9.42185,9.2562,9.50487,9.453289,9.507052
"PFN1",9.603912,9.893701,9.953599,9.686805,9.778695,9.202658,9.773682,9.894114,9.81119,11.486391,11.430269,11.366287,11.449097,11.278953,11.485976,11.376916,11.437475,11.351268,11.487724,11.269407,11.434928
"ZNF594",5.733967,5.690097,5.728862,5.585365,6.524442,6.565045,6.262313,6.177169,5.177475,6.462006,5.47407,5.861634,6.930553,7.389645,5.939077,6.2523,6.183135,6.006048,6.311032,6.427338,6.059684
"SCIMP",9.4041,10.357147,9.672208,9.722967,10.058202,9.867126,10.367034,9.453314,10.35951,10.038964,9.82932,10.785284,10.64491,10.334433,10.456876,10.350449,10.533707,10.524984,10.639089,10.691565,10.275332
"NUP88",8.802817,9.30413,9.165952,9.049885,9.191974,9.373389,9.286586,8.504296,8.732319,9.618536,8.577606,9.245312,9.502967,9.80362,9.314279,9.585608,9.323973,9.187284,9.547704,9.604234,9.51564
"GABARAP",10.40304,10.834347,10.405492,10.020787,10.811868,10.333389,10.358894,10.66962,10.670104,12.029732,12.37734,12.111951,12.361366,11.813691,12.176171,12.293302,12.013388,12.084605,12.155287,12.081938,12.288484
"TP53",7.782615,9.016644,9.054219,8.717396,8.916137,8.925901,8.892139,8.383363,9.145688,9.346738,9.061927,9.493665,9.156286,9.312467,9.2728,9.239307,9.208141,9.384817,9.413858,9.321543,9.28816
"NAA38",7.494146,7.531585,7.27793,7.459101,7.326499,7.070794,7.403847,7.749021,7.24465,7.833912,7.769158,7.541559,8.137697,7.842042,7.911879,7.959922,7.474527,7.848917,7.78563,8.13514,7.56967
"TRAPPC1",9.346785,10.220338,10.312361,9.917156,10.082942,9.798809,9.903089,10.045084,10.229748,10.379504,10.647481,10.168042,10.619204,10.429009,10.460189,10.64873,10.16777,10.217728,10.377087,10.275016,10.586218
"VAMP2",9.000981,9.508532,9.379469,9.074354,9.17031,9.107733,8.722306,9.161381,9.702998,10.208298,10.303568,10.431545,9.967481,10.022679,10.001662,9.9861,10.270669,9.813741,9.834626,9.694808,10.168816
"LOC100128288",7.121731,7.361308,7.323752,7.533678,7.034435,7.329017,7.560885,7.062951,7.304366,7.982836,7.700883,8.150463,7.773885,7.888688,7.998799,8.055135,7.754375,7.647525,7.839062,7.75648,7.717976
"RPL26",7.430744,6.700687,6.153203,7.534037,6.471587,7.708374,5.515072,6.508664,5.995839,7.413807,6.58387,6.407288,8.281723,9.820723,7.178221,7.452397,7.193407,6.884396,7.09604,7.070346,6.038864
"PIK3R5",8.498416,8.742871,8.746978,8.093559,8.398376,8.520645,8.48194,8.716102,9.043417,9.179791,9.827414,9.766245,9.779662,9.205148,9.470187,9.700165,9.376302,9.445607,9.474502,9.566692,9.566955
"UBE2S",7.252301,8.143251,8.104854,7.834175,7.702883,7.629259,7.565098,7.741075,7.299341,8.172908,8.179624,8.141673,7.944082,8.090278,7.878444,8.01048,8.155003,8.273371,8.376896,7.902079,7.963723
"PEMT",7.490409,7.805144,7.604442,7.495709,7.611471,7.016536,7.612992,7.685565,7.58672,8.562029,8.47898,8.439976,8.662042,8.613988,8.588251,8.876712,8.45565,8.496643,8.674264,8.555071,8.574432
"FAM83G",6.187213,6.664784,6.31779,5.790438,6.509549,6.126237,6.860533,6.370888,6.172608,6.252158,5.520632,6.102351,6.411674,5.842909,6.033228,6.099746,6.074005,6.300343,5.868565,5.767709,6.13724
"GRAP",8.694066,8.871467,9.145078,8.582324,9.076641,8.288037,9.329862,8.98271,8.986688,9.786985,9.344722,9.441006,9.857222,10.192631,9.683557,9.737988,9.637036,9.917739,9.724228,9.866985,9.89948
"KRT17P5",7.447948,7.053283,7.493434,7.97323,7.481802,7.030067,7.590559,7.826825,7.107923,7.648703,7.931021,7.542681,7.419656,7.20138,7.448398,7.31328,7.901414,7.828816,7.737913,7.510143,7.144338
"POLDIP2",8.139013,8.922298,8.518779,8.314594,8.382723,8.113078,8.471567,8.430863,8.585764,9.389322,9.235844,9.457064,9.603608,9.530241,9.582847,9.471404,9.379622,9.239691,9.477993,9.288069,9.33295
"PIGS",7.98594,8.163212,8.175659,7.72765,7.89391,8.098846,7.953801,7.896943,8.352767,9.242304,9.397759,9.493088,9.393295,9.248747,9.315689,9.379663,9.244895,9.193348,9.313256,9.195497,9.299727
"ALDOC",6.840368,7.645023,7.579057,7.420372,7.683989,7.387849,7.424343,7.453843,7.693521,8.391016,8.252874,8.151016,7.977162,8.338775,8.221221,8.167156,8.286375,8.047362,8.071983,8.188407,8.420125
"SDF2",8.623073,8.65093,8.396145,8.13594,8.46814,8.3251,8.533359,8.314751,8.254969,7.796832,7.907768,7.704115,8.142975,7.87035,7.794569,8.044518,7.793802,7.765376,7.82973,7.828174,7.71361
"DHRS13",8.664547,8.447518,8.376775,8.097172,8.450628,8.161181,8.505571,8.955635,8.914498,7.829375,8.027072,7.815185,8.08695,7.829587,8.030162,7.788453,7.831864,7.775833,7.885188,7.970817,7.969353
"GIT1",8.004909,8.328781,8.338752,8.235831,7.969184,7.88398,8.399937,8.482144,8.414531,9.086246,9.030163,9.085124,9.238496,9.019183,9.08874,9.184449,9.134025,8.906133,8.987553,8.808666,9.056827
"BLMH",8.094045,8.302709,8.201728,7.962576,8.020503,8.327708,7.809579,7.796564,8.013543,7.308107,7.051236,7.041629,7.385149,7.52898,7.511848,7.408647,7.361767,7.149562,7.423071,7.620152,7.34735
"CRLF3",10.309279,10.290201,10.519172,10.407253,10.671505,10.721351,10.538178,10.087872,10.508614,9.253812,9.367687,9.229432,9.395011,9.547271,9.307077,9.377112,9.26904,9.014138,9.211086,9.55659,9.227508
"EVI2A",8.354258,8.199713,6.964619,6.893543,8.129325,9.044509,7.213036,7.345305,7.664629,7.853615,7.75181,6.925867,9.326811,9.688832,7.615795,8.650424,7.804174,7.799814,7.890506,8.482652,8.450984
"UTP6",8.588186,8.628499,8.576278,8.791236,8.604859,9.123882,8.629496,8.226366,8.416028,7.374333,7.447385,7.612073,7.82763,8.074454,7.786136,7.950499,7.627393,7.383307,7.522156,7.971204,7.468058
"C17orf75",6.408948,7.184242,6.759021,6.721817,6.644882,7.086959,6.580464,6.169277,6.377922,6.491516,5.68634,6.303208,6.332812,6.729346,6.092882,6.220965,6.26049,6.027274,6.534393,6.527405,6.206864
"SLC35G3",6.999429,6.731328,7.403853,7.113403,7.554885,7.392332,7.137418,8.221618,7.65645,6.746773,7.020311,6.841936,6.565583,6.816141,7.228036,6.933004,7.102332,7.423485,6.809305,6.95299,6.475766
"SLFN12",6.898806,7.444716,6.620497,6.916362,7.432268,7.107124,7.515642,6.661098,7.632701,6.948835,6.523796,7.474111,7.306478,6.981465,6.93202,7.144865,6.54256,6.507982,6.84363,6.931584,6.898867
"SLFN14",5.650351,6.615985,5.953381,5.76879,6.787072,5.96987,6.009292,6.078276,6.41464,5.932041,6.054235,6.087073,6.573465,5.228011,5.606607,6.505867,5.329342,5.580358,5.799926,5.565734,6.518224
"CCL5",10.31531,10.336874,10.281775,10.150333,9.963052,10.015432,10.250288,9.933537,10.212797,11.005818,11.371459,10.9741,11.911366,10.799519,11.941712,11.3545,11.126669,11.112673,11.5199,11.089317,11.758316
"SNORA21",6.903898,7.485543,7.217634,7.384343,7.224533,7.382222,6.957284,6.649825,6.866258,6.294177,6.219177,6.275494,6.467028,6.896983,6.434538,6.762501,6.326351,6.401119,6.027103,6.603378,6.045
"PLXDC1",7.196603,7.481234,7.727849,7.657316,7.455298,7.639229,7.576969,7.406379,7.490385,8.723655,8.271892,8.290199,8.326444,8.837824,8.157845,8.74004,8.524787,8.379237,8.03645,8.191987,8.843694
"CACNB1",7.052013,7.122554,7.281302,7.079774,6.826178,7.002699,7.146136,7.043386,7.356059,7.793445,7.743658,7.808832,7.941541,7.766444,8.04835,7.934593,7.664158,7.742759,7.482397,7.627706,7.938914
"MED1",8.206149,9.023092,8.896767,8.514059,8.77053,9.028141,8.670386,8.396129,9.121139,9.11606,8.922917,9.163512,9.107661,9.281228,9.158833,9.162552,9.062846,9.023537,9.053275,9.116616,9.393381
"MIEN1",8.955375,8.931011,8.893129,8.489121,8.799702,8.387566,8.96855,8.730658,8.669381,9.375134,9.488566,9.466801,9.982711,9.792702,9.692121,9.697457,9.532568,9.453388,9.368893,9.689338,9.512564
"IKZF3",9.064757,9.564116,9.536859,9.299349,9.106845,9.633601,9.785628,8.773775,9.371969,9.353216,9.079621,9.591386,9.264702,9.528687,9.5146,9.423975,9.491227,9.409621,9.532364,9.544412,9.533769
"GSDMB",7.309709,7.887676,8.600634,7.984044,8.19375,8.2862,7.653398,6.611975,7.716876,7.787484,7.355625,7.475464,7.607286,8.141657,7.976078,8.261958,7.640305,7.417849,7.537156,7.716249,8.048055
"ORMDL3",8.290315,8.595085,8.757765,8.729483,8.756309,8.365543,8.462649,8.172586,8.442134,7.893828,7.72613,8.001603,8.207965,8.150615,8.055141,8.368468,7.762667,7.939711,7.905443,7.974605,7.811343
"TOP2A",5.59956,7.765359,5.750468,5.908477,5.97963,6.012366,5.636262,5.254449,5.582329,5.873989,5.510381,5.443154,6.001048,5.884052,5.586828,5.27194,5.642452,5.670178,5.561098,5.772759,5.72239
"CCR7",10.15613,10.78857,11.395047,11.294452,10.877737,10.899262,10.838602,10.688638,10.47547,11.73259,11.069156,11.208392,11.334261,12.128372,11.359465,11.435109,11.687794,11.611677,11.543855,11.431403,11.620279
"KRT23",8.727739,8.895045,8.301775,8.035157,8.535567,8.818354,8.589134,9.322176,8.74397,8.471695,9.224473,8.695627,8.850106,7.935567,8.26417,8.489432,7.871566,8.19769,7.810706,8.670343,8.629004
"KRTAP4-5",6.886075,6.640058,7.084738,7.551728,6.795235,6.976454,7.087924,7.617366,6.930712,6.948288,7.008196,6.852661,6.816732,6.759212,6.980768,6.4401,6.704118,7.147692,6.899097,6.674494,6.504248
"KRTAP4-4",7.883166,7.460553,7.527064,8.43786,7.832501,7.594242,7.586071,8.397324,7.654926,8.482,8.665586,8.297704,7.951118,8.215875,8.382645,8.048971,8.418292,8.305758,8.30936,8.057508,7.833298
"KRT33A",7.051444,6.688613,6.842132,7.141738,6.904812,6.812781,6.962376,7.347773,6.6921,7.218921,6.927424,7.038996,6.662451,6.646265,6.908409,6.516842,7.194744,7.012609,6.857861,6.82292,6.534922
"JUP",7.395814,7.912727,7.806491,7.802231,7.556263,7.437665,7.558189,7.532201,7.445914,7.721063,8.380604,8.799914,7.500489,7.581363,8.305337,7.611683,7.979876,7.800235,7.486218,7.631605,7.874581
"DNAJC7",8.358145,8.481425,8.582682,8.420962,8.336421,8.557876,8.12302,8.142976,8.289157,7.76061,7.586868,7.930845,8.142242,8.127149,8.130326,8.193441,7.989157,7.856176,8.032931,8.141948,7.633879
"DHX58",7.029947,7.325855,6.832192,6.9495,7.200244,7.109278,6.887625,7.166348,6.886518,6.864267,7.300622,8.682412,7.221577,7.284606,7.513721,7.524139,7.286327,7.332241,7.224821,7.356153,7.614667
"KAT2A",7.612742,8.107413,8.004159,7.970204,7.697453,7.878752,7.955677,7.786761,7.731107,8.297828,8.096102,8.58538,8.132113,8.601196,8.335178,8.352431,8.223449,8.387796,8.457754,8.738835,8.599666
"RAB5C",9.74066,10.000215,10.02524,9.532013,9.99384,9.932132,9.823328,9.96442,10.210416,10.908263,11.42308,11.407115,11.223986,10.757646,11.157584,11.257072,11.034837,11.103504,11.146134,11.144644,11.136239
"COA3",7.646505,7.826878,7.294068,7.560575,7.37403,7.408439,7.536575,7.348169,7.455592,7.168828,6.591809,6.793887,7.124087,7.204741,7.297784,6.933317,6.92018,6.803932,6.826576,6.907087,6.930902
"BRCA1",6.87542,7.283071,5.953961,5.891365,6.548077,6.930706,6.090669,6.158801,6.617798,6.123125,6.524476,5.843168,5.909057,5.874295,5.846836,6.07804,6.187543,5.747032,5.911283,6.261218,6.084309
"ASB16-AS1",8.022074,8.416185,8.641652,8.508393,8.642811,8.623456,8.42186,8.30509,8.517305,8.974694,8.951863,8.98915,8.923957,8.994912,9.231244,9.012944,9.096054,8.908827,8.989309,8.944897,9.036019
"SLC4A1",8.896255,10.823725,9.788341,9.69932,10.595729,8.955049,10.880914,9.684533,9.890526,10.927856,11.528784,10.682662,11.509125,9.565597,10.629082,10.93654,10.603029,10.80934,10.443742,10.463358,11.078042
"SLC25A39",10.819939,11.483216,11.317952,11.124317,11.824085,10.669302,11.67915,11.106708,11.074837,12.350288,12.735379,12.031244,12.844233,11.454913,12.474011,12.521253,12.319481,12.157978,12.190581,11.854389,12.640038
"ITGA2B",7.298811,7.489305,7.951572,7.681902,7.755755,7.883254,7.478106,7.332806,7.976081,8.001259,7.905087,7.18752,7.432069,6.897489,7.870031,7.216838,7.301371,7.721277,7.619947,7.621289,7.575532
"DCAKD",7.663828,7.94338,8.132203,7.960453,8.067401,7.980118,7.724054,7.695,8.026912,9.179223,8.804417,8.903915,9.199483,9.419764,9.252295,9.070054,8.941891,8.871523,8.938333,8.967193,9.289061
"ARHGAP27",8.342667,8.426287,8.1731,7.69708,8.119764,7.939837,8.148884,8.341774,8.442695,8.789851,9.00999,9.153784,9.159211,8.658134,8.877862,9.060408,8.81838,8.683444,8.84652,8.929891,8.725526
"SKAP1",8.322826,8.541934,8.876097,8.763482,8.64904,8.786794,8.597928,8.005033,8.360265,8.869813,7.929579,8.326338,8.692126,8.955821,8.641746,8.990504,8.502882,8.454392,8.662689,8.758557,8.913008
"HOXB2",7.677259,6.825962,7.341444,6.639097,6.68272,7.024433,7.150237,7.312848,7.461844,7.764548,7.467782,7.723762,7.648227,8.101112,8.161819,7.855778,7.665912,7.571722,7.817577,7.069883,7.810631
"PHOSPHO1",9.122432,10.029677,9.599625,8.71324,9.847228,9.282536,9.274804,9.171484,9.107226,9.603227,10.900497,9.719999,10.215799,9.691859,10.178664,10.634823,10.255415,10.092555,10.035353,9.865741,10.232881
"PHB",8.0532,8.334147,8.128365,8.205979,8.19275,7.925005,8.192738,8.203038,7.850767,9.26316,8.882149,8.949902,9.328383,9.758863,9.172964,9.330151,9.083008,9.213436,9.371992,9.073456,9.121602
"SPOP",9.014475,9.339628,9.280649,9.119904,9.406456,9.398522,9.446069,8.985182,9.255179,8.392328,8.56504,8.383942,8.693545,8.688051,8.525201,8.689196,8.659294,8.52922,8.737702,8.798463,8.7583
"SLC35B1",7.963083,8.333632,8.072244,7.869606,7.753801,7.869036,7.790184,7.974888,8.040047,8.826901,8.278914,8.522899,9.031554,8.6464,8.822442,8.786064,8.417017,8.500334,8.798937,8.658156,8.605613
"FAM117A",8.353349,9.028336,8.936224,8.840843,9.104358,8.7057,8.919867,8.670365,8.954027,9.634374,10.061921,9.901739,10.090749,9.648228,9.976959,9.950709,9.699492,9.752393,9.716452,9.336065,10.140923
"SPAG9",9.498696,9.031812,9.221271,8.618581,9.39333,9.648383,9.022301,8.99833,9.512784,8.536909,9.367935,8.636702,8.782514,8.651181,8.778011,9.184679,8.755008,8.630592,8.825537,9.104975,8.962282
"MMD",8.28474,8.381846,8.588799,7.995445,8.644202,8.587721,7.660734,8.010637,8.902352,9.286458,8.999515,8.470699,9.087357,8.060846,8.43304,8.863484,7.993695,8.529578,8.930503,8.994483,9.152233
"MRPS23",5.989096,6.487634,6.412931,6.151135,6.234052,6.421787,5.761353,5.55516,6.019821,5.92719,5.977988,6.129883,6.39989,6.6236,6.044648,6.222592,6.122269,6.023288,6.204677,6.394054,6.418667
"SRSF1",10.68825,10.757535,10.890212,10.888912,10.711925,11.144649,10.624244,10.352467,10.843359,10.19117,9.709515,9.974382,10.22776,10.355927,10.141095,10.369841,10.147411,9.936964,10.208812,10.280523,10.269668
"MIR142",6.619222,6.557788,6.237911,5.423094,6.553471,6.882482,5.739823,5.701699,6.79664,8.961104,8.857101,9.307703,9.190042,9.004359,9.095719,9.286886,9.103372,8.56699,9.104082,9.293863,9.340285
"SKA2",6.538146,7.414972,7.024848,7.340961,7.132263,7.58019,6.962679,6.130306,6.560705,7.035172,6.682642,6.166834,7.545447,7.611071,6.973439,7.312824,6.942732,6.569781,7.011078,6.784039,7.463332
"MIR301A",3.342185,3.336904,3.47059,3.204966,3.365975,4.010202,3.031652,3.321388,3.708072,3.835656,4.080365,3.770562,4.225137,4.117621,3.646288,4.179706,4.029631,3.677509,4.03203,4.300247,4.024747
"USP32",9.995502,9.81418,9.697958,9.076691,10.181833,10.335485,9.665243,9.579298,10.251537,9.430584,9.871219,9.559192,9.474458,9.069593,9.381363,9.829101,9.35044,9.265877,9.606591,9.898813,9.763513
"APPBP2",8.80535,9.149589,8.968448,8.859852,9.215092,9.260617,8.793345,8.239844,8.985622,7.705411,7.500381,7.508847,7.914544,8.261604,7.810229,8.01163,7.687352,7.435648,8.006084,8.099863,8.059655
"INTS2",7.848493,7.993524,8.044035,7.830504,8.129968,8.302732,7.980401,7.75089,8.210843,7.055784,6.779596,7.042519,6.994953,7.390584,7.046481,7.156169,7.204669,7.068816,7.230976,7.255899,7.209726
"CCDC47",7.927889,8.253288,8.125873,7.937811,8.080934,8.392183,8.007607,7.768471,8.22654,7.032128,7.051261,7.086507,7.255817,7.195116,7.21044,7.16303,7.156407,6.817176,7.088934,7.516136,7.347861
"CSH2",7.662919,6.53498,7.376726,7.388946,7.268664,7.206419,7.666809,7.585523,7.249678,6.871301,6.848611,6.78413,6.839153,7.20152,7.158751,6.893288,7.105036,7.051268,7.03597,7.175021,6.777922
"CD79B",8.143813,8.822295,8.591653,8.573194,8.249491,8.178684,8.941497,8.504938,7.98745,9.854036,9.083197,9.725606,9.458359,10.094269,9.56776,9.724179,9.707167,9.517789,9.650183,10.094068,9.687243
"ICAM2",8.783604,9.3091,9.030164,8.521611,8.718936,8.082259,9.069679,8.638665,8.689081,9.901683,9.678625,9.918158,10.327696,10.057513,10.000508,10.216385,9.898496,9.836924,9.998385,10.073494,10.175501
"POLG2",7.437628,7.566416,7.366773,7.332993,7.487535,7.868661,7.533771,6.835358,7.313345,6.876211,6.467838,6.298383,6.658827,6.744887,6.886091,7.095588,6.437411,6.41493,6.637775,6.935769,6.862832
"DDX5",11.355179,11.322734,11.6334,11.487509,11.295476,11.806752,11.572788,11.085401,11.61582,10.352234,10.254762,10.270381,10.358133,10.492968,10.476168,10.50704,10.221279,10.391754,10.528829,10.668364,10.5178
"AMZ2P1",6.951893,7.721718,6.662842,6.808687,7.078072,7.11929,6.133494,6.323151,6.352266,6.3502,6.416537,6.204473,6.949903,6.923359,6.259832,6.951253,6.7671,6.322972,6.748298,6.637248,7.125223
"SLC16A6",8.76452,8.944701,8.020256,7.854921,8.449235,8.7802,8.171962,8.558653,9.159481,7.645987,8.520185,8.148359,8.749924,7.918,8.076698,8.60143,7.737127,8.130583,8.15964,8.244725,8.471367
"ABCA5",7.879037,7.861361,7.660878,8.448013,8.275114,8.405628,8.346893,7.132688,7.6015,7.811626,7.297484,6.964862,7.439652,7.788441,7.066441,7.09744,6.796866,6.915362,7.135401,7.376652,7.666845
"CD300LB",8.421583,8.427289,8.095879,7.39304,8.259324,8.123477,7.834277,8.806255,8.473633,7.736431,8.902801,8.914525,8.881867,8.125331,8.421941,8.548643,8.193791,8.45458,8.628152,8.637643,8.721312
"CD300E",8.343987,8.764441,8.301265,8.00118,8.465118,8.132559,8.484603,8.898416,9.008596,8.553783,8.663853,9.25842,8.830278,8.403342,8.886731,8.832044,8.527961,8.74791,8.87997,8.975265,8.244361
"CD300LF",8.578197,8.633429,8.461448,7.59336,8.526515,8.315973,8.523843,8.62052,8.871217,8.5099,9.156476,9.443852,9.418374,8.539153,9.124866,9.364127,8.73905,9.120225,9.062833,9.339494,8.881878
"ATP5PD",9.358476,9.343593,9.216011,9.247823,9.32118,9.332452,9.453845,9.038016,8.574401,8.607805,8.033705,8.426469,9.080833,9.152334,8.609013,8.801066,8.275022,8.636553,8.618395,8.877608,8.00148
"GGA3",7.882974,8.293425,8.172892,7.85055,8.077011,8.196657,7.676673,8.182047,8.487611,8.820675,9.082558,9.211481,8.795089,8.797477,8.863218,8.850496,8.860995,8.678937,8.85926,8.773554,8.961265
"H3-3B",10.447044,10.306091,10.353119,9.90165,10.396619,10.708282,10.104485,10.183348,10.75153,9.567736,9.61909,9.412417,9.634931,9.968802,9.30099,9.73149,9.364447,9.25339,9.551879,9.584477,9.998865
"UNC13D",8.335289,8.328723,8.401316,8.053104,8.221249,8.21144,8.117739,8.723319,8.5925,8.830097,9.350479,9.223542,8.938618,8.745487,8.892322,9.013669,8.932039,8.930743,8.987663,9.044845,8.957697
"WBP2",9.143504,9.737976,9.827322,9.194263,9.91408,9.442142,9.718229,9.43895,9.914402,9.965199,10.559603,10.084833,10.220601,9.274323,9.883178,10.131128,9.71985,9.710823,9.841668,9.607058,10.153208
"ACOX1",8.794118,8.584272,8.282335,7.930502,8.850548,9.209363,7.920661,8.341439,9.168149,8.294235,8.896588,8.36181,8.211314,8.032152,8.450905,8.592092,8.357748,8.071836,8.257518,8.553064,8.541878
"EXOC7",7.975382,8.517355,8.210015,8.07973,8.226135,8.200606,8.131435,8.214129,8.328863,8.876609,9.105813,9.216103,9.233949,9.064896,9.086705,9.160798,8.979726,9.066716,9.083614,9.13869,9.017841
"RHBDF2",7.199846,7.71557,7.519717,7.071485,7.374765,7.384081,7.507461,7.465414,7.645765,7.791828,7.893425,8.727071,8.165492,7.892047,8.072565,7.976794,7.93457,7.828995,7.928873,8.07978,7.918563
"SRSF2",10.042681,10.309077,10.417842,10.210197,10.193786,10.583749,10.266451,9.729006,10.472094,9.464227,9.126898,9.270939,9.630773,9.741938,9.560051,9.608175,9.424577,9.269983,9.551588,9.667836,9.72042
"TIMP2",9.019968,9.112259,9.10024,8.35862,9.035812,9.031137,8.875483,9.214137,9.554046,8.962635,9.639419,9.401296,9.16243,8.502752,9.057112,9.36118,8.734384,8.94211,9.127569,9.094353,8.96428
"LGALS3BP",7.439485,8.021666,7.977687,8.037517,7.665147,7.914318,8.007169,7.175668,7.654549,7.833149,8.058646,9.065296,8.136265,8.254976,8.263817,8.155657,8.349881,8.247239,8.262441,7.799591,8.387074
"CANT1",7.894874,8.207716,8.251621,7.675184,8.291799,7.984971,8.012412,8.290346,8.557263,8.467701,9.198571,8.886186,8.673677,8.218696,8.800594,8.85133,8.427295,8.531138,8.579075,8.78597,8.518417
"EIF4A3",7.667089,8.198526,8.075951,7.57933,7.891986,7.767377,7.896463,7.30067,8.028176,8.342391,8.412796,8.443679,8.585855,8.467553,8.596402,8.412937,8.33332,8.57997,8.73927,8.870907,8.422274
"SGSH",8.014754,7.711163,7.660149,7.625041,7.571881,7.718621,7.864156,7.921962,7.861181,8.590632,8.546835,8.912048,8.581528,8.587511,8.676565,8.84542,8.522287,8.725078,8.662217,8.652272,8.739438
"P4HB",9.10986,9.795135,9.441314,8.942287,9.267029,8.9107,9.26868,9.413887,9.781762,10.263248,9.996365,10.163438,10.217957,10.022243,10.215126,10.17128,9.888607,10.224918,10.320724,10.267409,10.210422
"ALYREF",8.707064,8.600551,8.315162,8.129424,8.86088,8.173227,8.873091,8.9112,8.35045,7.723245,7.348744,8.469333,8.167914,7.825059,7.756231,8.026477,8.050905,7.820101,8.275556,7.694682,7.932166
"CD7",8.742189,9.213188,9.38048,9.231995,9.172807,8.885691,9.295825,9.238009,9.046773,9.948342,9.696007,9.766017,10.02864,10.230741,9.850441,9.776302,9.899304,9.876343,9.68644,9.492732,10.14893
"SECTM1",8.342093,9.199459,8.248404,8.254624,9.263724,8.741267,8.563068,9.207525,9.28517,9.206632,9.876626,10.38583,10.038917,8.905879,9.796322,9.529557,9.374811,9.553382,9.47726,9.576986,9.598007
"MGC70870",7.121757,7.16433,7.036129,7.826288,7.510259,7.315306,7.894257,7.455488,6.925699,7.391111,7.276716,7.509832,7.077085,7.851952,7.128387,6.715421,7.417204,7.122638,7.344547,7.633454,7.339307
"ROCK1P1",5.066325,5.661059,5.494777,7.39792,5.786307,6.047116,5.653442,7.027686,5.97616,8.711756,8.447643,7.649297,6.338729,8.121329,7.455558,5.979588,8.167506,8.007457,7.611205,6.080763,5.991855
"TYMS",5.711903,8.074485,6.197076,6.232386,6.400486,5.822975,5.741418,5.632515,5.420665,6.231973,5.847283,6.214409,6.704018,6.004683,6.01284,5.901544,6.084267,6.297104,6.303236,6.35779,6.150283
"SMCHD1",12.388644,11.958629,11.857079,11.565988,12.020523,12.536067,11.811493,11.791486,12.258985,10.848058,11.453665,11.500363,11.127568,11.098892,11.110003,11.146211,11.172326,10.95858,11.077236,11.283698,11.323399
"MYL12B",10.235146,9.490935,9.567808,9.753729,9.798828,9.893918,9.502532,9.652434,8.908888,10.564752,10.59254,10.234125,11.079901,11.185484,10.670248,10.949403,10.633491,10.601664,10.705382,10.485232,10.504945
"NDUFV2",5.916166,6.541058,6.14826,5.89929,6.587677,7.039256,5.924462,4.868641,5.838242,5.023722,5.075851,5.60749,7.179574,6.71124,6.125542,6.965319,6.687029,5.793487,7.038256,6.515992,6.535004
"ANKRD12",8.638918,8.616988,8.560796,8.220453,8.954019,9.416488,8.6658,7.842066,8.407679,8.925086,8.600735,8.396007,9.316391,9.51286,8.82355,9.341059,8.748976,8.702,8.802017,9.122668,9.098657
"RALBP1",8.588292,8.581158,8.938461,8.26308,8.871834,8.717892,8.766912,8.723612,8.949768,7.976497,8.543504,7.993835,8.141416,7.964759,7.94563,8.222199,8.126825,7.713483,7.870983,7.701991,7.932472
"RAB31",10.261281,10.158969,9.991157,9.199961,10.284705,9.957057,9.829489,10.128668,10.294327,10.971737,11.815475,11.245384,11.043524,10.526584,11.203293,11.077759,10.94379,11.049479,11.216146,11.066251,11.276589
"NAPG",8.341874,8.55243,8.498938,8.337693,8.776132,8.815547,8.711512,7.976771,8.298153,8.196623,7.799156,7.898557,8.433881,8.53927,8.107133,8.32585,7.873247,7.807475,8.26976,8.392382,8.579867
"CHMP1B",9.495091,9.004773,9.078249,8.97413,9.234375,9.485785,9.069619,9.233,9.130215,8.056431,8.795371,8.227712,8.596198,8.698312,8.291018,8.664167,8.161972,8.026091,8.471168,8.549788,8.397568
"IMPA2",8.078177,7.874704,7.916802,7.382925,8.158916,7.857262,7.9656,8.094588,8.41633,6.908038,7.658422,7.35907,7.220111,7.280119,7.450169,7.521253,7.014301,7.213916,7.194316,7.559631,7.485143
"PSMG2",8.282457,8.741179,8.620716,8.695309,8.663767,8.602965,8.501283,8.252907,8.44147,9.688942,9.381184,9.611341,9.849431,9.849967,9.791864,9.944283,9.511621,9.700068,9.726812,9.898227,9.672947
"CEP192",8.541534,8.734444,8.854806,8.385714,8.708496,8.975664,8.527653,8.187994,8.970702,7.925847,7.73155,8.169319,7.929161,8.247462,8.163602,8.459458,8.150444,7.96272,8.337364,8.421862,8.371452
"RNMT",7.223703,7.893997,7.652043,7.64678,7.906071,8.131558,7.558004,7.003383,7.511351,6.653022,6.184221,6.557187,6.996465,7.291249,6.602336,6.975643,6.678786,6.816369,6.991192,7.10826,7.297177
"CYP4F35P",5.05533,5.596483,5.840392,4.836625,4.916234,4.967158,4.44683,4.503064,5.738368,4.911121,4.802407,5.080294,5.217006,5.168932,5.50099,5.471635,4.688345,4.794443,5.036698,4.869026,5.549477
"SNRPD1",6.428039,6.287865,6.261342,6.620397,6.650313,6.806491,6.638339,5.611745,6.444811,6.030681,5.904388,5.781618,6.823661,6.96388,6.306614,6.655154,6.49784,6.050334,6.177655,6.303851,6.522676
"MIB1",7.944163,7.895253,7.936859,7.935889,8.113946,8.272564,7.802007,7.716722,8.317354,7.039924,7.132407,6.806095,7.223766,7.223552,7.06706,7.240521,7.014918,6.867467,7.11887,7.384838,7.199636
"RBBP8",6.060898,7.026644,6.395743,5.950717,6.324715,6.444043,5.92719,5.666443,5.858359,6.24284,6.007467,5.941981,6.976812,6.956251,6.352162,6.670546,6.068821,5.947186,6.38396,6.667815,6.431775
"RIOK3",9.664242,10.523874,10.177683,10.044927,11.16213,10.664913,10.564525,9.573905,10.244125,9.241317,8.97428,9.105692,9.480028,8.746672,9.188649,9.760291,8.972618,9.382663,8.956864,9.041857,9.688821
"HRH4",6.788706,6.512944,7.660133,6.628906,7.792418,7.293511,6.63228,6.591087,6.980894,6.365723,7.637757,7.796101,7.564216,5.95907,7.115706,7.62476,6.86077,7.15088,7.5779,7.169623,8.341543
"TAF4B",6.543311,7.042106,7.284803,6.911756,6.881431,7.142364,7.297237,6.355094,6.544604,7.321185,6.311654,6.859281,7.058363,7.635031,6.778656,7.12694,7.090925,6.943929,7.289279,7.422511,7.486135
"RNF125",8.179651,8.431859,8.381549,8.509954,8.310424,8.563501,8.352396,7.679344,8.390476,8.668634,8.44009,8.267443,8.907083,9.147726,8.848781,8.783515,8.536531,8.593772,8.680585,8.847279,9.013504
"RNF138",9.033751,8.987956,8.920883,8.937299,9.032283,9.435864,8.788274,8.523607,8.955791,7.813366,7.688094,7.955578,8.254791,8.232809,7.745527,8.265556,7.853622,7.699907,8.275914,8.284042,8.308992
"ZNF271P",7.046468,7.380374,7.081105,6.821502,7.454738,7.682486,7.447012,6.586983,6.868311,6.86109,6.541735,6.309304,7.448861,7.458845,6.605847,7.239605,6.566087,6.679198,6.864854,7.100312,7.053444
"GALNT1",7.929225,8.474791,7.996924,7.933556,8.359025,8.566412,8.02567,7.25662,8.235005,7.660007,7.444845,7.221441,8.169173,8.018093,7.66392,7.659005,7.50008,7.184372,7.775643,7.983007,7.970213
"C18orf21",6.768504,7.127131,6.706934,6.235187,6.91753,7.247934,6.566874,6.799159,6.833432,7.133899,7.069166,7.420393,8.215728,8.421156,7.40425,7.882779,7.526996,7.199362,7.687979,7.777936,7.749222
"ELP2",8.204114,8.426032,8.594387,8.397681,8.387035,8.761745,8.553152,7.792839,8.491637,7.894524,7.208491,7.616082,8.081029,8.211484,7.917878,8.042797,7.946159,7.643946,7.895354,8.31773,8.08193
"SLC14A1",7.645304,8.450098,8.220357,8.063055,9.14775,8.083123,8.812036,7.660217,8.165053,7.633008,8.736446,7.72793,8.985662,7.572899,8.007718,7.635313,8.260419,8.099958,7.831003,8.353142,8.470285
"HAUS1",5.736662,6.336304,5.769667,5.938397,5.769613,6.743461,5.796004,5.200868,5.570076,6.800403,6.128354,6.216664,6.660318,7.761306,6.18769,6.74567,6.0839,5.953168,6.075582,6.335471,6.159259
"C18orf25",7.976767,8.534605,8.12411,7.932848,8.268827,8.482568,8.152786,7.689741,8.063726,7.350645,7.300421,7.814873,7.685016,7.624081,7.195935,7.767878,7.386709,7.19131,7.663309,7.473093,7.498199
"SCARNA17",11.92281,11.354773,11.661842,11.518483,11.630366,11.464669,11.709085,11.415411,11.620094,10.927733,10.53499,10.363334,11.187846,11.148864,10.95253,10.964238,10.588622,10.751284,10.828557,10.830656,10.91805
"POLI",8.200655,8.420699,8.300223,8.224123,8.401811,8.517176,8.556418,7.958995,8.183027,8.052984,7.608157,7.809398,7.953489,8.792423,7.596306,8.260409,7.707725,7.805839,7.873304,8.1633,8.402641
"RAB27B",7.815262,7.409309,7.849258,7.29344,8.038521,8.146111,7.452753,7.227458,7.926163,8.144418,8.209956,7.939563,8.214996,7.092507,8.032971,8.124598,7.426247,7.499055,7.738318,7.803641,8.422397
"MALT1",8.322687,8.89509,8.73151,8.8022,8.823261,9.147173,8.598407,8.089496,8.485855,8.455537,7.690251,7.931106,8.263082,8.671174,7.97797,8.3881,8.265596,8.059373,8.354978,8.464743,8.510548
"SEC11C",7.417839,7.654529,7.021451,7.227831,7.188469,7.867811,7.223629,6.837854,7.052195,6.520486,5.818982,6.178221,7.039714,7.32579,6.239656,6.484135,6.22297,6.226846,6.682113,6.834383,6.472847
"PMAIP1",7.070721,6.84845,6.371679,6.517195,6.946294,7.090741,6.537678,6.314846,6.094686,6.13406,6.380432,6.199375,7.181757,7.144882,6.295627,7.123863,6.254897,6.308138,6.422887,6.730357,6.869291
"RELCH",9.256868,9.458418,9.36722,9.227583,9.265372,9.767017,9.303907,8.972186,9.241464,8.637562,8.547918,8.481867,8.696101,8.864403,8.601702,8.933408,8.46638,8.524225,8.789936,8.905399,9.008813
"SERPINB8",7.914069,7.977681,7.82745,7.297943,7.766419,7.811308,7.5044,7.362876,8.042426,8.258988,8.434523,8.792235,8.452812,8.147656,8.321517,8.466343,8.447979,8.401047,8.586481,8.63809,8.379947
"TIMM21",6.660249,6.847201,6.773212,6.572744,6.855763,6.990067,6.502629,5.699438,6.152686,6.226702,5.617257,5.640589,6.211732,6.77098,6.17985,6.401761,6.089595,5.886868,6.245865,6.456923,6.046007
"ZNF407",8.113858,8.208361,8.122092,8.147208,8.521607,8.573235,8.406029,7.847807,8.450384,7.345261,7.621988,7.708475,7.46528,7.751021,7.520868,7.598149,7.763444,7.741716,7.353027,7.774401,8.106665
"THOC1",7.947022,8.248139,8.396332,8.339579,8.213166,8.579592,7.897262,7.301392,7.932621,7.78484,7.065454,7.424833,7.792979,8.0537,7.778163,7.804981,7.619559,7.323178,7.874586,7.959292,7.88698
"LPIN2",9.122585,9.430519,9.468703,8.87482,9.372538,9.556587,9.087161,9.400536,9.51488,8.041041,8.999573,9.046897,8.471073,8.235394,8.59346,8.70758,8.660494,8.569715,8.508563,8.370713,8.830195
"EPB41L3",7.024468,8.022547,7.174961,6.674342,8.005202,7.27847,7.16487,7.038425,8.054265,7.180979,7.375857,8.164441,8.010885,7.141972,7.655181,7.666144,7.496296,7.555402,7.820708,7.680213,7.531755
"PPP4R1",9.64304,9.548455,9.501351,8.680502,9.582803,9.795014,9.326959,9.569056,9.96859,8.532212,8.986765,8.728305,8.874273,8.34808,8.573702,8.99152,8.261244,8.38276,8.591704,8.781029,8.773728
"ADGRA3",6.735727,6.607231,6.744745,6.100672,6.282177,5.669364,5.746785,5.736155,5.841012,5.989693,6.709244,5.716053,5.298438,6.830306,6.115789,5.414903,6.130071,6.130043,6.121561,6.151741,5.822443
"AFG3L2",7.334901,7.747604,7.520834,7.707631,7.42843,7.869318,7.33216,7.208164,7.456132,6.64224,6.544789,6.86597,7.007077,6.912678,6.911253,6.961655,6.758901,6.716823,6.827697,6.975578,7.149035
"PTPN2",7.99051,8.399493,8.047702,7.845946,8.463113,8.508806,8.145738,8.062634,7.754142,7.620185,7.348501,7.703624,8.150531,8.064724,7.731787,7.889893,7.450627,7.483796,7.84996,8.143226,8.056677
"ROCK1",8.773561,8.922529,8.871344,8.611404,9.360333,9.8841,8.748891,8.563551,9.033285,8.432988,8.710437,8.292488,9.079993,9.081922,8.333529,8.943652,8.674468,8.073763,8.746416,8.89894,8.7143
"ESCO1",7.637683,7.986043,7.758929,7.931122,8.426118,8.861349,7.723438,7.208007,7.77709,7.274788,6.917295,6.573668,7.865553,7.922818,7.129426,7.372866,7.254378,6.923313,7.25762,7.58752,7.676355
"DSC2",7.840133,7.943554,8.787836,6.988731,8.68239,9.748512,8.611126,7.628198,7.432976,8.049629,7.921152,8.440939,8.618886,7.927355,7.615216,7.718333,8.444585,8.355557,9.192395,8.949273,8.326659
"DSC1",6.654037,5.670253,7.063079,6.308949,6.702214,6.973014,6.503697,6.798962,6.292605,6.344409,6.805391,6.4472,6.489953,7.277614,6.192757,6.789125,6.650126,6.732493,7.058933,6.407804,6.603061
"TRAPPC8",8.782578,8.818607,8.808552,8.400031,9.002223,9.323116,8.717105,8.46804,9.036971,7.753296,7.777478,7.593183,7.915057,8.110176,7.702883,8.064128,7.767959,7.304431,7.985683,8.136364,8.039568
"KLHL14",6.548499,8.045798,7.276804,6.998607,7.276592,7.345022,7.411533,6.996717,6.786618,7.857294,6.770574,7.215497,7.112351,7.207329,6.655264,7.015403,7.117741,7.088986,7.63203,7.686429,7.486937
"TPGS2",8.407777,9.201781,8.799931,8.509666,9.002324,8.585927,8.802305,8.357579,8.67391,9.624181,9.52333,9.279482,9.811017,9.317374,9.37936,9.478103,9.133219,9.41477,9.517933,9.432833,9.610352
"RPL7A",10.24521,10.215246,9.854794,10.405986,10.169868,9.8841,10.102405,9.470366,9.674753,9.816751,9.142924,9.164765,9.864848,10.309115,9.624593,9.924548,9.663578,9.638089,9.874869,9.929328,9.795937
"EPG5",8.455215,8.848865,8.896733,8.411715,8.739185,8.915963,8.615944,8.438185,9.16442,7.878034,7.919885,8.20598,7.90875,7.820989,8.107799,8.071076,7.901344,7.905505,7.863578,8.051318,8.167475
"PSTPIP2",8.191435,8.59486,7.963468,7.528777,8.810233,8.331166,7.513811,7.826845,8.714464,7.7691,7.916936,8.589216,8.223017,7.169013,7.706943,7.929301,7.880896,7.367194,7.852602,7.970536,7.903051
"ATP5F1A",10.378424,10.725489,10.45608,10.366843,10.446163,10.330484,10.527372,10.084952,10.458382,9.111642,8.634343,8.780221,9.194021,9.191921,8.928165,9.202633,8.841826,8.783098,9.074458,9.244405,8.954499
"PIAS2",8.547327,8.854931,8.973146,8.93403,8.962778,9.350432,8.788464,8.403808,8.705038,8.07818,7.445977,7.638855,7.913232,8.276688,7.864858,7.958237,8.066491,7.849842,7.830783,8.233665,8.235829
"HDHD2",8.355034,8.759352,8.641924,8.748266,8.536115,8.75335,8.752897,7.847433,8.233216,9.331246,8.651063,9.020946,9.410036,9.721746,9.194721,9.224204,9.28302,9.135738,9.401481,9.405699,9.152502
"IER3IP1",7.529511,7.72832,7.443404,7.687521,7.893033,7.397662,7.788662,7.322777,7.451981,7.155089,7.115786,7.009763,7.886717,8.10781,7.387391,7.604545,7.379255,7.250034,7.69806,7.743616,7.519152
"SMAD2",7.912324,8.089589,8.030303,7.950118,7.768459,8.282566,8.0011,7.344646,7.87198,8.020937,7.805668,7.341387,8.075439,8.255537,7.658651,7.965057,7.787235,7.282488,7.877922,8.256631,8.12917
"DYM",9.147492,9.434497,9.451518,9.18048,9.286015,9.347629,9.330376,8.86969,9.280472,9.984166,9.66689,9.664362,9.949905,10.178007,9.981727,10.063019,9.738761,9.941603,10.008899,10.127502,10.254877
"SNORD58A",6.988996,7.228702,6.379854,6.435286,6.946478,7.404618,6.487472,5.121618,5.969667,5.56175,4.879166,5.08999,6.121538,7.016597,5.292327,6.076563,5.192088,6.195161,5.910951,6.14917,6.130548
"MEX3C",8.672557,9.028222,8.846029,8.785342,8.727008,8.609633,8.762366,8.561457,8.829269,9.452775,9.183588,9.143276,9.534435,9.504978,9.54684,9.510217,9.399982,9.333483,9.48943,9.610032,9.545719
"TCF4",7.819426,8.801098,8.469022,8.24978,8.358301,8.499237,8.831699,7.664931,8.151723,8.799218,8.509727,9.450662,8.838508,8.977207,8.957907,9.043525,9.174341,9.074767,9.344873,9.427446,9.276702
"FECH",7.739647,8.993656,8.148418,8.315352,9.341513,7.721027,9.155033,8.110717,8.163874,8.056478,7.91792,8.031913,8.756201,7.500094,7.648463,8.336482,7.225046,7.923766,8.049915,7.936492,8.965698
"NARS1",9.623635,9.841369,9.644697,9.591878,9.772463,9.967984,9.578661,9.463027,9.608334,8.8522,8.836494,9.039337,9.175248,9.321362,9.052585,9.125356,9.096471,8.839977,9.025979,9.243121,8.966637
"LMAN1",8.492264,9.26356,8.682288,8.234896,8.639771,9.034985,8.461039,7.777944,8.412086,9.042115,7.863678,8.253057,8.7833,8.743603,8.516033,8.411751,8.375381,8.533845,9.11459,8.740549,8.808449
"MC4R",5.448931,5.365836,5.652755,5.660489,4.977511,5.207678,5.712631,5.918434,5.657951,6.045847,5.725985,5.79662,5.188968,5.467211,5.870877,5.44067,5.861098,5.863558,5.588424,5.4053,5.441766
"PIGN",7.657252,8.125478,7.925609,7.689388,8.065131,8.507898,8.008302,6.951432,8.003248,7.518041,6.780435,6.957988,7.427002,7.595877,7.615964,7.532798,7.384788,6.994473,7.397,7.80992,7.613444
"VPS4B",9.449706,9.270891,9.44393,9.447518,9.475918,9.787456,9.334797,9.2837,9.512549,8.248011,8.686323,8.299879,8.867035,8.778371,8.545052,8.762318,8.393401,8.267784,8.679556,8.860705,8.826452
"TMX3",7.256647,7.763157,7.583556,7.656295,8.276578,8.508392,7.494223,7.002635,7.453216,6.69108,6.500206,6.416345,7.274969,7.32415,6.851195,7.033854,7.013293,6.666158,7.18911,7.152795,7.240959
"CD226",9.830956,9.893664,9.993032,9.682633,10.100722,10.012956,9.7316,8.642665,9.823997,9.605045,9.35171,9.080887,9.854577,9.269235,9.561726,9.841314,9.347522,9.077307,9.303979,9.606273,10.183651
"CYB5A",7.560182,8.031293,7.689057,7.499584,7.828416,7.585561,7.044751,7.091196,7.322533,8.038071,7.764345,8.451687,8.211744,8.836151,7.89406,8.379548,7.892757,7.676593,8.085184,8.298105,8.020891
"LINC00909",7.718397,8.320002,7.971534,7.885882,8.463072,8.7498,8.126888,8.016061,7.661182,7.173364,6.719646,7.03072,7.502647,7.332246,6.640745,7.19911,7.027212,6.940796,7.002741,6.953106,7.40165
"ZNF516",8.153944,8.219884,7.784968,7.283563,7.898786,7.823172,7.820376,8.264675,8.27447,7.560565,8.317155,8.075867,7.958584,7.722932,7.687592,7.973001,7.819002,7.762754,7.679706,7.963193,7.89532
"LOC284241",6.115132,5.387587,5.924335,5.14424,6.152374,5.505356,6.712707,5.502013,6.142557,5.771441,5.678816,5.787597,5.235455,5.664851,5.578049,5.541493,5.354466,5.954891,5.425884,5.369591,5.199176
"TXNL4A",7.730908,7.601036,7.675972,7.406827,7.565882,8.001572,7.675453,7.476795,7.680347,8.225282,8.050203,7.986532,8.971246,8.883188,8.321176,8.801924,8.154638,8.247891,8.762875,8.81505,8.454308
"BSG",10.301456,10.711238,10.513859,9.989702,10.810876,9.760054,11.286053,10.370593,10.267455,10.941017,11.500675,10.820709,11.714755,10.360617,10.823081,11.0809,11.117051,10.996639,10.983006,10.920961,11.170796
"CDC34",7.976116,8.629803,7.929091,7.799537,8.711155,7.540262,8.679745,7.889431,7.811045,9.417899,10.019186,9.573524,10.446993,9.049754,9.848875,10.3232,9.756703,9.707417,9.509802,9.619894,9.92716
"PTBP1",8.80246,9.64171,9.507366,9.038977,9.369092,9.154805,9.250038,8.943891,9.569654,10.259147,9.934818,10.155975,10.031636,9.953214,10.142426,10.088343,10.038495,10.034367,10.232986,10.038431,10.289714
"CFD",9.527069,8.848209,9.162166,8.590727,9.317129,8.002828,9.016315,8.751656,9.060816,9.260418,10.422527,9.351788,9.743085,9.370523,9.205738,10.229187,8.519533,8.891531,8.935187,9.145292,9.160448
"RPS15",10.506939,10.720447,10.599903,10.382036,10.435909,9.736146,10.969554,10.375897,10.555689,11.380347,10.748258,10.780865,12.127898,11.915409,11.134612,11.445374,10.953853,10.801442,11.181905,10.896813,11.189327
"CSNK1G2",8.756133,8.823886,8.716574,8.685986,8.832514,8.763337,8.724181,8.682609,9.001492,9.773577,10.002765,10.18179,10.050138,9.894521,9.940532,10.093659,9.84641,9.949622,9.97606,10.104429,10.039222
"OAZ1",11.618791,11.50343,11.260843,11.158809,11.872508,10.917287,11.965855,11.520781,11.33642,12.994342,13.223094,12.600342,13.133263,12.686848,13.012129,13.05953,13.044584,12.892402,13.011612,12.991535,12.971632
"GNA15",7.506224,7.396834,7.375756,7.165971,7.608561,6.80422,6.947132,7.564327,7.456258,7.88782,8.161964,8.524836,8.659633,7.779387,8.153264,8.479506,7.868374,8.279193,8.40261,8.156904,8.019403
"S1PR4",8.50637,8.318902,8.259362,8.216919,8.164489,7.926774,8.617818,8.443827,8.26867,9.539322,9.576019,9.516984,9.90115,9.90653,9.68346,9.936538,9.384438,9.880755,9.500426,9.96096,9.530805
"YJU2",7.603072,7.943932,7.552598,7.503969,7.666345,7.218904,7.43646,7.672149,7.624662,8.213849,8.170458,8.372867,8.53525,8.307523,8.49514,8.411539,8.319109,8.202827,8.264248,8.334706,8.271998
"TNFAIP8L1",6.090159,5.773068,5.706151,5.842477,5.66818,5.33045,6.031444,6.204344,6.070866,6.38935,6.029774,6.459652,6.525685,6.580983,6.521146,6.661427,6.49974,6.600333,6.65546,6.61289,6.84887
"SAFB",9.066778,9.508981,9.63495,9.424733,9.347707,9.635104,9.277149,9.067667,9.705573,8.504994,8.659865,8.927589,8.561704,8.488708,8.783916,8.760331,8.669995,8.599204,8.701663,9.055613,8.792356
"RPL36",8.603657,8.314258,8.493844,8.447567,8.44304,8.079636,8.716766,8.837008,8.343848,9.016361,8.710282,8.952184,9.295414,9.572582,9.158369,9.343791,9.215693,9.330943,9.281581,9.202853,9.283737
"ADGRE1",8.257094,8.772606,9.251813,8.393847,9.108492,8.60391,8.54518,8.202714,9.012077,8.257516,8.993769,9.15668,8.905095,8.144508,8.507724,9.200164,8.395594,8.783859,9.038292,8.862926,9.069849
"PNPLA6",7.591732,8.130127,7.901024,7.389976,7.910154,7.707623,7.937035,7.787387,8.015555,8.330897,8.627025,9.008656,8.739763,8.452238,8.587719,8.5025,8.481983,8.390419,8.512642,8.580428,8.638959
"MAP2K7",7.134505,7.128054,7.122584,6.848144,6.965567,6.763971,6.966124,7.128158,7.069575,7.482994,7.974345,7.922653,7.924569,7.796291,7.799307,7.740496,7.677581,7.941786,7.698888,7.81525,8.079755
"MARCHF2",8.660348,9.179691,9.085094,8.751492,9.194876,8.691825,8.99645,8.972573,9.067941,9.211575,9.476484,9.119032,10.176718,8.863964,9.319733,9.584741,8.983109,9.324972,9.388706,9.384996,9.295681
"HNRNPM",9.548037,10.115637,10.164967,10.056623,9.941859,10.068011,9.933865,9.485573,10.297709,8.218268,7.997737,8.318442,8.23821,8.350549,8.36614,8.2364,8.174016,8.24629,8.30413,8.403039,8.298898
"OR2Z1",7.217495,6.700008,7.140112,7.422194,6.875101,7.021379,6.954429,7.751046,7.201974,7.668868,7.56873,7.135957,6.516306,7.09621,7.355387,6.795143,7.350143,7.500806,6.843561,6.828766,6.655656
"UBL5",8.629655,8.088831,7.8806,8.381467,8.615627,8.122604,7.983029,8.77378,8.02842,9.089363,9.13959,8.887284,9.874554,10.242654,9.38562,9.503117,9.350432,9.163685,9.314379,9.417189,8.995114
"PIN1",7.756954,7.804744,7.464173,7.711998,7.628731,7.305218,7.868502,7.723749,7.700761,8.341567,8.119906,8.273633,8.667032,8.446583,8.559809,8.594349,8.095045,8.30373,8.338291,8.406429,8.612153
"SHFL",7.955904,8.166554,8.136774,7.739143,8.299394,7.893938,8.026831,7.852685,8.018391,8.299114,8.739017,9.727917,8.585701,8.478893,8.675487,8.546188,8.633926,8.405618,8.613127,8.320582,8.74545
"SNORD105",6.321427,5.563355,5.7849,5.659307,5.964684,6.10722,5.835675,5.336408,5.242797,7.093024,6.954325,6.425143,7.255914,6.971837,7.135048,6.453465,6.749787,7.228865,7.110134,6.871835,6.718088
"ICAM1",7.708125,7.769743,7.464786,6.978936,7.49935,7.335283,7.164192,7.651447,7.970974,7.569953,8.345461,8.468445,8.330399,7.852659,8.265189,8.326338,8.036966,8.055648,7.874932,8.328879,8.299678
"SLC44A2",10.433685,10.618853,10.855909,10.374388,10.694621,10.885689,10.712852,10.719627,11.108559,11.010014,11.684409,11.396568,10.929092,10.855884,11.107364,11.292865,11.151163,10.997065,11.033787,11.117559,11.124796
"CARM1",7.581239,8.611097,7.942891,7.794558,8.299878,7.512322,8.06167,7.671754,8.042189,8.56851,8.975568,8.823561,9.135761,8.333211,9.006248,8.962369,9.00526,8.562818,8.885773,8.25359,8.672355
"PRKCSH",8.340134,8.688381,8.613866,8.43854,8.648622,8.307988,8.69603,8.312919,8.954285,9.68685,9.718527,9.755807,9.667995,9.529275,9.756924,9.866445,9.75676,9.627247,9.7621,9.922265,9.78157
"ZNF441",5.805093,6.295257,5.140454,6.005186,5.833733,6.304951,5.63856,5.584071,5.525874,5.503365,5.083289,5.297076,5.82632,5.998067,5.287871,5.505183,5.53488,5.403294,5.51654,5.484071,5.755991
"ZNF440",6.629691,6.947519,6.265478,6.406712,6.888795,6.734168,6.637355,6.112816,6.425216,6.047972,6.036594,6.13249,6.415798,6.477315,6.454008,6.673041,6.348139,6.236961,6.501726,6.279963,6.748436
"ZNF763",5.893087,6.35899,6.552043,6.598793,6.507288,6.653918,6.719671,6.066363,5.636137,6.483074,5.976186,6.268189,5.832237,6.421172,6.426947,6.556274,6.130992,6.469105,6.343465,6.845183,6.531757
"ZNF844",6.658436,6.73313,6.457901,6.73596,7.212435,7.010494,6.646426,6.845681,6.386325,6.03813,6.034297,5.835486,6.426782,6.602743,5.868424,6.436859,5.7754,5.9915,6.192097,6.391531,6.636689
"ZNF136",7.901831,7.926642,8.088511,8.015888,8.09605,8.226417,8.035262,7.529125,8.070033,7.939087,7.716669,7.543109,8.196332,8.199993,7.874126,8.023839,7.669586,7.61148,7.790501,7.957436,7.940192
"ZNF791",8.330617,8.287636,8.082442,8.228228,8.421296,8.462972,8.368331,7.555498,7.820424,8.61574,8.005267,7.792889,8.87252,9.132847,8.4557,8.551795,8.444031,8.414784,8.514719,8.644854,8.620123
"JUNB",9.213101,9.205569,8.90111,8.953866,9.030452,8.836442,9.042563,9.445146,9.316708,10.418731,10.922049,10.752434,10.550321,10.220212,10.35011,10.35703,10.273694,10.259662,10.08488,9.972534,10.397001
"CALR",8.282792,9.548465,8.961468,8.843232,8.911841,8.722209,8.727684,8.535371,8.946997,9.77231,9.463685,9.591412,9.847416,9.787748,9.394139,9.503591,9.806508,9.844105,9.732722,9.571008,9.714405
"RAD23A",7.906087,8.771006,8.560653,8.307746,8.595386,8.285471,8.950188,8.274373,8.745732,8.553549,8.934567,8.719278,8.97841,8.871861,9.00006,8.692506,8.60673,8.679672,8.680327,8.376131,8.757583
"NACC1",7.085759,8.092203,7.882708,7.397611,7.734748,7.208999,7.604224,7.767154,7.720214,8.401795,8.726271,8.794489,8.751325,8.451873,8.445301,8.531026,8.512037,8.420501,8.529541,8.427584,8.455705
"IER2",9.075015,9.187099,9.142352,8.596545,8.599863,8.968972,9.010928,9.170502,9.316694,8.114578,8.416878,8.788054,8.374807,8.375118,8.431379,8.391871,8.196873,8.193035,8.212548,8.446348,8.206157
"MRI1",7.137937,7.5229,7.708542,7.305073,7.496701,7.504354,7.540512,7.471146,7.613556,8.092472,7.834229,8.216188,8.219787,8.410306,8.379712,8.292945,8.264168,8.097526,7.733643,8.200881,8.287921
"MIR181C",7.713738,7.076238,7.618623,7.833776,7.507828,7.203149,7.411197,7.840985,7.548844,7.452971,7.63984,7.615371,7.348156,7.572534,7.662184,7.426467,7.735733,7.964904,7.282309,7.53253,7.355101
"ADGRE5",9.487454,9.999212,10.390443,9.581121,10.001063,10.167993,10.217739,10.06831,10.49959,10.538463,11.194237,11.238065,10.621058,10.493954,10.649057,10.724745,10.702565,10.692463,10.631059,10.604994,10.643665
"SNRPG",6.790247,6.58848,6.406552,6.842277,5.96186,7.592237,5.688655,5.744929,6.496194,6.452029,6.13369,5.341259,6.133045,6.947017,5.827077,6.088697,5.86232,5.63666,6.392475,5.893832,6.058278
"CLEC17A",7.998414,8.70733,8.560577,8.499943,8.269621,8.584021,8.656366,8.103892,8.322876,8.907983,8.540103,9.209507,8.487547,8.935272,8.738412,8.723354,8.782093,8.781866,8.851069,9.106444,8.909002
"CYP4F3",10.113773,8.921267,8.420265,7.310089,9.150198,8.935517,8.588986,9.354513,9.685029,8.571332,10.555345,9.561311,9.144197,9.226133,9.451724,9.430768,9.526511,9.354821,9.354024,9.490423,9.56463
"OR10H2",5.529645,5.497077,5.715267,5.749612,5.265191,5.147498,6.012436,6.10107,5.58482,5.891531,6.211782,5.768122,5.105357,5.398095,5.802094,5.311768,5.803053,5.723574,5.986419,5.353149,5.030176
"OR10H3",5.603084,4.884172,5.370422,5.859576,5.666366,5.182066,5.860061,5.806526,5.583253,6.489553,6.359639,6.210974,5.472708,5.998131,6.094137,5.746087,6.243182,6.260789,6.167394,5.85805,5.827081
"UCA1",6.003425,5.448967,5.654378,6.257979,5.83035,5.781017,5.496596,6.046509,6.093291,6.303938,6.71556,5.958557,5.765586,6.079775,6.190375,5.765468,6.358181,6.136524,6.097091,5.70169,5.631714
"FAM32A",7.597056,7.303943,6.926684,6.964473,7.218247,7.023143,7.06528,6.928086,6.991414,7.457257,7.615984,7.712942,8.242325,8.071671,7.814725,8.221435,7.635548,7.810358,7.748614,8.065481,7.616874
"AP1M1",8.021435,8.733444,8.520119,7.900399,8.442174,8.273179,8.298077,8.40544,8.629474,8.597443,9.009796,8.963994,8.77496,8.701893,8.788552,9.012686,8.810621,8.920725,8.914975,9.042148,8.889511
"BABAM1",8.560353,8.942261,8.778814,8.550942,8.88774,8.369461,8.727437,8.337087,8.627511,8.138971,8.198563,8.230372,8.535499,8.275197,8.465581,8.258234,8.072746,8.168577,8.1643,8.145031,8.187224
"NIBAN3",7.942509,8.937319,8.699221,8.657118,8.754182,8.673069,8.979835,8.732804,8.483955,8.906519,8.576192,9.128173,8.259675,8.981865,8.808129,8.969978,9.040138,8.671717,8.774786,9.487472,8.938821
"COLGALT1",8.236642,8.474913,8.331377,8.063098,8.228533,8.101463,8.300725,8.461792,8.365316,9.025395,9.059196,9.48944,9.153417,8.910665,9.103071,9.154763,9.109679,9.089289,9.204968,9.261827,9.144349
"SNORA68",8.544123,8.839487,8.233876,8.468785,8.384036,8.333599,8.887322,7.78953,7.477991,9.452059,9.24748,9.251748,9.916831,10.743912,9.872197,9.731297,9.128853,9.713087,9.088589,9.833449,9.655456
"CCDC124",7.527704,7.730356,7.620822,7.354424,7.704289,7.434986,7.800257,7.515062,7.390837,8.022008,8.406678,8.448797,8.628429,8.239021,8.538534,8.454432,8.312361,8.379797,8.493864,8.340825,8.677511
"ARRDC2",8.114045,8.288638,8.342821,7.991638,8.379188,7.978666,8.296094,8.297968,8.402413,8.709599,8.610715,9.206512,9.258947,9.005928,9.029039,9.18712,9.104105,8.95891,9.020811,9.338029,9.066906
"MAST3",9.050146,8.982817,8.995771,8.558977,8.894068,9.024331,8.864565,9.286043,9.340451,9.339516,10.317661,9.940795,9.562219,9.466382,9.90239,9.937702,9.803676,9.724683,9.576083,9.774883,9.745957
"IFI30",11.134027,12.019766,10.916358,10.847752,11.742206,10.962993,11.597414,11.495031,12.06822,11.735539,11.910646,12.455231,12.332765,11.743906,12.12423,12.056335,11.69081,12.0851,12.188833,11.80677,12.093899
"MAU2",8.361256,8.500001,8.374157,8.197718,8.374469,8.429454,8.276194,8.312746,8.511578,8.956111,9.245371,9.436819,9.032247,9.062056,9.199383,9.207106,9.209165,9.066805,9.026433,9.091917,9.118824
"NDUFA13",7.260416,7.370963,7.379145,7.015954,7.486082,6.934901,7.601533,7.135268,7.123328,6.920875,6.82199,6.892646,7.033898,6.8865,7.147443,6.979891,7.061252,7.079959,6.903974,7.032806,6.642956
"ZNF253",7.212951,7.362119,7.502988,7.324748,7.495699,8.054376,7.000315,6.887568,6.69573,7.563394,7.035955,6.88323,7.917173,7.960161,7.332381,7.447736,7.452794,7.088816,7.487171,7.845996,7.942541
"ZNF486",8.170779,7.685872,7.247295,7.172193,7.410443,7.637747,7.373879,7.078314,7.163137,8.734819,8.574903,8.306631,8.816892,8.481592,8.422119,8.731928,7.986463,8.213849,8.3242,8.728741,8.790559
"ERVS71-1",4.803943,4.68218,4.355095,5.131505,4.344767,4.129508,4.486922,4.87674,4.239377,6.026007,5.521957,5.415743,4.752374,5.106624,5.118173,4.804219,5.445195,5.196423,5.260615,4.781496,4.744125
"ZNF430",7.072643,7.007112,6.647949,6.637245,6.912588,7.462688,6.731348,5.952718,6.660497,6.762135,6.217603,6.46855,7.313972,7.635915,6.651782,7.088539,6.752889,6.69261,6.807464,7.325227,7.253437
"ZNF431",7.676986,8.103941,7.712115,7.781799,7.709881,8.165927,7.773605,6.99607,7.234565,7.698657,6.941102,7.270612,8.114381,8.414418,7.513529,7.806315,7.841731,7.722261,8.210816,8.09125,8.094433
"ZNF493",6.785329,6.695204,6.452553,6.741753,6.710174,7.302006,6.847401,6.39833,6.135186,6.966521,6.346678,5.915939,7.585218,7.009031,6.177239,7.161426,6.841043,6.553977,6.941867,7.067168,7.493998
"ZNF429",7.263356,7.469845,7.167873,6.520313,6.476682,7.477956,6.938387,6.881098,5.968786,7.760287,7.280684,6.609956,8.378241,7.018943,6.509371,7.92818,6.979899,6.763173,7.461062,7.79241,7.763479
"ZNF257",6.151456,5.070218,4.827907,5.943417,4.952657,5.83264,5.143835,5.647635,4.781121,6.212294,5.267806,4.863161,6.029306,5.860306,5.791744,4.772104,5.989246,5.643717,5.902559,5.705225,5.759071
"ZNF729",4.00688,4.501807,4.116401,4.361833,4.316325,4.370201,4.302281,4.32206,4.157626,3.950435,3.847406,3.65437,3.828541,4.297456,3.970739,4.237111,3.945331,3.94578,3.888432,3.914553,4.34234
"ZNF730",5.022342,5.545716,4.64688,4.8739,4.6526,4.986481,4.713426,5.094438,4.592597,5.870264,5.09338,5.203978,5.593891,5.492971,5.406254,5.068032,5.392294,4.901102,5.348016,5.454728,6.05666
"ZNF254",6.712006,6.996334,6.538587,6.678732,7.015577,7.500758,6.772199,6.525779,6.412659,6.739151,6.139715,6.148057,7.074103,7.253608,6.59569,6.516632,6.611426,6.228679,6.538272,6.830949,7.034762
"URI1",8.931731,9.095203,8.955389,9.111693,9.185134,9.735228,8.994609,8.492875,8.804981,8.911567,8.561403,8.590544,9.131282,9.576761,9.304347,9.068053,9.060849,8.867149,8.986779,8.945977,9.156098
"ZNF507",8.469329,8.616814,8.63996,8.660431,8.371187,8.814646,8.534435,7.837082,8.135694,8.376584,7.877089,8.013973,8.571312,8.857174,8.108292,8.568118,8.374029,8.036224,8.605967,8.573549,8.451867
"LSM14A",9.512833,9.553571,9.878896,9.568147,9.877224,10.033164,9.785562,9.325654,9.700991,8.82536,8.830604,8.845426,8.919132,8.901518,8.943841,9.044469,8.954864,8.701778,8.862719,9.034833,9.000887
"GPI",8.181798,9.311661,9.008602,8.522267,8.561685,8.573577,8.858917,8.186313,8.864681,9.163671,9.23124,9.467489,9.25104,8.943608,9.367412,9.290863,9.062741,9.242901,9.363888,9.321042,9.367758
"UBA2",8.708105,9.163657,8.671241,8.641131,8.700076,9.043648,8.762773,7.93315,8.483798,9.155046,8.485748,8.696141,9.511357,9.883101,9.220599,9.468374,9.015794,9.009871,9.313074,9.513492,9.204843
"ZNF302",7.899471,8.093348,7.882815,7.969101,8.345039,8.853983,8.154957,7.689039,7.379136,7.286552,7.014056,6.828529,7.825765,8.253841,7.122903,7.547292,7.126262,7.001197,7.325029,7.33609,7.312539
"CD22",8.354416,9.667956,9.771812,9.328714,9.05992,9.185869,9.640132,8.795563,8.562347,9.294003,8.675488,9.602204,8.754987,9.437368,9.156862,9.43169,9.402841,9.555003,9.686127,9.731497,9.426607
"FFAR2",9.574919,9.693869,9.164335,8.024588,9.603366,9.729167,9.131032,9.756898,10.179229,8.720505,9.692297,10.256972,9.542269,8.876491,8.873756,9.422032,8.827963,8.758481,8.974064,9.408547,9.145693
"TMEM147",7.820568,7.707866,7.688064,7.362676,7.382855,7.488551,7.683862,7.856017,7.637218,9.126767,8.834896,9.083136,9.694746,9.627605,9.381757,9.372785,9.013315,9.36381,9.322214,9.474143,9.294459
"COX6B1",9.214646,9.204913,8.724688,8.583992,8.577172,8.436122,8.682362,8.838583,8.39077,9.714158,9.800213,9.744732,10.293501,10.106573,10.037385,10.131527,9.73457,9.831097,9.914469,10.035353,9.41109
"PSENEN",8.773312,8.865695,8.661626,8.283213,8.48257,8.410921,8.818044,8.499517,8.641165,10.483197,10.731073,10.27909,10.917323,10.514284,10.76162,10.783575,10.280235,10.304113,10.524699,10.612013,10.311725
"HCST",8.756846,9.178818,9.099033,8.873738,8.656569,8.555191,9.093308,8.553864,8.771616,9.538715,9.48244,9.58094,10.192533,9.303239,9.329959,9.249886,8.925152,9.056847,9.024014,9.17824,10.030637
"CAPNS1",9.130264,10.103881,9.855532,9.4967,9.881432,9.653443,9.794175,9.520029,10.264264,10.398584,10.462974,10.511624,10.584747,10.20211,10.593103,10.548402,10.286517,10.306532,10.511242,10.290935,10.442757
"ZNF146",7.485198,7.702497,7.385314,7.851338,7.730863,8.294832,7.729296,6.86234,7.21354,7.824108,6.89705,7.229337,8.056754,8.476526,7.313319,7.870312,7.393561,7.273772,7.76149,7.925649,7.642611
"ZNF382",6.096785,6.31717,6.482849,6.592854,6.708073,7.002866,6.285671,5.935802,6.246384,7.124664,6.439656,6.700448,7.227928,7.657759,6.972895,7.319317,6.747925,6.677426,6.865405,7.254964,7.594603
"ZNF567",5.488653,5.730002,5.961012,5.791913,6.315153,6.198146,6.225852,5.73589,5.486196,6.143805,5.546666,5.744076,6.671417,6.767741,5.912343,6.173184,5.84109,5.684624,6.145715,6.255157,6.230702
"ZNF345",5.731954,6.305806,5.622079,5.924101,5.929382,6.519837,5.993856,5.565473,5.917288,6.195904,5.941514,6.141713,6.462433,6.64168,6.37166,6.518343,6.309781,6.0885,6.501401,6.43908,6.777379
"ZNF420",6.566957,6.606356,6.898008,6.866216,7.086415,7.254573,6.69133,6.582586,6.385688,6.291473,5.514903,5.833794,6.506129,6.825249,5.922729,6.280192,6.029564,5.871582,5.887755,6.243591,6.379823
"ZNF383",7.889166,8.200554,8.276276,8.40911,8.512864,8.802616,8.251263,7.358219,7.830651,8.060476,7.585541,7.793207,8.538098,8.853411,8.024555,8.175538,8.15027,7.720316,8.051191,7.929214,8.47616
"SIPA1L3",7.28447,7.906207,7.923889,7.905879,7.533372,7.700132,7.880975,7.700462,7.671926,8.546666,8.378671,8.858156,8.20965,8.382817,8.385768,8.440305,8.562738,8.40498,8.552018,8.500421,8.571778
"PSMD8",8.563154,9.291363,8.846283,8.516706,8.969084,8.263288,8.988859,8.708455,8.439303,9.910008,9.70504,9.99208,10.483406,10.215405,10.035721,10.077726,9.851656,9.981023,10.005483,9.897978,9.924419
"EIF3K",9.258102,9.801458,9.534945,9.256303,9.42527,9.157217,9.856141,8.867689,9.60046,10.264328,10.086958,10.034552,10.744395,10.827427,10.333562,10.555164,10.028889,10.392358,10.383094,10.646906,10.588451
"ACTN4",9.552921,10.070417,9.833084,9.244851,9.802155,9.675638,9.788554,9.964461,10.522165,10.523175,11.209975,11.302255,10.540769,10.171219,10.72281,10.605764,10.766457,10.689458,10.730674,10.700143,10.754648
"ZFP36",8.650209,8.826588,8.934674,8.473451,8.774401,8.692396,8.859523,9.073933,9.04796,9.625707,10.01687,9.9963,9.855215,9.689368,9.561861,9.632004,9.445773,9.338633,9.38369,9.225582,9.839996
"LGALS16",4.415409,4.53003,4.418891,5.806631,4.721726,4.560532,4.635677,4.309378,4.440658,4.868485,4.930242,4.672352,3.846552,4.568875,4.853369,4.176684,4.846988,4.4503,4.558355,4.280933,3.949644
"PSMC4",8.000431,8.556478,8.376864,8.005078,8.206713,8.116611,8.217365,7.887648,8.252574,9.243954,9.160448,9.320272,9.507918,9.334257,9.333794,9.374891,9.196453,9.242531,9.438039,9.446698,9.492197
"ZNF546",4.936777,5.506544,5.363014,5.703701,5.643001,5.791678,5.373908,5.187887,5.197794,5.236958,4.968152,4.942471,5.323944,5.733624,5.065228,5.1434,5.067856,5.078779,5.247926,5.223283,5.218855
"PLD3",8.315691,8.902745,8.732639,8.551151,8.660638,8.414536,8.502346,8.766,8.923529,9.149099,9.390432,9.820845,9.448657,9.198335,9.471066,9.55009,9.443775,9.293609,9.45342,9.478906,9.591496
"SHKBP1",8.857705,9.193831,8.925693,8.373693,8.826038,8.787036,9.095831,8.999646,9.510507,9.710808,10.528481,10.17544,9.869455,9.473162,9.860578,10.266308,9.821455,9.800372,9.82559,9.938032,9.91903
"SNRPA",7.527241,8.408404,8.079451,7.689834,8.013414,7.800284,7.748614,7.794319,8.132206,9.350297,9.017963,9.211846,9.359754,9.504703,9.412302,9.294048,9.053246,9.29799,9.475593,9.324499,9.502742
"CYP2F1",6.272728,6.062703,5.879424,7.251798,6.55494,5.649879,6.659108,6.311801,6.966115,6.409895,6.813804,6.729514,6.518502,6.490616,6.670278,6.45425,6.330624,6.450369,6.048373,6.480123,6.49114
"HNRNPUL1",8.904703,9.475527,9.360583,9.073733,9.33259,9.255587,8.975563,9.135382,9.458946,9.842616,9.720654,9.781085,9.645724,9.651502,9.906455,9.88186,9.709252,9.694133,9.950463,9.831447,9.935582
"CCDC97",8.009958,8.335625,8.281007,7.95559,8.018004,7.880625,8.248025,7.896179,8.193768,9.208837,9.249247,9.529813,9.378307,9.276082,9.292036,9.33004,9.244004,8.939764,9.257104,9.221721,9.326469
"BCKDHA",7.513309,8.303507,8.001177,7.740292,7.938252,7.629331,8.179599,7.81907,8.087044,8.101399,8.282427,8.849148,8.967225,8.54482,8.743324,8.598088,8.998444,8.750089,8.944347,8.78971,8.478555
"CEACAM21",7.536244,7.009438,7.753071,7.728922,7.083764,7.1641,7.474553,7.490633,7.497808,7.987487,8.197832,7.884735,8.229185,8.153502,7.902564,7.888095,7.921189,8.077452,8.102881,7.937217,7.863817
"CEACAM6",5.808799,6.011389,5.440984,5.705511,5.871434,5.812126,5.566443,5.68391,5.549668,6.212939,6.180025,5.616574,5.888829,5.668331,5.681233,5.624646,5.417393,5.766234,5.913401,5.482877,5.593198
"CEACAM3",9.463356,9.347418,8.961583,8.598983,9.026046,9.111373,8.808275,9.500423,9.425498,8.986868,10.167925,9.673387,9.75485,9.815812,9.46715,9.644383,9.346578,9.484062,9.587265,9.546277,9.553229
"RPS19",9.74894,9.518788,9.482947,9.457095,9.240144,8.8011,9.865472,9.429921,9.095645,10.616648,10.113103,10.208393,10.715695,11.28165,10.472292,10.761548,10.484501,10.437668,10.445889,10.819984,10.395044
"CD79A",8.456926,9.725459,9.449129,9.209554,9.15581,8.927173,9.509336,9.035178,8.728794,11.114051,10.345241,10.994721,10.666275,11.129456,10.710545,10.889246,10.970855,10.615072,10.96745,10.95395,11.321206
"CD177",7.434178,7.293353,7.339996,7.245445,7.321628,7.237607,7.078263,7.949605,7.260288,8.703834,8.577194,7.595,7.514924,7.432425,7.443284,7.452855,7.764879,8.088437,8.216881,8.16729,7.557415
"ZNF283",6.797206,7.080826,6.971035,7.169725,6.986104,7.373598,6.57653,6.606409,6.701625,6.286633,5.86425,5.533514,6.057922,6.653832,6.269169,6.317668,6.177595,6.077701,6.322177,6.204893,6.089021
"ZNF230",5.415294,6.235123,6.004709,5.730214,5.479755,6.362594,5.658797,6.089002,6.026682,5.44637,5.8499,5.398413,6.411745,6.288108,5.471785,6.333264,5.74365,5.410028,5.888823,5.948902,6.131286
"ZNF224",8.299497,8.381715,8.121092,8.136136,8.25984,8.508458,8.330013,7.684332,7.981576,7.461336,7.296672,7.466103,7.923451,7.784303,7.167028,7.589979,7.401773,7.314631,7.251865,8.034071,7.87438
"ZNF234",6.68037,7.673969,7.643173,7.796509,7.816348,7.815012,7.469248,6.538092,7.217528,8.020063,7.658001,7.97256,8.160989,8.255198,7.932992,7.825114,7.830023,7.960414,8.114001,8.123765,8.249874
"ZNF226",6.418885,6.839695,6.698874,7.064876,7.222894,7.096864,7.057626,6.571469,6.473903,6.86402,6.314169,6.431852,7.11036,7.377535,6.663721,6.763563,6.752032,6.477815,6.623679,6.850877,6.732667
"BCL3",8.437586,8.415536,8.459707,8.144103,8.642536,8.169413,8.30341,8.951544,8.896313,9.500251,10.057926,9.74761,9.558145,8.815833,9.44507,9.587307,9.677954,9.481877,9.464582,9.408156,9.559538
"CLPTM1",8.759533,9.156006,9.067512,8.824742,9.029822,8.920662,9.13229,9.264714,9.382691,9.509115,10.013672,9.824777,9.781684,9.521561,9.683032,9.751346,9.662799,9.604065,9.623732,9.490022,9.784382
"C5AR1",9.493572,9.771463,9.447086,8.312383,9.529425,9.552951,9.193547,9.899881,10.130929,9.948778,11.360288,10.645068,10.295149,9.92796,10.365357,10.447516,10.395515,10.147657,10.222694,9.91003,10.540632
"C5AR2",8.523334,8.099592,8.089505,7.585052,8.323323,8.588733,7.94884,8.469341,8.967101,8.625356,9.843756,9.245164,9.481218,8.707892,8.952929,9.603163,8.735867,8.779053,9.10038,9.391312,8.829584
"EMP3",9.464844,10.019129,9.531944,9.209207,9.433106,9.196144,9.557564,9.396591,9.622801,10.932027,10.833909,11.261555,11.232722,10.906668,11.128896,11.022262,10.766111,10.963624,11.162051,11.09651,11.020053
"KCNJ14",7.173348,7.021937,7.42505,6.875177,7.136766,6.897526,7.506437,7.303694,7.000864,6.799104,6.866336,6.628725,6.706736,6.829945,6.715617,6.635015,6.65628,6.793698,6.526306,6.742922,6.541211
"CYTH2",8.473519,8.55591,8.454775,8.228223,8.428285,8.255995,8.298869,8.56405,8.721255,9.487249,9.54943,9.568227,9.511398,9.415265,9.6287,9.68231,9.601008,9.422796,9.575312,9.453557,9.580218
"FTL",11.184067,11.466593,10.757707,10.712662,11.238729,10.797704,11.176457,11.120677,11.192537,11.948636,12.34745,12.139697,12.379273,11.992723,12.408752,12.285759,12.064073,12.073184,12.210563,12.283692,12.243705
"CD37",10.574109,11.420206,11.096038,11.010065,11.022231,10.708916,11.372953,10.865149,11.04127,11.947683,11.994245,12.356243,11.966302,11.913424,11.957817,12.04036,11.966476,11.807156,11.953177,12.024947,12.27734
"FLT3LG",8.664471,8.939713,8.946706,9.01828,8.95615,8.789915,8.639543,8.868128,8.93155,9.804897,9.654344,9.800543,9.902454,10.02787,9.889878,9.884244,9.987463,9.831868,9.807497,9.612529,9.908326
"AP2A1",8.310553,9.063473,8.562857,8.240945,8.968017,8.295044,8.72082,8.389082,8.756918,9.15801,9.77494,9.404858,9.592009,8.561665,9.236371,9.536821,9.190674,9.443436,9.376178,9.547608,9.67488
"SIGLEC16",6.873569,6.519473,6.633722,6.2038,6.202581,6.12417,6.923348,6.63959,6.649223,6.800918,7.405865,7.442181,6.765235,6.907229,7.900947,7.104859,6.619078,6.926768,7.14181,6.788071,6.996862
"SPIB",7.962217,8.524768,8.449513,8.006098,8.278977,7.87333,8.911403,8.141959,8.022881,8.405209,8.06866,8.759228,8.49806,8.713824,8.378217,8.653666,8.761803,8.40373,8.75504,8.761273,8.575819
"GPR32P1",4.934174,4.30888,4.356032,4.903514,4.76535,4.129398,4.676968,4.77909,3.942681,5.975442,4.99001,4.520732,3.412413,5.252311,3.8109,3.513178,4.181522,4.228518,4.259795,3.997824,3.539724
"SIGLEC9",9.006716,8.873221,9.092546,8.325841,9.002499,9.115354,8.605763,9.256026,9.415717,8.656679,9.872468,9.743086,9.586148,9.200045,9.48141,8.839087,9.092385,9.158692,9.375552,9.446104,9.542124
"CD33",7.858288,8.04789,7.652602,7.484664,7.932562,7.444138,7.116969,7.433746,8.048988,8.274871,8.875619,9.144793,9.217746,8.587511,9.012975,8.87937,8.57489,9.040796,9.009021,8.993416,9.010642
"SIGLECL1",5.117579,4.790962,5.264317,5.633526,4.845276,4.950729,4.566463,5.465739,5.168967,5.413109,5.290079,5.438029,4.882708,4.96943,5.351303,5.09681,5.247698,5.234458,5.051769,5.075858,5.156393
"IGLON5",6.767549,6.590654,5.76401,6.748009,6.876602,6.081975,6.235204,6.3629,6.060274,6.655147,6.673486,6.402775,6.563936,6.660803,6.506492,6.418094,6.525107,6.483678,5.923688,5.886518,6.406831
"FPR2",10.022888,10.053438,10.02797,8.918121,10.497515,10.539134,9.575462,10.908894,10.663084,9.167035,10.527071,9.792155,9.815449,9.237553,9.834233,9.648307,9.691231,9.244447,9.204738,9.693823,9.539042
"FPR3",6.154513,6.645255,5.43881,5.483241,6.678661,6.234646,6.080986,6.085767,6.79105,6.088967,6.487518,7.29884,6.15519,5.769455,6.401133,6.558496,5.941178,6.076952,6.243354,5.843447,7.075784
"ZNF480",7.373651,7.265333,7.303239,7.382391,7.770959,7.811586,7.567724,6.952691,6.700712,8.242208,7.570211,7.613519,8.631064,9.171299,8.107951,8.314684,8.04442,7.773061,8.195476,8.345802,8.139353
"ZNF528",6.067377,6.159758,6.455115,6.38785,6.039012,6.766929,6.142385,6.23744,6.276733,6.897343,6.441935,6.568865,7.162407,7.137429,6.887652,6.93441,6.765603,6.659184,6.939064,6.863132,7.207629
"ZNF578",3.352414,2.948899,2.945529,3.209585,3.1652,3.686108,4.817171,3.000874,3.112214,2.956821,3.030536,3.082045,3.235276,3.738683,2.915644,4.267183,3.537817,3.041929,3.260826,3.371206,3.922855
"ZNF808",9.882861,9.823958,9.918158,9.778012,10.15572,10.371397,10.135276,9.628869,10.013168,9.407885,8.841702,9.160479,9.49154,9.343351,9.165792,9.028216,8.94486,8.781409,9.128058,9.253714,9.444028
"ZNF701",7.298294,7.364564,7.274989,6.68773,7.649868,7.408013,7.189995,6.421894,7.102488,6.370169,6.260756,5.60201,7.223652,7.020216,6.360932,6.711937,6.256042,5.80479,6.34499,6.487038,6.854523
"ZNF137P",5.419274,5.547462,5.822727,5.356476,6.390455,5.993405,5.780742,4.946472,5.438533,5.230312,4.820176,4.58411,6.002642,5.433851,5.194326,5.255071,5.147975,4.942407,5.21242,5.461862,5.77817
"ZNF845",6.581399,6.926239,6.848279,6.606297,7.555544,8.39438,6.616291,6.588304,6.728259,6.338348,5.922258,5.44266,7.642839,7.612745,6.212557,6.660084,6.758933,6.262166,6.472912,6.925183,6.878465
"ZNF525",10.132164,10.75553,10.350929,10.752452,11.02041,11.635438,10.379479,9.997625,10.320713,9.626229,9.107618,9.106713,10.140324,10.474773,9.376252,9.546252,9.617344,9.425586,9.980328,10.31242,9.845516
"ZNF761",6.735952,6.864982,6.773529,6.848546,7.13505,7.265091,6.658984,6.516321,6.56513,6.302237,5.816724,6.067846,6.558313,7.08875,5.947686,6.298816,6.374955,6.057676,6.402768,7.009231,6.556685
"ZNF813",6.11848,5.950663,5.867838,5.869475,6.24277,6.627182,6.169215,5.57971,6.197638,5.810054,5.254706,5.586017,5.989585,6.560029,5.620538,5.4712,5.535857,5.555327,5.497607,6.011511,5.759054
"DPRX",6.11828,6.098775,6.179165,6.237353,5.966708,5.905467,6.374014,6.380517,5.946375,6.854496,6.990063,6.849762,6.38339,6.789567,6.934269,6.458819,6.88888,6.743626,7.005608,6.566571,6.427206
"MYADM",9.011192,9.768858,10.285123,9.708676,10.057113,9.810839,9.937172,9.928148,10.168959,10.706311,11.593948,11.1793,10.900092,10.843802,10.897282,10.943126,11.245473,10.976867,10.815879,10.493268,11.048165
"RPS9",4.660832,4.224063,5.409128,3.740742,4.369371,2.875747,4.560548,5.496805,5.626169,5.254719,5.838242,6.178446,5.973678,5.664851,4.852253,5.607735,6.114972,4.811384,5.465518,5.532654,4.437639
"LENG8",9.23184,9.631396,9.770413,9.379882,9.11607,9.588274,9.379318,9.178342,9.569195,10.264272,9.949594,10.29195,9.82771,10.208806,10.266513,10.229397,10.141759,9.993266,10.052534,10.096164,10.177935
"LILRA2",8.885235,8.313337,8.537003,7.459147,8.340731,8.545511,7.910493,8.76298,8.600556,8.459586,9.7882,9.416734,9.690282,8.552006,9.434668,9.599271,8.988893,9.344229,9.140427,9.408621,9.317363
"LILRA1",9.259142,8.926637,9.052574,8.180215,9.160885,8.834437,8.507786,9.334956,9.521535,9.939373,10.251552,10.547355,10.337391,9.629695,10.098964,10.3293,9.582234,10.021941,9.992363,10.28321,9.912768
"LILRB1",8.039413,8.617171,7.911645,7.928086,8.188762,8.275182,8.363477,7.681141,8.433302,8.644815,8.240132,9.403009,8.944495,8.453535,9.100346,8.9372,8.76321,8.778176,9.071485,9.236706,8.745951
"LILRB4",7.431679,8.189025,7.263109,7.580153,7.518425,7.324815,7.388572,7.591539,7.723185,8.163659,8.140665,8.942907,8.502769,7.957512,8.346872,8.403619,7.920327,8.35032,8.432328,8.382844,8.293996
"FCAR",7.474769,7.97117,7.625062,6.88188,7.635286,7.726234,7.502921,7.711016,7.736262,8.295276,8.948011,8.556152,8.781414,8.313857,8.306927,8.43333,8.115122,8.290055,8.181964,8.350979,8.282225
"NLRP2",5.832277,6.437233,6.796077,6.386001,6.944259,6.116286,7.104737,5.856373,6.111395,5.588772,6.019557,5.779694,5.616921,5.447883,6.331576,6.459459,6.112426,5.887471,5.600638,5.575523,5.884935
"U2AF2",7.632197,8.214902,7.951532,7.694405,8.088043,7.864438,7.908563,8.133342,7.896203,8.56176,8.6912,8.870534,8.825086,8.747275,8.920758,8.73418,8.834789,8.714614,8.89001,8.91792,8.957148
"ZNF543",6.499097,6.916915,6.864007,7.005605,6.738008,6.527902,7.019666,6.634862,6.6803,6.988515,6.414572,7.162653,7.509319,7.149637,7.211846,7.385804,6.64306,7.203362,7.154761,7.512406,7.34044
"ZNF17",6.853573,7.080952,6.8477,7.217293,7.090928,6.858251,6.816418,6.43648,6.594961,6.447857,6.053348,6.428615,6.948787,7.060797,6.421172,6.632619,6.49115,6.639829,6.706553,6.722337,6.788465
"ZNF776",8.523024,8.174117,8.209036,8.28589,8.697237,8.652471,8.562986,8.145239,8.146906,7.637024,7.68803,7.342014,8.058233,8.144641,7.626254,7.902483,7.319867,7.479059,7.552178,8.230342,7.791869
"ZNF587B",9.715159,9.304535,9.673358,9.364732,9.400726,9.852189,9.570561,9.34201,9.655788,8.367198,8.312649,8.476835,8.088949,8.642401,8.28534,8.561678,8.285781,8.00649,8.073898,8.810359,8.578607
"ZNF135",7.252341,7.465551,7.773233,7.695949,7.252019,7.294278,7.390801,7.844064,7.37961,8.100507,8.007865,8.288346,7.706311,8.169838,8.087839,8.126896,7.918641,8.042918,8.10663,8.194209,8.386897
"RPS5",9.46014,9.600003,9.01048,9.776675,9.332155,8.872948,9.833808,9.453631,8.511578,10.747504,10.004894,9.855033,10.862006,11.469207,10.473697,10.864568,10.558575,10.408221,10.45247,10.826402,10.069518
"MED16",7.752993,7.953798,8.155157,7.836907,8.115004,7.817653,8.139758,8.228276,8.092727,8.789501,8.815874,8.829136,8.698248,8.72639,8.642463,8.711609,8.818018,8.766108,8.64994,8.84273,8.688049
"R3HDM4",10.499673,10.878863,10.813684,10.544552,11.057145,10.147006,11.133688,10.852994,10.82382,11.247523,11.278816,10.977798,11.329848,10.257087,10.85677,11.316301,10.869645,10.904671,10.790219,10.963528,11.215812
"TMEM259",9.137184,9.14457,9.193279,9.009131,8.968066,8.882721,9.199012,8.948192,9.302992,10.128923,9.906155,10.222309,10.226708,10.470484,10.157204,10.259532,10.225144,10.187699,10.102811,10.220875,10.124885
"POLR2E",8.640072,8.921147,8.53998,8.653177,8.770519,8.321073,8.560587,8.644207,8.660898,9.211972,9.480916,9.657526,9.569452,9.38794,9.401402,9.480991,9.199904,9.03513,9.238292,9.37072,9.241476
"UQCR11",7.645664,7.128613,7.153827,6.930522,7.217846,7.014915,7.297894,7.372425,6.754798,7.187467,7.492222,7.194888,8.078433,7.776185,7.665879,7.872079,7.257636,7.446105,7.526145,7.556054,7.469935
"BTBD2",8.245117,8.55147,8.510024,8.211397,8.446933,8.132482,8.364844,8.502806,8.288776,9.359743,9.21005,9.324779,9.476103,9.454874,9.287399,9.47088,9.425953,9.366697,9.140941,9.553828,9.372562
"CACTIN",7.11928,7.255814,7.010294,7.069054,7.381757,6.974914,6.998996,7.155354,7.266491,7.772221,7.714837,8.187515,8.211849,7.723521,8.06139,8.064447,7.892239,7.997028,7.957776,8.124771,8.191135
"EEF2",11.25547,11.410485,11.522935,11.594425,11.408441,11.074627,11.528508,11.462406,11.466181,12.201531,11.649996,11.788663,12.163288,12.11731,11.992522,12.017103,11.97534,12.050316,12.199562,12.204991,12.002918
"UBXN6",9.356483,10.608562,9.358048,9.079962,10.189628,9.216143,9.652101,9.35685,9.472424,9.388147,10.103521,9.437557,10.025851,9.133583,10.071072,9.889767,9.761948,9.782619,9.915667,9.5581,9.668998
"DPP9",7.311291,7.846634,7.709073,7.275656,7.528781,7.287309,7.802158,7.542609,7.783249,7.843336,7.962727,8.193255,8.169997,7.86801,8.182869,8.19797,7.918244,7.888963,7.969206,7.954725,8.253418
"SAFB2",8.885964,9.105311,9.021369,8.844528,8.903338,9.001244,9.044305,8.272585,9.095406,8.254635,8.043942,8.122537,8.226315,8.146868,8.306269,8.404654,8.255351,8.119629,8.283441,8.410564,8.453359
"NDUFA11",7.242626,7.862002,7.498075,7.193542,7.273547,6.865349,7.546549,7.531535,7.364063,7.12578,6.958865,7.238141,7.510581,7.482635,7.319612,7.348322,7.260685,7.089922,7.349022,7.166896,7.325658
"DENND1C",8.476861,9.113426,9.063312,8.605613,8.79903,9.047644,9.015382,8.736259,8.979156,9.382472,9.34271,9.401134,9.322072,9.284462,9.508471,9.399714,9.319644,9.347843,9.228275,9.210032,9.547653
"GPR108",8.188228,8.5421,8.329932,7.839444,8.41355,8.406716,8.357567,8.510832,8.553629,9.067453,9.429625,9.370579,9.17847,9.068642,9.06727,9.346932,9.034939,8.957742,9.223344,9.185443,9.255214
"ADGRE4P",7.764103,7.753614,8.5097,7.749498,8.269648,8.143063,7.287234,8.087916,7.557242,7.566356,8.522946,8.673811,8.237702,7.635043,7.635987,8.507357,8.285874,8.093033,8.165381,8.741881,8.744791
"XAB2",7.851515,8.211451,7.961419,7.858059,7.938905,7.69889,8.089938,7.871265,7.942198,8.380543,8.656847,8.731598,8.870924,8.638547,8.678237,8.648593,8.652325,8.592816,8.715349,8.587248,8.764939
"FCER2",7.229168,8.509271,8.378482,7.740302,8.055462,8.024278,7.895904,8.012708,7.667901,9.16197,8.29844,8.95636,8.895759,8.592949,8.735684,9.197221,9.035664,8.684723,9.073437,8.666724,9.60455
"MYO1F",10.841319,10.5771,10.562206,9.55286,10.499188,10.486778,10.544047,10.80278,11.22401,10.203584,11.191407,10.929691,10.576183,10.179462,10.831942,10.888246,10.447397,10.472528,10.62548,10.777135,10.702545
"ZNF558",6.77379,6.819211,6.824963,6.915021,6.254345,6.864579,6.322059,6.677103,6.686777,6.552043,6.438559,6.291565,6.659467,6.831693,6.491025,6.654635,6.361739,6.17687,6.485128,6.552925,6.458893
"OR7G3",6.33724,5.167916,5.657162,6.397236,5.995073,5.789921,5.652427,6.404718,5.929857,6.368943,6.187259,6.003721,6.085421,5.973838,6.085598,5.882503,6.216307,6.101085,6.326215,6.166965,5.93681
"OR7E18P",4.396849,4.172838,4.284711,5.013699,3.986034,3.767394,4.083049,4.277848,4.139756,5.073283,4.606579,4.318715,4.002935,4.390568,4.519493,3.770357,4.19272,4.173441,4.260957,3.910366,3.703138
"OR7E19P",6.401644,5.697208,6.574148,7.094092,5.908957,6.100656,6.409885,6.759703,6.437738,6.888665,6.913125,6.589481,6.210538,6.453153,6.360244,6.349563,6.528266,6.80065,6.409468,6.430552,6.25924
"ZNF699",5.834694,5.975982,5.949923,5.671294,6.247059,6.117462,5.932706,5.638027,5.739301,5.321487,5.269401,5.194981,5.960736,5.770876,5.61356,5.86071,5.573343,5.347665,5.498042,5.575478,5.809037
"ZNF266",9.009374,8.404554,8.899791,8.864052,8.827428,8.729426,8.513386,8.189606,8.808759,8.484411,8.031042,8.137752,8.838582,8.98211,8.698466,8.655841,8.164252,8.539997,8.493121,8.245525,8.308654
"ZNF426",6.65055,6.762174,6.454627,6.474085,6.687516,6.683213,6.502338,6.38328,6.558014,7.046488,6.772342,6.79792,7.555274,7.756502,7.092797,7.301484,7.080564,7.140128,7.217539,7.273095,7.430114
"ZNF846",5.550414,5.168028,5.128458,4.954175,5.583375,5.369501,5.098073,4.996463,5.360003,4.971385,4.831743,4.670119,5.256168,5.100091,4.968091,5.079772,4.722748,4.893345,5.06454,4.99591,5.267051
"FBXL12",7.454235,7.109322,7.479207,6.903878,7.019184,7.050741,7.34177,7.6348,7.500093,8.182411,7.977169,8.178298,8.346258,8.213599,8.180308,8.290377,7.989472,8.112854,8.117993,8.203149,8.299248
"OLFM2",7.450059,7.609482,7.435979,7.464572,7.549665,7.115638,7.532474,7.762066,7.33746,8.181949,8.092397,8.321321,8.314318,8.411172,8.252487,8.065757,8.545828,8.312457,8.210296,8.128091,8.461942
"ICAM3",10.323342,10.19729,10.306658,9.498563,10.211056,9.994344,10.14892,10.480786,10.428143,10.516324,11.106088,10.474932,10.716857,10.41594,10.431225,11.058861,10.374127,10.297925,10.500167,10.739083,10.805969
"HSPC102",9.451561,8.698444,7.606962,7.356874,9.392264,9.538719,8.139971,9.089133,8.729748,8.486099,10.415159,9.361807,9.663231,8.411707,9.368921,9.127288,8.812249,9.151713,9.407974,8.856652,9.091933
"ZNF799",6.899319,6.705167,6.589106,7.126712,6.939598,6.994417,6.916919,6.856095,6.357373,6.478792,6.203528,5.92717,6.840228,7.154092,6.385379,6.660398,6.422072,6.126338,6.745721,6.598428,6.572783
"ZNF443",4.131564,3.974429,3.760034,3.608093,4.254949,3.788617,4.179924,3.796619,4.447759,4.312891,3.415349,3.388325,4.108508,3.68893,3.482496,3.63844,2.81629,3.661382,3.72855,4.241421,3.510478
"RPL10",10.500876,10.589984,10.842994,10.941509,10.743923,10.262793,10.65404,10.359286,10.036374,12.088835,11.117442,11.12694,12.069983,12.38099,11.563974,12.044578,11.599763,11.725493,11.852475,11.886605,11.896907
"MAN2B1",8.070435,8.544406,8.483344,8.221839,8.644801,8.065984,8.441523,8.503363,8.768917,9.17064,9.261097,9.452666,9.357712,9.268085,9.508028,9.617927,9.223903,9.147842,9.360223,9.641156,9.418807
"TNPO2",7.638364,8.011257,7.853256,7.889551,7.648059,7.732404,7.610403,7.794132,7.932192,8.562176,8.310981,8.604168,8.415782,8.582851,8.627813,8.557845,8.435033,8.484903,8.572304,8.49645,8.508193
"SNORD41",11.369239,10.729942,10.594481,10.334804,10.411157,10.09041,10.863824,10.513072,9.586062,10.320844,9.874154,9.519427,10.798282,11.975709,10.267558,10.557325,9.811597,11.451118,10.636605,11.06112,10.155925
"FARSA",8.380466,8.650257,8.377118,8.486862,8.413897,8.190923,8.314882,8.37475,8.292422,9.194988,9.126827,9.273859,9.063616,9.3091,9.201417,9.06089,9.303401,9.314362,9.233278,9.268292,9.129635
"GADD45GIP1",8.47066,8.091547,8.296739,8.245392,8.113871,7.765049,8.801062,8.37904,8.12712,7.333271,7.563901,7.586374,7.74039,7.574306,7.615769,7.660514,7.601226,7.735123,7.556269,7.637794,7.680848
"MIR24-2",5.978714,5.919123,6.142632,5.274814,6.222833,6.012147,6.106687,6.250978,6.405408,6.548484,8.302561,7.181238,7.933441,6.817637,6.882159,7.701717,6.549599,6.77491,6.70056,7.176068,6.473192
"MIR27A",6.899005,7.034044,7.0674,7.085253,7.291672,7.068325,7.013497,6.977896,7.412784,7.364188,8.495828,8.061447,7.913855,6.961221,7.650895,7.631446,7.856078,7.746103,7.587818,8.015399,7.42377
"ASF1B",7.588002,7.642993,7.491065,7.13212,7.560448,7.542324,7.834418,7.462941,7.706725,7.669782,8.680985,7.877594,8.15459,7.604822,8.183724,8.59432,7.921775,8.004749,8.079091,8.048117,7.865503
"ADGRE3",10.476303,9.64498,10.131993,8.935898,10.246876,10.369506,9.922011,10.295321,10.662099,9.430844,10.853244,9.966429,9.812495,9.521981,9.83792,10.24728,9.838536,9.811807,10.127286,9.873469,10.040169
"ADGRE2",9.333709,9.274372,9.272774,8.229866,9.209192,9.560872,8.744135,9.542286,9.54096,10.025181,10.443415,10.414911,9.588083,9.193436,10.281746,9.692484,9.639805,9.76067,9.713009,9.624608,10.024805
"OR7A17",5.067438,4.608189,4.999291,5.953166,4.686279,5.006236,4.774165,4.56588,5.166418,5.970782,5.965439,4.942056,4.647547,4.979622,5.194885,4.63667,5.415007,5.507237,5.166572,4.858822,4.921859
"RASAL3",8.464555,8.722212,9.022774,8.743143,8.26863,8.758931,8.555942,8.461883,8.847707,9.243555,9.179319,9.300941,9.270137,9.136681,9.446228,9.346438,9.238461,9.191614,9.170042,9.218099,9.252439
"OR10H1",5.687318,4.439467,5.538236,5.577106,5.58437,4.759292,6.094407,6.263468,5.067805,6.16719,6.203611,5.481621,5.277296,5.904168,5.946048,5.495879,5.810991,5.691172,6.084175,5.539344,5.466824
"BST2",6.890501,7.563107,6.727977,5.825695,7.022105,6.656714,6.67388,6.573694,7.077038,6.769838,6.953984,8.251747,7.69093,7.201268,7.534415,7.633659,6.733152,6.883634,7.472391,7.346376,6.955351
"LRRC25",8.963151,9.573933,9.071823,8.312863,9.192691,8.762955,9.330705,9.333801,9.416538,9.562082,10.595601,10.237424,10.263469,9.438808,10.027353,10.123118,9.741078,9.748203,9.825548,9.943172,10.010638
"ELL",8.021263,7.793619,7.757267,7.469495,7.789173,7.642403,7.979846,7.9078,8.470278,8.419118,8.785459,8.676928,8.541088,8.226117,8.526964,8.618047,8.465363,8.608801,8.569047,8.449659,8.501284
"FKBP8",10.017528,11.299769,10.367589,10.364029,10.804612,9.716939,10.679361,10.044664,10.081473,11.114126,11.682269,10.930337,11.638964,10.449652,11.526438,11.580524,11.484091,11.271895,11.40584,11.050194,11.769891
"COPE",7.638689,8.382368,8.071409,7.687942,8.147368,7.792393,8.214126,8.133097,8.077557,9.025393,9.238279,9.188066,9.477458,9.194787,9.10723,9.13875,8.892217,8.787638,8.995318,8.793782,9.311412
"GMIP",8.892695,8.941223,9.04986,8.019991,8.900045,8.932805,8.885154,9.045609,9.34275,9.062285,9.720433,9.725624,9.313034,9.16668,9.519248,9.595281,9.232599,9.311626,9.281613,9.496226,9.228445
"ZNF14",7.042,6.594223,6.521215,7.148422,7.200493,7.23578,6.983108,6.432452,5.945786,6.335618,6.128886,5.765192,7.018535,6.968837,5.880645,6.869521,6.036523,6.001902,6.296934,6.591439,6.650391
"ZNF506",8.678573,8.901548,8.920987,8.824772,9.123199,9.342294,9.192116,8.42677,8.306432,9.282713,8.892608,8.831235,9.493546,9.403271,9.0802,9.450864,9.129665,8.991062,9.364192,9.433544,9.542628
"ZNF737",7.707359,8.310798,7.750573,8.278786,8.18782,8.897817,7.711004,7.365098,7.412943,9.171858,8.111862,8.374377,9.912709,9.445812,8.627352,9.280917,9.120414,8.683323,9.076125,9.721469,9.689612
"ZNF626",7.964884,7.888862,7.355369,7.978691,7.79157,8.268664,7.86755,7.305101,7.280769,8.475235,7.68303,7.533878,8.308783,8.526411,8.021175,8.196111,7.957471,8.05954,8.268393,8.308949,8.391036
"ZNF708",7.186347,7.558521,7.009379,7.294136,7.60881,7.82847,7.232329,6.778083,6.831783,7.688396,6.85749,7.013717,8.192236,8.074689,7.093239,7.791467,7.339975,7.420504,7.760924,7.936761,8.084211
"ZNF100",6.767244,7.217203,7.356974,7.824681,7.245209,7.287148,7.899563,7.22315,7.042122,7.715629,6.797638,6.892814,8.461091,8.054087,7.012356,7.82551,6.819069,7.034993,7.015613,7.184309,8.471608
"ZNF43",5.959193,6.492189,5.957268,5.946493,6.447128,6.839282,6.206779,5.389927,5.682931,6.4364,5.547211,5.909246,7.155562,7.012515,6.265575,6.685782,6.470533,5.996751,6.250704,6.828396,7.055155
"ZNF208",2.420676,3.333622,3.416157,2.975146,5.713742,4.701745,2.895247,3.973573,3.191758,3.959359,2.967135,4.021025,2.87227,3.063256,2.821669,2.897707,3.274744,3.871081,2.896829,2.715141,5.643758
"ZNF724",5.360835,6.047251,5.436497,4.868019,5.731062,5.692272,5.091586,4.914326,5.267905,5.93487,5.154253,4.93993,6.72365,5.946985,5.406473,5.611402,5.621043,5.046332,5.556256,5.996954,5.720559
"ZNF91",8.469968,8.572732,8.640121,8.71773,8.922362,9.190458,8.458438,7.669886,8.144837,8.809728,7.815788,8.017713,9.028179,9.411452,8.141274,8.895227,8.427881,8.222359,8.629297,8.795192,8.884482
"ZNF675",6.43752,6.786097,6.33861,6.593066,6.916518,7.744962,5.787418,5.77534,5.948051,7.337104,6.149982,6.180756,7.753301,8.218859,6.798646,7.44163,7.060491,6.804809,7.26653,7.414408,7.501909
"ZNF681",4.482379,5.155022,4.618644,4.554631,4.718237,4.733053,4.922218,4.016921,4.128496,4.534214,4.158843,4.448291,5.489475,5.452691,4.429257,4.797146,4.493805,4.447212,4.498407,4.816337,5.144805
"UQCRFS1",7.765168,7.782075,7.349127,7.7457,7.788182,6.952584,7.434621,7.362362,7.370673,6.227445,6.927681,7.169425,6.992887,6.944917,6.743508,6.937473,6.78157,6.867963,6.528889,6.632598,7.204629
"PEPD",8.348406,8.817444,8.548242,8.244468,8.668852,8.135638,8.653565,8.528135,8.730951,9.29211,8.787507,9.5765,9.706707,9.387157,9.476837,9.472494,9.150637,9.197872,9.474264,9.407609,9.444332
"IGFLR1",8.011509,8.087261,7.979175,8.006597,8.22225,7.891811,8.006215,8.26823,8.167225,8.727616,8.720749,8.810443,9.21093,9.113538,8.770419,9.140062,8.685789,8.842504,8.927388,8.882778,9.075125
"TYROBP",11.255253,11.219346,10.967023,10.439321,11.005472,10.926888,11.085185,11.186424,11.339613,12.280197,12.965993,12.744729,13.044993,12.522241,12.817191,12.699795,12.484764,12.540165,12.573984,12.618099,12.748259
"LINC00665",5.980406,6.290071,6.143517,6.627397,6.283796,6.203255,5.972504,6.064631,5.929564,6.817789,6.64764,6.648951,5.866262,6.540673,7.144242,5.993336,6.378469,6.303448,6.706204,6.435086,6.824538
"ZFP14",5.424188,5.963765,6.055502,5.884763,6.290694,6.408536,5.744042,5.536671,5.486931,6.078266,5.551567,5.915443,6.459532,6.597562,6.066947,6.472199,6.291162,6.113846,6.16378,6.503032,6.248502
"ZFP82",6.733214,7.26017,6.951824,7.119529,7.130143,7.629371,7.290905,6.878145,6.850258,6.504868,6.120105,5.810631,6.75773,7.033573,6.821664,6.904181,6.793709,6.177009,6.364274,6.547588,6.909822
"ZNF566",6.662846,6.998454,6.698617,6.753263,7.082335,7.178524,6.754939,6.455739,6.521047,6.671845,6.106007,6.401244,6.387125,7.007049,6.407598,6.998035,6.300411,6.315963,6.502752,7.250683,6.752622
"ZNF260",7.168256,7.696349,7.516937,7.757114,7.808907,8.13863,7.767581,6.904377,7.514163,7.38062,6.628244,6.654374,7.867136,8.420044,7.051941,7.377149,7.229696,7.256534,7.41108,7.373915,8.049161
"ZNF529",7.469584,7.729507,7.579025,7.706101,7.534074,8.104839,7.602977,6.942017,7.381328,6.952842,6.820321,6.632407,7.296798,7.377059,6.973499,7.540091,7.035064,6.903772,6.960615,7.297582,7.383217
"ZNF790",5.99452,5.976028,5.877779,6.322882,6.342801,6.850353,6.184706,6.072486,6.158686,5.51883,5.889575,5.780231,6.137882,6.33082,5.836631,5.791649,5.818858,6.00388,5.787549,5.898714,5.918845
"ZNF781",4.442348,5.094937,4.707903,4.958471,5.56816,5.296013,5.47905,4.564205,4.953802,4.645094,4.450616,4.450616,4.933509,5.065769,4.678798,4.959622,4.592032,4.359084,4.818935,4.90804,4.962149
"ZNF573",6.186023,6.567448,6.749518,6.653834,6.728567,6.830162,6.715934,5.67642,6.423218,5.951124,5.494817,6.015223,6.055093,6.131607,5.733011,6.085195,5.773921,5.84175,6.136737,5.997537,6.256472
"RASGRP4",8.254033,8.286863,8.384028,7.751718,8.454982,8.415708,8.252031,8.805597,9.129826,9.166785,10.284151,9.787992,9.519579,8.929348,9.254657,9.72801,9.223379,9.118485,9.386237,9.394655,9.39031
"MAP4K1",7.723146,8.523758,8.549965,8.121124,8.02888,8.237762,8.328262,7.791888,8.305325,8.419907,8.404875,8.604007,8.478181,8.561767,8.82174,8.640166,8.496406,8.262526,8.55577,8.64418,8.821841
"ECH1",9.41558,10.574371,10.359292,9.939474,10.220348,9.79656,10.396199,9.804752,10.498337,10.313069,10.169785,10.2405,10.644481,10.283847,10.459253,10.379169,10.106435,10.089559,10.267731,10.036658,10.559264
"GMFG",10.58269,10.062642,10.034909,9.933225,9.703124,10.426859,9.691286,10.25454,9.735471,10.395705,10.504322,9.992839,11.074573,11.314513,10.428947,11.040085,10.310289,10.093939,10.254059,10.360528,9.807333
"RPS16",10.751479,10.518998,10.587987,10.707697,10.427128,10.409776,10.742335,10.428386,10.408894,10.195244,9.651799,9.39234,10.241627,10.872491,10.078598,10.330511,10.004806,10.221334,10.055978,10.26016,10.040222
"CLC",9.084876,7.658518,8.956832,7.636183,8.975228,8.754841,8.078159,7.842054,7.147835,8.72588,10.134625,9.983642,11.007874,9.216335,9.943104,10.974399,9.92169,9.966923,10.466665,9.224733,10.546007
"FBL",8.57846,8.837576,8.657281,8.717631,8.638613,8.525713,8.573033,8.363594,8.396873,9.292161,8.926199,8.772634,9.567673,10.060501,9.298413,9.604085,9.151741,9.218044,9.322975,9.540527,9.199208
"ZNF780B",8.593391,8.739582,8.834888,9.147543,9.272903,9.603693,9.052756,8.008858,8.22338,7.938842,6.746535,6.873709,8.414531,8.867567,7.430242,7.912929,7.622,7.335936,7.606554,8.072229,8.13514
"ZNF780A",7.034551,7.372844,7.109994,7.590296,7.787977,7.813592,7.51417,6.81667,7.016876,7.007305,6.426568,5.964934,7.335279,7.459005,6.537521,7.103966,6.615112,6.188736,6.576606,7.419374,6.970677
"AKT2",8.065282,8.749361,8.605246,8.589558,8.604322,8.431705,8.626095,8.621093,8.791066,9.844242,9.884006,9.918218,9.889446,9.831691,10.018205,9.959356,9.772451,9.676908,9.829937,9.553405,10.011055
"C19orf47",7.195476,7.094498,7.350265,7.115166,7.007683,7.095064,7.12072,7.21093,7.10247,7.660481,7.6352,7.941666,7.810312,7.639084,7.621226,7.719385,7.794837,7.605099,7.748258,7.534849,7.901374
"BLVRB",7.93141,8.296179,8.192307,8.065604,8.268278,7.305026,8.670287,7.7616,7.982866,9.238233,9.826156,8.953854,10.131874,8.840836,8.976671,9.736179,8.658323,9.232037,9.286356,9.275469,8.964069
"DMAC2",7.997563,8.419763,8.138185,8.080074,7.795271,7.694554,8.144375,8.077457,8.205962,8.778903,8.879839,8.816769,9.201886,9.006234,9.099787,9.016648,8.847894,8.651592,8.905882,8.717117,8.908587
"LYPD4",6.364857,5.769638,5.978758,6.532137,5.911669,6.12229,6.306636,6.79207,6.053614,6.579534,6.442189,6.363856,6.118698,6.348692,6.370471,6.008325,6.506931,6.653756,6.352489,6.167804,5.896743
"DEDD2",8.567768,8.861356,8.624961,8.40706,8.651934,8.409827,8.863503,8.535751,8.650431,9.703934,10.172135,9.932263,10.129549,9.502931,9.786005,10.042935,9.813151,9.549486,9.780416,9.93673,9.706179
"GSK3A",8.298385,9.083642,8.959168,8.591457,9.147353,8.849128,8.664284,8.937336,9.029784,9.822621,10.262649,9.907456,10.063812,9.580315,10.030095,10.000082,9.979313,9.873499,9.899926,9.681937,10.068175
"PAFAH1B3",8.617618,8.167885,8.252699,8.362506,8.332394,7.864413,8.209248,8.63386,8.13652,9.040391,8.759743,8.766839,9.00366,8.913386,8.920789,8.971759,8.87114,8.919367,8.981713,8.767606,8.860999
"CEACAM1",7.311835,7.75667,7.850919,6.740683,7.719619,8.004063,7.15946,7.829823,7.744723,7.200198,8.329872,9.615609,8.112716,7.545895,7.956041,7.784077,7.825919,7.848006,7.734333,7.297629,8.396242
"CEACAM8",6.219001,6.812849,6.196279,6.325955,6.535736,6.488332,6.132481,6.35566,5.985601,6.414387,7.169949,6.391675,6.452102,6.716905,6.160888,6.237708,6.119945,6.465179,6.434882,6.267411,6.677315
"PSG3",5.192262,4.495358,5.063537,4.826075,4.067763,4.084626,4.924483,5.06239,4.981615,5.081988,5.189853,4.534469,4.653587,4.663197,4.976094,4.22241,4.320769,4.519434,4.51959,4.46357,4.528634
"PSG1",4.591229,4.345359,5.097268,5.817154,4.87586,4.653844,6.07974,4.688732,4.589863,6.682492,6.556267,5.772892,4.614966,5.592782,5.925031,4.715119,5.972028,5.170629,5.516048,5.083656,4.364817
"PSG6",5.177058,4.489062,5.031994,5.030161,4.439678,4.601622,4.719207,5.533883,5.056978,4.890031,5.295885,5.407635,5.011955,5.227424,5.043463,5.048991,5.309525,5.581985,5.266823,5.093496,4.86477
"PSG4",6.450469,6.105511,6.102627,7.086917,6.227966,6.157449,6.012919,6.383465,5.879535,6.774807,7.266349,7.156675,6.624123,7.042353,7.181712,6.459685,7.24509,7.130061,7.01313,6.459685,6.951842
"XRCC1",7.417943,7.889182,8.044281,7.624725,7.792702,7.743321,7.726075,7.610398,7.9328,8.379522,8.367883,8.482898,8.653374,8.533195,8.602885,8.590817,8.301558,8.293716,8.484362,8.304537,8.594317
"PLAUR",8.666301,8.662355,8.40083,7.991144,8.323865,8.485184,7.974209,8.514252,8.953736,9.044946,10.085199,9.892329,9.71887,9.088844,9.513752,9.465928,9.184911,9.147965,9.283414,9.417158,9.466667
"SMG9",6.933246,7.758602,7.828517,7.670754,7.564061,7.686273,7.624526,7.32182,7.667816,8.531569,8.18638,8.527845,8.350441,8.377219,8.284959,8.359792,8.319348,8.159216,8.268804,8.202167,8.476614
"ZNF45",6.657641,6.783515,6.278627,6.90326,7.045897,6.8972,6.726415,6.187401,6.462879,5.936206,5.909324,6.133384,6.492615,6.386876,6.256022,6.6375,5.916414,6.21782,6.589583,6.365062,6.237807
"ZNF180",7.397375,7.211047,7.020953,7.400503,7.317006,7.642289,7.567513,7.143943,7.121796,6.546385,6.27426,6.499735,6.840255,6.955384,6.556261,6.851216,6.517623,6.383508,6.542312,6.722442,6.722302
"MIR330",7.078313,6.274685,6.951636,7.252964,6.641113,6.831153,6.847413,7.031415,6.55129,7.426531,7.488249,7.461545,7.314978,7.455203,7.433476,7.293362,7.434524,7.551149,7.245349,7.35528,7.349692
"SNRPD2",7.462852,7.00186,6.998521,7.233933,7.343318,7.120675,6.896851,7.28126,6.6706,7.401603,7.103795,7.132126,7.388273,7.984355,7.453683,7.264979,7.356698,7.396141,7.224758,7.342703,6.860552
"PGLYRP1",7.778401,7.50062,7.737848,7.449162,7.753814,7.768552,7.605279,8.140923,7.687882,8.455167,9.088796,7.804813,8.38867,8.145025,8.125537,8.32357,8.260961,8.164392,8.509734,8.031262,7.985324
"PRKD2",8.225876,8.645655,8.596723,7.898666,8.430557,8.518564,8.573709,8.22483,8.652038,8.572281,9.080486,9.661345,8.663286,8.555555,8.758121,8.876117,8.727218,8.735938,8.739522,8.834155,9.019387
"TMEM160",8.722437,8.634234,8.550672,8.461197,8.618648,8.103282,8.850318,9.042249,8.461451,9.222388,9.326385,9.295053,9.693223,9.557084,9.710096,9.435259,9.411189,9.270549,9.37707,9.17179,9.554931
"NAPA",8.15069,8.920023,8.445897,8.066125,8.850147,8.39666,8.407804,8.44829,8.658097,8.480212,9.246054,9.540089,9.207326,8.519724,8.770673,8.818469,8.630111,8.49795,8.865233,8.392974,9.274457
"TPRX1",6.380918,6.431691,6.616688,7.084356,6.486718,5.988444,6.375291,6.927236,6.235115,7.148104,7.034145,6.697847,6.526083,6.814104,6.940736,6.141658,6.825676,6.908124,6.345221,6.353996,6.230239
"RPL18",12.378539,12.452072,12.460739,12.419283,12.282683,11.901739,12.72599,12.211001,12.327562,13.217976,12.989321,12.997812,13.368427,13.548882,13.155876,13.376329,13.211577,13.220685,13.211944,13.346093,13.223214
"NOSIP",8.438428,8.567022,8.52762,8.678665,8.283606,8.36483,8.449692,8.367298,8.263889,9.424294,8.817908,9.001045,9.339002,9.691281,9.135358,9.361977,9.211245,9.245318,8.973428,9.111757,9.325264
"RRAS",7.592049,7.926982,7.539748,7.654598,7.89109,7.404996,7.979879,7.70927,7.710941,9.319016,8.72348,9.05405,9.844793,9.063357,9.364692,9.301953,8.935385,8.924964,9.05554,8.898817,9.079931
"PNKP",7.874244,7.750194,7.690107,7.792964,7.582368,7.476219,7.917254,7.814581,7.682272,8.353824,8.43418,8.528773,8.538528,8.40389,8.596456,8.670156,8.3634,8.439868,8.429695,8.603286,8.520213
"NKG7",10.90253,11.431721,10.261876,10.619986,10.475079,10.760825,11.316143,10.102057,11.361716,11.66401,11.89307,11.653139,12.4915,11.552707,12.651817,12.028176,11.95129,11.719173,11.840266,11.495815,12.40474
"SIGLEC10",7.742282,8.526554,8.333541,7.573353,7.847559,8.056274,8.202611,8.010481,8.050443,8.072614,8.969478,9.024307,8.751792,8.090576,8.585597,9.142001,8.61675,8.585801,8.564359,8.835856,8.572162
"SIGLEC5",7.835235,8.623023,7.967415,7.247399,8.394105,8.230977,7.55155,8.51641,8.460429,7.95529,9.623453,9.457846,9.182808,8.396528,8.866674,9.04962,9.046028,8.752321,8.506853,8.694359,8.976053
"SIGLEC14",7.262487,7.758655,8.060482,7.311352,8.083704,8.57171,6.825573,8.326744,7.711008,8.684037,9.05849,9.53771,8.887312,8.825889,8.778242,8.360703,8.820854,8.492972,8.70758,8.682789,8.671659
"FPR1",10.8442,10.92205,10.887429,9.792306,10.996022,11.148211,10.335557,11.445728,11.203007,10.583827,11.429548,10.877262,10.950926,10.270188,10.696143,11.097845,10.688817,10.587179,10.601935,10.97806,10.884681
"ZNF350",7.555536,7.40833,7.316736,7.539405,7.729601,7.984113,7.402384,7.226304,7.198885,7.277011,7.000242,7.324508,7.694552,7.700584,7.154995,7.576376,6.886619,6.931181,7.117043,7.404852,7.041258
"ZNF615",5.840331,6.050853,5.552678,5.258354,6.367372,6.608909,5.634551,5.191359,5.928547,5.453882,5.358272,5.358245,6.487475,6.57174,5.719437,5.946229,5.867265,5.655632,5.934564,6.267474,6.026632
"ZNF841",8.123648,8.577485,8.611382,8.765609,9.000878,9.113049,8.978878,7.567048,8.43301,7.484238,7.100951,7.056138,7.82441,7.698056,7.191536,7.673384,7.407613,7.215153,7.566268,7.881501,7.665122
"ZNF83",7.589839,8.240542,7.957496,8.291011,8.296455,8.663883,7.906455,7.558871,7.951306,7.506981,6.795644,7.021807,7.768955,7.672698,7.419034,7.878931,7.045257,6.942945,7.29409,7.422688,7.56169
"ZNF611",7.331803,7.665176,7.295189,7.0557,7.689541,7.978391,7.096056,6.732104,7.208894,7.220409,6.809624,7.166543,7.393556,7.393007,7.243331,7.149737,6.593405,7.086242,7.19588,7.373944,7.358002
"ZNF600",7.29878,7.175536,7.247348,7.248106,7.48326,7.856159,7.639965,6.866662,7.090671,6.728594,7.118209,7.126265,7.368304,6.871193,6.837017,6.812282,6.887995,6.527154,6.77333,7.044685,7.409042
"ZNF28",7.100255,7.472639,6.992091,7.334188,7.947274,7.627305,7.683926,6.859786,6.960175,7.157593,6.882733,6.923735,7.91737,7.977593,7.061,7.258244,7.139139,6.831651,6.91065,7.114394,7.238829
"ZNF468",6.962216,7.115457,6.417013,7.039108,7.279643,7.168074,7.302684,6.339056,6.353066,6.839211,6.780816,6.945299,7.520269,7.857996,7.038105,6.928649,7.223418,6.67782,6.915064,7.186801,7.090239
"ZNF320",5.727972,6.00335,6.170945,6.507831,6.239157,6.930446,6.299351,5.275709,5.928935,6.090297,5.659697,5.852253,6.32855,6.219354,5.989272,5.893079,5.759641,6.090159,6.262565,6.258782,6.249421
"ZNF347",5.696456,6.228544,5.605472,6.125355,6.406567,6.568076,5.861751,5.930348,5.541703,6.241982,5.310599,5.851201,6.637857,6.53043,6.266072,6.082965,5.75913,5.700368,5.955061,6.103311,6.194788
"VN1R4",3.409394,5.00712,4.128265,3.799672,4.901876,4.270321,3.678739,4.099755,3.897833,5.250206,5.351459,5.297551,4.82184,4.638071,4.92319,4.582712,5.074427,5.252351,4.850398,4.901709,4.701139
"NLRP12",8.775962,8.422212,8.465565,7.629874,8.48292,8.541727,8.208562,8.770858,9.034766,8.616915,9.936568,9.10777,9.334077,8.99435,8.848542,9.368067,8.773566,8.83576,9.015738,9.335505,8.997645
"VSTM1",6.37013,6.923316,7.731199,6.717991,6.709062,7.309018,7.121411,7.446367,7.986406,6.956856,8.163781,7.46274,8.010342,6.617867,7.0031,8.225219,7.629861,7.565781,7.164821,8.040905,7.53944
"MBOAT7",10.304539,10.080745,10.368052,9.557233,10.500348,10.316129,10.010106,10.871462,10.76974,10.563279,11.499232,11.130751,10.737194,10.137597,10.604601,10.637725,10.559531,10.417385,10.4676,10.528997,10.644064
"LILRB2",8.804527,9.310139,8.623654,8.61552,9.093722,9.095193,8.81062,9.412236,9.65868,9.328003,9.934769,10.271588,10.151533,9.661646,9.849962,10.043179,9.510708,9.859848,9.961881,10.092764,9.531062
"LILRA3",7.663713,8.710574,7.702374,8.302216,8.282937,7.169638,8.929974,8.01681,8.100911,9.186005,9.790984,9.739633,9.874793,9.204189,8.84606,9.624571,9.25611,9.263038,9.706332,9.441414,9.188828
"LILRA5",7.196974,7.826358,6.709836,7.068431,7.63754,6.651845,7.535364,7.671431,7.896796,9.351955,8.56297,9.034346,9.67363,8.850143,8.605934,8.821094,8.536728,8.464371,8.922686,9.069103,8.521882
"ZSCAN5B",6.087146,5.353006,4.812548,5.77173,5.287958,5.511769,5.330415,5.835823,5.822518,5.368566,5.60603,5.769782,5.575238,5.9763,6.000995,5.315597,6.162729,5.895931,5.662947,5.939183,5.703449
"ZNF814",6.984916,7.194308,7.483796,7.548882,7.25615,7.884429,7.162893,6.318991,7.028991,8.254497,7.875174,8.248042,8.171489,7.964957,7.807217,8.217765,7.962953,7.919909,8.055328,8.134395,8.326683
"ZNF417",8.429243,8.483044,8.592769,8.063885,8.53422,8.49699,7.841039,7.938138,8.224794,7.187507,7.452196,7.820618,8.049402,8.066367,7.682156,7.882813,7.5738,7.631879,7.660474,8.101812,7.985393
"CHMP2A",9.883885,9.946281,9.806031,9.305513,9.889585,9.804269,9.667929,9.817764,10.325946,10.374922,11.033401,10.634469,10.916497,10.464632,11.016022,10.990785,10.55464,10.666457,10.721241,10.848482,10.752269
"PNRC2",10.59486,10.457793,10.219383,10.54416,10.285978,10.661291,10.495306,10.172092,10.00288,9.83139,9.539062,9.577017,10.161232,10.512953,9.842757,10.01973,9.923145,9.555081,9.842595,10.073016,9.671746
"RPS7",7.281789,7.070162,6.166986,6.989046,7.01722,6.840834,6.892213,6.397056,6.402889,6.602544,6.276722,6.012582,7.386215,8.886404,6.4966,7.137227,6.653804,6.55216,6.595116,6.723648,6.595335
"RSAD2",7.389291,9.663363,7.322203,6.980263,8.586367,8.910443,7.390039,6.814525,7.980397,6.528551,7.391944,11.603789,8.04374,7.540089,7.602542,7.726895,8.456336,7.298644,7.292096,6.950769,9.087818
"TAF1B",6.921144,7.538999,7.23379,6.850114,7.259643,7.621663,7.683531,6.537034,7.280811,7.464466,7.019768,7.097649,7.756944,7.458498,7.727404,7.291442,7.302985,7.068645,7.575069,7.622853,7.579838
"RRM2",4.83042,7.708433,5.223539,5.362616,5.831686,5.124851,5.157776,5.078901,5.034952,5.3484,4.820497,4.915818,5.293167,4.683011,4.82738,5.076675,4.958162,5.195961,5.030924,4.931846,5.227595
"DDX1",8.763886,9.171622,9.034998,9.109413,9.069896,9.57582,8.784093,8.484037,8.812613,8.197734,7.56123,7.860362,8.3253,8.62946,8.00718,8.198689,8.113945,7.792357,8.166387,8.195386,7.962291
"GEN1",7.021198,8.113074,7.612612,7.498461,7.793422,7.92587,7.978237,6.918181,7.136127,7.379424,6.74107,7.087462,7.361281,7.835614,6.941928,7.339719,7.244833,6.904504,7.385575,8.053779,7.794498
"SELENOI",7.263356,7.813558,7.293747,7.147698,7.60381,7.889058,7.304876,6.511969,7.342315,6.69727,6.582712,6.489335,6.640235,6.619038,6.726215,6.651776,6.313268,6.256339,6.600434,6.706224,6.905613
"SLC35F6",7.529911,7.865032,7.588301,7.295883,7.732726,7.733777,7.648994,7.615708,7.560269,8.198512,8.218519,8.434873,8.605721,8.309677,8.143462,8.409406,8.311797,8.381862,8.500202,8.392026,8.293677
"TMEM214",7.559169,8.345958,8.140012,8.063767,7.701729,8.18502,7.949204,7.727661,8.414649,8.608196,8.441048,8.69574,8.680643,8.627182,8.830553,8.519574,8.355716,8.347897,8.556059,8.219992,8.633401
"KHK",5.835831,5.79875,6.177655,5.96585,5.882477,6.033907,6.183952,6.221201,6.067333,6.80566,6.503709,6.816361,6.519921,6.820945,7.125677,6.644122,6.719662,6.752608,6.660125,6.629173,6.627749
"ATRAID",8.564531,8.748983,8.474936,8.395866,8.482763,8.320298,8.383154,8.074696,8.401451,8.843365,8.961916,9.153054,9.549203,9.223052,9.158658,9.352987,9.323992,9.272284,9.125416,9.131298,9.407609
"ZNF512",8.421,8.938596,9.046161,8.760293,8.769058,9.056824,8.741248,8.129288,8.879365,8.116614,7.953777,8.283259,8.250038,8.303969,8.203434,8.502185,8.239192,8.156939,8.358557,8.489098,8.313376
"MRPL33",7.44223,6.824917,6.843457,7.210583,6.962009,7.144934,7.066435,6.742635,6.819729,7.096333,6.837407,6.818848,7.40681,7.236032,7.20524,7.265596,6.946276,7.018623,7.011827,7.0212,6.954543
"FOSL2",8.822668,8.723155,8.476265,8.141154,8.825059,8.600088,8.582418,9.083013,9.581017,9.154725,9.955701,9.540223,9.301241,8.831985,9.400849,9.110977,9.088517,9.120989,9.364679,9.288795,9.189087
"PLB1",7.287408,7.303343,7.285371,7.294761,7.218706,6.849829,7.274471,8.47906,8.500779,7.989013,8.750385,7.471096,7.793336,7.583153,8.367659,8.389621,7.96904,7.470869,7.442792,8.056161,8.032749
"PPP1CB",9.93376,10.185436,10.041857,10.170937,10.52032,10.620008,10.294416,10.001595,10.355619,9.762408,9.524089,9.198103,10.070509,10.014284,9.565989,9.841682,9.414114,9.38057,9.923846,9.993323,9.847186
"WDR43",8.698557,8.960606,8.898226,8.837133,8.921265,9.3633,8.670594,8.185922,8.58856,8.669924,7.90844,8.306944,8.731311,9.09931,8.500722,8.70473,8.603912,8.400527,8.62948,8.748826,8.532394
"SNORD53",6.823841,7.019709,7.388692,7.009695,6.93043,7.415275,6.752818,6.56827,6.97396,8.423092,7.764611,7.658713,7.738516,8.197129,7.863584,7.761265,7.744951,8.09021,8.015618,8.113948,7.624451
"CLIP4",8.595499,9.088397,8.792171,8.76501,8.692187,9.282712,8.693892,8.233854,9.236258,7.855645,7.537661,7.317786,7.795081,7.926445,7.944086,7.682494,7.42407,7.70314,7.871936,8.034211,7.991324
"SNORA10",7.983382,7.67951,7.729817,8.01792,7.629502,7.685478,7.826633,8.072653,7.337411,8.697123,8.638799,8.532868,8.921437,9.15042,8.71186,8.977236,8.706933,8.844059,8.566785,9.079066,8.231352
"LCLAT1",7.814875,8.558003,8.197469,8.274108,8.292925,9.010661,8.12804,8.059114,8.092495,8.418207,8.27639,8.164318,8.275618,9.055046,8.286831,8.831318,8.307548,8.206977,8.571125,8.518058,8.733399
"SPAST",8.850342,8.945603,8.461835,8.315183,8.86534,9.167271,8.603835,8.088997,8.620002,7.975353,8.137375,7.999311,8.440857,8.414041,7.958607,8.376129,8.123059,7.8155,8.198058,8.407412,8.353514
"SLC30A6",8.675196,9.006774,8.893838,8.823265,9.010219,9.135282,9.054884,8.225737,8.796159,8.914614,8.617615,8.468812,9.241647,9.220229,8.900657,9.015836,8.754408,8.763941,8.935988,9.135777,9.317621
"YIPF4",8.91199,8.671677,8.758074,8.654917,8.943185,9.24671,8.823331,8.083927,8.912847,7.45421,7.595189,7.349456,7.913431,7.793488,7.501152,7.708216,7.547077,7.261033,7.557487,8.016938,7.828067
"BIRC6",9.997588,10.234575,10.24348,9.91247,9.980069,10.457815,10.100962,9.518743,10.329595,9.113276,8.980853,9.256385,8.817523,9.086366,9.236429,9.236565,9.116543,9.054178,9.243721,9.408041,9.47373
"LTBP1",6.578353,6.4809,7.259984,6.696273,6.928344,7.383748,6.663768,6.868179,7.193255,6.554059,7.061016,6.322012,6.373308,5.988443,6.386099,6.265269,6.305559,6.281597,6.208104,6.43989,6.380969
"RASGRP3",6.768146,7.825599,7.618467,7.758284,7.868341,7.946121,7.37057,7.503248,6.898705,7.640528,6.735825,8.094533,7.353455,7.977626,7.131895,7.435852,7.293428,7.358892,7.756849,7.78401,7.320303
"QPCT",9.231147,8.882135,8.6919,8.296853,8.83177,9.413869,8.604554,9.638621,9.579427,8.377497,9.365828,8.322347,8.950941,8.196576,8.22897,8.788064,8.419949,8.163452,8.623001,8.595572,7.990795
"GALM",6.982699,7.541455,6.817973,6.865506,6.980457,6.981345,6.616407,6.623717,7.05239,7.363561,7.748268,8.490602,7.804827,7.167685,7.646866,7.656463,7.265714,7.31411,7.513238,7.570595,7.726687
"PPM1B",8.956817,8.797406,8.889812,8.81611,9.110764,9.296861,9.09368,8.683177,8.884498,8.248096,8.162285,8.092605,8.51597,8.448178,8.119003,8.57497,8.363102,8.001034,8.325904,8.593857,8.263396
"TMEM247",6.398272,5.518922,6.066134,6.619482,5.846228,5.913266,6.374524,6.559633,6.28597,6.331481,6.528788,6.212358,5.869754,5.984095,6.326174,6.07968,6.445878,6.51051,6.310935,6.251512,5.948591
"CRIPT",9.512066,9.614238,9.45451,9.723632,9.771737,10.179249,9.501186,8.943796,9.488997,8.678899,8.77238,8.464848,8.900003,9.153116,8.575511,8.988726,8.689341,8.606705,8.825469,8.81078,9.340615
"SOCS5",8.486339,8.272451,8.478175,8.361295,8.443915,8.625058,8.513508,8.186203,8.072581,7.561757,7.720308,7.314292,8.007073,7.711,7.446012,7.700936,7.294811,7.788931,7.60052,7.872034,7.778572
"MSH2",7.29916,8.020403,7.433363,7.845885,7.790194,8.561731,7.433031,6.687046,7.451227,7.129702,6.480177,6.488296,7.109763,7.554273,6.954974,7.137504,6.890018,6.696616,7.020245,7.290325,7.149779
"FOXN2",8.893044,9.087819,8.652648,8.718714,8.972552,9.173603,8.818863,8.404715,8.765158,8.181295,8.095353,8.249028,8.600733,8.441989,8.114601,8.410915,8.092866,8.163539,8.527161,8.50054,8.456041
"ERLEC1",7.258879,7.629318,7.146709,7.207419,7.461326,7.711224,7.046708,6.647114,7.31156,7.403602,7.039041,7.043015,7.738341,7.939203,7.232403,7.650986,7.269971,7.177912,7.634541,7.609525,7.420013
"CFAP36",4.891574,4.667057,4.792551,4.969529,5.008297,5.058841,4.666441,4.959546,5.203131,4.652116,4.495551,4.438054,5.213237,5.269496,4.873071,5.119811,4.668117,4.892786,4.531387,5.212298,5.033389
"VRK2",7.463687,8.339036,7.590955,7.577584,8.075898,8.058734,7.633969,6.949547,7.832496,7.532273,7.019001,7.684836,7.839275,7.534256,7.441493,7.414283,7.584751,7.0778,7.482371,7.567751,7.615004
"AHSA2P",9.175404,9.001241,9.239287,8.8516,8.967788,9.373939,8.875302,8.185112,9.318294,8.176301,7.805367,8.0506,8.301958,8.365975,8.328926,8.76348,7.988191,8.146296,8.357808,8.462528,8.638897
"B3GNT2",8.249549,8.436613,8.352129,8.296757,8.579286,8.89081,8.25832,8.236908,8.068131,6.987963,6.710812,6.355488,7.084281,7.20667,6.519454,6.808144,6.631182,6.726571,6.978642,7.034654,6.837679
"MDH1",7.662579,8.143975,7.761295,8.230549,8.005526,8.287368,7.59501,7.43771,7.860802,7.021487,6.534201,6.806666,7.423552,7.469784,7.099203,7.293671,6.989374,6.865643,7.140337,7.224391,6.953806
"UGP2",8.49194,8.790239,8.670176,8.532396,8.909514,9.21946,8.487977,8.194013,8.723525,7.520184,7.559704,7.651225,8.256011,8.106121,7.824907,8.153986,7.748045,7.680156,7.817935,8.225771,7.879578
"LGALSL",8.687585,8.135927,8.202185,7.856868,8.194774,8.359066,7.580001,8.042769,8.099753,9.183267,9.348223,9.072516,8.998429,7.716285,8.667058,9.253068,8.119915,8.543411,8.576178,9.105193,9.064205
"ETAA1",5.689341,6.438922,5.835352,6.033756,6.080252,6.880176,6.082892,5.550187,5.837064,5.693921,5.280324,5.316078,6.341637,6.618366,5.518161,5.770865,5.56561,5.320262,5.576144,5.794657,6.013439
"PLEK",10.34756,10.472359,10.06545,9.292103,10.166479,10.44777,10.187977,10.272407,10.733276,9.407191,10.057263,10.271517,10.099918,9.196518,10.136592,9.929138,9.708164,9.654804,9.839682,9.708985,10.028469
"ANXA4",7.404582,8.516795,7.748888,7.80197,8.243569,8.101571,8.025538,7.134803,8.139181,7.64004,7.522834,8.13336,7.897208,8.224732,8.046153,7.901238,7.8264,7.674403,8.039105,8.205168,8.077712
"MXD1",11.066975,10.940689,10.637007,9.89079,10.791901,11.189055,10.672499,11.143312,11.482834,11.276501,12.270227,12.128678,11.403349,11.095169,11.431355,11.744909,11.665946,11.339977,11.529734,11.420458,11.685583
"OR7E91P",6.623345,6.029284,6.244173,7.222023,6.458671,6.263986,6.534453,6.801567,6.564953,7.131622,7.270133,6.835488,6.459359,6.712575,6.918474,6.596999,6.897091,6.792196,6.602727,6.448852,6.583831
"NAGK",10.208398,10.928439,10.310091,9.650996,10.684562,10.439791,10.461465,10.23705,10.726634,10.998627,11.502813,11.697611,11.313346,10.694436,11.671939,11.306449,11.319067,11.117354,11.275406,11.377852,11.500735
"MPHOSPH10",7.382608,7.67139,7.442795,7.311184,7.542897,8.073012,7.351141,6.970776,7.206308,6.383315,6.124096,6.166333,6.932049,6.994321,6.52131,6.747787,6.712341,6.209437,6.540487,6.645625,6.349644
"ZNF638",8.687085,8.867369,9.001831,8.904713,9.069689,9.537517,8.974603,8.252384,8.68191,8.348423,7.935383,8.011748,8.163429,8.436075,8.258354,8.404297,8.261048,7.978844,8.264426,8.726775,8.451045
"DYSF",8.341138,8.573673,8.228747,7.51919,8.518885,8.746732,7.859339,9.11737,9.63416,8.834815,9.872357,9.307989,8.906078,8.000629,8.698524,8.715473,8.586609,8.481618,8.82234,8.732571,8.547831
"DGUOK",7.358867,7.891107,7.796415,7.653285,7.581251,7.723162,7.596558,7.164528,7.622712,8.077699,8.070099,7.948219,8.590038,8.467983,8.305532,8.418775,7.942204,8.143067,8.166977,8.288428,8.301662
"MTHFD2",7.750105,8.592387,7.567046,7.645443,8.042307,7.945585,7.82422,6.889381,7.804564,7.686191,7.345387,7.725232,8.230749,8.04126,7.500977,7.751141,7.494557,7.397664,7.722324,7.969522,7.66083
"DOK1",7.449267,7.738596,7.131858,6.948161,7.186648,6.896285,6.971923,7.46394,7.210662,7.901747,7.846052,8.26136,8.158278,7.744205,8.260188,8.208093,8.071982,8.03774,7.979224,8.06707,7.77619
"TMSB10",10.890289,11.197101,10.659689,11.006168,10.55395,10.199151,10.724828,10.620825,10.013007,11.601585,11.120049,11.437679,12.054387,12.105151,11.634672,11.82653,11.575558,11.760748,11.675806,11.75219,11.123467
"VAMP8",9.940817,9.788534,9.267406,9.477746,9.431842,9.244842,9.190631,8.965816,9.282678,9.888888,9.295614,9.503186,10.237826,10.575812,9.856976,9.980891,9.720631,9.765329,9.883066,9.895438,9.309531
"GNLY",8.663322,8.946607,8.290801,8.522393,8.254365,8.604148,9.18323,8.26599,9.589332,10.06052,10.347553,9.690665,10.07891,9.294792,10.586402,9.858066,9.637352,9.704725,9.626165,9.572404,10.999101
"PTCD3",9.128005,9.525519,9.326345,9.216995,9.228202,9.784388,9.478355,8.356062,9.069577,8.949776,8.409646,8.635267,8.826007,9.241715,8.838647,8.982182,8.858243,8.672881,8.89345,9.005888,8.99915
"SNORD94",8.945166,8.705834,9.36552,8.896358,8.457764,8.560769,9.125485,8.852587,7.536847,8.204745,7.996115,7.848225,8.095253,8.880728,8.355142,8.30998,7.706872,8.438834,8.019995,8.318968,7.788336
"MRPL35",6.523764,6.647595,6.843305,6.451724,6.544695,7.570887,7.490816,6.110284,6.780737,7.464172,6.813807,6.831493,7.86774,7.933572,7.067289,7.315317,7.291232,6.699046,7.05047,7.424601,7.401532
"KDM3A",8.821775,8.926883,9.094285,8.837531,8.880116,9.486225,8.591956,8.51093,9.181203,8.274579,8.40842,8.237417,8.235219,8.455456,8.399423,8.515122,8.411965,8.284096,8.325428,8.637704,8.69931
"RMND5A",9.790958,9.784052,9.583958,9.062628,9.94411,9.932635,9.469201,9.458116,9.775384,8.177257,8.730545,8.077146,8.491968,8.120542,8.449065,8.804953,8.311738,8.276952,8.384971,8.383965,8.789518
"RPIA",7.699761,8.174032,8.201443,8.359562,8.853824,8.388052,8.012991,7.792716,7.986341,7.448636,7.301186,7.361697,7.907051,7.301668,7.292128,7.7516,7.065857,7.532946,7.404607,7.630978,7.55609
"IGKV2-24",8.387263,7.658081,7.359406,7.711176,7.451421,7.489395,6.808785,8.040803,7.428226,8.972238,7.570505,7.765049,8.2697,7.259771,7.711181,7.894263,7.261421,7.979865,8.704076,8.064282,8.069437
"IGKV1D-8",6.286087,6.483816,6.441861,6.327322,6.135024,6.259349,5.956717,6.546208,5.716235,7.487803,6.887709,7.449329,7.329559,7.404536,7.070171,6.612787,7.055497,7.261774,7.166453,7.262074,7.102259
"ARID5A",7.357313,7.309855,7.52223,7.383224,7.676129,7.371413,7.548274,7.585306,7.568935,8.14428,8.303658,8.595958,8.372871,8.129296,8.179975,8.151093,8.124414,8.153086,8.152062,8.225668,8.268175
"ANKRD36",7.798487,7.714458,8.059615,7.63284,8.01621,8.371996,8.007298,7.299788,7.705635,7.638652,7.069862,7.093634,8.170114,7.677948,7.566488,7.878123,6.815348,7.216073,7.813379,7.883669,7.608425
"COX5B",7.932764,7.77651,7.597576,7.822018,7.606834,7.66975,7.851557,7.673172,7.306716,10.030234,10.123019,9.804738,10.643625,10.552756,10.156397,10.51545,9.820835,9.827133,10.212025,10.284968,10.183161
"ZAP70",8.08787,8.306513,8.411738,7.937175,8.314877,8.383243,8.678474,8.071969,8.407036,8.531496,8.590513,8.821865,9.048717,8.985687,9.122469,8.960069,8.826172,8.814937,8.508687,8.872414,8.969786
"UNC50",7.737107,7.976249,7.948812,7.846542,7.785221,8.295498,7.926294,7.676463,8.153667,7.423829,7.184762,7.336009,7.537937,7.386478,7.30256,7.577923,7.042439,6.996925,7.234342,7.691903,7.562577
"MRPL30",7.726333,8.302146,7.975395,7.963272,8.132652,8.090603,7.970402,7.017613,7.867215,7.9808,7.661268,7.70855,8.297297,8.589685,7.898625,8.315838,7.750753,7.948944,8.078623,8.229356,7.969713
"EIF5B",8.017471,8.539024,8.384845,8.354003,8.47064,8.770677,8.255089,7.569794,8.244488,7.367739,6.890975,7.325488,7.466618,7.610572,7.515251,7.642265,7.47582,7.13275,7.463884,7.591309,7.599434
"NPAS2",6.91214,6.717449,6.804654,7.192809,6.897715,6.841358,6.776454,7.102569,6.712696,7.191159,7.210899,6.835051,7.042615,7.372874,7.242487,7.172779,7.600246,7.409696,7.315659,6.758004,7.483044
"RPL31",7.196922,7.081327,7.466247,7.995086,7.29829,8.075389,6.918621,6.701271,6.920185,7.882266,6.60612,6.621714,8.07705,8.591392,7.594492,7.68487,7.542493,7.104327,7.607805,7.764067,7.566683
"IL1R2",9.466531,8.282539,8.75645,8.156095,8.766034,9.292513,8.475258,9.225874,9.782281,8.90103,9.846789,8.556963,8.771719,8.758264,8.508807,9.06989,8.776409,8.713672,9.012148,9.316116,8.714681
"IL1R1",6.586693,5.85835,6.107744,5.592042,6.229344,6.611497,5.748105,6.702556,6.651363,6.048466,6.53627,5.675753,5.894068,6.017528,5.720897,6.591312,6.108606,5.993151,6.262276,6.920771,6.002886
"IL1RL1",5.831264,5.857766,6.776497,5.957896,6.059215,6.125781,5.922455,5.696205,5.884681,5.31958,6.312514,6.276388,5.385228,5.419712,5.719899,6.29859,5.543433,5.771407,5.654755,5.478246,6.542179
"IL18R1",6.410397,6.277589,6.289039,6.145429,6.358165,6.533469,6.276678,6.137797,7.052766,5.899485,6.463637,6.318229,6.653051,5.573712,6.024257,6.256289,5.706583,5.964421,6.296167,6.140427,6.403124
"IL18RAP",8.768468,9.299393,7.985231,8.180638,8.469597,8.36492,8.631108,8.152225,10.003856,8.917558,9.184209,8.328405,8.483593,8.677103,8.823653,8.969788,7.411863,8.438115,8.461094,7.977944,8.954721
"C2orf49",7.963774,7.904787,8.01235,7.891018,8.053488,8.514348,7.377031,7.086631,7.907083,7.668094,7.40227,7.19553,7.92714,8.246418,7.456841,7.796971,7.461952,7.264177,7.586014,7.143292,8.000599
"NCK2",9.232178,9.202854,9.41888,9.19244,9.361867,9.392168,9.204874,9.009884,9.496372,9.781598,9.784887,9.618981,9.921752,10.029861,9.743027,10.00534,9.769933,9.587431,9.732531,9.831213,9.96031
"GCC2",8.986672,9.144969,9.268432,9.247686,9.442464,10.178443,9.274183,8.289083,8.850562,8.948067,8.271692,8.120963,8.468245,9.166361,8.098473,8.72638,8.791874,8.228536,8.485223,8.944454,8.87194
"LIMS1",9.768859,9.546252,9.67893,9.600897,9.713622,9.59728,9.240295,9.837935,9.769841,9.230753,9.309152,9.355097,9.127895,8.110738,9.376455,9.208093,8.491194,8.917908,8.890824,9.243785,9.352136
"RANBP2",8.691306,8.835201,9.105716,8.813986,9.039609,9.685856,8.6707,8.472198,8.821044,7.78244,7.337629,7.373832,7.710995,8.023632,7.684141,7.722953,7.549874,7.202509,7.734316,7.880671,7.922333
"TMEM87B",8.140256,8.56956,8.313318,8.079757,8.507525,8.712507,8.399397,7.826501,8.740087,7.609229,7.207016,7.465436,7.568835,7.697951,7.534854,7.540025,7.539952,7.205722,7.481345,7.586059,7.833986
"IL1RN",7.79462,8.590511,7.561366,7.035319,8.09998,7.754804,7.459959,8.115611,8.363464,8.277002,9.390022,9.788582,8.765625,8.065798,8.179743,8.661633,8.359199,8.103468,8.474421,8.235548,8.625011
"PAX8-AS1",6.061147,6.539253,6.225633,5.627773,5.044889,6.604266,6.145669,6.575009,6.214082,6.674579,5.214946,6.528565,6.985826,6.502473,6.13623,6.570978,6.121639,5.779416,6.105346,6.269519,6.047523
"ACTR3",11.870553,11.820701,11.746267,11.67227,11.913241,12.241798,11.867876,11.835599,11.726422,10.847247,10.921427,10.758405,11.110183,11.0228,10.970909,11.073481,11.137821,10.944709,11.060376,11.015525,10.973885
"INSIG2",8.55647,8.865815,8.717537,8.602225,8.921706,9.129035,8.722737,7.997806,8.546617,7.607453,7.325135,7.166182,7.406588,7.757492,7.389749,7.654967,7.221097,7.120215,7.524438,7.384421,7.556975
"DBI",7.432681,7.362729,7.237478,7.667809,7.226299,7.834166,7.212364,7.26425,6.863276,7.477392,7.341392,6.801156,7.651169,7.606136,7.419164,7.194999,7.463181,7.128125,7.018092,7.207453,6.920925
"RALB",9.248448,9.072646,8.456465,8.486458,9.307567,9.315441,9.018885,9.046949,9.749578,8.757486,8.906329,8.997575,9.098313,8.479156,8.737919,8.906859,8.671011,8.312433,9.036989,9.085309,8.830043
"RNU4ATAC",7.642751,7.164408,6.905381,6.652948,7.027996,6.842457,7.120007,7.251568,6.715278,8.472577,8.911871,9.02512,8.758916,9.424612,8.990162,9.237133,8.685436,9.259989,8.852057,8.577536,8.394555
"TSN",8.499599,8.558926,8.33086,8.325484,8.66335,8.66679,8.589359,7.973615,8.424981,7.593506,7.726715,7.518375,7.979764,8.011137,7.944796,8.040194,7.847621,7.524873,7.708144,8.030079,7.944729
"GYPC",8.7731,10.052877,9.364375,8.793958,9.768003,8.736666,9.301161,8.913397,9.121393,10.673431,11.17327,9.94802,11.130993,10.172885,10.79834,10.790406,10.56203,10.84929,10.9157,10.388612,10.698333
"AMER3",6.250889,6.50337,6.739717,7.238918,6.575723,6.467894,6.787275,6.885594,6.487307,7.191321,7.265661,7.134286,6.697569,6.78674,7.144548,6.642663,7.182086,7.223068,6.747527,7.042437,6.714597
"PLEKHB2",9.542782,9.876865,9.633853,9.421016,9.740741,9.593628,9.893476,9.703831,10.08002,8.846678,9.048935,9.280057,9.223359,8.992211,9.149745,9.155293,9.076173,9.225458,9.347198,9.298686,9.189095
"RAB3GAP1",8.228203,8.586933,8.741725,8.394979,8.654095,8.867634,8.494361,8.064943,8.550422,7.958342,7.691827,7.954379,7.636953,7.982785,7.877225,8.133783,7.900807,7.754469,7.970849,7.901621,8.084291
"UBXN4",9.339302,9.464153,9.442384,9.316461,9.401027,9.649838,9.283726,8.879534,9.582777,8.806389,8.620999,8.597857,9.085306,9.231422,8.685973,9.025736,8.860873,8.619338,9.001057,9.011883,8.93984
"SPOPL",9.601476,9.446779,9.248966,8.537528,9.302784,9.92384,9.150741,9.074574,9.650531,8.489622,9.313573,8.84462,9.194581,8.860783,8.810445,8.835107,8.798831,8.3788,8.809068,9.275941,9.110008
"KYNU",7.723983,8.48272,7.668623,7.901929,8.011418,8.570351,8.304933,7.91361,8.095498,7.581757,7.578513,7.960729,8.260623,8.228259,7.731121,8.049691,7.472518,7.645649,8.113839,8.406315,8.021606
"ACVR2A",7.369628,7.18574,7.058483,6.848999,7.586333,7.315373,7.102732,7.022661,7.701671,6.320821,6.453575,6.239775,6.558691,6.606502,6.652444,6.647473,6.241264,6.169484,6.651953,6.648379,7.073955
"TNFAIP6",6.742626,7.878135,6.888866,6.396897,7.849766,8.389062,6.046683,6.825372,7.137667,7.942676,7.650394,9.203833,8.856574,8.327988,6.719162,7.960908,7.582639,8.182809,8.76597,7.384155,8.210168
"RIF1",9.111606,9.391223,9.346525,9.161297,9.563473,9.920323,9.225267,8.578444,9.257841,8.000364,7.679205,8.214613,8.238234,8.474412,8.068045,8.23294,8.157485,7.917152,8.277986,8.389661,8.659626
"GPD2",7.244186,8.215186,7.417193,6.962551,7.86211,7.998401,7.376494,7.262973,7.50498,6.803265,7.344919,7.749599,7.165873,7.02457,6.654846,7.194579,6.803803,6.684309,7.342912,7.429718,7.539875
"GALNT5",5.537079,5.481754,5.128867,5.855588,5.294324,5.213607,5.773213,5.601201,5.509458,5.148244,5.170124,5.144421,5.107306,5.160121,5.046756,5.220493,5.144993,5.21262,4.896735,4.937606,5.131523
"CCDC148-AS1",5.973877,5.804593,5.975056,7.111855,5.984696,5.999598,5.920251,6.987665,5.887822,6.618742,6.590247,6.518843,6.078049,6.316756,6.202466,6.253341,6.786622,6.508636,6.485214,6.170757,6.278347
"TANK",7.845013,8.304643,8.147636,7.664309,8.145682,8.579373,8.102361,7.513844,8.073644,8.338149,8.45814,8.438362,8.982325,8.756926,8.261494,8.709821,8.314759,8.047997,8.385495,8.731345,8.79181
"PSMD14",7.141598,7.623629,6.974706,6.912237,7.072789,7.470991,7.248058,6.751128,6.680899,6.875604,6.595631,6.549132,7.47578,7.398251,6.861847,7.029316,6.858732,6.494111,7.133246,7.245603,7.187596
"SLC4A10",7.49707,6.433924,6.437976,6.722465,6.525083,6.752931,6.403926,6.622623,7.160405,6.396282,7.19757,6.883834,6.812204,6.249663,6.957605,7.19013,6.434816,6.625968,6.723638,6.378081,6.65701
"GCA",10.724413,10.413779,10.181631,9.891021,11.151386,11.508382,10.416757,11.024436,11.069067,10.145429,10.042256,9.533957,10.608481,10.223381,9.535031,10.303186,9.744493,9.654576,10.233743,10.43304,10.19571
"DHRS9",7.526493,8.066551,7.526671,6.901688,7.808315,8.338207,7.146807,6.567845,7.715927,6.6871,8.477342,7.976891,8.158369,7.095181,7.93077,7.608383,7.490624,7.184201,7.258324,6.903386,7.204713
"PPIG",7.282835,7.439315,6.889981,7.021711,7.353853,8.154468,7.229307,6.824162,7.270508,6.699132,6.315507,6.325365,7.145674,7.244572,6.472389,6.944731,6.745065,6.504574,6.6098,6.760584,6.653722
"SSB",9.132084,8.968226,8.454536,8.697991,8.589064,9.688278,8.63655,8.336778,7.790637,8.628205,7.979407,8.521926,9.235185,9.232145,8.748353,9.239278,8.876786,8.446646,8.889772,8.837022,8.497679
"UBR3",8.180972,8.37719,8.224359,7.955378,8.439095,8.81719,8.20298,7.436353,8.443395,8.089644,7.775547,7.907582,8.155036,8.041829,7.969461,8.273922,7.886803,7.728408,8.144704,8.272393,8.4415
"GORASP2",8.078001,8.701115,8.817419,8.52352,8.6784,8.623568,8.489671,8.53077,8.740398,9.613298,9.21763,9.441861,9.581967,9.521117,9.537036,9.43243,9.551422,9.381388,9.677758,9.072171,9.891044
"DCAF17",7.554638,7.87733,7.618587,7.588324,7.593298,7.92723,7.928317,6.854893,7.683942,7.616253,7.299638,7.325033,8.14536,8.199028,7.800051,7.745712,7.791521,7.337736,7.825806,7.846951,7.881766
"CYBRD1",8.836246,8.074126,7.878819,8.236345,8.944016,7.988699,9.084314,8.52145,8.669218,8.2431,9.256591,8.451294,8.353615,8.00127,8.614454,8.489595,8.041028,8.651114,8.725749,8.903183,8.381913
"DYNC1I2",3.586199,4.106337,4.340714,3.939845,4.355361,2.804129,3.925379,3.632193,3.156414,3.593781,3.471282,4.030616,3.350011,3.864934,4.14655,3.132721,3.496355,3.720499,3.169848,3.686466,3.947186
"HAT1",7.375296,7.475997,6.995129,7.161564,7.350224,8.219677,7.130785,6.480011,7.22611,7.45209,7.200758,6.524202,8.015584,8.449493,7.265123,7.888006,7.373033,7.056968,7.360585,7.65229,7.471994
"ITGA6",8.917266,9.23765,9.587359,9.378787,9.096812,9.666493,8.831644,8.801859,9.049239,8.909227,8.234813,8.431603,8.550425,9.130423,8.779909,8.876154,8.831969,8.658627,8.827832,8.725485,9.07689
"PDK1",9.072105,9.431297,9.726809,9.546459,9.630638,9.829733,9.318652,9.067065,9.053026,9.528497,8.772605,8.93124,9.231609,9.967358,9.172113,9.559244,9.23905,9.311016,9.49638,9.301538,9.759774
"SCRN3",6.178417,6.301878,6.196878,5.755415,6.404234,6.854289,6.005319,5.632786,5.88684,6.753701,6.50251,6.756159,7.3873,7.136498,6.790782,6.984105,6.574398,6.428655,6.737947,6.60817,7.413964
"MTX2",6.13386,6.635936,6.170293,6.158386,6.321053,6.343206,6.353108,5.63636,6.025622,6.137277,5.610335,5.879724,6.211782,6.659219,5.967045,6.045684,6.016485,5.796647,6.227675,6.504498,6.413234
"AGPS",8.352996,8.856133,8.416024,8.521591,8.519545,8.744801,8.180357,7.935489,8.31171,7.446459,6.946658,7.50109,8.047491,7.960489,7.528957,7.74497,7.472022,7.287515,7.764166,8.062099,7.817193
"PLEKHA3",8.121306,8.237937,8.409657,8.063132,7.91438,9.126576,8.042124,7.295732,7.987185,7.060329,7.165986,7.279922,7.523304,8.013893,7.676373,7.743792,7.118106,7.417243,7.163077,7.660723,7.405025
"ITGA4",10.672105,11.093607,11.029112,11.040853,11.166085,11.467479,11.246109,10.370517,10.982182,9.862033,9.360086,9.958099,9.976584,10.216577,9.958494,9.956934,9.901901,9.861188,9.942213,10.048173,10.289244
"DNAJC10",8.986055,9.659261,9.24358,9.173327,9.414922,9.845325,9.439357,8.472442,8.914608,8.508995,7.925525,8.345049,8.810572,9.254073,8.441093,8.673474,8.597593,8.293255,8.87745,8.825233,8.810807
"ZC3H15",8.231886,7.969104,8.095654,8.302569,8.246468,9.094593,8.280665,7.797688,8.066491,8.253335,7.813142,7.762365,8.918328,9.07037,8.130855,8.490454,8.148443,8.134364,8.270923,8.410882,8.28059
"WDR75",8.147839,8.518576,8.434273,8.302023,8.396936,8.955315,8.322882,7.535244,8.110568,8.312659,7.455186,7.831668,8.366123,8.900712,8.169454,8.285697,8.125184,8.020306,8.44171,8.386076,8.521771
"ASNSD1",8.060105,7.987859,7.671869,7.786436,7.758364,8.459662,7.618391,7.471149,7.436858,7.091141,6.795741,6.907853,7.369191,7.615374,7.235403,7.282646,7.380804,7.181638,7.168483,7.151416,7.20761
"NAB1",6.690726,6.954297,6.429583,6.403805,6.72503,7.012229,6.544969,6.225017,6.455137,6.14893,6.121823,6.143025,6.612756,6.166745,6.185288,6.372858,5.840049,6.142077,6.275636,6.643694,6.217942
"GLS",9.31864,9.780246,9.789676,9.913758,9.97638,10.349179,10.010777,8.967401,9.624706,8.402849,7.82303,8.362256,8.57681,9.015812,8.283634,8.612194,8.51978,8.232795,8.507349,8.97365,8.987478
"NABP1",10.349143,9.844358,9.67751,9.426446,10.192097,10.686046,9.616467,10.11741,10.434166,9.611429,10.030208,9.612281,9.93092,9.785839,9.496874,9.61268,9.448714,9.554414,9.774449,9.680622,9.679827
"SLC39A10",8.368525,8.474371,8.710288,8.582642,8.703666,9.054212,8.707304,8.178338,8.3037,7.96319,7.531229,7.627926,8.286492,8.491585,8.042186,8.296658,7.95942,7.69044,7.965785,8.111157,8.313763
"PLCL1",6.534764,7.297283,7.638532,7.758379,7.811419,7.411545,7.014703,6.996559,7.00443,7.096212,6.441733,6.324038,6.650712,7.21265,6.656655,6.681764,6.8693,6.592859,6.615059,6.685154,7.280383
"SPATS2L",6.369696,7.563214,6.404028,6.212661,6.552599,6.579352,6.494234,6.272627,6.53975,6.139634,6.382307,8.81582,6.942061,6.540261,7.071127,6.659171,6.949146,6.639417,6.920557,6.590177,7.263957
"BZW1",10.015688,10.258536,9.822466,9.881208,10.134675,10.353389,9.953188,9.382778,9.989281,8.679301,8.438968,8.435345,9.21688,9.175495,8.882904,8.928745,8.623242,8.581441,8.888946,8.912755,8.856245
"NIF3L1",4.665287,5.012241,4.898139,4.496,5.319241,4.897205,4.341447,4.306258,4.546543,4.367665,4.610241,4.414844,4.966556,4.436751,4.916339,5.133711,4.641372,4.325314,4.81847,4.767518,5.402703
"NDUFB3",5.708725,6.22823,6.07501,6.273304,5.873251,6.592163,5.948489,5.562487,5.740287,5.821094,5.417599,5.520335,6.391964,6.819098,5.539917,6.003902,5.817526,5.887673,5.948562,5.842723,5.915332
"NOP58",9.291846,9.29716,9.197342,9.351975,9.230703,9.93954,9.045711,8.559247,9.024989,8.867533,8.043856,8.207002,8.869811,9.268974,8.67055,8.955953,8.709698,8.325958,8.868317,8.863785,8.876263
"BMPR2",7.526043,8.09425,8.020384,7.563352,7.902089,8.28727,7.652171,7.238946,7.915836,8.098561,7.955605,8.750609,8.209411,8.437093,8.406922,8.210478,8.161875,8.028791,8.435149,8.158335,8.457274
"FAM117B",8.629408,9.07657,9.38421,9.254928,9.109873,9.054477,9.234089,8.787318,9.12614,9.852517,9.299811,9.921683,9.676091,9.990912,9.783435,10.021484,9.9473,9.781763,9.793714,10.105731,9.964725
"CARF",6.698725,7.51522,7.264027,7.291405,7.372293,7.646609,6.921152,6.68622,6.811246,7.226704,6.681843,6.847041,7.48649,7.677756,7.118244,7.661407,7.297664,7.186652,7.337808,7.573895,7.406849
"NBEAL1",6.810775,7.727501,7.153476,7.314452,7.813374,7.929311,7.60121,6.878519,7.139803,6.367224,6.347254,6.540832,7.027845,7.189631,6.603171,6.959567,6.570721,6.511363,6.900499,6.710442,7.015904
"CYP20A1",7.85703,8.111686,8.440843,8.145542,8.110348,8.563136,8.10467,7.086522,8.115828,7.921507,7.264383,7.610842,7.803905,7.901885,7.689182,7.800629,7.661395,7.639848,7.867014,7.944364,7.803812
"ICOS",7.389268,7.879022,7.713217,7.735769,7.737665,8.01913,7.611835,7.022064,7.252963,8.361334,7.411207,7.154814,8.46674,9.170165,7.838069,8.341953,8.061944,7.934063,8.148909,8.061773,8.478523
"ZDBF2",5.599056,6.441999,6.595169,6.702076,6.378121,7.159989,6.369034,6.105655,5.831887,5.626985,5.220498,5.101035,5.772002,6.405049,5.327538,5.722043,5.629516,5.69626,5.741366,5.580962,5.848061
"FASTKD2",7.285076,7.75671,7.22373,7.366926,7.787309,7.969415,7.069893,6.746321,7.306593,6.214267,5.747177,5.955204,6.712225,6.894978,6.43973,6.644752,6.422207,6.085567,6.529173,6.602971,6.96684
"PIKFYVE",9.002223,9.267121,9.306241,9.029448,9.145986,9.683696,8.977733,8.610416,9.339973,8.404955,8.315805,8.533084,8.253896,8.412461,8.469894,8.38951,8.371189,8.177011,8.316438,8.645837,8.681822
"RPE",8.804579,8.864813,8.853991,8.887105,8.861154,9.025138,8.853827,8.111696,8.439054,7.863623,7.234539,7.664524,8.037216,8.499911,8.13688,8.045366,7.915785,7.84734,7.904306,8.508839,8.432266
"CXCR2",11.901064,11.484922,11.547709,10.466668,11.960312,11.678539,11.238157,11.945252,12.086229,11.283138,12.169077,11.597183,11.490642,10.703384,11.319856,11.521151,11.18463,11.169184,11.255409,11.321933,11.355448
"ARPC2",11.279215,11.092256,10.907251,11.02288,11.047734,11.543371,10.771472,11.092739,10.857484,11.933865,11.936971,11.741953,12.106112,12.223622,12.057692,12.102616,11.956725,11.850848,11.980183,11.839062,11.589029
"SLC11A1",9.25924,9.188617,8.978663,8.519716,8.87478,9.186192,9.207114,9.456341,9.668134,9.962224,10.412183,10.166382,10.557375,9.735312,9.695475,10.07571,9.643752,9.79112,9.704328,10.361699,9.85856
"CYP27A1",7.426748,7.684304,6.834302,6.577604,6.881012,7.470781,7.236657,8.084129,8.343842,6.894198,8.277616,7.498773,8.144691,7.726184,7.631334,7.655762,7.771857,7.824794,7.998354,7.663224,7.924942
"ACSL3",8.012149,8.475362,8.381316,7.94224,8.393167,8.541534,7.711258,7.756204,8.495724,7.452568,7.4851,7.514521,7.314901,7.595072,7.223401,7.666027,7.300891,6.778455,7.535163,7.356613,7.433712
"MFF",8.828008,8.891509,8.655875,8.753927,8.751926,8.959078,8.432869,8.227271,8.557552,8.611349,8.382529,8.245208,8.870081,9.04966,8.646468,8.814661,8.451616,8.443343,8.688102,8.781552,8.844314
"AGFG1",10.053604,10.499384,10.455635,10.245386,10.340502,10.506783,10.127409,10.269356,10.472324,10.855022,10.804703,10.803703,10.74789,10.743135,10.857053,10.818888,10.744834,10.724504,10.913094,10.820321,10.935633
"SP140",8.694142,9.306604,8.937868,8.9726,9.119452,9.511974,9.459666,8.067423,8.940378,8.521712,8.364537,9.379061,8.423382,8.446494,8.576927,8.697459,8.734108,8.466363,8.819999,8.843558,8.849815
"ITM2C",7.966773,8.96693,8.605077,8.530462,8.344379,8.154904,8.567986,8.375948,8.005843,10.535999,8.910418,9.483832,9.870829,9.913743,9.520629,9.409542,9.434376,9.847294,10.278166,9.969614,9.839997
"ALPP",5.662037,6.517211,4.80098,5.986753,6.190203,5.459371,5.750974,6.267082,5.497716,4.990022,5.351637,4.50498,5.474377,4.895288,5.579882,5.265478,4.371726,5.466838,5.117552,7.119142,4.884034
"EIF4E2",8.288864,8.730631,8.592072,8.144588,8.483952,8.531895,8.544547,7.846703,8.384393,8.813106,8.758143,9.14437,9.279129,9.363766,9.04147,9.107187,8.889003,8.991071,9.230727,9.194669,9.086564
"SCARNA5",9.375148,8.905504,8.532943,8.965218,8.459707,9.012443,8.851201,8.423667,8.528383,8.31491,8.158927,7.908242,8.276336,8.803384,8.327945,8.701463,8.200161,8.350232,7.773596,8.506603,8.065843
"SCARNA6",8.895346,8.647632,8.650519,7.866447,8.249869,8.260401,8.978292,8.127214,6.900414,7.619138,7.745704,7.667617,8.948897,9.226552,8.355627,8.673029,7.398465,8.365977,7.542947,8.396486,8.445545
"DGKD",8.861414,9.324837,9.441169,9.092674,9.048987,9.195673,9.153449,8.962911,9.209545,9.554608,9.601522,9.772785,9.363969,9.524824,9.715412,9.721151,9.6407,9.493817,9.5603,9.71885,9.735053
"COPS8",7.185881,7.290192,6.764436,7.352679,7.08719,7.516416,6.887063,6.20763,6.861878,6.431832,6.021599,6.384913,6.823959,6.997688,6.991784,6.864125,6.156927,6.288073,6.673644,6.841559,7.091099
"RNPEPL1",7.954728,8.23007,8.324431,7.773879,8.16071,7.796037,8.065577,8.23057,8.224899,9.071237,9.242785,8.981985,9.431821,9.090566,9.250924,9.392565,8.942625,9.084378,9.171869,9.14466,9.064491
"PPP1R7",7.496307,8.18408,7.960437,7.66721,7.971543,7.992708,7.650996,7.54996,8.094874,8.554438,8.702513,8.777168,8.907056,9.047337,9.032528,8.910252,8.781309,8.606615,8.862111,8.852766,8.690522
"ATG4B",8.86405,6.75557,7.679517,5.379028,6.714689,6.827198,7.351683,6.958718,7.231326,4.412987,6.221907,5.896113,5.604946,5.705225,6.644381,5.702471,5.444796,6.061955,6.215692,5.74665,5.468584
"FAM110C",8.543866,8.021798,8.130857,8.01238,8.208621,7.693499,8.31824,8.303502,7.964678,7.281807,7.455854,7.53169,8.154239,7.497927,7.408993,7.624741,7.879776,7.724803,7.54782,7.594292,7.455054
"ADI1",6.80951,7.036189,7.032167,6.746506,7.251111,7.121414,6.426408,7.049769,6.99052,7.753388,7.389573,7.527158,8.236538,7.899646,7.983189,8.096191,7.581216,7.890557,7.885064,7.982748,7.890969
"TMSB4XP2",9.818298,9.313699,9.307218,9.829566,9.475685,9.296289,9.088235,9.967824,8.869335,9.585756,9.407794,9.45911,9.645796,9.609119,9.52535,9.68911,9.687251,9.635572,9.654305,9.638661,8.935576
"CMPK2",7.786131,8.8061,7.910217,7.579036,8.236871,7.880603,8.130715,7.864,7.676364,7.569216,7.782585,11.011815,8.297565,7.884584,8.039754,8.162474,8.504353,8.141206,7.972989,7.873432,8.662276
"LINC00299",6.644959,6.569451,6.090734,5.902716,5.831114,6.48604,7.215979,6.290176,7.276965,6.926872,6.599922,7.208463,6.880806,6.436292,6.810303,6.726092,6.347871,6.412155,6.341574,6.776308,7.498664
"KIDINS220",9.388493,9.603791,9.7142,9.103299,9.712881,9.909936,9.648741,9.417998,9.76472,8.702144,8.813259,8.780422,8.793499,8.672356,8.751607,8.759373,8.738841,8.567224,8.801367,9.085332,9.05347
"MBOAT2",7.963753,8.380474,8.000123,7.394183,8.758175,9.077043,8.074642,8.112251,8.335524,7.950909,8.320016,7.745864,8.590471,7.925035,7.790953,8.2678,7.81606,7.558424,7.937419,8.1947,8.372854
"YWHAQ",9.894178,10.50255,10.286756,10.280466,10.236768,10.141473,10.145562,9.862375,10.331921,10.934133,10.72374,10.825763,11.054685,10.959469,11.072885,11.039642,10.746638,10.91419,10.959466,11.03964,10.922272
"ODC1",9.329109,9.751088,9.929562,9.693425,10.312964,9.732739,10.122638,9.642621,9.609755,9.20931,9.676208,9.0837,9.957206,9.135358,9.235246,9.744611,9.166863,9.410221,9.804363,9.583528,9.139959
"PDIA6",9.999363,10.705504,10.233354,10.144815,10.361234,10.299393,10.36158,9.909599,10.47499,9.291468,8.289579,8.779384,9.087442,8.841751,8.913917,8.761041,8.765858,8.717611,9.235907,9.007274,8.99134
"ROCK2",7.776493,8.143996,7.997669,7.797682,8.215893,8.725158,7.918845,7.461295,8.105437,7.34892,7.322659,7.500396,7.750425,7.615563,7.561946,7.778068,7.456362,7.356644,7.718645,7.86365,7.763247
"SMC6",7.352935,8.185016,7.691823,8.182377,8.09567,8.940974,7.862409,7.005877,7.33459,7.519975,6.731608,7.060933,7.838109,8.382385,7.457884,7.555938,7.373354,7.236991,7.717083,7.851737,7.729473
"TTC32",5.289327,5.352402,5.420688,5.011143,5.876767,6.003675,5.191341,5.308531,5.259939,4.518932,4.902858,4.748842,4.936006,5.108867,4.474082,5.097086,4.667198,4.888811,4.713222,5.032949,4.818117
"WDR35",6.256767,6.363828,6.676673,6.734,6.625838,7.077704,6.798875,6.193543,6.328263,6.121418,6.143533,6.069291,6.212609,6.188037,6.138311,6.211795,6.095723,5.82357,5.842325,6.367836,6.277025
"LDAH",7.041762,7.4551,7.139805,6.877136,7.264869,7.494658,6.739625,6.47251,7.065346,6.842648,5.775166,6.613854,6.921184,7.249985,6.755152,7.058284,6.535668,6.430047,6.644642,6.954323,6.935677
"SF3B6",7.822771,7.292938,7.197481,7.567867,6.957793,8.158482,6.733465,7.024866,6.977311,7.38735,7.463817,7.151617,8.010361,8.474626,7.339047,7.730119,7.139622,7.066394,7.474232,7.683005,7.444386
"PTRHD1",7.639128,7.703278,7.246294,7.535247,7.703146,7.12516,7.390781,7.687504,7.392178,7.226642,7.050772,7.255331,7.63515,7.938885,7.537725,7.415218,7.0851,7.368379,7.22926,7.577191,7.400325
"MPV17",8.594796,9.231975,8.947605,8.697214,8.917958,8.908992,9.037124,8.556154,9.071721,10.223724,9.973366,10.233852,10.375706,10.482588,10.572612,10.390398,10.25675,10.200994,10.503646,10.0826,10.498453
"CCDC121",6.342192,6.169329,6.036034,6.611856,6.197438,6.27532,6.201635,6.369127,6.303911,7.217674,6.92691,6.526488,6.829536,6.364284,7.106015,7.113665,7.200528,7.272253,7.142805,7.014331,6.870457
"SUPT7L",8.042446,8.848125,8.644584,8.342372,8.491815,8.853091,8.244821,7.984127,8.588766,8.837205,8.532295,8.660149,8.933613,9.219777,8.826866,8.993207,8.656426,8.569866,8.792415,8.853684,8.934807
"TRMT61B",6.810263,7.027857,7.043789,7.021421,7.098734,7.633881,7.00185,5.708065,7.022243,7.286851,6.70173,6.253685,7.270434,7.71472,7.106119,7.323644,6.983291,6.903852,7.117593,7.418791,7.37109
"MEMO1",8.276535,8.495759,8.107494,7.985867,8.433347,8.651557,7.649932,7.253661,7.989804,7.755246,7.117802,7.360477,7.87019,7.427091,7.297906,7.97899,7.162922,7.201241,7.817305,7.652388,7.98657
"NLRC4",7.790665,8.707347,7.598284,6.899336,7.908732,8.314354,7.617996,8.148579,8.702301,7.610928,7.969889,7.770134,8.072395,7.529747,7.829989,7.785433,7.29855,7.775623,8.100077,8.296097,7.612672
"EIF2AK2",9.048085,10.247367,8.87647,8.680648,9.584987,10.011513,8.975698,8.384545,9.215575,8.280884,8.613275,10.842583,8.776016,8.52151,8.618965,8.5739,9.066847,8.325199,8.950048,8.391998,9.27323
"CEBPZ",6.620765,6.578471,6.537865,6.513977,6.505081,7.354031,6.240229,6.347074,6.317528,6.347169,5.892704,5.875219,6.308395,6.450415,6.035832,6.329257,5.906876,5.824335,6.185628,6.44238,6.308753
"CYP1B1",8.211539,7.886799,7.606754,6.547556,6.879253,7.49919,7.078755,8.018512,8.458602,6.837113,7.705353,7.007541,7.683679,6.756035,7.092956,7.487712,6.47855,7.212998,7.230801,7.371288,7.380739
"ATL2",8.496294,8.463875,8.566905,8.647845,8.999184,9.276601,8.840374,7.814196,8.480937,7.042319,6.528853,6.614294,6.681755,7.392423,6.868053,7.440619,6.954398,6.75049,7.02406,7.303412,7.099081
"HNRNPLL",8.338494,7.787545,7.597651,7.462409,7.800578,8.210191,7.48166,7.402689,7.98303,6.85074,6.958311,7.431065,7.723015,7.133277,7.142162,7.410215,6.860744,6.882292,7.115925,7.391242,7.189135
"SRSF7",9.521374,9.48672,9.524011,9.445975,9.184471,9.761257,9.546954,8.564892,9.262568,8.965434,8.623116,8.73594,9.038682,9.414601,9.036887,9.271447,8.897459,8.763265,9.082646,9.315354,9.10053
"SOS1",8.94349,9.515507,9.312899,9.061241,9.332115,9.809965,9.111431,8.463205,9.302704,9.379148,9.422522,9.458032,9.489117,9.549702,9.450699,9.465636,9.545362,9.216709,9.482805,9.399564,9.687265
"THUMPD2",6.836082,7.180201,7.006276,6.890333,7.176171,7.257544,6.917276,6.43948,6.802656,6.178438,6.21203,5.940155,6.727804,7.093478,6.33055,6.694606,6.457541,6.160595,6.8085,6.827941,6.975431
"SLC8A1",8.10599,8.318663,7.695585,7.534031,8.408087,8.813006,8.197267,8.087188,8.880388,7.449962,7.984492,8.034443,7.576398,7.537544,7.766793,7.448087,7.490388,7.614755,7.743193,8.182035,7.709548
"OXER1",7.69368,7.187699,7.620126,7.18064,7.435926,7.291898,7.595057,8.002984,7.670833,7.905354,8.63785,8.381901,8.073482,7.973244,8.089774,8.157238,8.312723,8.161163,8.188843,8.060886,8.186073
"ZFP36L2",9.954416,10.238065,10.339899,9.873155,10.187406,10.151142,10.032528,10.289169,10.237647,11.248956,11.662428,11.8491,11.384415,11.309873,11.578757,11.453032,11.402384,11.468018,11.295664,11.440133,11.49242
"LRPPRC",8.833117,9.410709,9.301178,9.381067,9.373475,9.895793,9.232539,8.591961,9.201579,8.241701,7.423007,7.78886,7.994,8.655601,8.118813,8.30998,7.949213,7.810597,8.06587,8.108858,8.47978
"PREPL",8.322401,9.087699,9.093265,9.060577,9.133869,9.60467,8.810186,8.485659,8.98733,8.216057,8.03669,7.923283,8.159608,8.57088,8.123601,8.272964,8.208825,7.815682,8.402483,8.180702,8.691991
"PIGF",6.944958,7.725265,7.023088,7.556368,7.839842,8.392169,6.364349,5.823347,7.207138,8.624936,8.152981,7.887232,8.695779,9.066387,7.841096,8.189916,8.388475,7.851889,8.649052,8.937605,9.349192
"CALM2",9.973259,9.521152,9.702293,10.066264,10.021282,10.510575,9.57682,9.545767,9.130685,9.298023,9.413408,9.343971,9.671222,9.727013,9.55424,9.709475,9.358537,9.213294,9.603964,9.585261,8.861791
"FBXO11",9.420267,9.462974,9.626234,9.564258,9.767402,10.119209,9.543065,9.199649,9.5663,8.302344,8.353999,8.223693,8.491665,8.605759,8.262142,8.381098,8.186082,8.17029,8.351861,8.69313,8.577499
"PSME4",9.034289,9.304454,9.211048,8.960647,9.451684,9.600569,9.20866,8.387352,9.148329,8.55872,8.550632,8.547831,8.630847,8.654462,8.591097,8.864557,8.588394,8.357904,8.57886,8.851533,9.149657
"CLHC1",4.451511,5.801908,5.253822,4.989675,5.748811,6.162229,5.121868,4.473381,4.946223,5.031681,4.75955,5.016171,5.070679,4.922024,4.705378,4.863989,5.277995,4.533872,4.845822,5.515462,4.92947
"MTIF2",6.5625,7.27654,7.01414,6.951844,7.275351,7.7072,6.977165,6.22532,6.96097,6.390816,5.93918,6.263933,6.437608,6.682292,6.499453,6.329029,6.304902,6.044361,6.476738,6.645898,6.369388
"CCDC88A",7.80911,8.366693,7.550541,7.459094,8.300299,7.97716,7.6173,7.253388,8.05015,7.597819,7.051987,7.370289,7.85884,7.743262,7.469732,7.695224,7.301905,7.335563,7.732659,8.118787,7.640632
"PNPT1",7.593977,8.457616,8.210652,7.925548,8.257255,8.831341,8.259983,7.261577,7.840351,7.012886,6.522058,8.587295,7.260043,7.299922,6.903188,7.193286,6.743354,6.745523,7.381913,7.22008,7.622422
"FANCL",5.397459,6.68869,5.564054,5.827003,6.736053,6.386435,6.420121,4.612122,5.668327,5.460236,5.401998,6.231069,6.038816,6.011213,5.964102,5.655961,5.61735,5.581635,5.820976,6.033114,6.151657
"BCL11A",7.8662,8.766429,8.739109,8.680442,8.486962,8.533157,8.700694,8.083906,8.283837,8.349423,8.117574,8.760476,8.638596,8.708396,8.475606,8.67957,8.756059,8.569654,8.720796,8.826976,8.915343
"PUS10",6.519868,7.398622,6.836516,6.855086,7.022702,7.496143,7.104724,6.262359,6.603412,6.661307,5.872405,6.426851,6.476062,6.78741,6.486542,6.310542,6.555217,6.278232,6.644267,6.854852,6.854852
"USP34",9.810404,10.212295,10.20482,9.835718,10.020866,10.608234,10.065334,9.410461,10.244544,9.420284,9.386129,9.24368,9.137171,9.436971,9.371835,9.502352,9.418441,9.112038,9.447466,9.702002,9.801282
"SNORA70B",6.411575,6.966182,7.053041,6.98266,7.004889,7.582914,7.130369,6.785792,7.118997,6.775739,6.568323,6.085366,6.081844,6.302534,6.594188,6.614196,6.311613,5.918022,6.081844,6.332672,6.992999
"XPO1",9.21206,9.88424,9.382825,9.524204,9.691874,10.143831,9.343007,8.757728,9.474768,8.133314,7.913309,8.069771,8.482088,8.791504,8.391227,8.515603,8.154597,8.130524,8.638289,8.67555,9.04701
"CCT4",8.529594,8.975904,8.743294,8.791632,8.844886,8.830733,8.841224,8.077898,8.603485,7.980267,7.612442,7.590302,8.099584,8.422912,8.030444,8.084024,7.735076,7.784478,8.014283,8.285098,7.965295
"VPS54",6.700679,7.303378,6.925201,6.938696,7.11093,7.478032,6.800465,6.169011,6.935011,6.250457,6.049836,6.379778,6.38315,6.462263,6.350755,6.54146,6.230956,6.279405,6.203082,6.545811,6.835532
"PELI1",10.609143,10.138218,10.195644,9.724202,10.781048,10.859443,10.094886,10.215994,10.528449,9.667277,10.557571,10.470363,9.964128,9.759409,10.236188,10.462978,9.877513,9.778472,9.888779,10.056301,10.228386
"RAB1A",9.822909,9.940888,9.964956,9.633274,9.858183,10.260157,9.713769,9.154724,10.114008,8.672814,8.670785,8.789701,9.007956,8.665274,8.745413,9.1606,8.365178,8.299846,8.886705,9.060565,8.775223
"PPP3R1",9.866183,10.262899,10.229794,9.853584,10.513952,10.309355,10.110468,9.721695,10.334298,9.355004,9.504507,9.100169,9.319873,9.069571,9.033093,9.522148,9.14193,9.020193,9.305635,9.644246,9.401318
"AAK1",8.508465,9.323564,9.506388,9.070474,8.981346,9.695931,8.359366,8.44699,9.30575,9.133758,8.503784,8.739811,8.425433,9.012555,8.932955,8.921772,8.718534,8.837206,8.913747,8.763145,9.170311
"TIA1",9.636244,9.850419,10.023622,9.875555,10.097143,10.279801,9.971565,9.236238,9.821461,9.442659,9.104402,9.117036,9.356339,9.725958,9.444751,9.483747,9.47433,9.277267,9.420227,9.721828,9.713454
"ADD2",6.18645,6.668861,6.817428,6.607334,6.647242,6.434998,6.613445,6.593273,6.44048,7.293172,7.048072,7.350226,7.051033,7.466847,6.941723,7.337677,7.444033,7.258873,7.747157,7.325312,7.251442
"CLEC4F",6.524481,6.656382,6.724683,6.796955,6.761135,6.328608,7.342615,6.694166,6.500572,6.652672,6.635754,6.69765,6.260496,6.692365,6.677352,6.887787,7.243544,7.094959,6.851934,6.867253,6.780262
"EGR4",7.469652,7.126612,7.231571,7.144807,7.093502,6.83204,7.664762,8.003374,7.341442,6.799315,6.521832,6.673439,6.824156,6.777968,6.881578,6.571832,6.760704,6.892328,7.184962,6.492376,6.530561
"NAT8",5.314828,5.293918,5.348666,5.830473,5.401313,5.391345,5.170949,5.936969,5.447084,6.316177,6.108306,6.319995,5.961316,5.696883,6.052856,6.09502,6.046504,6.297059,6.028059,6.020023,5.791711
"TPRKB",5.609605,6.430197,6.220302,5.802748,5.497629,6.471624,6.904742,5.412185,6.126534,5.390745,5.573059,5.720477,5.917456,5.968608,5.77402,5.91926,5.537236,5.597389,5.735451,6.205988,5.643758
"DUSP11",9.816033,9.746391,9.84062,9.764633,9.819951,9.943886,9.623714,9.404258,9.594479,10.575757,10.313424,10.209152,10.526195,10.799457,10.507426,10.510206,10.494445,10.506315,10.515717,10.653557,10.539706
"MOB1A",11.396951,11.39858,11.35289,11.205945,11.519843,11.642026,11.277671,11.140884,11.566653,10.177614,10.050666,10.119679,10.48097,10.098268,10.313493,10.379956,10.208465,9.901223,10.370438,10.213808,10.387667
"MRPL53",8.7554,8.599482,8.345217,8.285627,8.414259,8.19608,8.128019,8.312374,8.258059,8.901621,8.988564,8.883866,9.589871,9.622502,9.17691,9.349986,8.933543,8.987144,9.152117,9.029814,9.123549
"LBX2",7.920945,7.641679,7.685473,7.33211,7.506342,6.983569,7.874921,7.69951,7.429866,6.957345,6.984845,6.976151,6.971118,7.137331,7.067231,6.871479,7.028697,7.235357,6.871212,6.897424,6.975368
"AUP1",8.627937,8.870028,8.723751,8.386777,8.677131,8.688035,8.886154,8.335828,8.88002,9.493666,9.41969,9.584991,9.730368,9.784931,9.750121,9.646622,9.537417,9.51106,9.633199,9.758071,9.793526
"GCFC2",6.294874,6.635234,6.536816,6.8663,6.701421,6.950119,6.720914,5.772886,5.898115,6.897659,6.238284,6.672883,7.114763,7.406587,6.863028,6.989858,6.739871,6.580413,6.922712,6.999794,7.034897
"CAPG",8.638768,9.609368,8.634867,8.18631,8.759866,8.105321,8.868956,8.844347,8.877001,8.193834,8.450783,8.198534,8.582584,8.279277,8.584715,8.596351,8.270001,8.15657,8.561264,8.250093,8.448616
"CD8A",8.440233,8.22264,8.69342,8.587252,8.346769,8.784079,8.745567,8.460937,8.658807,9.69266,9.617927,10.012933,10.141249,10.308945,10.36953,10.013948,9.940749,10.298464,10.024223,9.811553,9.512796
"KRCC1",6.9337,7.055833,6.649789,6.933551,7.3817,7.768038,6.56375,6.361429,6.658754,6.859689,6.855179,6.914609,7.578523,7.719187,6.929332,7.508068,6.843887,7.103072,7.415435,7.339221,7.090731
"LOC105374857",5.243978,4.808671,4.988565,5.227558,4.54354,4.63319,5.307927,5.272035,4.945948,5.570075,5.441399,5.072702,4.75731,5.347511,5.424485,5.047839,5.522724,5.406925,5.45793,5.022898,4.798963
"UBTFL1",6.322166,5.213643,5.628077,6.754958,5.746261,4.325036,3.980148,6.201673,4.906973,7.161161,6.981064,7.009707,6.814679,6.3642,6.982714,6.376553,7.287424,6.978058,6.772523,6.816636,6.955785
"ANKRD36C",8.372964,8.520455,8.139114,8.434946,8.511308,9.310927,8.118198,7.71793,7.993446,7.996679,7.587538,7.696371,8.481049,8.058868,8.065289,8.122039,8.124504,7.851861,8.214488,8.376249,8.604206
"TMEM127",9.430149,9.938932,9.819321,9.267589,9.879858,9.528255,9.601605,9.579136,10.084355,10.062324,10.855628,10.660115,10.526502,10.082231,10.489102,10.552548,10.346166,10.23798,10.399442,10.11209,10.393661
"SEMA4C",6.683687,6.718405,6.732501,6.781035,6.896003,6.388728,6.82276,6.471009,6.978683,7.551758,7.076156,7.203266,7.457433,7.197435,7.582295,7.445702,7.690468,7.294076,7.446643,7.484606,7.455376
"ANKRD36B",8.110439,8.318727,8.447623,8.340211,8.636096,9.056198,8.488186,7.762132,8.317306,8.262527,8.111151,8.154641,8.541097,8.04903,8.087922,8.558995,8.347539,8.196276,8.347267,8.964374,8.786336
"MGAT4A",9.3982,9.372193,9.939306,9.620251,9.776247,10.095479,9.634336,8.89252,9.416125,9.370384,9.150503,8.840187,9.355895,9.852309,9.294355,9.583147,9.424531,9.416539,9.458053,9.388133,9.776373
"MITD1",6.752823,6.673708,6.788044,6.60459,6.766145,7.488102,5.993515,5.617677,6.600331,6.012202,6.049883,5.854325,6.559633,6.605339,6.170749,6.657872,6.183139,5.710653,6.307728,6.18898,6.184172
"TXNDC9",6.498931,6.974717,6.304419,6.562899,6.797491,7.22904,6.674357,5.55119,6.392354,6.168513,5.672478,6.25423,6.773918,7.203645,6.188638,6.527556,6.182603,6.112003,6.237277,6.557547,6.552386
"REV1",7.63387,8.085227,7.937427,7.707254,7.837299,8.200257,7.771212,7.19247,7.972112,7.19733,7.087196,6.964329,7.19725,7.646714,7.413981,7.461604,7.061547,6.912839,7.186057,7.520599,7.58111
"AFF3",7.619559,8.493634,8.54292,8.488895,8.208211,8.571791,8.653095,8.013822,8.072243,8.344908,7.891676,8.752617,7.778138,8.31957,8.235889,8.500462,8.661599,8.201286,8.444926,8.761214,8.511445
"RNF149",10.989146,10.405126,10.633549,10.119768,10.831834,11.021338,10.675676,10.869237,11.258164,10.155802,10.498735,10.250902,10.496579,9.906965,10.084447,10.281701,9.989593,9.804873,10.149274,10.324858,10.197772
"TGFBRAP1",7.623343,8.062909,8.261338,7.658003,7.820269,7.840883,7.954589,7.539661,8.18143,8.270701,7.894273,8.334161,8.134695,8.467386,8.347614,8.315448,8.369424,8.325482,8.35511,8.39379,8.424603
"MTLN",5.055684,4.452984,4.85499,4.651878,4.668503,4.263395,5.109045,4.656997,4.330513,4.105466,5.015759,4.518095,5.197016,5.072143,4.805451,4.81148,5.515328,4.699546,4.577863,5.63669,4.516755
"BUB1",5.449535,7.091695,5.442457,5.142364,5.49044,5.440136,5.859769,5.743374,5.466445,6.675874,5.592775,5.833071,6.218216,5.722087,5.779024,5.484734,5.648978,5.690887,6.210005,5.927594,5.899909
"IL1B",8.303429,8.657569,7.841443,7.273801,8.599662,8.610135,8.25783,8.793654,8.953578,8.531816,9.340526,8.81559,9.201748,8.274486,8.693326,8.764795,8.233193,8.357084,8.444446,8.577148,8.282195
"TMEM185B",7.884141,8.128998,8.125333,7.786814,7.889056,7.960982,8.012854,8.30416,8.324212,8.665356,8.858302,9.195759,8.993266,8.71193,8.865308,8.760431,8.839618,8.538446,8.843361,8.656865,8.653593
"MAP3K2",9.614633,9.572086,9.414358,8.58694,9.399292,9.768989,9.120958,9.15551,9.69954,8.660065,9.29005,8.631817,9.181252,8.794499,8.899462,9.167962,8.770984,8.309749,9.013099,9.304791,9.043842
"SAP130",8.269384,8.933655,8.976842,8.557075,8.850904,9.036278,8.623095,8.532263,9.304024,9.173051,9.602353,9.581255,9.181964,9.116686,9.425177,9.317133,9.350441,9.151967,9.322339,9.061471,9.488603
"SMPD4",7.861,8.388926,8.29483,7.678539,8.023588,8.162707,7.786499,7.798786,7.912769,8.527158,8.32463,8.414788,8.557432,8.702415,8.752693,8.596236,8.504184,8.472675,8.600932,8.2605,8.688259
"CDRT15P3",9.080579,8.637112,8.98774,9.120236,8.982479,8.651456,8.567619,9.416937,8.82283,8.761688,8.74767,8.496155,8.904322,8.396314,8.634392,8.689899,8.942019,8.827027,8.661706,8.549752,8.617874
"MCM6",7.005261,8.493104,7.48818,7.370243,7.581407,7.752804,7.372199,6.93753,7.593916,6.880041,6.674723,6.578128,6.956061,7.006279,6.867185,6.476189,6.619766,6.535996,6.900765,6.903047,6.866466
"DARS1",9.444083,9.571434,9.471231,9.570993,9.67019,9.998822,9.489857,9.241715,9.375081,9.000268,8.527893,8.834885,9.192857,9.406704,9.028974,9.137154,8.679793,8.889261,9.22513,9.146163,9.039678
"YWHAE",9.173811,10.182358,9.575456,9.554167,9.921268,9.842867,9.304826,9.085643,9.712889,10.35256,9.882159,10.015529,10.549871,10.476029,10.232497,10.365189,9.946302,9.863886,10.286597,10.196753,9.817647
"ZEB2",9.579208,10.06424,9.52825,8.888824,9.588847,9.675522,9.803733,9.339435,9.892393,9.721968,9.916076,10.597969,10.184777,9.784198,10.479709,10.177614,9.86295,9.963141,10.264404,10.208217,10.277606
"ORC4",7.820595,7.853415,7.876985,7.831249,8.12985,8.71211,7.743898,7.377552,7.688828,7.341173,7.02312,6.96326,7.677209,7.969219,7.176033,7.58682,7.390296,7.105944,7.259578,7.70979,7.840338
"MMADHC",8.79843,9.220147,9.094597,9.270867,9.318786,9.739712,8.926545,8.541888,9.014003,9.034544,8.754207,8.460231,9.197772,9.400328,8.753485,8.929642,8.89925,8.506673,8.943642,9.028985,9.108456
"NMI",8.72858,8.684495,8.07576,8.01148,8.925726,9.603854,8.223178,7.800792,8.969983,8.03602,8.373014,8.822337,8.347862,8.040699,8.30403,8.591105,8.059536,7.657708,8.25723,8.354817,8.224236
"ARL5A",8.492777,9.008501,8.650485,8.711158,8.77169,8.654484,8.611539,8.394988,8.63932,8.319447,8.044081,7.825699,8.57785,8.519819,8.141044,8.399052,8.013775,7.961996,8.288558,8.438103,8.444869
"CACNB4",7.160551,5.958611,6.403975,6.479829,6.862984,6.55115,6.50927,6.248184,5.912305,5.662499,6.770242,6.481427,6.051037,6.160035,6.12683,6.411643,6.026736,6.395973,5.871931,5.886174,6.207729
"STAM2",8.295897,8.57564,8.093473,8.001221,8.434895,9.000514,8.138802,7.421362,8.279698,8.407958,8.643237,8.697987,8.943263,8.929039,8.614651,8.861303,8.718252,8.459301,8.787681,8.994486,8.973393
"PRPF40A",8.739808,8.9914,8.648006,8.493556,8.769784,9.192458,8.61861,8.142333,8.686192,7.99662,7.617573,7.602345,8.607544,8.602896,8.058931,8.465963,7.920891,7.576673,7.911751,8.321642,7.945888
"BAZ2B",9.652939,9.219548,9.042899,8.2999,9.396483,10.000921,8.691057,9.038269,9.319644,8.287866,9.422762,9.104332,8.682069,8.488806,8.961663,8.93227,8.482005,8.644967,8.945508,9.008718,9.000581
"IFIH1",7.433367,8.417994,7.204275,6.787034,8.189223,8.402417,7.379661,6.763669,7.716602,6.948162,7.258201,9.301789,7.622946,7.438586,7.223991,7.428604,7.48718,6.955237,7.306496,7.478316,7.765354
"COBLL1",6.680924,7.676787,7.011248,7.850481,7.53751,7.920696,7.91573,7.000406,6.896865,7.657458,6.619261,7.48558,6.997344,7.619357,7.099085,7.311761,7.628885,7.224578,8.127365,7.416005,7.719833
"SCN3A",5.293868,6.226449,5.970025,6.582538,5.507679,6.785293,5.630705,5.792104,5.493122,5.90947,4.8602,5.686794,5.280195,5.183101,5.651971,5.361318,5.69322,5.452517,5.726727,5.322984,5.72204
"GALNT3",7.052211,7.369899,7.024805,6.874326,7.288939,7.957539,7.201641,6.691008,7.602659,6.226002,6.885172,6.673564,6.919661,6.32239,6.358461,6.499938,6.327358,6.082112,6.309307,6.566759,6.899066
"TTC21B",7.179679,7.712135,7.802757,7.81509,7.641374,8.138045,7.662448,6.650876,7.557051,7.236994,6.95992,6.818989,7.415491,7.664858,7.143237,7.50715,7.283928,6.974148,7.237941,7.4685,7.708558
"FASTKD1",7.061398,7.704055,7.221282,7.293877,7.407556,8.103289,7.288707,6.277302,7.195721,6.11368,5.865406,5.769729,6.83444,7.195879,6.373782,6.626716,6.245474,6.454761,6.605802,6.88124,6.997878
"METTL5",8.419478,8.682644,8.255439,8.689724,8.546906,8.79823,8.23377,8.168314,8.092896,7.854757,7.644756,7.727584,8.174992,8.489197,7.776558,7.955076,8.023733,7.980568,8.12905,8.18347,8.398695
"TLK1",8.6014,9.015628,9.280356,8.939063,9.327447,9.581914,8.760486,8.130484,8.979735,9.510575,9.166429,9.019796,9.29902,9.498748,9.108073,9.509962,9.153108,9.099859,9.367623,9.409944,9.5925
"CIR1",7.354359,7.002115,6.943356,6.493303,6.941509,7.354738,6.307224,6.651927,6.826504,6.484101,7.018152,6.804878,7.107642,6.432315,6.87068,7.261556,6.536993,6.368782,6.745842,7.085026,6.446214
"GPR155",9.3111,9.082057,9.103047,9.053382,9.539853,9.766159,8.910531,9.146892,9.630385,8.768128,8.483532,9.105252,8.780042,8.705569,8.906871,8.519515,8.547432,8.352276,8.850692,8.863039,8.900805
"LNPK",8.273068,8.424827,8.033269,8.095831,8.360808,8.701145,8.096825,7.470652,8.068833,8.485967,8.178747,7.935616,8.681685,8.878943,8.104064,8.424423,8.264804,8.429293,8.612474,8.39655,8.493952
"NFE2L2",9.149383,9.437987,9.245375,9.104609,9.413057,9.393499,9.116215,9.353154,9.556595,8.64503,8.741733,8.707668,9.102918,9.036226,8.827191,8.89839,8.696779,8.55254,8.892745,8.929446,8.923472
"PRKRA",8.57237,8.682357,8.899648,8.644019,8.679638,8.970863,8.729614,8.212734,8.58346,7.604038,7.107413,7.479124,7.79436,7.857025,7.653116,7.612998,7.596921,7.394218,7.404622,7.771239,7.648613
"TTN",7.425504,7.772544,8.42531,7.572938,7.650664,8.666536,7.751044,7.421376,7.605424,7.118425,7.091935,7.286777,6.38334,7.370652,7.14912,7.168155,7.260096,7.173578,7.222726,7.860477,7.375063
"CCDC141",6.981702,7.17112,7.710818,7.055194,7.134896,7.934652,7.114119,6.848618,7.057487,6.515612,6.413623,6.467321,6.040923,6.795878,6.45939,6.515907,6.378913,6.488541,6.546451,7.128949,6.714473
"SESTD1",7.386779,8.478558,8.148731,8.344909,8.652914,8.7676,8.39043,7.775063,8.327317,7.593446,7.219942,7.936843,7.598206,7.743371,7.498315,7.764374,7.415462,7.192787,7.311518,7.910592,7.910367
"CWC22",7.82513,7.972136,8.007628,8.017194,8.187307,8.70713,7.961686,7.582855,7.768322,7.482217,7.100255,6.866498,7.642305,7.709242,7.347568,7.552667,7.397284,7.160431,7.495775,7.581063,7.618311
"CALCRL",4.559116,5.66792,5.021903,4.990482,4.655963,5.283827,4.961045,4.557111,4.953559,4.770908,4.607164,5.014383,5.184087,5.066463,4.916776,5.171047,4.999266,4.694898,5.054443,5.304169,5.219521
"SLC40A1",9.406953,9.222912,9.229895,8.845112,9.698543,9.329665,8.869413,9.185622,10.001394,8.560383,9.106745,8.472227,9.088109,8.144309,8.28545,8.926913,8.319363,8.415928,8.748675,9.10414,9.28568
"ORMDL1",8.995043,9.237432,9.167081,8.943524,9.064565,9.662766,8.7987,8.32324,8.930044,8.223347,7.912284,7.937825,8.712141,8.815361,8.773769,8.53086,8.389776,8.282439,8.520755,8.76686,8.880718
"HIBCH",7.598708,8.058623,7.833889,7.755059,7.873107,8.228347,7.982731,6.827349,7.681282,7.874168,7.075153,7.213079,7.655332,7.943812,7.530966,7.809942,7.819935,7.267024,7.821859,7.866093,7.747836
"STAT1",10.509213,11.376978,10.667974,10.670929,11.256702,11.547304,10.577694,10.315482,11.620537,9.858762,10.320969,11.48735,10.465963,10.162798,10.52127,10.274379,10.561001,10.312178,10.074374,10.325863,10.524029
"GTF3C3",7.826943,8.463683,7.910758,8.131321,8.190751,8.297978,8.09764,7.415261,7.89756,7.089078,6.512953,6.85472,7.383301,7.592999,7.452381,7.30106,6.817875,6.763071,7.132009,7.244746,7.238695
"PGAP1",6.246997,6.995491,6.623318,6.351997,6.353311,7.202823,6.254639,5.464159,6.132841,6.399786,5.983053,6.703239,6.340275,6.888262,6.144973,6.047454,6.084285,5.915942,6.280251,6.147649,6.872606
"HSPD1",9.058255,9.373874,9.191979,9.145771,8.97979,9.234824,8.848783,8.899507,8.719553,8.391604,8.217594,7.946613,8.514415,8.7013,8.348566,8.478396,8.250961,8.065204,8.425126,8.497538,8.082172
"TYW5",6.540364,7.136177,6.977674,6.839113,7.117894,7.348398,6.76847,6.230578,6.710265,6.377952,6.334954,6.38577,6.819885,6.981544,6.782333,6.627851,6.178158,6.453862,6.507968,6.800248,6.869815
"PPIL3",7.211,7.385099,7.379919,7.293546,7.390078,8.056725,7.097017,6.823317,7.301583,6.622881,6.728781,6.672781,7.339572,8.318455,7.242073,7.335178,7.290658,7.088955,7.388773,7.063142,7.368579
"ORC2",8.489577,8.756679,8.831244,8.558479,8.733104,8.824638,8.538145,7.908981,8.647643,7.901542,7.545246,7.89348,7.957658,8.405951,8.096232,8.166658,8.006551,7.844518,8.107879,8.243026,8.360003
"FAM126B",9.916994,10.139905,10.199765,9.709316,10.318753,10.533837,10.281685,10.350806,10.589775,9.652119,10.141408,9.274119,9.824111,9.581559,9.475476,9.617507,9.592021,9.327969,9.693113,9.909687,9.661279
"FLACC1",7.273316,7.755251,7.229419,7.389382,7.438869,7.264851,6.842992,6.58145,7.376577,7.317608,8.061487,7.305759,8.183011,7.534968,7.724659,8.175581,7.814663,7.496362,7.875809,7.967019,7.770163
"SUMO1",9.884021,9.576181,9.42916,10.178903,9.992164,10.443303,9.452142,8.932657,9.330437,7.357418,7.875676,7.037576,8.441333,8.797901,7.846304,8.249437,7.632377,7.445592,7.943182,8.00605,7.237741
"INO80D",9.020495,9.318464,9.298731,9.077633,9.052988,9.373315,9.193689,8.957673,9.359163,9.662194,9.627016,9.859669,9.498874,9.80389,9.738437,9.835755,9.75562,9.555381,9.792062,9.619146,9.884154
"NDUFS1",8.356996,8.790681,8.764585,8.503886,8.840395,8.746286,8.532911,8.285913,8.741515,7.7246,7.559553,7.78424,7.883707,7.836464,7.976561,7.77999,7.714844,7.763998,7.912394,8.119396,8.020362
"KLF7",8.793059,8.673344,8.911801,8.364801,8.773348,9.078618,8.753627,8.808498,8.898487,9.8123,10.532608,9.978138,10.150813,10.023184,9.98999,10.140068,9.81707,9.99664,10.073733,9.608283,10.158493
"PLEKHM3",8.120216,8.003712,7.998932,7.724016,8.107109,8.426798,7.530374,7.823848,8.52915,7.49039,7.660523,7.20957,7.336283,7.321943,7.35499,7.298121,7.236435,6.911684,7.387721,7.30413,7.430033
"IKZF2",7.907204,8.288354,8.672732,8.185221,8.202662,8.359931,8.364282,7.529877,8.163432,8.649975,8.189637,8.374572,8.613505,8.74588,8.833174,8.709364,8.461961,8.280869,8.389061,8.698258,8.900755
"BARD1",7.045265,7.781407,7.262996,6.997816,7.776017,7.7591,7.233338,6.47617,6.872194,6.771831,6.084958,6.641616,6.972371,7.006417,6.779738,6.814449,6.227924,6.24224,6.545924,7.167864,7.315741
"CXCR1",11.350188,11.033296,10.852978,9.749722,11.082264,11.224619,10.665906,11.452353,11.60701,11.31132,12.08319,11.643956,11.481866,10.906777,11.415577,11.53682,11.378488,11.211204,11.418643,11.50578,11.378011
"TMBIM1",10.215469,10.338529,10.274006,10.022399,10.180848,10.014507,10.136228,10.333717,10.23922,11.306179,11.314988,11.373185,11.093848,10.869875,11.256349,11.167414,10.968503,11.021053,11.117152,11.142159,11.090846
"FEV",7.741047,7.435212,7.803042,7.396872,7.426955,7.217446,7.794484,8.123426,7.436191,6.971069,6.946056,6.933616,7.160907,6.675249,6.972233,6.942882,6.868965,7.09847,6.926588,6.943976,6.799513
"MIR375",8.310258,8.030743,8.048831,7.642872,7.751003,7.717844,8.038486,8.397023,7.879429,7.147072,7.565729,7.662911,7.434958,7.239107,7.425607,7.652172,7.687426,7.833446,7.343764,7.560394,7.345629
"CNPPD1",8.279047,8.324503,8.367646,8.069636,8.286772,8.131936,8.548485,8.165364,8.323424,9.729738,9.727572,9.523468,9.545264,9.452283,9.527647,9.789969,9.718999,9.518891,9.398441,9.6332,9.749685
"TUBA4A",9.485963,9.336993,9.739726,9.35014,9.536068,9.198567,9.850622,9.739327,9.716584,10.739663,10.859298,10.357641,10.809349,10.599725,10.527885,10.791763,10.47696,10.702717,10.668684,10.883336,10.614657
"FARSB",7.959911,8.768294,8.52425,8.3424,8.42657,8.537391,8.081287,7.580489,8.038926,8.48047,7.99132,8.169618,8.635054,8.81558,8.461214,8.647481,8.35491,8.34488,8.646259,8.54799,8.629388
"AP1S3",5.347121,5.636157,5.360275,5.220811,5.469717,5.385575,5.344113,4.936092,5.53358,5.719291,5.574467,6.098167,5.827775,5.734948,5.729063,5.536753,6.058987,5.443344,5.61294,6.662164,6.143273
"TRIP12",10.353009,10.666973,10.609872,10.174252,10.620968,10.869723,10.519208,10.021555,10.694989,9.304118,9.638616,9.836794,9.60406,9.386763,9.641207,9.687848,9.457036,9.423279,9.63366,9.941058,9.939899
"NCL",9.533185,9.758137,9.76869,9.630312,9.718607,10.07008,9.461143,8.915197,9.795401,9.282752,8.541796,8.961154,9.075548,9.123958,9.195381,9.233064,9.209566,8.981649,9.303737,9.364684,8.814092
"SNORA75",7.031942,7.196662,7.240383,6.636703,6.775626,7.65098,6.702669,5.978743,7.069438,7.735525,6.786386,7.509549,7.233648,7.632865,7.653505,7.930522,7.743669,7.319127,7.76303,8.194969,7.948116
"SNORD20",4.315565,4.477591,4.36696,3.790866,4.261111,4.774047,3.79799,3.308127,4.323482,3.891348,3.558286,3.942031,3.989949,3.882732,4.020845,4.187936,3.80151,3.621077,4.302323,4.6698,4.74395
"SNORD82",4.502243,4.5521,4.598325,4.464865,4.927587,5.288773,4.449005,4.133053,4.517006,5.307463,4.893924,4.616067,5.137714,6.221848,5.305151,5.217155,4.778043,5.301485,4.852647,5.79621,5.099052
"MSL3P1",5.439548,6.902987,5.620316,6.153677,7.201345,6.673349,6.294632,6.318144,6.945509,7.123067,6.349028,6.190441,6.873387,6.760877,6.379902,6.463227,6.459102,6.242954,7.146769,6.373307,6.732491
"LOC93463",6.0434,5.87914,6.263348,6.76961,6.268311,6.216279,6.278487,6.477302,6.048018,6.485819,6.976582,6.648951,5.996946,6.458181,6.398622,6.100101,6.762336,6.802357,6.590752,6.236943,6.277409
"OR6B2",4.690204,4.05895,5.030558,4.706464,4.606458,4.622977,4.696228,5.61351,5.431345,5.64751,4.944841,5.401672,4.36885,4.874847,5.078064,4.626628,4.858679,5.12354,5.128901,4.288023,4.302175
"PRR21",7.111978,6.875786,7.019463,7.473676,6.783208,7.118595,6.973237,7.89225,6.941247,7.55848,7.695515,7.406239,6.980349,7.412213,7.479603,6.913972,7.564409,7.604597,7.261418,6.957398,7.17937
"DEFB129",5.286694,4.800129,5.1047,5.247312,4.991297,4.895611,5.473889,5.689263,5.102779,5.660836,5.366063,5.619793,5.395153,4.87656,5.543674,5.222212,5.670131,5.3884,5.448656,5.550809,5.040112
"RBCK1",8.181701,8.465203,8.375527,8.003916,8.249955,8.416998,8.274059,8.233611,8.45498,8.755598,9.485826,9.869242,9.356782,8.909092,9.236838,9.212592,9.135409,9.148716,8.960654,9.099011,9.338172
"PSMF1",10.025325,10.808395,10.862563,10.470931,11.17585,10.35318,11.027858,10.346036,10.687274,11.60202,11.93273,11.625141,11.717059,11.029735,11.679364,11.545032,11.672461,11.637555,11.503966,11.343147,11.829009
"AP5S1",7.17099,7.068994,7.051402,6.955399,7.02651,6.787965,7.161095,7.124125,7.02014,7.682479,7.697937,8.035131,7.929518,7.836898,7.852711,7.848262,7.629872,7.927275,7.745114,7.78606,7.951658
"MIR103A2",6.454804,6.301304,6.42545,6.09547,6.498746,6.760018,6.473439,5.893282,6.595505,5.625151,5.967989,6.159066,5.350358,5.434726,5.862061,5.809495,5.42946,5.363154,5.261877,6.110353,5.635546
"SMOX",7.341887,7.357394,7.695106,7.537066,8.112816,7.47683,8.372955,7.55173,7.806533,8.419054,7.821882,7.733554,8.137751,7.39581,8.052476,7.564259,8.508176,7.800924,7.984066,7.926965,8.026279
"CDS2",9.480288,9.429819,9.482302,8.956639,9.313697,9.453118,9.18502,9.244496,9.782928,9.639366,10.105854,9.753056,10.066878,9.674442,9.98554,10.228231,9.965829,9.803134,9.881152,10.224421,9.904898
"SNRPB2",8.410688,8.572594,8.354685,8.576888,8.508574,9.045305,8.091523,8.193152,8.170035,8.771526,7.884179,8.183415,9.109372,9.045504,8.130793,8.777109,8.831899,8.262718,8.864664,8.634346,8.546722
"DSTN",7.153981,7.496942,7.343499,7.347284,7.517214,7.448854,6.948599,6.845081,7.28015,6.794453,6.891229,6.590629,7.647943,6.849769,7.046547,7.214449,6.524616,6.784662,7.172738,7.287949,7.032509
"RIN2",7.55606,8.054571,7.199384,7.174036,7.842231,7.056737,7.628526,7.514,8.023264,7.205504,7.552439,9.010498,7.865771,7.338639,7.667931,7.509726,7.177501,7.52192,7.565989,7.848604,7.642319
"XRN2",8.884244,9.285071,9.156534,8.75078,9.456535,9.606201,8.914928,8.74485,9.4688,8.229256,8.201407,8.183588,8.361032,8.217509,8.528083,8.567634,8.109297,7.870156,8.517982,8.370282,8.309531
"CST7",9.848771,10.065611,9.125019,9.436983,9.115314,9.349778,10.069339,10.262489,10.441239,10.423369,10.926757,10.458557,11.532312,10.42711,11.275487,10.295284,10.622799,10.565714,10.774828,10.318577,10.828253
"LOC100134868",6.344626,6.622964,6.586914,7.397344,6.750085,6.464795,6.886691,6.790658,6.926652,6.896647,7.429458,7.268211,6.463969,7.276045,7.408823,6.791383,7.205967,6.979793,7.100322,6.904165,6.851803
"DEFB115",5.732465,5.367263,5.846488,5.938409,5.753164,5.59682,5.6337,6.452065,5.890342,6.489244,6.283704,5.906813,5.577582,6.02027,6.032661,5.693418,5.881597,5.989142,5.81319,5.640265,5.548155
"HCK",10.28993,10.47781,10.256553,9.343526,10.510897,10.293775,10.234024,10.655527,10.813243,10.101641,10.846412,10.762469,10.688361,9.98058,10.437207,10.722714,10.144337,10.230244,10.453261,10.533455,10.34634
"MAPRE1",9.805741,10.066009,9.874626,9.606052,9.914081,9.886445,9.716068,9.525623,10.084986,9.061098,9.006547,9.227885,9.235257,9.199038,9.212838,9.34255,8.950371,8.807164,9.435099,9.211885,9.179268
"MT1P3",6.577444,6.412066,6.19603,6.695044,6.098256,6.206227,5.929908,6.607087,6.310887,7.228027,7.383678,7.174035,7.163621,6.924561,6.995603,6.926206,7.207613,7.198865,7.26134,6.971633,6.836093
"ERGIC3",9.05668,9.558596,9.364535,9.407611,9.346754,8.96902,9.335589,9.355397,9.27232,10.054323,9.567087,9.675966,10.212105,10.488699,9.863655,10.071494,9.732353,9.773544,9.990311,9.716897,9.856209
"RPF2",7.491809,7.839343,7.044985,7.584089,7.67837,7.704741,7.026867,6.612404,7.148044,6.875904,6.205391,6.31472,7.180177,7.272646,6.711368,7.015663,6.818941,6.35252,6.886312,6.951504,6.616155
"PHF20",8.551309,8.383437,8.66628,8.131779,8.506411,8.703921,8.207771,8.042736,8.679895,7.528663,7.950643,7.829966,7.695583,7.71895,7.754503,8.073353,7.560817,7.698947,7.78374,7.972569,8.050416
"BPI",6.054538,6.990412,6.431118,6.630937,6.062497,6.245153,6.411099,6.293422,6.449389,6.378435,7.361146,6.392195,6.944202,6.763724,6.537121,7.041322,6.197095,6.989031,6.990416,6.856558,6.856125
"PPP1R16B",7.740509,8.756799,8.421852,8.135287,8.156326,8.028294,8.565606,8.005869,8.314089,9.103188,8.780379,9.170176,9.162102,8.968446,9.112382,8.96797,9.352402,8.863644,9.093755,9.147267,9.139753
"PLCG1",8.724874,9.068715,9.412563,8.944181,8.729321,9.204095,8.916906,8.734488,9.097234,9.496069,9.170404,9.577159,9.283512,9.509878,9.586519,9.617821,9.466325,9.55433,9.445675,9.56516,9.41689
"MYBL2",6.766045,8.611274,7.110302,7.50859,7.408418,7.187904,6.965789,7.397653,6.907046,7.929115,7.342784,7.850056,7.862542,7.535523,7.700076,7.730628,7.995607,7.766447,7.967767,7.753719,8.087331
"STK4",11.25137,11.130192,11.317294,11.061019,11.226834,11.493087,11.14516,11.129937,11.421028,10.427557,10.656342,10.524818,10.430628,10.442319,10.512109,10.592527,10.490893,10.424276,10.461595,10.679532,10.662645
"PI3",8.527898,6.965713,7.807707,8.082829,8.376511,8.000681,8.355566,9.437902,7.832271,9.559132,10.267932,8.614075,7.938781,9.219509,8.716359,9.177004,8.047089,8.654306,8.133175,8.367418,10.0832
"PIGT",7.678969,8.169933,8.045998,7.740274,7.923863,8.028849,7.878712,7.858606,8.095877,8.963865,8.822043,8.844436,8.886408,8.823985,8.867132,8.835129,8.759347,8.777161,8.831927,8.595629,8.933297
"DNTTIP1",8.420617,8.350798,8.374409,7.893123,8.313181,8.450557,8.150127,8.512547,8.459471,8.693158,9.341175,9.115045,9.02939,8.830741,9.029425,9.305831,9.024897,8.982921,9.094861,9.11876,8.91035
"ZSWIM1",7.311182,7.388966,7.651952,7.430955,7.39887,7.264016,7.402402,7.368709,7.45052,8.62754,8.30142,8.40263,8.800783,8.760214,8.370796,8.784133,8.332547,8.324431,8.4738,8.377303,8.607658
"CTSA",9.433544,9.746854,9.929143,9.036547,9.804239,9.50373,9.014235,9.663595,10.16528,10.417208,10.823054,10.560038,10.358016,10.01589,10.58006,10.599582,10.38611,10.450453,10.582167,10.381752,10.501539
"PCIF1",8.074054,8.383174,8.296079,7.976376,8.14453,8.164724,8.08457,8.077856,8.412199,9.077445,9.360842,9.33434,9.19552,9.128319,9.199614,9.381109,9.079068,8.907951,9.239792,8.978846,9.523344
"MMP9",7.556327,7.742379,7.342082,6.722068,7.455854,7.198127,7.223318,8.134151,8.166427,8.33256,10.515504,8.822435,8.559023,7.867193,8.056356,8.600168,8.803742,8.246657,8.505966,8.344318,8.600081
"NCOA3",9.916482,10.67408,10.62259,10.260561,10.252685,10.854012,10.571166,9.79488,10.620762,10.375834,10.300148,10.508413,9.955064,10.194791,10.311663,10.294399,10.393722,10.41516,10.431154,10.385157,10.54511
"CSE1L",8.496141,9.165082,8.825107,8.700672,9.006692,9.245168,8.690546,8.158852,8.712691,8.71321,8.363197,8.299707,8.933512,9.238632,8.840937,8.780752,8.670063,8.509507,8.762331,8.790262,8.968215
"SNORD12C",7.354079,6.326963,6.301762,5.444057,6.864208,6.398458,6.468534,5.980822,6.480474,7.23813,7.329052,7.205581,7.831698,7.801587,7.352765,7.715231,6.897976,6.892643,7.540432,8.000441,7.21612
"CEBPB",8.724018,8.560053,8.753142,8.212818,8.811386,8.36436,8.880587,9.241345,9.307379,9.190935,9.812445,9.45289,10.075942,9.331324,9.448263,9.861335,9.014362,9.464483,9.503021,9.891128,9.530142
"PFDN4",4.731479,5.165374,4.496152,4.872042,4.886303,5.238637,4.855201,4.243754,4.580186,4.553246,4.553753,4.462106,4.972219,5.538061,4.503718,4.474048,4.503736,4.356735,4.381536,4.58264,4.880102
"FAM210B",8.637817,9.08707,8.646431,8.782916,9.416647,8.51927,9.204037,9.083916,8.734665,9.051938,9.053028,8.442297,9.643345,8.521247,8.481745,9.3613,8.760906,8.933362,8.954336,9.237402,9.471662
"CASS4",8.239014,7.894742,8.093687,6.906816,8.361828,8.109951,7.851132,8.198416,8.517548,7.948618,8.690927,7.962253,8.346666,7.97336,8.058544,8.458659,7.740423,7.983264,7.902006,8.112919,8.359991
"RBM38",8.77274,9.657914,9.228,8.904152,9.499616,8.679968,9.601766,9.095467,9.00538,9.425577,9.605039,9.198134,9.891182,9.130478,9.68417,10.139252,9.217713,9.411636,9.256906,9.154512,9.346248
"TUBB1",9.207251,10.063067,10.594729,9.850651,10.412811,10.119136,9.457446,9.726814,10.749709,10.8782,10.970413,9.74551,10.709734,8.873885,10.130676,10.450605,9.707105,10.53323,10.338001,10.371163,11.042694
"MIR646HG",7.211987,6.425742,6.416166,6.286622,6.717574,6.698383,6.734911,6.977501,7.407588,6.571346,7.289037,7.068326,6.926876,6.98088,7.208041,6.842043,6.885908,6.603427,6.922393,6.664508,7.059884
"OSBPL2",8.943097,9.022467,8.865076,8.65411,8.960857,9.012644,8.778834,9.033347,9.544654,8.058307,8.641411,8.368584,8.144623,7.918881,8.168441,8.498634,8.05638,8.053519,8.227502,8.307266,8.28357
"ADRM1",8.351065,8.706758,8.498965,8.362275,8.603212,8.231994,8.551976,8.588189,8.615896,9.112547,9.186466,9.299302,9.301786,9.026853,9.380088,9.164498,9.170945,8.889548,9.348015,8.787354,9.246104
"RPS21",7.882696,7.322482,7.246365,7.515906,7.003479,7.44732,7.266124,7.262931,6.988833,7.158381,6.54851,6.846308,7.511054,8.375371,7.102308,7.37291,6.84738,7.344403,7.349573,7.286263,7.070823
"PPDPF",7.963458,9.003581,8.831206,8.479183,8.89431,8.286195,8.387092,8.510968,8.558221,9.299824,9.59589,8.979565,9.841565,9.085671,9.273638,9.263156,9.39386,9.103235,8.959322,9.345431,9.687802
"TPD52L2",8.673311,8.598187,8.371017,8.448363,8.505071,8.363228,8.337935,8.833431,8.861876,8.877301,9.611149,9.067205,9.419401,9.153655,9.207912,9.445823,9.141652,9.162441,9.341737,9.327079,9.223459
"DEFB128",3.930783,3.586609,3.972988,4.809987,4.162577,4.119807,3.711408,4.789233,3.773611,5.707486,5.024567,4.987949,4.155847,5.086843,4.814813,3.931512,4.790221,4.595215,4.937764,4.035233,4.043384
"SRXN1",7.594514,7.556912,7.096279,7.582651,7.894047,7.223403,7.47004,7.84689,7.90579,7.274998,8.605309,7.769562,7.729668,7.406762,7.067102,8.582833,7.583242,7.747652,7.836513,7.786566,7.375906
"SIRPB2",9.193862,9.028271,8.919845,8.187035,8.890304,8.818583,8.636574,9.138683,9.689062,8.89212,9.364395,9.902144,9.419363,8.699226,9.287613,9.398945,8.301036,9.007144,8.997266,9.808406,9.048172
"SIRPB1",8.438718,9.092028,9.264952,8.396584,8.398415,8.656365,8.854113,9.307744,9.153428,9.095696,9.858366,9.737868,10.099462,9.021025,9.394051,10.046436,9.768113,9.743304,9.45652,8.941124,9.315131
"SIRPG",8.507181,8.934344,9.458191,9.231482,8.961139,8.918107,8.920021,8.618999,8.863373,9.82449,9.624801,9.510511,10.006729,10.043536,9.694958,9.977735,9.821567,9.731035,9.770915,9.575916,9.754294
"SNRPB",8.399794,9.270714,8.474192,8.374861,8.895211,8.332431,9.057904,8.329029,8.561389,10.14834,9.605895,10.142368,10.09141,10.038606,10.061889,10.098303,9.792857,9.811786,10.202785,10.106641,10.203514
"PCED1A",7.465954,7.496116,7.470788,7.461443,7.433888,7.525647,7.605851,7.538302,7.342408,8.281767,7.983832,8.308314,8.245904,8.424762,8.341453,8.414207,8.408722,8.282022,8.261442,8.276762,8.266619
"SIGLEC1",7.356762,8.01923,7.071299,7.223496,7.219586,7.190636,6.820139,7.61389,7.216767,7.345882,7.266704,9.262888,7.196479,6.986408,7.217549,7.258344,7.519466,7.7002,7.55747,7.188026,7.686911
"RNF24",9.599047,9.273949,9.295439,8.647783,9.64377,9.638528,9.157544,9.939913,10.175841,9.404137,10.501731,9.887674,9.316607,9.290614,9.535709,9.63959,9.456363,9.354381,9.459109,9.396281,9.429325
"RASSF2",10.762762,10.542371,10.537671,9.674953,10.607096,10.466397,10.374863,10.883356,11.019829,11.030897,11.700288,11.272508,11.1198,10.77036,11.153461,11.439218,11.275931,11.18224,11.1982,11.341337,11.137395
"PCNA",7.784545,8.866347,7.850842,8.003795,8.084389,8.278067,8.00156,7.345303,8.009433,7.384752,6.602049,6.621657,7.403918,7.441463,6.856898,6.922179,6.657264,6.940841,6.847116,7.007141,7.163162
"GPCPD1",9.88082,10.11424,9.733344,9.726204,10.176207,10.547547,9.957867,9.955568,10.290453,9.417543,9.590366,9.052186,9.111541,9.681487,9.225173,9.4268,9.315045,9.248763,9.373489,9.510266,9.809169
"TMX4",9.87202,9.503476,9.50728,9.366785,9.747253,9.741954,9.515318,9.465656,9.946407,8.545197,9.271598,8.812589,9.032882,8.720396,8.692652,8.953463,8.539779,8.566187,8.662763,8.955669,8.998928
"MKKS",6.622876,6.850667,6.649077,6.645309,7.005999,7.06622,6.74597,6.045471,6.752771,5.952794,5.7333,5.79133,6.370177,6.374256,5.880874,6.384668,6.00142,5.856791,6.180807,6.323148,6.221941
"ESF1",5.904141,5.548206,5.715163,5.822067,6.291766,6.89211,5.568637,5.800632,5.255305,5.187257,5.091904,4.904975,5.756056,5.939159,5.739411,5.336266,5.673637,5.08352,5.618542,5.598195,5.381176
"KIF16B",6.372954,6.633386,6.704408,7.035966,7.121829,7.004682,6.370297,6.656868,7.121587,6.104321,6.059072,5.943428,6.297654,6.30027,6.223987,6.527664,5.975699,6.191611,6.113886,6.428818,6.135619
"CD93",9.384227,9.077563,9.20697,7.991295,9.239573,9.126068,8.338682,9.498191,9.448288,8.516355,9.462107,9.431125,9.447596,8.940705,9.212963,9.544948,8.791137,9.142765,9.243689,9.59023,9.253598
"CST3",9.613343,10.042773,9.796904,9.44035,9.874091,8.913309,9.923917,9.745953,10.134916,10.901544,11.051807,11.286786,11.55592,10.583126,11.265811,11.057069,10.921655,11.129024,11.216049,11.053309,11.221891
"CST1",5.101676,5.406075,4.563643,6.509441,5.126681,4.387988,4.659727,5.811803,4.610527,6.268566,6.385178,5.602606,5.498691,5.697515,5.538833,5.571625,6.083321,5.413738,5.905498,4.953728,5.473556
"CST2",6.962651,6.541148,6.629438,7.105006,6.529198,6.347038,6.564163,7.186766,7.099026,7.356112,7.062335,7.197544,6.898847,6.868746,7.409667,6.930875,7.191602,7.01072,7.144848,7.123582,6.965291
"APMAP",9.313072,9.190447,8.751311,8.853611,9.088107,9.092503,9.301052,9.588562,9.944748,8.105565,9.216635,8.562695,8.910479,8.500977,8.783103,8.486293,8.764382,8.592408,8.926158,8.614352,8.79505
"BCL2L1",10.157464,11.512026,11.123788,10.833338,11.675107,10.519193,11.933837,10.420092,10.675655,10.82638,11.004261,10.293132,11.251458,9.662565,10.93734,10.546567,10.838935,10.665524,10.665465,10.104654,11.391051
"PLAGL2",7.53342,8.699605,8.445875,7.72844,8.226909,8.13508,8.480378,8.035148,8.248749,8.687684,8.616677,9.153208,9.139373,8.463871,8.871939,8.947187,8.660924,8.472388,8.738794,8.69529,8.479703
"C20orf203",5.638051,5.017747,5.739999,5.628463,5.07159,4.956376,5.163735,5.630618,4.847635,5.790634,5.618208,6.075264,5.666844,5.369177,5.389031,5.616762,6.243038,5.511073,5.492635,5.543271,5.903287
"EIF2S2",8.702784,8.698221,8.297526,8.878199,8.07099,9.122366,8.815155,8.416694,8.559505,8.165517,8.013113,8.00226,8.927127,8.432713,8.594909,8.701145,8.31341,8.311386,8.365713,8.546672,8.369569
"EDEM2",8.138845,8.357438,7.865023,7.805018,8.054695,8.047188,8.204747,7.692178,8.181756,8.534511,8.64657,8.917839,8.79526,8.612168,8.641344,8.815043,8.431082,8.427097,8.607736,8.90517,8.534798
"EIF6",8.161908,8.720219,8.235973,8.049297,8.617073,8.030795,8.752745,8.143341,8.297963,9.154989,8.835922,9.312168,9.646972,9.254643,9.329088,9.248633,9.009119,9.137337,9.326346,9.310875,9.257176
"RBM39",10.943453,10.62328,11.036681,10.970814,10.809189,11.366731,10.8447,10.500651,10.912982,10.18357,9.907674,9.777734,10.363615,10.492145,10.116543,10.188077,10.024593,9.944488,10.107055,10.471697,10.193262
"SLA2",7.410176,7.659517,7.542156,7.471874,7.55273,7.492378,7.520945,7.650162,8.072204,8.600686,8.520385,8.505056,8.750481,8.594517,8.335511,8.468831,8.380999,8.350757,8.372556,8.450455,8.848843
"NDRG3",7.709355,8.312715,8.357631,8.028225,8.184467,8.348468,8.076264,7.981363,8.291074,9.298297,9.314553,9.301362,9.173833,9.236764,9.383224,9.427146,9.18337,9.191677,9.574233,9.230139,9.522333
"DSN1",6.740945,7.615788,7.082458,7.08364,7.461829,7.728046,7.359766,6.769858,7.154315,7.777017,7.392688,7.643527,7.962707,7.895182,7.858811,8.020882,7.508165,7.705598,7.85713,7.744532,8.002218
"RBL1",8.16919,8.869993,8.351492,8.389607,8.435578,8.902514,8.225355,7.782796,8.21671,8.059404,7.330382,7.564302,7.801156,7.72026,7.928594,8.05256,7.785287,7.6328,7.699498,8.169072,8.229798
"SNORA71A",7.843153,8.083775,7.991346,8.267489,7.876568,7.859106,7.878821,7.330304,7.594084,8.027434,8.759498,8.027116,9.056253,9.107345,8.705015,8.7578,7.991264,8.522796,8.653928,8.532502,8.360913
"SNORA71C",8.458391,8.905375,8.650823,8.565848,8.593124,8.370791,8.73042,8.692039,7.960876,9.057364,9.147505,9.074388,9.391769,9.539989,9.419089,9.251881,8.846656,9.205278,9.085193,9.072476,8.948539
"SNORA71D",8.638366,8.860439,8.682624,8.578317,8.731196,8.536411,8.625036,8.079935,8.329923,10.411718,10.993229,10.650087,11.500692,11.676815,10.946212,11.17369,10.400526,10.979229,10.478542,11.231646,11.191752
"OSER1",8.186812,7.918731,7.802328,7.898365,8.095833,8.383675,7.592944,7.855022,7.775321,7.0108,7.531796,7.008692,7.475739,7.247044,6.971817,7.747264,6.910139,6.965896,7.469029,7.426118,7.527786
"LINC01620",5.260853,5.029583,4.824535,5.654517,5.257038,5.272606,5.225722,5.834153,5.138927,5.693526,6.148409,5.787341,5.325787,5.692544,5.757855,5.156483,5.874827,5.342547,5.520628,5.395674,5.391911
"SERINC3",10.088007,10.395791,10.565454,10.189817,10.440731,10.680973,10.280393,10.173324,10.818404,11.227826,11.373864,11.384125,11.028809,11.064468,11.234978,11.098944,11.233078,11.125486,11.224494,11.230175,11.238255
"SLPI",6.920453,6.597111,6.637932,7.258273,6.8268,7.115601,7.269241,7.97872,6.934799,8.070718,7.293837,7.036436,6.771318,7.887544,6.77293,6.890818,6.87495,6.755776,6.687005,6.716268,7.002366
"SULF2",9.193383,8.421219,8.92128,8.213556,8.797202,8.542204,8.359376,8.971867,9.131192,8.505359,10.077581,9.799277,9.494497,9.172332,9.324201,9.569292,9.355156,9.346274,9.60313,9.70765,9.521812
"PREX1",9.922994,9.996196,10.024024,9.186744,9.908298,10.031689,9.712475,10.239187,10.635782,9.821325,10.688946,10.452275,10.0179,9.633022,10.182087,10.25019,10.031276,9.913833,10.069527,10.170022,10.078047
"ZNFX1",8.707466,9.269752,9.163994,8.588598,9.106226,9.324572,8.658651,8.856836,9.570078,8.541352,9.327929,10.336082,9.000214,8.947635,9.187892,9.080181,9.354823,8.949498,9.075913,9.017019,9.38673
"B4GALT5",9.16885,9.579248,8.828617,8.571876,9.079536,9.167525,9.287154,9.301059,9.814855,9.850345,10.94893,10.622457,10.286345,9.485459,10.165949,10.064616,10.174163,9.89734,10.069063,10.062743,10.13812
"DPM1",8.283011,8.291461,8.010315,8.306837,8.412095,9.309929,8.148425,7.648025,8.195243,8.33039,7.851544,7.467996,8.824725,9.448425,8.232906,8.516791,8.250948,8.089249,8.223214,8.318298,8.320085
"ZNF217",10.163799,9.964373,10.11327,9.690964,10.168966,10.429238,9.849787,10.155431,10.54863,9.387152,9.800203,9.405928,9.423274,9.543442,9.30701,9.527217,9.526369,9.316269,9.700978,9.574735,9.447345
"ZBP1",8.081152,8.791206,7.96988,7.645239,8.157532,8.252828,7.969014,8.053772,8.455907,8.144769,8.525413,10.326254,8.750656,8.136009,8.32548,8.423315,8.306342,8.305443,8.252068,7.998203,8.70956
"PPP4R1L",7.93445,8.00726,7.93974,7.108635,7.771601,8.371962,7.249229,7.496978,7.666254,7.093947,7.330294,7.346684,7.483724,7.477049,7.335462,7.213979,7.16904,7.223519,7.375345,7.748466,7.229723
"MIR296",7.549969,7.2806,7.42892,7.693574,7.435161,6.963352,7.524422,7.83322,7.204083,6.739776,6.52875,6.615583,6.583576,6.706479,6.641481,6.738589,6.649808,6.938938,6.529298,6.444553,6.522223
"CTSZ",9.828248,9.768074,9.49851,9.252429,9.639657,9.238682,9.577079,9.781897,9.83105,9.914247,10.29457,10.707661,10.410531,9.95646,10.585317,10.339913,10.562764,10.573777,10.587921,10.5862,10.365676
"SYCP2",5.610625,5.745294,5.809861,5.225963,5.615349,6.192559,5.445414,4.819965,5.379781,5.128046,5.530021,5.040255,5.653465,5.53728,5.465887,5.392834,5.293871,5.11956,5.211114,5.452185,5.869558
"LOC100128310",6.573374,6.187837,6.513279,6.160699,6.545689,6.346262,6.920925,6.650277,6.416848,7.156322,6.892899,7.004357,7.516822,7.288862,6.487049,6.556082,7.190057,7.273808,7.37229,6.879856,7.004206
"UCKL1",7.252713,7.342203,7.26719,7.094898,7.209251,7.046072,7.306183,7.310405,7.369578,7.9937,7.662372,8.170039,7.852299,8.097322,7.793913,7.989109,7.707277,7.965683,8.247325,8.234419,8.072878
"ABCC13",5.127706,5.862685,5.468911,5.497684,6.499506,5.379543,5.736675,5.178955,5.247019,5.098218,5.285525,5.020312,5.367369,4.679706,4.997827,5.265212,5.105668,5.020216,5.072734,4.763136,5.307952
"MIR99A",6.817867,6.26786,6.043967,6.16127,6.381459,5.896295,6.858093,6.752766,6.669265,6.524542,6.938523,6.952415,7.20843,6.549177,6.87256,6.886722,7.014682,7.238634,6.8996,6.525085,6.699055
"USP16",8.021663,8.143314,7.84191,8.036275,8.200957,9.046558,8.146176,7.362064,7.759109,7.965999,7.404068,7.388696,8.20226,8.620532,7.678667,8.127565,7.954441,7.490786,7.876867,8.098184,7.717895
"LINC00189",5.639584,5.757058,5.50388,4.877012,5.103277,5.901727,4.940345,5.525141,5.421609,5.060128,4.92978,6.554231,5.793642,5.192686,5.523431,6.296419,5.606572,5.477182,6.007975,5.471908,6.412222
"BACH1",9.562044,9.473179,9.230262,8.538865,9.513234,9.650513,9.292594,9.468759,9.630576,8.440283,9.051952,9.287786,8.830686,8.538342,8.671851,9.148679,8.516605,8.712869,8.852943,9.067124,8.8921
"KRTAP15-1",5.119085,4.361447,4.952301,5.465741,4.861558,5.097801,5.041244,5.792757,4.967353,5.707057,5.197352,5.444796,5.038073,5.134379,5.109433,4.707755,5.473258,5.329965,5.388097,4.93546,5.223249
"SOD1",8.874938,8.613753,8.694437,8.809322,8.755003,9.140641,8.639521,8.36752,8.115176,7.424225,7.025966,6.847409,7.942347,8.162184,7.489487,7.735303,7.275225,7.138319,7.653239,7.6602,6.903681
"IFNAR2",10.18646,10.106311,10.059851,9.726613,10.097777,10.323367,9.879748,9.601246,10.400088,9.386435,9.397326,9.447191,9.561768,9.338417,9.432687,9.528221,9.250589,9.313048,9.521421,9.501228,9.546636
"IFNAR1",9.558255,9.544216,9.449236,9.150663,9.671468,10.061118,9.272123,9.327808,9.770117,8.870105,9.043682,8.565276,9.006608,8.86549,8.890396,9.054026,8.849754,8.610736,9.001571,9.280248,9.054565
"MORC3",8.884608,8.997251,9.053184,9.217289,9.42149,9.741016,9.000378,8.395325,8.812254,8.408046,8.211431,8.463066,8.610546,8.989303,8.317333,8.524664,8.221123,7.970003,8.45396,8.417024,8.530234
"TTC3",8.383705,8.857596,9.063591,8.903584,8.80104,9.270137,8.638695,8.145697,8.566873,8.489753,7.781973,7.743027,8.004657,8.544522,8.142275,8.19101,8.085814,8.171393,8.201991,8.331858,8.454743
"KCNJ15",9.046626,8.884664,9.222982,8.339858,9.607479,10.354516,9.23989,9.897981,10.5361,9.889092,10.142567,9.875634,10.312916,9.585691,9.955405,9.148435,9.58466,9.513879,9.784202,10.012692,9.957274
"FAM3B",5.194544,4.533993,4.545127,4.982219,4.911553,4.838024,4.667229,5.184125,4.860969,5.458648,4.869735,4.916851,4.829375,5.252626,4.959811,4.886927,4.957873,5.517313,5.425862,5.767763,5.287243
"MX2",10.08114,10.520866,10.193434,9.507205,10.453584,10.601034,10.097358,10.100378,10.520371,9.821337,10.635222,11.947224,10.246697,9.938816,10.1801,10.393827,10.185845,9.918099,9.997434,10.047763,10.756671
"MX1",8.593445,10.348128,8.857386,8.334114,9.72303,9.516538,9.182389,8.314599,8.717622,8.099453,8.264832,11.512832,8.486483,8.272692,8.731015,8.574867,9.320742,8.392277,8.633427,8.404921,9.632919
"UBASH3A",8.395993,8.29705,8.733174,8.532633,8.454327,8.422517,8.337126,7.764761,8.452364,8.747211,8.224849,8.293126,8.899076,9.348594,8.920262,8.90876,8.761074,8.758623,8.944932,8.881034,9.107014
"PFKL",7.600001,8.319763,8.01637,7.736688,8.101068,7.894886,8.137154,8.123088,8.178491,8.521532,8.373161,8.948901,8.598381,8.540591,8.833939,8.628485,8.726126,8.584382,8.775575,8.891776,8.641972
"KRTAP10-4",9.420005,8.879463,9.568055,9.974035,9.253617,9.281339,9.573181,10.009416,9.387708,9.34499,9.539732,9.367978,8.760118,9.39513,9.529495,8.87325,9.52972,9.626953,8.998715,8.94136,8.900752
"KRTAP10-7",6.634764,6.372542,7.018026,7.589839,6.698584,6.277729,7.139634,7.819228,6.428853,6.907498,7.097405,6.702929,6.161845,6.692609,6.620364,6.464952,6.860058,6.999205,6.410725,6.247542,6.27887
"KRTAP10-12",8.412871,8.286608,8.422389,8.53854,8.532864,8.014082,9.013701,8.745677,8.440882,7.78728,8.210515,7.73148,7.751963,7.83763,7.763813,7.692261,7.759916,7.891512,7.930602,7.671065,7.462905
"FAM207A",7.812737,8.034753,8.048831,8.102307,7.523267,8.165164,8.12377,8.402012,8.088113,7.916186,7.449957,8.140787,7.513905,7.473906,7.420006,8.015236,7.708378,8.023048,7.973342,8.121552,7.720479
"HSPA13",8.015009,8.338452,7.799327,7.942163,8.060219,8.201411,7.984406,7.213555,7.910186,7.36222,6.83791,6.555054,7.88149,7.934006,7.151272,7.42215,7.078924,7.253786,7.380505,7.543179,7.456406
"SAMSN1",6.930203,6.953302,6.634442,6.362637,6.910807,7.562124,6.328373,6.501686,6.690398,5.992796,6.355469,6.01191,7.007761,6.7985,6.100429,6.695189,6.252401,6.168338,6.779933,6.67734,6.305732
"NRIP1",8.202247,9.033107,8.283969,8.137691,8.625427,8.673975,8.468119,7.385304,8.224395,7.822511,7.359896,8.085726,8.177263,8.472566,7.794012,7.959634,7.908333,7.924753,7.954154,8.137255,8.499225
"C21orf91",8.15166,8.241903,7.752656,8.134708,8.341033,8.502606,7.984842,7.284272,8.115096,7.182167,7.097683,7.074883,7.789515,7.785532,7.204921,7.347571,7.073121,7.285635,7.502933,7.629831,7.657771
"LTN1",8.129649,8.602517,8.509152,8.253235,8.699745,8.924719,8.470229,7.75999,8.406426,7.896431,7.810007,7.638732,8.075739,8.360636,7.982004,8.00721,7.749998,7.612186,8.049622,8.096441,8.269914
"RWDD2B",6.200688,5.956937,6.191993,6.203327,5.885561,6.638391,6.333365,6.374591,6.355801,6.964434,6.739554,7.128628,7.617399,7.459152,7.254585,7.20446,7.113743,7.139923,7.452105,7.548517,7.443658
"CCT8",8.540542,8.529312,8.463098,8.501699,8.607223,8.356155,8.373174,7.819778,8.326375,7.377164,7.140625,7.614957,7.731179,7.899187,7.417468,7.698881,7.675544,7.691465,7.535772,7.927889,7.500884
"KRTAP19-1",5.850568,5.177652,4.970109,5.945527,5.361857,5.184951,5.109905,5.752705,5.288695,6.177659,5.967806,5.62806,5.745574,5.496858,5.888727,5.387637,5.785501,5.875578,5.586836,5.350132,5.501368
"KRTAP21-1",3.224175,3.626118,3.341545,4.029817,3.22959,3.844147,4.17748,3.228585,3.335836,5.207955,4.296748,3.919198,3.319223,3.437931,3.789624,3.306465,4.077842,4.010272,3.744192,3.707876,3.585629
"SCAF4",8.386538,9.14294,9.266482,8.930274,9.051396,9.256474,8.924842,8.590192,9.113823,9.163866,9.091736,9.187939,8.816371,9.1419,9.20419,9.092572,9.203914,9.009541,9.162015,9.018757,9.431512
"PAXBP1",7.969685,8.24137,8.213056,8.091676,8.368043,8.587718,8.124632,7.42122,7.944388,7.708621,7.329901,7.365483,8.041536,8.167106,7.755596,7.891003,7.688913,7.640311,7.786005,8.176916,7.987783
"TMEM50B",8.001978,8.029296,8.51438,8.309636,8.137923,8.725691,8.161713,7.436136,8.199432,7.802109,7.339803,7.332588,7.800892,8.360587,7.721448,7.948821,7.260287,7.595716,7.73831,7.899075,7.95146
"GART",7.992565,8.785284,8.519914,8.325555,8.368706,8.393225,8.37398,7.663538,8.304139,7.788626,7.193205,7.755368,7.662856,7.802828,7.768459,7.774725,7.535707,7.610639,7.63621,7.910149,7.804264
"ATP5PO",9.147254,8.491211,8.648133,8.829817,8.533493,8.815611,8.487065,8.326126,7.964604,8.470107,8.051063,8.297951,8.940615,9.201438,8.282331,8.718504,7.870766,8.536698,8.624939,8.485646,8.065864
"DSCR4",6.331759,6.070985,6.484194,6.768802,5.843667,6.343788,6.115076,6.451606,6.146039,6.755799,6.436177,6.569267,6.256531,6.350903,6.15273,6.06656,6.492149,6.540797,6.353184,6.13899,6.178528
"BRWD1",8.621894,8.733284,8.92509,8.725492,9.074277,9.477585,8.712228,8.080051,8.637057,8.021092,7.738516,7.426474,8.142001,8.465856,7.789561,8.038349,7.92203,7.617849,7.911459,8.190076,8.365604
"KRTAP12-2",7.297364,7.555772,7.212294,8.216524,7.498604,7.48855,7.474196,7.633208,7.57531,8.005952,7.833555,7.50525,7.274233,7.277228,7.534246,7.350189,7.47651,7.683884,7.394353,7.620968,7.244261
"S100B",6.829197,6.161791,6.528391,6.402079,6.34524,6.439169,7.759976,6.703962,6.330394,6.271856,6.258665,6.020922,8.082668,7.283076,6.494831,7.163408,6.903421,6.466035,5.821764,8.093829,6.431157
"TPTEP1",5.977196,6.239577,6.228378,7.839756,6.304281,5.915757,6.529523,6.425347,6.041501,8.234036,8.119759,7.637297,6.516701,8.464688,7.351633,7.040596,7.946244,7.364463,7.842226,7.185599,7.376665
"IL17RA",9.675364,10.170439,10.144903,9.309508,9.925185,9.904825,9.849419,10.188719,10.375929,10.49748,11.213555,11.066564,10.505076,10.278527,10.588605,10.684477,10.626949,10.495985,10.536026,10.4575,10.628388
"USP18",7.100487,7.684972,6.683917,7.127079,7.275005,6.976469,7.180053,6.964621,6.749753,6.950032,6.904558,9.33896,7.1624,7.191179,7.244668,6.988724,7.653312,7.519038,6.768776,6.904795,7.530783
"MRPL40",5.941761,5.810966,5.578207,5.691151,5.63701,5.726037,5.698316,5.773469,5.794347,6.590132,6.204356,6.397362,6.872614,6.916439,6.600057,7.010057,6.467058,6.832239,6.727946,6.918331,6.737156
"SEPT5-GP1BB",7.615981,7.509634,8.022459,9.293184,7.766453,7.863996,7.8295,8.75198,8.082632,8.676819,8.570679,8.375418,8.209324,8.422734,8.445358,8.122368,8.686905,8.665449,8.255646,8.162031,8.165592
"TANGO2",7.631082,8.395024,7.880207,7.713024,8.301647,7.768684,8.43829,7.624338,7.747982,8.817604,9.46485,9.113876,9.684734,8.383273,9.315402,9.507142,8.951147,8.717779,9.245447,8.965973,8.99445
"RANBP1",7.599921,8.391375,7.80534,7.728478,7.704744,7.596088,8.208168,7.322893,7.641385,6.953291,6.685401,6.858817,7.518237,6.902028,7.097492,6.974222,7.070111,6.833921,7.162587,6.970055,6.621526
"MED15",9.112795,9.351999,9.409752,9.223682,9.001977,9.228684,9.048277,9.108953,9.445325,9.634551,9.960128,10.204841,9.995702,10.008385,10.269215,10.026804,9.857414,9.946874,9.959833,9.894144,10.118684
"SNAP29",7.70052,8.517721,8.053435,7.931373,8.3071,8.197485,8.107475,7.909354,8.159827,8.436286,8.86292,8.656098,9.252314,8.808215,8.885122,8.95693,8.692629,8.372007,8.719712,8.78934,8.781258
"BMS1P20",9.324028,9.913803,10.25603,9.631097,10.001887,9.717204,9.902829,9.044343,9.512282,9.313375,8.996024,9.391214,8.970901,9.524747,9.58156,8.942455,9.298671,9.234215,9.496575,9.814264,9.50022
"IGLC1",8.262847,8.553696,8.539702,8.788908,8.487487,8.482297,8.529472,8.445481,8.644488,9.874388,9.191716,9.449782,9.158609,9.381189,9.418585,9.12307,9.50015,9.429312,9.529079,9.338442,9.388494
"GNAZ",7.735568,7.211498,7.670225,7.418115,7.751242,7.242066,7.323701,7.804886,7.819635,8.215446,8.625545,7.872748,7.993585,7.630128,8.246702,8.125191,7.868702,8.177786,7.99622,7.966221,8.152617
"MIF",8.521575,8.651469,8.500257,8.337183,8.30295,8.009903,8.805266,8.645075,8.437623,9.109543,8.775427,9.115635,9.245137,9.324636,9.359657,9.17786,9.133765,9.164194,9.115084,9.216385,9.146272
"POM121L9P",8.288571,7.976344,7.957278,8.104182,7.827993,7.953288,7.662963,8.456233,7.9717,8.736711,8.408446,8.526285,8.146367,8.227171,8.421274,8.035002,8.464889,8.374141,8.516058,7.873279,8.075347
"SNRPD3",9.03174,8.833025,8.978694,8.89822,8.864236,8.704853,9.033894,8.745487,8.652249,7.359383,6.972216,7.075393,7.738088,7.345149,7.378207,7.469433,7.598041,7.151002,7.189425,7.570069,7.231711
"SRRD",7.829571,8.365767,7.959416,7.867888,8.383542,7.915066,8.279547,7.564758,8.060424,8.309814,8.23848,8.262488,8.785073,8.146333,8.405766,8.48865,8.223546,8.491532,8.598893,8.538864,8.314027
"CCDC117",8.683439,9.008396,8.990808,8.917079,8.857949,8.871275,8.584374,8.025253,8.762163,8.102526,7.700858,7.643451,8.262627,8.284403,8.046017,8.140979,8.174171,7.873898,8.046818,8.019704,8.143724
"KREMEN1",7.672617,7.367513,7.423143,7.395669,7.667723,7.473957,7.541899,8.155777,8.050616,8.344494,8.971558,7.896358,8.261119,8.173607,8.992105,7.688187,8.040498,8.26135,8.502596,8.066827,8.575138
"EWSR1",9.985815,10.18179,10.144071,10.030886,9.846198,10.254538,10.023917,9.816633,10.428271,9.099445,8.684885,9.115712,8.926467,8.832019,8.990294,9.087923,8.499961,8.757682,9.262805,9.269826,9.084951
"TCN2",6.477686,6.826883,6.157735,6.078855,6.303915,5.939694,6.279314,6.372882,6.614221,6.726822,6.615837,7.225053,6.997785,6.093935,6.791921,6.792538,6.524854,7.00579,6.884934,6.543547,6.687045
"OSBP2",7.455543,7.505312,7.719619,7.13618,7.710695,7.050443,8.491385,7.067093,7.202507,7.485923,7.863684,7.379658,8.356463,6.987948,7.466936,7.798891,7.353218,7.788586,7.777292,7.368118,8.14712
"RNF185",7.373676,7.561498,7.308991,7.025966,6.877482,7.088886,6.824143,6.901479,7.356887,7.909027,8.17054,8.282563,8.158287,8.045225,8.228612,8.102629,8.229099,7.95896,7.975841,7.927375,8.305185
"LIMK2",9.19051,9.085162,9.091397,8.34524,9.335578,9.349823,8.832198,9.719416,10.037304,9.221846,9.81578,9.543459,9.245261,8.936679,9.238991,9.22863,9.154235,9.267939,9.207998,9.34537,9.142772
"DRG1",7.437252,8.011866,7.580874,7.426784,7.523267,8.032297,7.580001,7.282324,7.231891,8.334129,7.714605,8.178488,8.727598,8.528272,8.34581,8.740066,8.14884,8.430851,8.755392,8.571013,8.265129
"DEPDC5",7.474712,7.895774,8.191635,7.688128,7.828225,8.049982,7.985443,7.37456,7.852002,8.151328,8.076894,8.394363,8.226459,8.315475,8.289314,8.27916,8.238366,8.023639,8.287088,8.501325,8.387517
"FBXO7",11.079731,11.818152,11.870052,11.664034,12.258364,11.745225,12.289181,11.300588,11.509467,12.272339,12.263051,11.984502,12.3977,11.229663,11.937604,12.306614,11.934706,12.043515,12.047515,12.12584,12.224461
"HMOX1",7.54563,7.753267,7.452285,7.624594,7.762047,7.293224,7.924411,7.705413,7.599264,7.905737,8.218214,8.632869,8.868508,7.701813,8.159676,8.276344,8.210633,8.447891,8.203992,8.664083,8.333744
"APOL6",8.541666,9.476372,8.949522,8.613705,9.497824,9.138142,8.760922,8.005331,9.372584,8.543453,8.879876,9.968865,9.215741,8.651641,8.999176,8.719029,8.900539,8.779591,8.833145,8.804755,9.404817
"APOL1",7.160881,7.485835,6.630326,6.309825,7.520461,7.560467,7.023415,7.22317,7.849779,6.735174,7.406404,7.98315,7.169599,6.605344,7.0663,6.992397,7.069808,7.121125,6.808093,7.068846,7.130143
"NCF4",8.701525,8.727122,8.454853,7.537766,8.468882,8.69797,8.405841,9.221599,9.289636,9.769102,10.798915,10.069899,10.205447,9.690747,9.678862,10.190916,9.788374,9.600079,9.898835,9.728556,10.029711
"CSF2RB",9.426455,9.547275,9.819105,8.505483,9.913127,9.623013,9.264515,9.900572,10.125881,9.949704,11.087917,10.853389,10.534064,9.743094,10.307514,10.349295,10.059614,10.307955,10.191298,10.263023,10.37713
"CYTH4",10.146895,10.10235,10.073913,9.453682,10.114488,10.012153,9.860511,10.358181,10.504827,10.701042,10.911589,11.015732,10.911003,10.458567,10.959876,11.13336,10.598706,10.724534,10.692493,10.953866,10.724632
"LGALS1",9.563016,9.89433,9.089367,8.982886,9.159488,8.46928,9.329825,9.483798,9.087601,10.012705,9.723012,9.946513,10.654773,9.934584,10.126163,10.415851,9.781086,10.010696,10.081456,10.12249,9.883037
"EIF3L",10.684962,10.655427,10.869498,10.905024,10.858455,10.768764,10.101198,10.381868,10.712668,11.060314,10.709779,10.747154,11.303732,11.515986,11.10982,11.294935,11.042862,11.430087,11.368184,11.389538,11.330203
"GTPBP1",8.178178,8.668926,8.564974,8.224197,8.584152,8.518773,8.453935,8.619742,8.706823,8.774441,9.556653,9.80603,9.098528,8.81994,8.944317,8.872457,9.045089,9.022664,9.013408,8.892758,9.183826
"APOBEC3C",7.956361,9.078154,8.476046,8.09142,8.455757,8.424218,8.892441,8.214405,8.725821,9.463335,9.397072,9.52979,9.779183,9.114074,9.486619,9.28969,9.185913,9.458834,9.486406,9.322483,9.593238
"APOBEC3D",8.445231,9.398863,9.103845,9.042004,8.981091,9.077951,8.961507,8.669883,8.984191,9.614379,9.227478,9.642969,9.673024,9.418187,9.651703,9.413398,9.399147,9.418513,9.594119,9.435556,9.523968
"APOBEC3F",7.849077,8.64799,8.422942,8.414795,8.596354,8.413162,8.511005,7.883457,8.588254,9.537023,9.036755,9.691274,9.225283,8.986148,9.295797,9.111455,9.342224,9.096058,9.356847,9.059645,9.154212
"APOBEC3G",6.542696,7.321545,6.371326,6.011543,6.472375,6.765215,6.488675,5.753894,6.187432,7.929826,7.662592,8.341211,8.608676,7.234958,8.374076,8.199802,7.827501,7.793873,8.070376,7.711544,7.964274
"ATF4",8.228523,8.081853,7.894302,7.714007,7.986478,8.046156,7.7966,8.211056,7.937717,9.515406,9.233869,9.601965,9.67253,9.68493,9.654032,9.649148,9.338149,9.350197,9.467046,9.848715,9.476821
"RBX1",8.754504,8.853776,8.454187,8.680579,8.722458,8.839282,8.400003,8.004051,8.089646,8.741066,8.456298,8.194322,9.422956,9.718274,8.796679,9.212483,8.552655,8.652904,8.823291,8.917783,8.673417
"ACO2",7.916241,8.8143,8.553288,8.447425,8.534034,8.477054,8.570431,8.396179,8.635015,8.902352,8.921725,9.197546,8.983934,8.856392,9.100558,9.109332,8.907548,8.943101,8.996589,9.19222,9.174627
"SMDT1",8.033738,8.24386,8.112048,7.847301,8.098979,7.866844,8.09281,7.796463,8.059323,8.729071,8.657024,8.666712,9.043276,8.713439,8.327003,8.940168,8.676416,8.515713,8.522235,8.771658,8.500368
"TSPO",7.89368,7.914735,7.832443,7.816639,7.78952,7.728757,7.79264,8.279795,7.826584,8.795909,9.250781,8.84837,9.529008,9.04457,9.075418,9.304584,8.792901,8.863739,9.092132,9.338932,9.196852
"SAMM50",7.383974,7.797728,7.544712,7.332392,7.555264,7.63887,7.48427,6.998362,7.518579,8.377555,7.967649,8.112701,8.672017,8.703342,8.539508,8.63814,8.211592,8.046491,8.554623,8.553588,8.628035
"NUP50",8.924363,8.551676,8.586257,8.039546,8.673299,9.044893,8.720008,8.589739,8.738794,7.804574,8.185441,7.667065,7.944981,7.973772,8.019098,7.991151,7.897277,7.876685,8.022071,8.091685,8.244957
"FAM118A",7.887495,8.527515,7.753589,7.878153,7.842921,7.692507,7.678339,7.698862,7.850464,7.776921,7.43255,7.699408,7.500599,7.795561,8.510089,7.639941,7.651038,7.585992,7.688135,7.790014,7.519255
"ATXN10",8.490003,8.923242,8.922711,8.893815,8.860358,9.166324,8.743298,8.300622,8.528247,9.330888,8.695936,9.001415,9.393712,9.636452,9.158778,9.347357,9.237107,9.066236,9.338198,9.471384,9.292677
"SELENOO",7.982433,8.186082,8.200319,7.553972,8.035328,7.871409,8.402756,8.201219,8.221845,8.523172,8.629841,8.75282,8.801032,8.86655,8.724976,8.985242,8.674256,8.629754,8.470925,8.7087,8.911285
"XKR3",5.655032,4.546657,4.439979,4.799727,4.9296,5.110522,4.583371,5.340359,5.125993,4.92548,5.075773,4.727189,4.461613,4.926431,4.684768,4.432365,4.864276,4.942264,4.81182,4.690174,4.44289
"ADA2",8.996127,10.057322,9.640485,9.390936,9.533777,9.389935,9.588961,8.964093,10.187777,9.516186,9.441089,10.355097,9.651356,9.685427,9.780346,9.733088,9.435448,9.712863,9.82775,9.932454,9.644867
"BID",9.113105,8.745105,8.955016,8.380972,8.771549,8.8693,8.857606,8.956869,9.044868,9.553986,9.925956,9.692395,9.973397,9.513971,9.630392,10.079598,9.398471,9.523362,9.596487,9.767061,9.629369
"GSC2",7.865412,8.112832,8.182507,8.109258,7.904001,7.557616,8.470698,8.293321,7.949809,7.364189,7.744257,7.522606,7.600734,7.406579,7.517938,7.664872,7.707417,7.882844,7.482478,7.552867,7.467645
"SLC25A1",7.551422,7.720036,7.848601,7.559946,7.669009,7.406002,7.771318,8.032908,7.678767,8.266018,8.149829,8.518879,8.567483,8.337413,8.294917,8.380495,8.277007,8.120483,8.451646,8.465064,8.483293
"RIMBP3",7.103909,7.098211,7.466321,8.183608,7.062774,6.770794,6.636065,7.353033,7.960574,8.346223,7.764861,7.547272,8.004842,8.41231,7.79815,7.624268,7.833267,7.417609,7.597026,7.710059,7.615653
"FAM230B",5.515366,5.421042,5.698888,6.28367,6.192493,6.035064,5.949676,6.013871,6.130651,6.009604,6.548591,6.48604,6.6867,6.359062,5.791918,5.558686,5.908636,6.120701,6.123773,5.892902,6.092265
"YDJC",7.84132,7.535133,7.549824,7.50389,7.592794,7.288408,7.830859,7.682772,7.401055,8.236154,8.004664,8.228454,8.45139,8.204997,8.18176,8.539983,8.220675,8.358116,8.267359,8.321112,8.425712
"FAM230I",5.032169,4.684521,4.849092,5.851073,5.182457,4.585005,4.790355,5.798339,4.92096,5.093971,5.316282,4.983178,4.830865,4.93332,5.329309,4.818307,5.031656,5.237907,5.079419,4.676834,4.702379
"GUSBP11",9.132704,8.902688,9.263448,9.015263,8.82632,9.018562,9.258461,9.006073,9.120424,10.390977,10.395149,10.527554,10.318975,10.728289,10.498196,10.171673,10.332943,10.36376,10.408391,10.497642,10.71095
"VPREB3",7.472105,8.087711,7.674272,8.068088,7.199018,7.319343,7.754868,7.602184,7.126422,8.002796,7.746337,8.34282,8.088136,8.224912,8.002103,7.978329,8.009007,8.048682,8.143128,8.14941,8.225292
"DDT",7.881736,8.410298,8.536579,7.98938,8.22713,7.870904,8.229777,6.929496,8.421381,8.889269,8.637989,8.726555,9.595408,8.916868,9.227811,9.598848,8.632363,8.798617,8.880567,9.415116,9.857225
"GSTT1",6.143436,6.617679,6.368428,6.115389,6.450564,6.093119,6.553796,6.781289,6.808747,7.16249,6.14838,6.565844,6.551359,5.304744,6.603264,6.679383,5.64602,6.614016,6.561719,6.429844,6.820673
"ADORA2A-AS1",7.032599,6.484307,6.843007,7.371621,6.392788,6.609485,7.182112,7.458519,6.831952,7.356877,7.29316,7.12732,6.913175,6.975775,7.219696,6.928613,7.229418,7.220941,7.084291,6.754378,6.851854
"GUCD1",8.702984,9.418393,9.176454,8.804849,9.476216,8.82727,9.549874,8.809584,9.113034,9.519557,9.663349,9.451113,10.092054,9.101383,9.466112,9.725153,9.481634,9.573114,9.448691,9.692212,9.935559
"PITPNB",9.076792,9.318464,9.385531,9.129664,9.437778,9.453089,9.103285,8.594172,9.387105,7.973615,7.926467,8.212595,8.077527,8.258641,8.103063,8.185049,8.106501,7.733135,8.059969,8.368386,8.166437
"ASCC2",8.843391,9.489546,9.840692,9.352726,10.253286,9.182221,10.053276,8.889463,9.682791,10.867625,11.0099,10.515674,10.956923,9.945951,10.85752,10.347909,10.748867,10.781472,10.657642,10.733433,10.730189
"PIK3IP1",9.287683,9.612751,9.945379,9.728766,9.26367,9.621886,9.691466,8.953718,9.634137,9.661492,8.996207,9.266205,9.382803,10.014133,9.455799,9.557863,9.572961,9.441306,9.529329,9.527235,9.719395
"MYH9",9.619402,10.02028,10.476519,9.560211,10.040276,10.479498,9.882486,10.12962,10.803018,9.607688,10.109111,10.072366,9.454003,9.260083,9.870792,9.882619,9.798127,9.717883,9.786259,9.927608,9.913331
"TXN2",7.007788,7.219765,6.808865,6.413064,6.6457,6.912889,7.211115,7.159167,7.047336,7.337024,7.338168,7.555091,8.258887,8.319681,7.951465,8.080265,7.345258,7.456204,8.025867,7.800464,8.00652
"PVALB",5.804992,5.238757,5.250382,6.006688,5.821417,5.809699,5.671107,5.868768,5.920502,6.312493,6.777724,5.961932,6.236232,5.480924,5.711026,6.71162,6.096456,6.02827,5.79348,6.315221,6.107403
"IL2RB",8.192014,8.891668,8.052615,7.818824,7.968301,8.09073,8.918434,7.820399,8.961667,9.631609,10.119154,10.07312,10.30333,9.603373,10.218433,9.419438,9.778923,9.642543,9.672961,9.360626,10.42833
"RAC2",10.711096,11.288957,11.273038,10.822011,11.095439,10.869173,11.343759,11.317984,11.377729,11.849379,12.0264,11.911059,11.847038,11.861981,11.866904,11.966852,11.8053,11.694841,11.850885,11.586579,12.070925
"MFNG",8.85646,9.008095,9.070916,8.914936,8.707176,8.778246,9.018016,8.731694,9.039973,9.612989,9.496022,9.434448,9.860836,9.796103,9.558707,9.81589,9.501976,9.400741,9.536469,9.54032,9.402752
"LGALS2",6.766185,7.396952,6.56751,6.98266,7.612766,6.606679,7.396152,7.619124,6.413354,6.898037,6.958394,7.185598,6.67064,7.641078,6.969103,6.787136,7.085047,6.73056,6.794816,7.719481,6.866662
"TMEM184B",8.311683,8.437231,8.381574,7.750174,8.090043,8.113369,8.000757,8.155209,8.659198,8.824422,9.493486,8.998701,9.004657,8.69044,8.896962,8.909814,8.745103,8.647931,8.835515,8.630658,8.995828
"CBX7",7.981129,7.841614,7.925833,7.869862,7.592324,7.651627,7.85023,7.873406,7.971285,8.86144,8.969682,8.919499,9.073289,8.976213,8.8624,9.010496,8.8296,8.531083,8.72734,8.882075,8.955688
"RPL3",11.349138,11.081301,11.185251,11.449473,10.937993,11.049166,11.243619,10.992271,10.719914,11.990387,11.446272,11.366643,12.199137,12.724493,11.958362,12.168237,12.047246,12.102308,12.040992,12.116325,11.54912
"SNORD83B",7.909073,7.715992,8.080425,7.613377,7.449817,7.518495,7.945671,8.115457,7.359695,7.456947,7.442163,7.474153,7.559118,7.549751,7.49917,7.638085,7.350986,7.710427,7.551708,7.371105,7.346356
"DESI1",8.419762,8.370446,8.35296,8.162974,8.359546,8.053209,8.562717,8.237961,8.506791,9.372523,9.202624,9.383356,9.592473,9.102636,9.273464,9.47868,9.156721,9.341187,9.307977,8.97929,9.310274
"SNORD13P1",3.195073,3.627856,3.210108,4.544697,3.85042,3.051836,3.877574,3.129677,3.6209,3.438273,3.202654,3.177443,3.833525,3.820578,3.435445,3.679483,3.494467,3.178641,3.416509,3.697696,3.677204
"NDUFA6",8.549823,7.867814,7.311007,7.699689,7.831291,8.089878,7.773652,7.406033,7.438482,8.485571,7.873074,8.228897,9.134681,9.328894,8.506886,8.662862,8.595969,8.431696,8.505305,8.552519,8.042487
"NFAM1",8.788839,8.911449,8.860775,8.182171,8.793678,8.684279,8.447931,9.13308,9.394685,9.262362,10.431343,10.004608,9.799539,9.345572,9.649512,9.746706,9.481443,9.511326,9.512329,9.57576,9.69137
"CYB5R3",7.986017,8.625956,8.44663,8.200422,8.378218,8.051386,8.575847,8.404999,8.555891,9.29522,9.330058,9.170697,9.490404,8.735119,9.051319,9.517853,9.034585,9.077087,9.110007,8.957754,9.304313
"KIAA0930",7.923603,8.4612,8.045259,7.668654,8.016292,7.612419,8.171857,8.023526,8.230457,8.484824,8.470734,9.012383,9.037007,8.267519,8.75073,8.8929,8.534846,8.499408,8.513774,8.858214,8.525561
"PLXNB2",7.74645,8.353142,7.731914,7.517203,7.918832,7.687919,7.847435,7.89485,8.475459,7.973077,8.151693,9.121597,8.750635,8.02926,8.631103,8.38383,8.311376,8.545418,8.622914,8.773264,8.215165
"LMF2",7.652015,7.753072,7.794744,7.454998,7.394402,7.507916,7.76972,7.804782,7.745979,8.323774,8.36386,8.775288,8.530796,8.447259,8.718763,8.359093,8.353639,8.246026,8.445814,8.46779,8.436922
"ODF3B",6.942404,7.639533,7.327096,6.98978,7.439073,7.19261,7.417008,7.365769,7.132613,7.016039,7.417624,8.529999,7.598815,6.903907,7.287641,7.244147,7.203599,7.163714,7.250504,7.046999,7.251854
"TRNT1",7.32271,7.319092,7.322397,6.79203,7.749878,8.024034,7.231419,6.233567,7.202382,6.831077,6.010748,6.678863,7.258935,7.52282,6.796952,7.154091,6.707754,6.615853,6.760139,7.239803,7.48164
"THUMPD3",6.968115,7.319023,7.270426,7.360567,7.628303,7.92207,7.08592,6.553944,7.258493,7.414973,6.716271,6.971325,7.571802,7.562014,7.312201,7.590179,7.047349,7.057313,7.314053,7.343719,7.216327
"JAGN1",8.328209,8.771959,8.599519,8.711651,8.750306,8.307569,8.697555,8.392021,8.614078,7.95888,7.643271,7.677695,8.19384,8.284854,7.799706,8.069399,7.945921,7.765148,8.042122,8.059654,7.9857
"BRK1",8.550224,8.634235,8.163642,8.272257,8.537909,8.462531,8.314903,7.783903,8.183411,9.745336,9.111273,9.037058,10.12938,10.090529,9.397588,9.776165,9.200312,9.444043,9.524166,9.600583,9.615707
"ATG7",8.997813,9.337352,8.879845,8.342759,8.967151,8.842556,8.729464,8.785834,9.366729,8.273266,8.585502,8.675258,8.465423,8.320384,8.45527,8.526988,8.343821,8.448186,8.577995,8.605402,8.528655
"LSM3",5.840894,4.998351,5.179147,5.445361,6.030806,6.544417,5.373361,5.433101,4.245934,6.160548,5.422479,5.245025,7.043267,7.596402,6.227579,6.353422,5.900685,5.43751,5.933683,5.712801,6.157183
"SLC6A6",10.829481,10.439609,10.482562,9.635029,10.472398,10.795362,10.419997,11.23905,11.195463,10.310193,10.935597,10.797206,10.371064,10.09413,10.620109,10.589597,10.179605,10.265682,10.164277,10.422274,10.045957
"CAPN7",9.253016,8.931803,9.138177,9.018821,9.200156,9.606115,8.951826,8.581667,8.716805,8.876802,8.522169,8.315847,8.90954,9.122964,8.793138,8.774466,8.565696,8.39534,8.765719,9.102086,8.916042
"OXNAD1",9.407091,9.150743,9.947941,9.647375,9.165831,9.886918,9.56743,9.166884,9.231542,10.2242,9.62469,9.563866,9.909302,10.577714,9.942025,10.184291,10.048846,10.011649,10.26423,10.224373,10.190057
"RPL15",10.887251,10.799708,10.906114,10.969266,11.073703,11.326402,10.80541,10.311165,10.780836,10.750693,9.722941,9.900423,10.969386,11.151582,10.422689,10.821792,10.383391,10.303799,10.879922,11.035677,10.742626
"ZNF860",6.645098,7.390238,6.890006,7.405137,6.890886,7.375248,7.233475,6.638864,5.739412,7.124452,6.043964,6.664373,7.274159,8.287436,6.540512,7.232,7.098001,6.646639,7.180874,7.945555,7.384928
"CNOT10",8.326201,8.479441,8.585865,8.207902,8.531795,8.565594,8.394775,8.106968,8.545734,7.388025,7.50005,7.326655,7.656127,7.727854,7.542521,7.734566,7.47176,7.29563,7.725024,7.564071,7.583295
"CRTAP",8.948578,8.772182,8.60291,8.464608,8.696933,8.217027,8.676739,8.888449,8.823161,9.707689,9.528982,9.928648,10.271633,9.827726,9.803713,10.074557,9.510456,9.62282,9.977753,9.920315,9.699235
"GOLGA4",8.291837,8.403405,8.329652,8.306677,8.564921,9.091285,8.164438,7.635373,8.2148,7.766679,7.489397,7.319838,7.958428,8.017503,7.940905,8.180752,7.840091,7.59503,7.763604,8.148279,7.951421
"MYD88",9.665811,9.817613,9.502359,8.965018,9.60012,9.206566,9.566818,9.718134,9.829829,10.324434,10.633495,11.17187,10.686688,10.126577,10.508501,10.42357,10.278388,10.337474,10.252655,10.430787,10.374932
"WDR48",9.149126,9.013677,9.089182,8.831382,8.984074,9.562134,9.028299,8.671439,9.149043,7.634736,7.684872,7.434404,7.906688,7.950034,7.6484,7.834244,7.499648,7.657026,7.757601,7.867279,7.960349
"SS18L2",8.54407,8.442004,8.50007,8.627518,8.376957,8.495358,8.433107,8.398181,8.055402,7.859482,7.706328,7.462514,8.159614,8.162993,7.836529,7.98774,7.887382,7.844785,7.727344,7.77631,7.566388
"NKTR",9.761236,9.612867,9.957565,9.631638,9.592186,10.145962,9.700642,8.953303,9.708334,8.989776,8.557231,9.003187,8.942504,8.90835,9.12825,9.455943,8.863475,8.75879,9.340209,9.403632,9.195008
"ABHD5",9.836088,8.931308,9.273757,8.387019,9.435587,9.441203,9.15301,9.235363,9.555568,9.514773,10.579813,9.730174,9.890324,9.559607,9.826247,10.229901,9.725408,9.540893,9.878166,10.022943,9.801725
"ZNF502",5.217919,5.429951,5.102772,5.503717,5.437063,5.837281,5.642102,5.005836,5.119912,5.211359,4.985065,5.287121,5.632802,5.976852,5.48923,5.782251,5.015911,5.474456,5.588932,5.688045,5.488677
"SACM1L",9.704346,9.583889,9.686796,9.642512,9.678087,9.99358,9.705131,9.146563,9.725108,8.835978,8.95882,8.705976,9.283733,9.446003,9.05438,8.973222,8.865021,8.825516,9.168529,9.295417,9.132413
"CCR9",7.537127,8.492109,7.316606,7.304632,7.279415,6.886697,7.198218,7.19284,6.888811,7.223595,7.024292,7.694745,7.275848,7.87151,7.351803,7.294283,7.725348,7.603526,8.310632,7.778936,7.526766
"CCR3",7.017239,6.314149,7.593468,5.365352,7.515257,7.990079,6.299755,7.106599,7.393332,5.343426,7.563017,7.49587,6.868689,6.180157,6.348598,7.298284,6.292003,7.473666,6.636587,6.621878,7.612702
"CCR2",9.008176,8.979899,8.824745,8.095495,9.193246,9.085136,7.75128,8.892837,9.554464,7.693996,8.117626,8.448546,8.549419,7.908693,8.450782,7.745748,7.802918,8.1779,8.120903,8.048496,8.080732
"NBEAL2",8.997748,8.978995,8.646772,8.02349,8.599276,8.631727,8.535161,9.077377,9.522245,9.222157,9.987446,9.73379,9.54773,9.088931,9.667994,9.534649,9.344232,9.189993,9.296669,9.337193,9.342737
"DHX30",7.563148,8.103541,7.979413,7.84697,7.788644,7.755481,7.958385,7.506041,7.985497,8.705596,8.519458,8.755211,8.905592,8.738732,8.798984,8.84496,8.677819,8.601195,8.684321,8.873799,8.82014
"CAMP",7.468797,7.114177,7.117001,7.535082,7.183789,7.028502,7.351987,7.771151,7.148781,7.119944,7.516037,7.123617,7.096394,7.136454,7.172168,7.204331,7.209544,7.30341,7.294148,7.243397,6.965852
"WDR6",8.351585,8.744757,8.876921,8.236083,8.417547,8.571355,8.577899,8.353542,8.868326,9.030588,8.676091,9.200481,8.773449,9.075643,9.047797,9.100568,9.116067,8.942322,9.078979,9.199141,8.955777
"NDUFAF3",7.94584,8.055535,7.914016,7.859351,7.874037,7.755228,7.882454,8.080834,7.948706,8.997623,9.351615,9.190771,9.688007,9.323022,9.194246,9.422529,9.171065,9.198363,9.188655,9.496744,9.230875
"RBM6",8.365612,8.39376,8.786792,8.626573,8.316242,8.986291,8.51731,8.091861,8.858979,7.942749,7.602494,7.866963,7.763934,7.878221,8.252877,7.936337,7.757507,7.644115,7.715011,7.94995,7.885168
"GNAI2",10.424457,10.910741,10.795824,10.431382,10.719205,10.447308,10.813942,10.93327,11.101836,11.280171,11.524189,11.617294,11.377554,11.047079,11.559228,11.437506,11.271649,11.199108,11.249237,11.442317,11.502646
"MAPKAPK3",8.841695,8.830119,8.71126,8.331313,8.839628,8.384353,8.763343,8.963445,8.893579,9.186483,9.433811,9.799578,9.858717,9.275709,9.612978,9.719534,9.110727,9.57282,9.572833,9.702109,9.311328
"DNAH1",7.596799,7.560537,7.830712,7.481723,7.608964,7.714548,7.76512,7.52676,7.990412,8.209578,8.20914,8.510722,8.033514,8.130883,8.373305,8.502326,8.208032,8.194028,8.232932,8.603076,8.31951
"GNL3",7.514666,7.764346,7.64179,7.503242,7.411319,8.018908,7.328298,6.865726,7.385343,7.113284,6.489577,6.913328,7.262022,7.951353,6.956071,7.137203,7.255195,7.073462,7.224312,7.323676,7.216197
"CCDC66",6.371339,6.352336,6.0616,6.041262,6.281768,7.371101,5.907152,5.469433,5.76339,6.410255,5.952386,6.0434,6.99745,7.221638,6.648865,6.877523,6.655679,6.388626,6.61813,6.980976,6.688267
"PDE12",7.147116,7.506367,7.4705,7.004751,7.92385,7.563821,7.332316,6.892168,7.373636,6.945187,6.417131,6.655189,7.175432,6.904668,6.884402,7.285751,6.884327,6.728455,6.957906,7.163704,7.069548
"SLMAP",8.606625,8.700945,8.690547,8.357482,8.899247,9.083394,8.566263,8.382383,8.866886,7.936731,8.065289,7.839258,8.211416,8.127019,7.799826,8.429287,7.998286,7.793079,8.192424,8.265996,8.266758
"RPP14",7.714397,7.933016,7.601205,7.501628,7.90686,7.655869,7.594959,6.695454,7.697686,7.176324,6.986212,7.099919,7.655187,7.412739,7.292419,7.567313,6.973738,7.308301,7.32712,7.609454,7.583105
"ATXN7",9.899234,10.022522,10.31439,9.867292,9.980816,10.257988,9.753881,9.957564,10.52007,10.61533,10.954758,11.127503,10.52469,10.712856,10.823761,10.690903,10.730131,10.598715,10.686255,10.608313,10.76756
"KBTBD8",6.192652,6.581423,6.476038,6.410653,6.585183,6.695181,6.674674,5.814846,6.396721,6.366724,5.751551,5.916127,6.66776,7.113547,6.224267,6.520937,6.294638,6.326534,6.356566,6.384993,6.628513
"PSMC1",9.049039,9.29266,9.085606,9.190256,9.032393,9.331009,8.804285,8.967417,8.859438,8.343896,8.354519,8.249898,8.515179,8.481284,8.303939,8.433016,8.180022,8.101607,8.479476,8.511166,8.061519
"PPP4R2",8.593964,8.778722,8.480903,8.449114,8.922043,9.482472,8.60248,8.409115,8.665377,7.854063,7.755683,7.376549,8.492143,8.379011,7.604803,8.252312,7.735312,7.837496,8.016237,8.13684,7.849052
"CHMP2B",7.696622,7.855694,7.707828,7.232684,8.063643,8.174473,7.714975,6.984581,7.880694,7.014162,7.356351,7.272719,8.085865,7.592104,7.175269,7.776429,7.071229,6.993012,7.475827,7.869023,7.744396
"ZNF654",6.694977,7.51219,6.967087,6.769943,7.37272,7.816137,7.003828,6.582955,6.703326,6.390333,6.192163,5.982932,7.578826,7.870454,6.485532,6.988787,6.777593,6.271072,6.835128,6.620741,7.450232
"C3orf38",7.810441,8.228579,8.016059,7.822014,8.34696,8.493302,8.170537,7.404213,7.639849,7.750793,7.212725,7.665672,8.441339,8.560004,7.890572,8.151639,7.8993,7.704213,8.377032,8.232384,8.201122
"NSUN3",8.113208,8.877075,8.50628,8.079835,8.729816,9.152607,8.658385,7.819786,8.665433,8.036046,8.019781,8.039865,7.967768,8.182727,7.963746,8.425877,8.168783,8.065526,7.930278,7.969187,8.507539
"CRYBG3",7.35307,7.77404,7.140548,6.929429,7.407022,7.312676,6.947929,6.886874,7.975754,7.086176,6.930376,7.12696,7.133473,6.679888,7.079417,7.221072,6.970322,6.750482,7.363832,7.200409,7.041057
"GPR15",7.978944,7.947821,8.022709,8.17812,8.156353,7.737175,7.724071,7.627735,7.478832,7.86373,7.420003,7.483651,7.622352,8.082537,7.604429,7.93407,7.149949,6.782157,7.284658,7.570763,7.883681
"NIT2",7.164746,7.634105,7.430474,7.462722,7.627961,7.545812,7.720082,7.070045,7.633823,8.40524,7.845273,8.041984,8.700022,9.131079,8.446263,8.696796,8.238076,8.131797,8.582441,8.628724,8.703842
"TRMT10C",6.324816,6.807111,6.400131,6.514057,6.786013,6.992922,6.864876,6.145634,6.368993,6.262222,6.333634,6.253668,7.050505,7.147033,6.394321,6.843353,6.351022,6.3552,6.539267,6.481054,6.786563
"CEP97",7.70962,8.098599,8.052189,7.703339,7.820175,9.645288,7.941169,7.296859,7.724551,7.660984,7.445875,7.084758,7.454726,7.723103,7.194494,7.565427,7.413697,7.244202,7.697205,7.653662,7.653841
"NXPE3",8.65693,8.797342,8.892797,8.762192,8.906224,8.907291,8.703435,8.339391,8.656725,8.241671,7.681921,7.884443,7.898539,8.324304,7.934562,8.14034,7.952942,7.732275,7.887978,8.079562,8.031073
"ALCAM",7.250404,7.594928,7.209519,7.010548,7.698743,8.376783,7.399087,6.947918,7.48256,7.116205,6.797041,7.111094,7.231477,7.239452,6.672856,7.266901,6.709234,6.709809,6.876205,7.237258,7.161805
"DZIP3",7.034772,7.474016,7.292079,7.437194,7.591864,8.106707,7.421922,6.758697,6.651231,6.90309,6.319096,6.002979,7.40932,7.620177,6.568658,7.000773,6.703634,6.58139,6.767055,7.09615,7.345368
"TRAT1",9.384289,9.904365,9.81194,10.023107,10.201057,9.921551,9.593925,8.865801,9.166142,10.492151,8.962987,8.683338,10.322378,10.960727,9.783268,10.320475,9.808539,9.719061,9.954932,9.905986,10.33625
"CD96",10.005909,10.084889,10.443204,10.558334,10.058291,10.394196,10.288733,9.919156,9.758115,10.690653,10.114516,10.026107,10.724046,11.04527,10.522241,10.626309,10.46555,10.464095,10.62105,10.531884,10.719285
"ABHD10",7.899817,8.242964,7.758906,7.871282,7.965466,8.240346,7.903114,7.422086,7.652598,7.568491,7.398354,7.450065,8.206071,8.251648,7.675415,7.863205,7.546454,7.338173,7.771568,8.219758,7.842143
"TMPRSS7",5.229543,4.822939,5.121499,5.839136,5.141186,4.963389,5.027138,5.732612,5.107961,5.836131,5.553112,5.371765,5.022967,5.430805,5.46204,5.184466,5.537823,5.544837,5.365024,5.102846,5.035246
"CD200",7.571513,7.854567,8.15232,8.164356,7.621405,8.069764,7.848872,7.795481,7.066645,8.03943,7.469367,8.124102,7.754913,7.983655,7.788606,8.115924,7.971287,8.076168,8.358546,8.066386,8.291217
"SLC35A5",9.339404,9.807606,9.366258,9.048464,9.56863,9.444818,9.286593,8.914447,9.484054,8.477139,8.508915,8.658743,8.9323,9.023578,8.659673,8.609822,8.800856,8.51663,8.841356,8.829863,8.938285
"GTPBP8",6.997484,7.561354,7.574183,7.59703,7.608983,7.767156,7.595516,6.863819,7.112833,7.159258,6.83859,6.744638,7.509172,7.637761,7.046741,7.39252,6.955009,6.951672,7.200153,7.203541,7.533467
"ATP6V1A",9.942341,9.74878,9.686739,9.056242,9.852515,10.097189,9.494711,9.702924,10.321002,8.511875,9.521165,9.030624,8.929169,8.450443,9.059609,9.278064,8.744512,8.983279,9.113487,9.301201,9.214817
"GRAMD1C",7.942784,6.72305,7.417909,6.53135,7.577189,7.761646,7.478905,7.280067,7.505819,6.563877,7.659345,5.946073,6.856785,7.007568,6.838435,7.421995,6.027288,6.840414,6.820836,7.307169,7.264465
"POGLUT1",7.600486,7.900816,7.413457,7.584655,7.652646,7.761165,7.552643,6.494,7.51129,7.169302,6.359457,6.980072,7.393203,7.433868,7.022685,7.159225,6.845258,6.774538,7.174818,7.341887,7.306025
"TIMMDC1",8.036172,8.383274,8.280845,8.006,8.411035,8.344577,8.367033,7.240713,8.173383,8.645472,8.438656,8.571323,9.106426,9.595003,8.843597,8.810833,8.706455,8.490041,9.031617,8.355704,8.833782
"GTF2E1",7.727321,8.236035,7.843789,8.023008,8.181956,8.108546,7.787393,7.471037,7.539939,7.404211,7.098419,7.081192,7.665742,7.809372,7.377204,7.623228,7.295897,7.238412,7.465539,7.353768,7.309715
"EAF2",7.949735,8.442739,8.325964,7.890227,8.343203,8.471939,8.621619,7.38336,7.832312,9.006293,8.359306,8.958193,9.131476,9.271776,8.886749,9.350586,8.878731,8.822347,9.032253,9.494268,9.699419
"SLC15A2",7.947756,8.659833,8.452359,7.979838,8.282075,9.065331,8.814176,7.631643,8.180866,7.549256,7.417633,8.136854,7.538122,7.639549,7.46777,7.92547,7.630249,7.635562,7.757502,8.119785,8.270508
"CD86",7.809453,8.723219,7.557704,7.532139,7.981289,8.065677,8.014255,7.45076,8.460607,7.724696,7.610725,8.39385,8.52613,7.941517,8.165721,8.020683,7.584794,7.815105,8.045953,8.388229,7.842121
"CSTA",7.480171,6.797585,6.392612,6.262471,6.637659,7.124279,5.926071,7.539802,6.456702,6.285551,7.489734,6.678929,7.754706,7.274793,7.111964,7.085215,6.403281,6.893327,7.320511,7.422281,6.6903
"DTX3L",9.387886,10.28576,9.458478,9.274987,10.062083,10.120519,9.27158,9.130797,10.014147,8.680454,9.280445,10.596132,9.26699,9.031766,9.311168,9.214922,9.377442,9.071308,9.1992,9.1109,9.452701
"PARP15",9.202893,9.71926,9.709616,9.685945,9.227255,9.933254,9.50427,8.638042,9.311796,9.443674,8.794766,9.498903,9.241387,9.417119,9.732501,9.30872,9.593955,9.236648,9.503037,9.68847,9.701711
"PARP14",10.031625,10.828752,10.074513,9.869701,10.660198,10.599638,10.000751,9.273625,10.514023,9.088295,9.37124,11.200495,9.645561,9.610147,9.749609,9.517299,9.795411,9.460518,9.609811,9.75269,10.009009
"SLC49A4",8.740006,8.927546,8.839761,8.536285,8.674484,9.084281,8.845294,8.729385,9.214454,9.939832,10.285687,9.630528,10.153229,9.843712,9.81056,10.236351,9.792366,9.946195,10.024838,10.054952,9.943473
"UMPS",7.80197,8.051235,8.068818,8.005041,7.725495,8.240769,7.60473,7.571371,7.533386,7.435716,6.932567,7.297552,7.204322,7.775775,7.392854,7.41247,7.495294,7.284798,7.574575,7.446876,6.988618
"RAB7A",10.24083,10.676849,10.59638,9.997512,10.546089,10.588415,10.414426,10.376934,10.827226,11.524723,11.977822,11.619528,11.652379,11.340528,11.671912,11.698039,11.642499,11.359534,11.732268,11.336809,11.666543
"COPG1",7.907912,8.846153,8.185187,7.866699,8.382514,8.436598,8.155182,8.042083,8.802007,8.912208,8.986645,9.112849,8.845109,8.735618,8.970622,8.962012,8.885093,8.864239,9.035091,8.818253,8.952967
"ATP2C1",8.391178,8.650105,8.646624,8.491074,8.563683,8.876319,8.420097,7.866878,8.46459,7.417828,7.175954,7.069888,7.378934,7.535388,7.322026,7.474356,7.002098,7.074564,7.544282,7.381123,7.550948
"ACP3",8.172165,7.949541,7.571732,6.85964,7.961845,7.606926,7.566431,7.988578,8.202643,7.679745,8.728515,8.279491,8.561078,7.620364,7.908242,8.260176,7.667125,7.905729,8.086026,8.441426,8.522901
"DNAJC13",8.85374,9.515158,9.315319,8.853577,9.25114,9.65849,9.010852,8.666717,9.498329,8.650553,8.731042,9.263425,8.704789,8.850433,8.950457,8.811958,8.82055,8.758198,9.029787,9.15807,9.150183
"UBA5",8.047793,8.6053,8.104406,8.438592,8.604277,9.067328,8.371163,7.66622,8.155161,7.636168,7.341412,7.348721,8.078025,8.359321,7.573403,8.013359,7.601068,7.540272,7.996708,7.934755,8.170759
"CEP63",8.504813,8.303919,8.13953,7.54446,8.127204,8.860373,7.790387,8.055172,8.804576,7.315155,8.227758,7.743681,7.760428,7.778929,7.781316,8.266043,7.667689,7.454596,7.778302,7.635393,7.704071
"NCK1",8.434391,8.506508,8.232881,8.353656,8.633103,8.921268,8.509361,7.855624,8.23794,7.570778,7.331662,7.052875,8.015634,7.862065,7.745207,7.769548,7.457078,7.055367,7.481011,7.58366,7.580616
"ARMC8",8.669011,9.050044,8.89533,8.771961,8.995365,9.379775,8.922454,8.453224,8.778876,8.239791,7.98857,8.228936,8.496161,8.459562,8.347853,8.437159,8.060329,8.097525,8.226751,8.498053,8.404669
"SLC25A36",7.439851,8.052718,7.878023,8.045148,7.964361,8.112726,8.005885,7.153196,7.443514,7.716871,6.852928,6.884463,7.868558,7.81521,7.271433,7.560469,7.348565,7.16589,7.499239,7.913512,8.003627
"RASA2",8.928672,9.447766,9.601066,9.308551,9.549416,9.862968,9.360129,8.728294,9.299465,9.615529,8.95404,8.764616,9.203498,9.45913,9.13631,9.326774,9.011114,8.987546,9.402832,9.345313,9.538428
"ATP1B3",6.522145,7.472598,6.846819,7.111494,7.483927,7.124413,7.13647,7.090262,7.422321,7.749926,7.407595,7.784689,8.128571,7.744077,7.872304,7.75869,7.350787,7.758205,7.7103,7.945169,7.785183
"TRPC1",5.240706,4.373143,4.850941,5.298004,5.186785,4.934054,5.229645,4.959681,4.966822,5.269916,5.082051,4.702755,4.905708,5.059212,4.989871,5.192001,4.849203,5.034332,4.852521,4.808622,5.006263
"U2SURP",9.183761,9.744222,9.708389,9.663694,9.811425,10.20376,9.661461,9.238976,9.406404,9.104497,8.698691,8.885035,9.009634,9.468376,9.109213,9.123649,8.816322,8.749957,9.165668,9.286584,9.363581
"CPA3",5.005291,6.064171,6.635417,6.215166,6.381003,6.86976,5.345182,6.311021,6.171888,5.916561,6.202667,6.027182,6.296004,4.800047,6.300123,6.29615,5.376409,6.141205,6.677703,6.059343,6.935119
"GYG1",8.528598,8.994586,8.322403,7.883413,8.548962,8.442865,8.644315,8.71654,8.841921,8.323675,8.348309,8.043982,8.373376,7.813836,8.266185,7.889793,7.706059,8.160188,8.399608,8.3982,8.218982
"EIF2A",8.638396,8.678256,8.517036,8.401077,8.57397,9.429384,8.34872,8.119999,8.414244,8.158697,7.366037,7.514175,8.542249,8.714023,7.973711,8.290811,7.988979,7.755829,8.358934,8.458703,8.208479
"LINC02877",4.918428,4.068756,4.733261,4.743576,4.54556,4.366389,4.633304,4.59208,4.548768,5.555638,5.458694,5.209809,4.644078,5.032585,5.086392,4.997899,5.020105,4.994468,5.346142,5.306406,4.810395
"MME",11.111701,9.880561,9.895633,9.8443,10.585532,11.123697,10.132927,10.952206,11.221419,9.475944,11.219452,9.834498,10.043629,9.79001,10.166806,10.352916,10.232522,9.921721,10.312016,10.326325,10.442355
"RSRC1",7.754624,8.156567,7.857911,7.850038,7.947825,8.322192,7.996315,7.66464,7.782167,7.389359,6.92527,7.434484,7.859861,7.663044,7.452623,7.721353,7.37592,7.023167,7.293994,7.856796,7.343977
"GFM1",7.373932,7.977054,7.765478,7.55707,7.694313,7.948706,7.597548,7.035472,7.551188,6.846886,6.637538,6.837306,6.876682,7.046066,6.910759,6.875114,6.714581,6.661935,6.829728,7.207873,7.084396
"LOC100287290",5.739842,6.706893,5.604269,5.972563,5.818337,5.747625,6.357178,5.981673,5.71185,4.708146,5.351657,5.131865,5.296537,5.016115,5.359805,5.332729,5.396096,5.524632,5.409312,5.25965,5.126092
"MFSD1",10.27885,10.275695,10.369973,9.834129,10.300744,10.387714,9.94308,9.927116,10.386372,9.367906,9.231512,9.234911,9.830943,9.422964,9.491913,9.594572,9.266961,9.297502,9.730431,10.018018,9.503972
"SMC4",7.764979,8.72883,8.414585,8.246121,8.354187,8.955115,7.952388,7.386349,7.898096,7.937286,7.087393,7.331374,8.261525,8.334738,7.519392,7.632945,7.933928,7.27842,7.954899,7.808035,7.87647
"MIR15B",4.316079,4.964398,4.58215,4.7158,5.117224,5.781513,5.096985,4.346449,4.327883,4.468166,4.0827,4.167634,4.58035,5.332615,4.541927,4.7229,4.405184,4.293908,4.523405,4.698233,5.176384
"NMD3",7.807725,7.835231,7.474389,7.991093,7.959525,8.617858,8.005246,6.958985,7.718339,7.005568,6.50545,6.503024,7.74363,8.016469,6.919909,7.43066,6.98588,6.614844,7.004552,7.110011,7.273617
"MYNN",7.693362,7.996402,7.623982,7.856348,8.074909,8.371324,7.796606,7.368931,7.520954,6.897114,6.58098,6.337132,7.340652,7.653097,6.69044,6.845059,6.775816,6.212133,6.94301,6.619774,7.270765
"SEC62",8.420021,8.565786,8.504109,8.773103,9.204813,9.102079,8.620982,7.902486,8.318228,7.836758,7.395572,7.268096,8.289674,8.511966,7.720679,8.221913,8.066885,7.681358,7.862595,8.082442,8.131741
"GPR160",6.878052,7.590648,7.062699,7.383605,8.377292,7.99409,6.944168,6.643029,7.255852,6.581761,7.285968,6.299362,7.414356,7.170351,6.513961,7.348764,7.11288,7.029467,7.437139,7.906422,7.316966
"PHC3",5.724662,6.559979,6.641197,6.397712,6.46366,6.854246,6.136752,5.659191,6.143082,6.618517,6.640265,6.258174,6.455567,6.493361,6.000088,6.478252,6.356709,6.300735,6.576877,6.923714,6.65586
"SKIL",7.252296,7.694848,7.574113,7.559649,7.862055,8.26679,7.689645,7.205247,7.495939,6.85021,6.60533,6.544441,7.437888,7.461495,6.782705,7.030616,6.885614,6.704603,6.759915,7.341826,7.171836
"TMEM212",5.712186,5.896264,5.76701,6.223273,5.583624,5.880901,5.910231,6.148717,5.629925,6.311335,6.332654,5.910788,5.230529,5.799706,5.827554,5.373006,5.869962,5.899407,5.374074,5.554537,5.373171
"FNDC3B",9.512545,9.401466,9.477957,8.558828,9.318541,9.642697,9.150594,9.786205,10.294778,9.561508,10.113444,10.101716,9.64933,9.092622,9.737792,9.655256,9.344168,9.437632,9.664854,9.645988,9.759689
"PIK3CA",8.791803,9.085358,8.973234,8.814657,9.155811,9.520496,8.89763,8.382074,8.939457,8.142325,8.12701,7.698463,8.47747,8.633799,8.135721,8.424075,8.10588,7.871032,8.27359,8.402827,8.786412
"ZNF639",6.342032,6.841195,6.389601,6.468518,6.961272,6.709176,6.551057,5.997931,6.510792,6.154756,5.931715,5.827053,6.585208,6.295438,6.339718,6.455012,5.956636,5.950217,6.486712,6.773094,6.458764
"MFN1",8.420084,8.894888,8.53632,8.717887,8.842857,9.130576,8.846569,7.685804,8.500085,7.71004,7.357182,7.737657,7.938508,8.189895,7.935867,8.14582,7.734867,7.624052,7.919742,7.934332,8.117875
"NDUFB5",8.581725,8.906478,8.248525,7.893412,8.635892,8.852238,8.245388,7.90337,8.382165,7.939371,7.246691,7.738189,8.456254,8.579569,7.991203,8.347784,8.097837,7.60851,8.123967,8.150604,8.153257
"TTC14",8.549278,8.800351,8.775504,8.709613,9.001616,9.2925,8.932051,8.199412,8.603865,8.1804,7.648279,7.57503,8.262011,8.829782,8.014894,8.099323,8.022875,7.870434,8.01952,8.340785,8.262295
"FXR1",8.884994,8.780857,8.862564,9.176356,9.04569,9.783475,9.046815,8.586057,8.732561,8.004931,7.747761,7.689276,8.399949,8.782519,8.080329,8.193312,8.007577,7.835508,8.171427,8.246629,8.065481
"ATP11B",9.954477,10.115177,10.169757,9.929796,10.233236,10.489429,10.237911,9.915018,10.124888,9.505268,9.199641,8.985791,9.653432,9.61757,9.288849,9.417582,9.390515,9.133065,9.429912,9.401876,9.705166
"B3GNT5",7.332319,7.20379,7.149863,6.840034,7.004326,7.730914,6.708729,6.970998,7.414943,6.956567,7.050757,7.062915,7.423037,6.233865,6.436323,7.015773,6.382599,6.443143,6.800117,7.069372,7.038803
"KLHL24",9.028365,9.176417,9.369506,9.288481,9.37841,9.675101,9.310042,8.646331,9.231541,8.391867,8.428326,8.32794,8.63496,8.795597,8.530223,9.070587,8.662459,8.560418,8.775178,8.966047,9.057136
"POLR2H",7.519922,8.142658,7.957654,8.021053,7.865317,8.107666,7.704446,7.020834,7.818715,8.496546,8.270099,8.158391,9.009939,9.154834,8.712228,8.834033,8.426655,8.296499,8.485573,8.451833,8.804725
"VPS8",9.359977,9.237403,9.45153,8.951909,9.345031,9.894706,9.149731,8.993171,9.595965,8.135982,8.642237,8.360509,8.258145,8.456456,8.46384,8.700284,8.255186,8.025321,8.324116,8.693748,8.822382
"DNAJB11",8.012897,8.707758,8.200808,7.859958,8.269879,8.529133,8.09521,7.262478,8.345667,8.626004,8.116058,8.287141,8.739971,8.710625,8.409899,8.231457,8.180638,8.216469,8.606962,8.526796,8.293246
"EIF4A2",9.595456,9.590304,9.731051,9.628117,9.552888,10.09979,9.653444,9.004658,9.372418,8.556389,7.891866,8.012455,8.857177,9.034485,8.360661,8.73576,8.579754,8.18147,8.751522,8.875464,8.359158
"ST6GAL1",9.714812,10.555296,10.741049,10.44983,10.360614,10.36992,10.505072,10.134413,10.333693,10.882799,10.349818,10.697043,10.52731,10.887131,10.767329,10.658677,10.912046,10.898704,10.931468,10.652406,11.048964
"RTP4",7.417358,8.124276,7.1819,7.392127,7.679281,7.398708,7.52118,7.430408,7.33793,6.859859,7.257767,8.275698,7.756608,7.631456,7.105777,7.209684,7.02126,7.119275,6.779233,6.954102,7.446834
"LPP",9.194386,9.239063,9.203497,8.706578,9.139036,9.465248,8.89764,9.136239,9.531033,9.578614,9.795607,9.986577,9.406057,9.319579,9.729376,9.812829,9.382016,9.356975,9.497048,9.655007,9.799078
"MIR28",5.585731,5.677543,5.096872,5.068059,5.45211,5.583673,5.31069,4.799685,5.608661,4.50146,4.677236,4.607628,4.760165,4.747027,4.680294,4.398385,4.571336,4.342963,4.497954,4.482201,4.586147
"IL1RAP",8.28038,7.930146,8.778836,7.754111,8.925614,9.203349,8.441792,8.486107,9.048528,7.989319,8.235756,7.792113,7.880756,7.570684,7.52092,8.003407,7.621995,7.574477,7.89748,7.87156,7.846128
"CCDC50",7.655506,8.204139,8.001852,8.091217,8.26339,8.148513,8.218416,7.640101,7.804927,8.282164,7.818587,8.47777,8.469158,8.524302,8.258252,8.489705,8.393532,8.138541,8.580225,8.949106,8.620631
"OPA1",8.471059,9.292915,8.948396,8.928955,9.372069,9.552249,9.145811,8.355967,8.879517,8.0575,7.699315,7.80219,8.379695,8.254068,7.907132,8.163994,7.902251,7.749743,8.115173,8.29386,8.464885
"FAM43A",7.603012,7.434614,7.44005,7.378554,7.368899,7.285194,7.724612,7.553451,7.426222,8.043772,8.242268,8.407315,8.540775,8.363914,8.044254,8.178771,8.187389,8.08615,8.200097,8.166649,8.260686
"MIR570HG",7.275067,6.380955,7.517818,6.973059,6.904604,7.113067,6.628034,7.049497,6.968132,8.095965,7.003174,7.258892,7.179254,7.652609,7.073767,8.029364,7.27661,7.205605,7.390062,7.673887,7.547677
"PIGX",9.061495,8.530788,8.724269,8.030417,8.996561,9.196411,8.195937,8.328263,9.189929,7.974901,8.355017,7.542372,8.090832,8.001653,7.937884,8.843292,7.670982,7.838071,7.487328,8.188076,8.237436
"PAK2",9.574602,9.955833,10.254272,9.222125,10.03138,10.263493,9.576483,9.793287,10.18301,8.963585,9.776048,9.542892,9.218303,9.046318,9.278094,9.728471,9.219128,9.271819,9.555716,9.462467,9.871618
"SENP5",9.363282,9.578671,9.458508,9.266813,9.538221,9.813805,9.076459,8.86973,9.495543,8.607243,8.491016,8.343057,8.720733,8.876653,8.766897,8.694841,8.539366,8.379783,8.718051,8.930873,8.601844
"FYTTD1",8.629651,8.720262,8.560401,8.641013,8.812865,8.840703,8.529881,7.89924,8.535317,7.570141,7.125476,7.567459,7.805199,7.848067,7.598197,7.817427,7.521585,7.258199,7.536126,7.700277,7.745064
"RPL35A",10.778515,10.323119,9.866977,10.300144,10.013392,10.424833,10.276458,9.681221,9.115143,11.033816,10.490742,10.180543,11.257411,12.501375,11.025899,11.187475,10.742057,11.139138,11.046157,11.185584,10.550579
"IL5RA",6.9765,6.639064,7.745884,6.736619,7.410932,7.317711,7.042769,6.59342,6.568423,6.341591,7.653589,7.788601,7.415227,6.289857,6.695136,7.598055,7.319533,7.28417,7.561181,7.128365,7.634711
"CRBN",9.589155,9.670699,9.674624,9.944776,9.973399,10.224651,9.794717,9.015309,9.768807,8.898362,8.330129,8.3086,9.159693,9.688516,8.808371,9.091881,8.836889,8.613098,8.897353,9.046392,9.140608
"EMC3",8.740456,9.208829,8.781134,8.39681,9.310244,8.829274,8.816091,8.43983,8.538128,8.116426,8.612966,8.308476,9.101124,8.347416,8.501759,8.785856,8.305829,8.508656,8.506848,8.636069,8.321136
"TMEM40",6.850768,6.619694,6.964432,6.67752,6.833318,6.622913,6.827198,6.670729,6.765783,7.450003,7.620089,6.98029,8.008124,6.824569,7.353289,7.630924,6.978302,7.390006,7.265968,7.31251,7.863877
"IQSEC1",8.862035,9.301478,9.438457,8.853773,9.127296,9.195501,9.049854,9.179293,9.536503,9.660846,10.240372,10.040937,9.747782,9.618093,9.786983,9.889409,9.68387,9.629149,9.693773,9.831732,9.782857
"NUP210",8.882436,9.196865,9.4261,8.914962,8.951022,9.243966,9.244444,8.783706,9.15706,9.665732,9.075139,9.723424,9.526943,9.647632,9.642544,9.585895,9.576903,9.657049,9.67157,9.680464,9.523587
"XPC",7.850874,8.014678,8.018703,7.578702,7.949774,8.217432,8.064304,7.757918,8.359175,6.987334,7.327328,7.164304,7.293207,7.378374,7.24846,7.445819,7.078548,6.938173,7.137698,7.547364,7.458126
"METTL6",7.71442,8.289226,7.917029,7.815458,8.071459,8.153809,7.912305,7.51815,7.786401,7.841107,7.023,7.059956,7.797198,7.746145,7.558355,7.787363,7.354124,7.227966,7.735189,7.860572,7.800234
"TOP2B",8.987308,9.254095,9.320309,9.081134,9.455523,10.044143,9.02138,8.521267,9.354197,8.212317,7.650107,7.87076,8.274635,8.450873,8.05395,8.341555,8.104945,7.909267,8.241331,8.395012,8.563758
"NGLY1",8.835246,9.207465,9.314757,9.136451,9.28101,9.630248,9.180861,8.447035,9.066112,8.536035,8.157215,8.473218,8.577838,8.859472,8.57517,8.780519,8.566206,8.31346,8.556655,8.697015,8.792506
"SLC4A7",8.225954,8.647942,8.8125,8.780667,8.651701,9.262248,8.716173,7.812471,8.53063,7.514824,6.967492,7.404318,7.706079,7.938528,7.656535,7.789745,7.630277,7.208294,7.806907,7.827685,8.262812
"AZI2",7.350838,7.942732,7.255118,6.788689,7.613273,7.894301,7.083074,6.788695,7.593588,7.372277,7.183396,7.836681,8.537361,8.306134,7.429719,7.973319,7.221851,7.40104,7.823885,7.975139,8.037505
"OSBPL10",8.112077,8.384227,8.716603,8.369146,8.300363,8.547687,8.805237,8.307239,7.727884,8.750761,8.160448,9.001585,8.137437,8.71207,8.500543,8.776401,8.906982,8.606728,9.078161,9.226731,8.769248
"CMTM6",9.934201,9.596023,9.407031,9.196703,9.801147,9.862476,9.622704,9.577203,9.85115,8.93124,9.416296,8.907317,9.42915,8.909721,8.937506,9.280779,8.984316,8.730361,9.042842,9.375927,9.221911
"DYNC1LI1",8.083992,8.125469,7.972079,7.646297,8.005858,8.601959,7.843384,8.08445,8.310636,8.708715,8.812568,8.325914,8.935082,8.840402,8.655407,9.010053,8.466139,8.415316,8.764826,9.041935,8.887411
"GLB1",7.892927,8.557998,8.16645,7.666966,8.233553,8.261631,7.914808,8.039347,8.477199,8.638341,8.820738,9.051269,8.81782,8.457986,8.86398,8.778835,8.585459,8.532243,8.881392,8.695108,8.92402
"TRANK1",9.572551,9.939979,9.694561,8.898221,9.662117,10.258491,9.14893,9.156653,10.314645,8.498932,9.645247,10.209464,9.204295,8.83183,9.335476,9.198378,8.89872,9.082569,9.075193,9.171891,9.233911
"EPM2AIP1",7.740506,8.057175,7.725311,8.001627,8.232136,8.163621,7.981496,7.615698,7.528039,8.399933,7.844767,7.772406,8.54835,8.695342,8.138328,8.341985,8.135324,8.028183,8.167909,8.301373,8.312434
"RPL29",11.644948,11.649504,11.517761,11.748942,11.321497,11.115959,11.665614,11.318113,10.720419,10.187679,9.620539,9.758069,10.534035,11.146325,10.085948,10.441556,10.013669,10.287135,10.238685,10.481167,9.942364
"CX3CR1",8.502579,9.770579,8.706683,8.591033,9.140202,9.038195,9.512972,8.866951,9.851566,9.203871,9.223657,9.814738,10.211557,9.048756,10.161524,9.60214,9.263986,9.471528,9.639134,9.432172,9.823397
"ZDHHC3",7.565965,7.984284,7.75611,7.881133,6.803535,7.685942,7.476257,8.181843,7.833672,7.849024,7.908292,7.906502,8.282252,7.995967,7.937983,8.3668,8.216536,8.231111,8.08233,8.075557,8.17411
"CCR1",7.910913,8.855934,8.027333,6.911983,8.427677,8.4743,7.734436,8.43821,9.074127,8.416576,8.740715,9.890382,9.267762,8.2434,9.031756,9.351103,8.531169,8.349355,8.741404,8.462663,9.483295
"LTF",7.118103,7.361782,6.82715,6.718967,6.672105,6.956082,7.073382,7.374522,7.041223,6.359824,7.029507,6.603945,6.586498,6.577234,6.945916,6.658657,6.664982,7.227709,6.925055,6.685158,6.841293
"PRSS50",6.942443,7.066941,7.34742,6.829536,7.162499,6.726799,7.052275,7.47293,6.910303,6.541667,6.434427,6.527313,6.780038,6.191756,6.557522,6.788903,6.889966,6.931112,6.165596,6.347978,6.549615
"SNORD13P3",11.900695,11.99664,11.799659,11.800602,11.368197,10.778823,11.836474,12.281179,10.262602,12.032651,12.146509,12.176211,12.38149,12.672334,11.913378,12.092892,11.960357,12.747754,12.371457,12.2898,12.012027
"SHISA5",9.904087,10.462918,10.06448,9.706091,10.141127,9.736493,9.781949,10.412158,10.132876,10.731208,11.0926,11.697187,11.108117,10.854217,10.982699,10.942471,10.98645,10.8237,10.793199,10.75408,11.008345
"SLC25A20",7.29021,8.366563,7.252903,6.80722,7.603399,7.418639,7.465613,7.070389,7.640901,7.141343,7.670086,7.205242,8.072488,7.303109,7.690457,7.680327,7.539839,7.412398,7.396826,8.193865,7.727692
"QRICH1",8.743768,9.313279,9.482262,9.013595,8.98966,9.19359,9.16974,8.85189,9.47801,9.659848,9.552849,9.854707,9.620782,9.659513,9.761585,9.733674,9.73833,9.682495,9.694664,9.659612,9.810483
"QARS1",8.710334,8.906092,8.865917,8.89744,8.835334,8.698991,9.051529,8.46422,8.872214,10.107486,9.655171,9.835419,10.333442,10.371446,10.135002,10.231436,9.7889,10.014547,10.16458,10.433462,9.971576
"UBA7",8.243698,8.729547,8.704619,8.255021,8.608183,8.703976,8.665323,8.33562,8.664667,9.036534,9.158997,9.987027,9.275657,9.055422,9.225289,9.420328,9.102363,9.151905,8.995635,9.14431,9.060535
"TMEM115",7.910833,7.998065,8.019482,7.716076,8.073167,7.901694,7.865519,8.12641,8.01412,8.612667,8.762364,8.743564,8.883081,8.702167,8.759064,8.78965,8.408784,8.555565,8.569391,8.354905,8.672574
"DUSP7",8.505726,8.986256,8.870488,8.410114,8.682404,8.537184,8.671698,8.494399,8.664705,9.959409,9.787103,10.10027,10.303533,10.035377,10.115666,10.020566,9.887395,9.865061,10.124967,9.853114,10.016582
"TWF2",8.838634,8.857361,8.483094,8.428143,8.714983,8.351961,8.659549,8.814245,8.835851,9.277736,9.525035,9.422258,9.741273,9.619907,9.722042,9.897405,9.517748,9.561724,9.519221,9.809422,9.553414
"WDR82",9.445946,9.701481,9.677205,9.329779,9.670035,9.508783,9.85736,9.188389,9.8994,9.274915,9.162784,9.258054,9.234261,9.302705,9.226714,9.38625,9.304806,9.033191,9.333948,9.454008,9.527112
"MIRLET7G",7.595438,7.730716,8.060668,7.573347,7.897466,8.306261,7.796178,7.247152,8.313357,8.673743,8.535279,8.48136,8.105812,8.452925,8.440309,8.350431,8.389234,8.070619,8.400532,8.309099,8.724236
"TNNC1",5.804881,5.923091,6.011978,6.118121,5.976579,5.743758,5.774148,5.895606,5.929417,6.792854,6.524695,6.46559,6.036471,5.90896,6.477592,6.409475,6.615022,6.66886,6.461893,6.397569,6.29369
"TKT",9.49892,9.674711,9.405894,8.858861,9.284349,9.190639,9.40907,9.292935,9.711873,9.731726,10.589577,10.190456,10.250039,9.646635,10.055544,10.308589,10.160305,10.023919,10.338583,10.441643,9.817343
"DCP1A",8.38165,8.999608,8.755846,8.543706,8.73297,8.755563,8.569385,8.257605,8.89804,9.133712,9.11364,9.454939,9.097951,9.128263,9.216994,9.198412,9.170188,9.078454,9.270855,9.085509,9.438791
"TASOR",8.649449,8.805898,8.787573,8.776733,8.883132,9.209656,8.809993,8.050747,8.770519,7.632238,7.197304,7.266353,7.790606,7.993243,7.769601,7.743725,7.524445,7.319206,7.71645,7.970573,8.003754
"DENND6A",9.062476,9.077538,9.292765,8.720567,9.090368,9.514157,8.881116,8.729017,9.48488,8.40585,8.180999,8.408267,8.753373,8.585478,8.531298,8.723529,8.532432,8.287756,8.5659,9.000276,8.784555
"FHIT",7.21501,7.827532,8.439169,8.292793,8.031862,8.155996,7.600007,7.57242,8.255349,8.014842,7.627418,6.771772,7.653719,8.330338,7.958561,8.61797,8.35413,8.212564,8.315812,8.065965,8.173606
"THOC7",6.977055,7.567193,6.809332,6.982078,7.728659,7.9153,6.731825,6.253183,6.886213,6.921218,6.585046,6.678156,7.477895,7.574453,6.815557,7.329516,6.69372,6.593656,6.838641,6.947221,7.138703
"PSMD6",8.654383,8.606771,8.703257,8.563943,8.660541,8.928178,8.533242,8.192595,8.608129,7.017496,7.26355,7.037079,7.703557,7.562564,7.126993,7.483894,7.045755,7.098815,7.408147,7.472332,6.980634
"TMF1",8.500246,8.769108,8.916889,8.656249,8.965161,9.654602,8.712597,8.20284,8.89233,7.748666,7.792701,7.692222,8.303944,8.30797,7.777976,8.129074,8.000859,7.543781,8.005532,8.216825,8.164495
"UBA3",9.961614,10.093642,9.79431,9.831269,10.100772,10.651915,9.816363,9.464367,9.893928,9.094338,8.878823,8.810108,9.423281,9.617948,9.188295,9.324811,9.162921,9.005697,9.315856,9.234539,9.264639
"FRMD4B",7.190726,7.247784,6.99005,6.114061,7.377724,7.237646,6.782994,6.854879,7.688091,7.381483,7.350538,7.890343,7.646009,6.756365,7.035189,7.022982,6.961877,6.964851,7.322255,7.176472,7.753335
"PROK2",10.042684,9.543348,9.538197,9.40233,9.646328,9.869124,9.676819,11.191735,10.409608,10.617978,10.824739,9.624227,10.334841,10.246191,10.275473,10.03417,10.050743,9.839482,10.33878,10.080578,10.042919
"ZNF717",6.673701,7.695493,8.035951,7.700605,7.842744,7.594592,7.046088,7.330864,7.335488,9.193278,8.89241,8.93826,8.631232,9.419327,9.060845,8.62301,8.984019,8.581137,8.837848,8.944501,8.95122
"GBE1",7.507086,7.842657,7.765484,7.613204,8.139157,8.10252,7.571655,7.525101,7.984902,6.995722,7.160707,7.0851,7.117288,7.179178,7.02747,7.128296,6.799526,6.943242,7.062606,7.44,7.362461
"CGGBP1",9.559295,10.022558,9.961461,9.831661,9.971303,10.025482,9.723125,9.388629,9.643716,9.052648,8.728515,8.643998,9.251523,9.253351,8.853086,9.154781,8.82834,8.848336,9.145688,9.365413,9.373997
"PROS1",5.378961,4.934785,5.151754,5.222882,5.302724,5.628061,4.93574,4.796014,5.152601,6.273578,6.022839,4.987671,4.827571,5.318682,5.005907,4.60452,5.179784,5.322971,5.04329,4.743323,4.939895
"ARMC10",6.929936,7.509119,7.119827,7.210014,7.871233,7.543621,7.377204,6.550369,7.356287,6.809912,6.441676,6.488314,7.219241,7.24417,6.630668,7.368105,6.566005,6.355157,6.756731,7.264082,7.062166
"TOMM70",7.847562,8.576926,8.161907,8.239222,8.395898,8.500529,8.152786,7.696779,8.056495,7.298231,6.916888,7.09015,7.326117,7.618162,7.311658,7.325102,6.910526,6.884589,7.16293,7.387703,7.373497
"SENP7",8.809881,8.869177,8.825856,8.669164,9.027558,9.40625,8.835961,8.238292,8.564237,8.048755,7.438944,7.614047,8.221103,8.430824,8.172272,8.340407,8.154818,8.021388,8.222712,8.313699,8.201584
"RPL24",10.104132,9.680164,9.211344,9.625546,9.211086,9.645751,9.370126,8.432436,8.256838,9.273481,8.435834,8.420998,9.073195,9.881757,8.815447,9.451171,8.815028,8.754899,9.11059,9.115516,8.494632
"CBLB",9.176354,9.665175,9.708335,9.699038,9.511071,10.003523,9.622887,8.745373,9.534394,10.049606,9.749616,9.893903,9.837101,10.260698,10.129999,10.025767,10.166536,10.0493,10.10778,10.143191,10.404841
"IFT57",6.15072,6.818787,7.055965,6.898521,6.65857,7.135864,7.070093,5.862536,6.18157,6.585845,5.668567,6.204156,6.77093,7.566999,6.346846,6.506294,6.629444,6.140948,6.869347,7.073855,6.998674
"CIP2A",5.873501,7.093497,6.358633,6.412644,6.853598,6.568437,6.182712,5.853476,6.381954,6.764354,6.289378,6.128724,6.642292,6.771718,6.290959,6.28936,6.239347,6.34943,6.486455,6.604293,6.530518
"GCSAM",7.687839,8.125888,8.361254,8.320565,7.835338,8.516233,8.122557,7.579339,7.697317,9.067597,7.943979,8.365928,8.54397,9.50822,8.971269,9.007438,8.623427,8.477939,8.872088,8.349538,8.814402
"BTLA",8.973975,9.642737,9.51961,9.517361,9.422509,9.636332,9.678437,8.932857,8.573111,9.030398,8.079509,8.429944,8.753751,9.101185,8.520773,9.15073,8.715166,8.569277,8.939001,9.068052,9.258122
"ATG3",9.275004,9.177197,8.967198,8.601217,9.255353,9.621232,8.787439,8.738063,9.270269,9.003954,9.05727,9.021007,10.013425,9.792416,9.201218,9.496527,8.931339,8.983911,9.185976,9.377498,9.203209
"CD200R1",6.85413,7.16793,7.683172,7.571363,8.22423,7.755388,7.702204,6.948866,7.249255,7.472572,7.386926,7.078837,7.575699,8.046331,7.498817,7.645847,7.585459,7.396212,7.788544,7.536946,8.223005
"NAA50",10.856955,11.152997,10.951609,10.896115,11.026496,11.245309,10.958178,10.609474,11.126516,10.082022,10.068847,9.879808,9.981499,10.058206,10.131176,10.158675,9.91623,9.935081,10.211935,10.113491,10.206056
"ZBTB20",7.814806,8.187692,8.161506,7.926611,8.038039,8.091439,7.834832,7.523735,7.834204,8.368363,8.011672,8.195966,8.088687,8.411185,8.088577,8.387679,8.073783,8.09421,8.33727,8.451883,8.461997
"RABL3",8.372989,8.390849,8.150733,8.46468,8.071176,8.543408,8.52478,8.055491,8.28659,8.917747,8.572386,8.51593,9.146188,9.311822,8.743976,8.772855,8.966012,8.894985,8.726555,8.864832,8.930664
"HCLS1",10.413076,10.515744,10.571802,10.164,10.360861,10.447846,10.506507,10.369503,10.833049,9.281442,9.819835,9.675079,9.616627,9.333254,9.677152,9.966064,9.5946,9.490132,9.546493,9.760561,9.569961
"GOLGB1",8.002899,8.174041,8.278242,7.873054,8.189516,8.78975,8.139135,7.8458,8.292879,7.528357,7.663271,7.680051,7.775301,7.677263,7.770592,7.919918,7.430584,7.416576,7.567903,7.809929,7.742155
"IQCB1",7.801925,8.317456,8.062259,7.836588,8.051287,8.366722,8.039268,7.333996,7.736243,8.441792,7.618036,8.276292,8.224386,8.792946,8.187211,8.219481,8.194863,7.95717,8.385333,8.504137,8.392328
"PARP9",9.098476,10.253609,9.07845,8.844793,9.829322,10.067736,9.131748,8.946053,9.926638,7.943256,8.608106,10.071806,8.780388,8.255403,8.47837,8.412023,8.673125,8.337521,8.473083,8.416082,8.781279
"HACD2",8.194129,8.766226,8.480917,8.758117,8.547792,8.763416,8.513763,8.142887,8.372097,9.181881,8.95501,9.112706,9.181236,9.394277,9.245284,9.122699,9.125669,8.923183,9.412145,8.597044,9.386776
"CCDC14",7.639107,8.114391,7.794778,7.683917,8.000378,8.289568,7.777718,7.092675,7.513366,7.162103,7.142006,7.071495,7.379219,7.797083,7.432583,7.503787,6.836062,7.253398,7.546975,7.50144,7.725704
"SNX4",7.423794,7.972887,7.358802,7.18031,7.564679,8.392027,7.07972,6.649044,7.216123,6.392987,6.254826,5.966756,7.05228,7.246196,6.494087,6.583087,6.471988,6.072453,6.328854,6.661382,6.714696
"TPRA1",8.088457,8.026623,8.031296,7.975657,7.80925,7.541157,8.124654,8.177306,7.975554,9.016118,8.686986,8.672741,8.832173,8.63188,8.779372,8.853884,8.696536,8.827539,8.828448,8.81363,8.735141
"CNBP",10.082313,9.901291,9.856975,9.894013,10.112636,10.496359,10.014209,10.033716,9.912018,8.49415,8.709536,8.669892,9.023423,9.13279,8.699794,8.925397,8.642576,8.721859,8.721788,8.99866,8.591663
"SNORA7B",8.124483,8.20903,8.142552,8.313062,8.01087,8.371114,7.748669,7.734909,8.119124,8.191542,8.559289,8.388791,8.950175,9.347517,8.687069,8.82306,8.159946,8.376963,8.029353,8.686411,8.580954
"TMCC1",8.835347,8.421266,8.665795,7.698463,8.323163,9.240392,8.314799,8.31978,8.969974,7.733513,9.009885,8.590305,8.338066,8.295639,8.313151,8.64543,8.369174,8.091552,8.481962,8.428967,8.513051
"PIK3R4",8.100763,8.521774,8.530431,8.304821,8.524657,8.676037,8.332767,8.038571,8.300091,8.784793,8.4584,8.660722,8.619992,8.760501,8.908835,9.074806,8.597308,8.548249,8.847318,8.838507,8.79302
"ASTE1",6.572123,7.0542,6.741417,6.643889,7.016287,7.147682,6.797313,6.437368,6.763613,6.756856,6.485808,6.605644,7.143694,7.11019,6.973032,6.849005,6.586456,6.508563,6.596554,6.950514,6.98452
"MRPL3",9.161545,9.079027,8.810602,8.947567,9.175227,9.38002,8.756641,8.64391,8.921107,8.495055,7.988972,8.072994,8.877329,9.42315,8.533344,8.833149,8.397963,8.313213,8.594301,8.666612,8.652268
"RYK",8.578934,8.723087,8.513654,8.745591,8.720583,8.677615,8.589232,8.271865,8.473044,8.874245,8.416744,8.44091,9.239855,9.391218,8.93077,8.989082,8.962025,8.811469,8.901013,9.12155,9.345537
"STAG1",8.229902,8.2207,8.151216,8.203322,8.288244,8.746652,8.126354,7.929993,8.088204,7.25021,7.209598,6.993962,7.545612,7.41928,7.091633,7.516355,7.134579,7.016397,7.411971,7.6434,7.695568
"CEP70",5.909598,5.670483,5.958708,5.700043,5.910095,6.70486,5.829744,5.243289,5.468506,5.744505,5.193405,5.313006,5.640782,6.159552,5.487726,5.509005,5.68862,5.322136,5.533625,5.474544,5.851742
"PIK3CB",9.294337,9.133176,9.035309,8.920945,9.237137,9.532361,8.748545,8.586947,9.408391,8.281176,8.671515,8.628143,8.636411,8.509283,8.529182,8.807916,8.194087,8.327788,8.850198,8.768287,8.912391
"COPB2",8.894754,9.301695,9.120211,8.716262,9.119883,9.381853,9.067316,8.66642,9.257782,8.261668,8.030459,8.321553,8.332605,8.323967,8.312749,8.256104,8.137986,8.031887,8.284768,8.42158,8.350864
"TFDP2",7.478959,8.188905,7.962786,7.476684,8.049953,8.200379,7.949889,7.184227,7.922287,7.825138,7.837832,7.503534,8.250503,8.083912,8.154018,8.016344,7.940134,7.711338,7.983374,8.09895,8.368842
"GK5",7.219377,7.028822,6.926923,6.967852,6.860194,7.417115,7.488597,6.498697,7.495559,6.427233,6.152091,6.377943,6.819568,6.741755,6.550795,6.487693,6.210251,6.244303,6.388989,6.500586,6.917748
"ATR",7.905767,8.639526,8.592222,8.324202,8.528574,8.966833,8.551474,7.612421,8.423607,7.791669,7.168883,7.557668,7.56052,7.948724,7.725956,7.736556,7.586902,7.471916,7.675629,8.063843,8.253802
"PLSCR1",8.356451,9.227967,8.227183,7.82352,9.260196,9.136335,8.294865,8.308799,9.339199,8.478939,7.70791,9.970519,9.276025,8.379734,8.367411,7.835473,8.29209,7.893509,8.318575,8.298532,8.64145
"HLTF",6.815579,7.525104,7.186181,6.892089,7.400433,7.884335,6.970652,6.699465,6.667672,6.72722,6.377781,6.232348,7.02591,7.246272,6.703538,6.781626,6.502279,6.403741,6.765614,6.957527,7.146167
"COMMD2",8.019431,8.002713,7.536086,7.452501,8.022577,7.859603,7.628972,7.533484,7.676848,7.72657,7.671252,7.743739,8.34799,8.444287,7.930579,8.207799,7.525223,7.601309,7.98927,7.96249,8.108266
"PFN2",5.62874,5.192217,5.175006,5.802171,5.529717,5.221919,5.687452,5.695482,5.985866,6.087753,5.952071,6.098947,5.997361,6.544733,5.663512,6.276536,5.822315,6.340509,6.357137,6.166588,5.976086
"GPR171",7.693865,7.926616,7.92969,8.01169,8.024347,8.278641,7.520968,7.200146,7.360575,7.832959,7.071308,6.970206,8.391918,8.443406,7.606692,7.667299,7.846975,7.370822,7.894312,7.486561,7.933655
"P2RY14",8.475369,8.853917,8.624037,8.245213,9.088887,8.589043,8.166021,7.994374,8.750466,8.16193,8.714675,8.556725,9.493038,7.982109,8.749091,9.14873,8.70861,8.590777,8.784921,8.737263,8.945983
"P2RY13",10.493434,10.804938,10.539272,9.581206,10.906977,11.359783,10.138703,10.644427,10.958255,10.780488,11.353867,10.855479,11.472976,10.91067,10.967277,11.295209,10.673328,10.738536,11.029388,10.73312,11.260449
"P2RY12",5.839114,5.803177,5.696094,5.507922,6.422627,6.269409,5.286521,5.769979,6.371405,6.423577,6.289667,6.080081,6.361319,5.413512,5.554984,6.311983,5.656757,5.960984,5.92908,6.198148,6.946459
"TMEM14EP",7.696731,7.994541,7.956528,8.418811,7.940078,8.101315,7.653891,7.964904,7.671014,7.608896,7.23762,7.298508,7.213156,7.263919,7.348752,7.501173,7.404032,7.530186,7.262156,7.9183,7.573317
"DHX36",7.80695,8.128045,8.312778,8.068074,8.252774,8.868126,8.319642,7.354739,8.144128,7.589994,6.953036,7.538221,7.679826,7.990947,7.509549,7.720391,7.538351,7.244609,7.672757,7.924376,7.995759
"GPR149",7.048789,5.915931,6.499748,6.958493,6.551224,6.660901,6.737222,7.11006,6.775877,7.13707,6.90014,6.984703,6.585258,6.70846,6.776471,6.515068,6.91087,6.882828,6.788706,6.547892,6.188688
"SLC33A1",8.192369,8.660925,8.489588,8.334646,8.791699,8.945493,8.299915,7.874662,8.565956,8.00005,7.401993,7.284084,7.754215,8.044282,7.498851,7.583778,7.164203,7.144533,7.497859,7.832015,7.838406
"SSR3",8.474355,8.87407,7.86943,8.3997,8.482251,8.586763,8.091106,7.848865,8.085489,8.181365,7.467767,7.641747,8.320859,8.2709,8.020636,8.13765,7.766591,7.960037,8.199565,8.258275,8.193871
"CCNL1",9.841604,9.664354,9.765017,9.657857,9.644491,10.263206,9.634176,9.520859,9.820721,9.010312,9.187485,9.16779,9.298363,9.49509,9.270219,9.256868,8.995566,8.954648,9.089696,9.180879,9.353916
"LXN",5.70847,6.11184,5.873866,5.699395,6.406467,6.335528,5.701142,5.170946,5.458318,5.741132,5.593165,5.583624,6.49159,6.121637,5.777774,6.056018,5.572261,5.556654,5.479274,5.893838,6.006722
"IFT80",7.611096,7.93181,8.133222,8.370316,7.97774,8.772147,8.125653,6.532296,7.496713,7.408488,6.907778,6.673473,7.527823,8.443398,7.339197,7.414286,7.309213,6.967063,7.40771,7.459306,7.655522
"TRIM59",6.763708,7.546062,6.874514,7.427114,7.597874,7.557796,7.229171,6.605267,7.153115,7.087813,6.071669,6.015024,7.435684,7.139343,6.54049,6.933964,6.902427,6.496737,6.984217,7.000522,7.099974
"SCARNA7",10.203003,8.520174,8.192376,9.045427,8.618903,9.40143,8.376343,8.528887,7.443843,8.50669,7.704066,8.157952,8.50295,10.287265,8.322499,8.71238,8.076135,8.541776,8.406236,8.799662,7.228823
"PDCD10",7.560554,8.195406,7.817512,7.68407,8.126505,8.716472,8.045695,6.84196,7.705951,6.721952,6.097355,6.015667,7.400043,7.648399,6.793361,7.273698,6.408528,6.18806,6.989596,7.039041,7.145316
"TERC",7.652986,7.003551,6.923629,7.112619,7.079677,6.976287,7.395423,7.251531,7.157328,7.714736,7.693486,7.424403,8.534066,8.818812,7.813789,8.240676,7.282738,7.711491,7.590842,8.141625,7.984235
"RPL22L1",5.749234,5.588939,5.375961,5.292619,5.908615,5.983126,5.653433,5.032195,4.913772,4.905677,4.779681,5.017993,6.538138,6.288202,4.901757,5.247433,5.27284,5.013527,4.970814,5.73424,5.60672
"GHSR",7.346714,6.513633,7.11388,7.605201,7.063722,7.061083,7.297846,7.812662,7.10435,7.94361,7.649718,7.433161,6.919198,7.20607,7.327469,6.8871,7.403005,7.673295,7.479246,7.027965,6.802064
"TNFSF10",10.69721,10.544999,9.612266,9.443633,10.250067,10.684677,9.748001,10.132843,10.284601,10.662873,11.430393,12.115371,11.612555,11.063464,11.070168,11.34634,11.072295,10.7682,11.026867,11.139439,10.977607
"TBL1XR1",10.031059,9.981392,10.03251,9.778489,10.066058,10.230236,9.929938,9.515204,9.99209,9.42579,9.121942,9.048327,9.545435,9.560715,9.160575,9.517988,9.214612,9.272069,9.454653,9.6016,9.742256
"KCNMB3",4.69249,5.860382,5.774706,5.543405,6.299198,5.023954,5.968618,5.36648,4.979163,5.318399,4.929685,5.268217,5.341653,5.140547,5.142374,4.965138,4.048691,5.166015,4.67921,4.741892,5.320123
"MRPL47",7.331107,7.430946,6.989795,7.252647,7.536865,7.801706,7.005659,6.413185,6.572971,7.052165,6.596943,6.431811,7.488627,8.097741,6.682196,7.298919,6.748627,6.85238,6.887195,7.011962,7.064097
"DCUN1D1",9.829189,10.251455,9.834809,9.549307,10.987408,10.40878,10.405079,9.083596,9.877597,7.971699,8.42189,8.182885,9.224775,8.404387,8.220632,9.146819,8.261648,8.076276,8.749028,9.287814,9.730089
"LAMP3",6.442457,6.934334,6.472231,6.676674,6.785202,6.509676,6.403401,6.723797,6.233536,6.441441,6.400927,8.739136,6.367358,6.375974,6.52085,6.107121,6.634974,6.630079,6.672843,6.197886,6.433132
"PARL",8.555349,8.475838,8.218218,8.490348,8.430835,8.378028,8.222746,8.223203,8.403457,7.687739,7.469635,7.686548,7.60542,7.38386,7.825486,7.66001,7.587689,7.659762,7.550147,7.645879,7.635933
"ALG3",8.450178,9.147701,9.103236,8.764366,9.009907,8.667964,9.172526,8.986639,9.080281,10.28212,9.828583,10.166111,10.006048,10.234058,10.134767,9.947698,9.866966,9.96434,10.105053,9.795624,9.964385
"IGF2BP2",6.643257,7.578217,7.079681,6.789502,8.364226,6.93949,7.454522,7.124004,6.697923,7.694927,7.699749,7.307693,7.617129,6.6808,7.21506,7.375451,7.372797,7.271871,7.098153,7.194447,7.777302
"BCL6",10.339503,10.204902,10.310437,9.521147,10.417959,10.613378,10.269794,10.941621,10.976034,10.500191,11.091589,10.406386,10.581463,10.002341,10.247093,10.235963,10.085955,10.238265,10.464303,10.20866,10.22701
"ATP13A3",8.962577,9.473506,9.270033,9.219011,9.438302,9.49523,9.141054,8.776651,9.608678,8.545652,8.193334,8.177503,8.511032,8.51848,8.369094,8.530757,8.254576,8.302821,8.461055,8.643532,8.727148
"ACAP2",10.3696,10.178041,10.232407,9.921674,10.350514,10.529352,10.182188,10.273764,10.600173,9.083316,9.572193,9.362289,9.23847,9.019154,9.259997,9.453547,9.256562,8.839224,9.33651,9.49177,9.471045
"TFRC",8.155924,9.115351,8.364094,8.058253,8.828787,8.982296,8.480431,7.928834,8.407866,7.936261,7.227323,7.607247,8.093373,7.995543,7.968448,7.936212,7.721409,7.702148,8.149874,8.077643,7.908327
"CEP19",8.469335,8.034349,7.78948,7.08256,7.647972,8.83295,7.221067,7.845476,7.807943,7.691208,8.045741,7.399409,8.105289,7.917198,7.715857,8.273285,7.758741,7.009648,7.463528,7.651511,7.761381
"NCBP2",7.846582,7.926617,7.751098,7.685024,7.969696,8.110853,7.764686,7.309445,7.675765,7.032953,6.900149,7.199527,7.532035,7.552146,7.393598,7.611981,7.371805,6.918542,7.308558,7.615017,7.529118
"NDUFB4",8.692467,8.791459,8.438859,8.187421,8.498302,8.254467,8.529372,7.851877,8.137608,8.256443,8.07145,7.976216,8.580587,8.935391,8.217134,8.442717,8.294055,8.488251,8.321185,8.304885,8.258934
"ZNF141",8.007202,7.960985,7.8431,8.361278,8.477792,8.614141,8.370263,7.836109,7.238117,8.445374,7.842083,7.930759,8.882097,9.594707,8.285543,8.209376,8.233146,7.840893,8.252642,8.557646,8.370656
"TMEM175",7.726211,7.908206,7.887837,7.645443,7.744988,7.733719,7.919026,7.796174,8.101167,8.878043,8.939199,8.976298,8.761721,8.799266,8.870979,8.817992,8.649824,8.731034,8.761597,8.632985,8.627041
"CTBP1-DT",7.569163,7.968295,7.926955,7.852459,7.289711,7.324646,7.676112,7.163695,7.821398,8.559161,8.12533,8.159293,8.425083,8.642295,8.257332,8.397954,8.355701,8.181977,8.301649,8.240922,8.353754
"ADD1",9.442015,10.343551,10.418001,9.98772,10.200695,10.418213,10.305629,9.798264,10.446627,9.429656,9.44122,9.56179,9.225179,9.129374,9.508775,9.366537,9.411529,9.249126,9.341013,9.467789,9.520793
"LINC01587",6.291387,5.784276,6.220957,6.697765,6.140378,6.03448,6.576696,6.906242,5.965595,6.949459,6.675805,6.489894,6.196697,6.49735,6.569313,6.003512,6.707903,6.371574,6.397293,6.365264,5.884983
"MAN2B2",7.680727,7.66378,7.996979,7.773776,7.866814,7.873454,7.656966,7.937809,7.797878,8.457001,8.696089,9.02574,8.956072,8.724876,8.690483,8.87212,8.792158,8.530231,8.631629,8.755857,8.570334
"MRFAP1",9.598894,9.296815,9.584156,9.302354,9.472884,9.253802,9.519205,9.173171,9.650771,8.057554,8.372297,8.586261,8.650222,8.518902,8.477137,8.605898,8.603717,8.489373,8.549582,8.759075,8.639239
"S100P",6.665536,6.677775,6.845972,7.07496,6.899461,6.413462,6.5838,7.169372,6.961248,6.832827,8.195812,7.167046,6.285441,7.799346,7.52896,7.792848,8.086449,7.924527,7.918014,8.182933,7.349237
"KIAA0232",8.745946,8.555073,8.481064,8.107682,8.665446,9.049401,8.289441,8.530476,8.98675,7.807048,8.248392,7.776703,8.325269,7.90172,7.860319,8.194254,7.971571,7.677574,7.906989,8.243711,7.995983
"TADA2B",8.606815,8.664842,8.692207,8.433773,8.5302,8.595153,8.459977,8.484389,8.737822,9.181675,9.474758,9.453473,9.479758,9.448527,9.51377,9.64011,9.523418,9.535309,9.564972,9.575801,9.466949
"DEFB108B",5.662886,4.748957,5.082561,5.852529,5.234542,5.100146,5.230563,5.99871,5.147922,6.114313,6.001955,5.662383,5.114701,5.743731,5.767826,5.21417,5.834843,5.901299,5.374245,5.107853,4.811989
"CPEB2",8.77853,8.815406,8.693793,8.294126,8.672522,9.384,8.627922,8.365432,8.994349,7.642202,8.120956,8.276487,7.847477,7.703792,7.560972,7.779535,7.572316,7.445807,7.706575,8.024061,8.153002
"FAM200B",5.770818,6.177532,5.76109,5.75943,6.325453,7.027965,5.98579,5.465552,5.710963,5.128167,5.389094,4.820681,6.071327,5.847473,5.061711,5.907293,5.053462,4.678458,5.524268,5.538304,5.843542
"BST1",9.747187,9.797153,8.708291,8.903512,9.342962,9.701503,8.949789,9.828497,9.675797,9.052065,9.934988,9.427242,9.812205,9.005459,9.154282,9.625925,8.911196,9.138174,9.310208,9.757604,9.445665
"CD38",8.127743,9.500057,8.868611,8.332991,8.299037,8.61167,8.571893,7.805488,8.278251,9.69818,8.634071,9.337766,9.377173,9.399051,9.114884,8.62919,8.929735,9.057921,9.364671,9.250907,9.654362
"LAP3",8.152769,9.257316,8.277075,8.324176,8.810735,8.256841,8.40461,7.831899,8.814376,7.605833,7.569094,9.32037,8.553913,8.13626,8.382466,8.328257,7.901603,7.85652,8.011654,8.423646,8.288752
"NCAPG",5.044534,7.07399,5.214455,5.82494,4.764799,5.790666,5.357542,5.387274,4.778516,5.666971,5.438263,5.468998,5.636444,5.526316,5.438832,4.984584,5.41127,5.440817,5.304632,5.22286,5.206052
"PI4K2B",8.047067,8.414873,8.011316,8.011507,8.086869,7.969311,8.007824,7.462911,8.00959,6.834572,6.706125,7.726783,7.27419,7.301961,6.671929,7.05104,6.842291,6.721014,7.072803,7.036495,7.235634
"ANAPC4",8.08969,8.489717,8.285065,8.262697,8.581377,8.912373,8.464048,7.419659,8.439822,8.142652,7.767163,7.837442,8.092005,8.395428,8.216624,8.194584,8.191205,7.890811,8.200391,8.360646,8.312245
"TBC1D19",6.606918,7.012986,7.448905,7.074986,7.340826,7.649706,6.945676,5.980715,6.885025,7.870237,7.134769,7.071431,7.4894,7.719374,7.52549,7.512483,7.486014,7.144368,7.467617,7.379442,7.845267
"DTHD1",7.499149,6.964583,6.119811,6.472898,6.729419,7.761728,7.693209,5.676598,7.600443,5.99651,6.30392,6.163583,7.388348,5.838097,6.431099,5.778118,6.219239,5.639117,5.7397,6.595541,6.962037
"PTTG2",7.993885,7.364646,7.770604,7.269223,7.655643,7.89796,7.028801,6.813018,7.320905,6.161856,7.338249,6.647764,7.037683,6.333659,7.3723,6.672867,6.732738,6.827756,7.269439,7.678704,6.609559
"KLF3",9.986612,10.548887,10.581931,10.368465,10.563127,10.666098,10.206088,9.993382,10.689392,11.027834,11.28076,10.827493,10.982772,11.043527,11.081656,11.250689,10.998322,11.060937,11.025402,10.568232,11.070292
"KLHL5",8.082652,8.216125,8.13642,7.958249,8.257381,8.340498,8.073982,7.378785,8.143316,7.744109,7.043735,7.606399,7.881112,7.629055,7.421639,7.953391,7.477866,7.356554,7.825704,7.969719,7.713433
"N4BP2",7.170125,8.132476,7.902591,7.810366,7.856677,8.43855,7.696602,7.003666,7.088007,6.920028,6.56291,6.431553,7.028105,7.602942,6.719331,7.020691,6.653894,6.358948,7.013756,7.205581,6.98636
"RHOH",8.984979,9.093263,9.780038,9.574378,9.263082,9.512524,9.56958,8.723873,9.101803,9.731819,8.82661,9.194777,9.466802,10.074002,9.655131,9.661597,9.622668,9.385415,9.453261,9.764189,9.790376
"SLC30A9",8.089286,8.370381,7.979952,8.323682,8.027815,8.375062,8.072281,7.295478,7.815764,7.477489,6.862002,6.967607,7.687634,7.907271,7.289232,7.865211,7.178868,7.052462,7.412102,7.883777,7.689623
"SHISA3",6.431487,6.043844,6.017352,6.845672,6.077105,6.008702,6.349108,6.638463,6.05968,6.529068,6.528297,6.472438,5.919449,6.285644,6.165025,6.015904,6.503914,6.649539,6.501088,6.327634,6.160562
"GUF1",7.850361,8.364551,8.178937,7.894135,8.508172,8.805236,8.298093,7.632449,7.956805,7.57787,7.064467,6.991473,7.869734,7.937042,7.700284,7.717699,7.322213,7.174166,7.699928,7.736489,7.75988
"DCUN1D4",6.702613,7.055016,6.97418,7.210883,7.122233,7.549105,6.786859,6.335115,6.73771,6.859322,6.592379,6.305055,7.168443,7.947451,6.797055,7.049158,6.764396,6.495418,6.94303,7.095279,7.404446
"FIP1L1",8.5684,8.894643,8.84171,8.72402,9.015989,9.007416,8.584423,8.100266,8.701181,9.399204,9.142476,9.137295,9.384168,9.450902,9.451684,9.452144,9.328469,9.064281,9.454311,9.431122,9.457368
"TMEM165",9.613719,9.804718,9.479692,9.551898,9.735729,9.798644,9.481663,9.518439,9.942178,8.89864,8.740871,8.53697,8.94482,9.061153,8.836382,8.931658,8.73447,8.810652,9.010367,9.44752,8.87755
"EXOC1",9.306684,9.45147,9.058627,9.274439,9.561633,9.98613,9.021345,8.71984,9.449313,8.634759,8.660383,8.698984,8.842882,8.838728,8.613146,8.689167,8.56089,8.509468,8.786315,8.884482,9.070756
"CEP135",7.164012,7.480605,7.496796,7.585955,7.654405,8.432921,7.754242,7.012356,7.313386,7.316586,7.015905,6.795214,7.607852,7.897585,6.995627,7.513462,7.355448,7.016019,7.209929,7.645834,7.592465
"SRP72",8.735556,9.171828,9.01666,9.005818,9.231118,9.213703,8.908083,8.043372,8.805997,9.173987,8.44631,8.777583,9.192354,9.693013,8.854747,9.169547,8.793818,8.874464,9.261225,8.959295,9.23305
"POLR2B",10.256959,10.217402,10.492182,10.423407,10.561032,10.707011,10.364298,9.994421,10.326283,9.017719,8.734637,8.853883,9.246278,9.406669,8.98858,9.157435,8.824977,8.587308,9.045345,9.208383,9.066985
"STAP1",6.779414,7.700488,7.495697,7.622186,7.107064,7.967363,7.431004,6.65793,6.283975,7.325409,6.364659,7.384325,7.226269,7.816196,6.881788,7.540848,7.280763,6.813271,7.527761,7.420789,7.239317
"TMPRSS11E",6.372954,6.844478,5.080077,6.339211,5.299525,6.350755,7.167457,6.072486,4.971475,6.850044,6.577039,6.51159,7.031539,6.030261,7.027631,6.286886,7.551362,6.615068,6.329656,6.080029,6.15538
"UGT2B10",3.497603,3.851734,3.731861,3.561676,3.412448,3.410874,3.3546,3.376838,3.219626,3.958133,4.568005,3.422481,3.207594,3.590676,3.671447,3.213388,3.614709,3.425797,3.456265,3.058941,3.225068
"UGT2A3",4.875869,5.025377,5.440328,5.564586,5.101006,5.2224,5.204,5.310112,4.930309,5.317086,5.503225,5.06315,4.953898,4.959704,5.25716,5.244125,5.201913,5.107706,5.076827,5.179323,4.949508
"SMR3A",5.254846,5.241109,5.185346,6.130168,4.988307,5.192729,5.241096,6.262214,5.148984,6.130838,5.921257,5.438913,5.153693,5.562962,5.674217,5.116833,5.895464,5.634608,5.441325,5.03639,4.993088
"MUC7",5.362373,5.571255,5.630567,6.239001,5.43653,5.418397,5.403303,6.316851,5.6834,6.539241,6.783164,6.187773,5.540866,6.108799,5.832198,5.678287,6.432453,6.205937,6.014905,5.762586,5.4276
"UTP3",7.460793,8.083308,8.018991,7.826961,8.159467,8.121308,7.992463,7.596183,7.873774,6.802078,6.418609,6.813909,7.243035,7.47909,6.923896,7.136514,7.070665,6.920237,7.000294,7.192587,6.97039
"CXCL8",7.984948,6.693859,6.556955,7.03848,7.304405,6.932188,6.709413,7.121794,7.212866,6.792001,7.506518,6.96334,7.462475,6.816539,7.16304,7.047359,7.167066,7.148743,6.856576,6.495089,6.994938
"PARM1",6.119244,6.480822,6.286537,6.662428,5.982789,6.382494,6.743831,6.458708,6.00805,7.054004,6.514712,6.780651,6.827811,6.609116,6.803585,6.481626,6.739819,6.596903,7.231478,6.773376,6.529759
"THAP6",7.043922,7.036624,6.740925,6.742581,7.23873,7.15542,6.991455,6.533537,6.776085,6.987194,6.768936,6.508438,7.233894,7.539574,6.863447,7.408134,6.812133,6.721633,7.06958,7.280485,7.433859
"MRPL1",6.946331,7.365763,7.177726,7.191373,7.359122,8.294718,7.063066,6.506393,6.448739,6.319355,5.623986,5.649515,6.713288,7.437537,6.199676,6.300824,6.208971,6.068684,6.708171,6.517879,6.587437
"ANXA3",7.067202,7.194745,6.496592,6.084472,7.260148,8.184471,6.876902,7.927901,7.45042,9.032248,8.35052,7.632945,9.54082,8.487516,8.217064,7.601876,8.079511,7.855166,8.636914,8.018967,7.762178
"ENOPH1",8.168698,8.570582,8.105842,8.318617,8.131873,8.352961,7.933987,7.631877,8.204703,7.281603,7.48166,7.205273,7.836201,7.73015,7.47321,7.378377,7.404412,7.348854,7.54862,7.849761,7.498795
"COPS4",5.939674,6.521329,5.891215,5.853604,5.889789,6.394835,5.836234,5.210475,5.828768,6.193256,5.779436,6.044701,7.27249,7.320078,6.197359,6.663415,6.329248,6.10322,6.422,6.443243,6.571552
"MRPS18C",5.428218,5.870145,5.076369,5.434394,5.817891,6.240787,4.760111,4.446871,4.906893,4.878569,4.507265,4.422311,5.118867,5.141325,4.702684,4.838604,4.486962,4.512122,5.084317,5.0958,5.057963
"GPAT3",8.275799,8.167875,8.07378,7.61524,8.381288,8.516649,7.899321,8.394789,8.783986,7.413848,8.526946,8.222777,8.176763,7.588452,7.947633,8.104205,7.399853,7.407202,7.795995,8.023911,7.994105
"AFF1",9.422722,9.905003,9.928255,9.354984,9.803298,10.237702,9.422011,9.486218,10.370625,9.461076,10.095875,10.384403,9.783866,9.520796,9.914755,9.707143,9.74854,9.655097,9.811564,9.668427,9.92791
"PKD2",7.54122,7.623137,7.552697,7.31981,7.537911,7.863508,7.455911,7.335921,7.510505,6.913065,6.988266,7.088671,7.051046,7.11002,7.287603,7.122125,7.071391,6.96467,7.237934,7.045665,7.010916
"HERC6",7.49842,8.93727,7.787264,7.397602,7.837318,8.063397,7.673809,6.925932,7.740537,7.090427,7.190095,9.25346,7.343239,7.553666,7.348902,7.376826,7.375476,7.033867,7.329985,7.200895,7.612267
"HERC5",7.061799,8.559254,7.122426,6.746334,8.34835,9.095551,7.289851,6.549078,7.521416,6.625748,6.757157,10.439477,7.293377,6.725412,7.33651,7.522905,7.844404,6.592726,6.947257,6.911534,8.10981
"TIGD2",5.079199,5.615988,5.33324,5.38982,5.520334,5.952593,5.905652,5.390661,5.144759,4.93347,4.66575,4.995774,5.713138,5.697212,5.107314,5.232292,5.291439,4.950917,5.113704,5.575826,5.218747
"MMRN1",5.931075,5.723219,6.414324,5.865198,6.617587,6.920727,5.621824,6.135538,6.113613,6.344694,6.540316,5.718924,6.007308,5.676838,5.931523,5.844605,5.747908,5.705465,5.85113,6.112064,6.033569
"SMARCAD1",7.132176,8.085023,7.714411,7.618254,7.891328,8.403566,7.602632,6.947027,7.5387,7.378929,6.779523,6.576685,7.59218,7.969774,7.223751,7.489895,7.292614,6.834915,7.224461,7.378629,7.833691
"PDLIM5",7.912256,8.257873,8.327295,7.865928,8.075712,8.542883,7.930756,7.677919,8.271119,7.243834,7.389285,7.367576,7.602556,7.292238,7.581078,7.731026,7.391014,7.410089,7.589448,7.541589,7.690127
"RAP1GDS1",8.103459,8.682243,8.581035,8.594595,8.626159,8.846313,8.794009,7.689724,8.412467,7.99908,7.542571,7.867258,8.134186,8.169058,8.123253,8.228874,7.977828,7.675526,8.075305,8.311605,8.443985
"DAPP1",8.652078,9.243317,8.521391,8.368523,9.049495,9.05022,8.775858,8.257505,8.78387,8.648214,8.908597,9.333193,9.326864,8.883395,8.578825,9.039427,8.491497,8.530332,8.995738,9.262785,8.871823
"BANK1",8.479217,9.583268,9.55882,9.718836,9.415512,9.929994,9.874383,8.917828,8.522992,9.083238,7.980262,9.016924,8.694073,9.525418,8.619857,8.98813,9.170952,8.546536,9.286382,9.612131,9.106765
"CISD2",8.802798,10.040393,8.674557,8.659173,9.64348,8.97026,9.724355,8.366264,8.91373,8.665214,8.028444,7.673558,9.407366,8.883287,8.326056,8.513359,8.299891,8.126358,8.048876,8.84445,9.340495
"TET2",9.917682,9.872237,9.856778,8.875522,9.898169,10.266211,9.766885,9.860169,10.280912,9.832692,10.348132,10.093279,10.221612,9.844056,9.804516,10.166335,9.596495,9.793342,9.917188,10.166085,10.073667
"OSTC",8.61123,8.645055,8.447993,8.421088,8.722837,8.62721,8.527875,8.161587,8.248446,9.527484,8.615344,8.569779,9.632026,10.203188,9.156577,9.281637,8.938254,9.00284,9.495762,9.513653,9.030617
"MCUB",9.100712,9.760138,9.640271,9.648902,9.536175,9.840416,9.238067,8.362878,9.396396,9.467684,8.748273,8.995165,9.52894,9.891263,9.275724,9.331709,9.261673,9.078595,9.21136,9.425572,9.516287
"AP1AR",7.272958,7.117712,7.187658,7.215302,7.454199,7.406693,7.210061,6.635634,6.965423,7.036327,6.420951,6.459017,7.289945,7.147934,6.779854,7.220893,6.817416,6.357316,6.77704,7.23361,7.064056
"ALPK1",8.857822,9.064012,8.530054,7.976719,9.175656,9.46353,7.813361,8.869583,9.495983,8.193132,9.020257,8.812513,8.926643,8.378068,8.512844,8.680624,8.208772,8.447677,8.529453,8.781178,8.534192
"LARP7",6.299917,5.950302,6.05787,6.022485,5.981072,6.945697,5.929278,5.543747,5.77321,5.815341,5.821798,5.832636,6.185826,6.184562,5.86651,6.567047,6.021284,5.626482,6.193274,6.48028,6.114132
"SNORA24",8.857548,8.232952,8.115331,7.744005,8.012944,8.361987,8.235882,7.704694,6.773559,7.444516,7.865037,7.285509,8.617279,9.571758,8.061101,8.599278,7.170283,8.292477,8.089885,8.728333,8.213662
"CEP170P1",6.147566,6.496647,5.387619,5.759,5.849492,6.290859,6.200581,5.223357,6.321308,5.614191,5.685626,6.172255,6.195764,5.620347,5.941759,6.143453,5.668279,5.759389,6.553035,6.180708,6.866071
"METTL14",7.489679,7.744356,7.586148,7.274623,7.537531,8.850774,7.78365,7.278648,7.366578,7.490358,7.361854,7.411177,8.005284,8.672338,7.659463,8.034019,7.82199,7.317068,7.737158,7.925545,7.701467
"USP53",9.081539,8.471218,7.974554,7.65278,7.705508,8.364055,7.469794,7.159898,7.452236,7.490181,6.992441,6.428049,7.058627,7.75554,7.160229,7.314073,7.202753,7.602952,7.318908,7.424086,7.726313
"EXOSC9",8.254209,8.353107,8.005175,8.138091,8.118607,8.544131,8.11871,7.751028,7.969751,7.545007,6.99088,7.73111,7.768681,7.681976,7.40211,7.856643,7.310971,7.168373,7.55244,7.574452,7.411725
"KIAA1109",9.470036,9.86235,9.750705,9.187438,9.701092,10.319867,9.503924,9.170007,9.911098,8.798615,9.170919,9.637254,8.918992,8.858972,9.036388,9.309122,8.914727,8.886158,9.024802,9.277716,9.605591
"SPATA5",7.451661,8.072847,7.962179,7.732973,7.836409,8.141319,7.885914,6.883926,7.595891,7.620914,7.119801,7.489014,7.487513,7.972483,7.597181,7.716361,7.582802,7.393613,7.758501,7.88379,7.93876
"C4orf33",6.613368,7.151384,6.702866,6.245322,7.283316,7.290056,6.436071,6.326711,6.510459,6.883562,6.830272,7.250161,7.839066,7.253024,6.8871,7.147595,6.87474,6.75064,7.161994,6.891182,7.331736
"NAA15",8.277299,8.892364,8.735103,8.72041,8.849038,9.123428,8.674464,7.97824,8.39331,7.726494,7.336498,7.511421,7.996849,8.230344,7.831688,8.055192,7.787686,7.549444,7.949881,8.012242,8.100972
"MGST2",7.922596,7.993039,7.683544,7.381669,7.892362,7.504195,7.440512,7.78179,7.678385,6.773331,7.343439,7.163438,7.184652,6.830377,6.948136,7.019864,6.691697,7.072247,7.150317,7.165341,6.975408
"SCOC",5.616186,5.07558,5.123341,5.336114,5.71886,5.789916,5.781037,5.174779,5.063439,5.242521,4.991339,4.958361,5.692107,6.167347,5.072537,5.314545,5.19704,4.87128,5.01239,5.427701,5.429507
"ELMOD2",6.604786,6.947593,6.636633,6.787224,7.270887,7.472582,6.852367,6.016932,6.568568,5.86374,5.756212,5.523477,6.263566,6.421175,6.075778,6.241342,5.79903,5.423648,6.112532,6.120827,6.371675
"ZNF330",8.377415,8.465096,8.591944,8.421666,8.870868,8.889028,8.369865,7.946436,8.512416,7.693203,7.378326,7.459302,7.704529,7.851613,7.692929,7.619038,7.575688,7.199804,7.755449,7.783967,7.75929
"USP38",8.940569,9.300568,8.983408,8.949357,9.309912,9.21329,9.117543,8.847402,9.338763,8.433863,8.4245,8.4036,9.016224,8.773098,8.453574,8.533274,8.38788,8.383442,8.551485,8.810064,8.724049
"GAB1",8.211179,8.583862,8.516591,7.98724,8.791572,9.139528,8.065934,8.103896,8.77186,8.368614,8.822673,8.779427,8.209036,8.132956,8.308606,8.221802,8.311255,8.186325,8.479179,8.494608,8.476516
"SMARCA5",9.487431,9.718825,9.766211,9.648675,9.933559,10.345759,9.696173,9.17639,9.820075,8.835692,8.465972,8.801944,9.090718,9.267833,8.70688,8.901456,8.832111,8.732598,8.9084,9.036804,8.92495
"ABCE1",7.516495,8.193107,7.806897,7.34425,8.572574,8.894615,7.671691,7.154361,7.540745,7.367189,6.554843,6.617554,8.114756,8.494791,7.523703,7.753502,7.365351,7.173171,7.753329,7.530032,7.878883
"SMAD1",6.511905,6.775326,6.056198,7.281692,6.785593,6.770011,6.870299,6.520983,7.780446,7.585048,7.029787,7.432474,7.716396,6.91381,6.949419,6.82048,6.994472,7.0153,7.071761,7.378351,7.581809
"TMEM184C",8.175675,8.830624,8.462857,8.509077,8.556995,8.810378,8.346294,7.735224,8.573097,9.004501,8.946628,8.971814,9.305163,9.371587,9.230097,9.169672,8.995325,8.870372,9.110191,9.135779,9.352728
"FAM160A1",5.592323,4.998707,5.688733,5.189101,5.700065,5.879954,6.624955,5.957174,5.957505,5.754521,5.997033,6.31472,5.977678,6.057579,5.754659,5.819787,5.917411,6.312439,5.7484,5.950517,6.439235
"ARFIP1",9.079899,8.697669,8.800275,8.109487,8.955732,9.385379,8.755383,8.619188,8.818827,7.92765,8.633493,8.516565,8.307132,8.401263,8.383007,8.249275,8.408443,7.933526,8.572613,8.357062,8.339796
"TLR2",10.084082,9.858283,9.467701,8.877216,9.693227,9.902268,9.359905,9.958595,10.0128,8.706723,9.012021,8.746073,9.064167,8.487906,8.873376,9.125402,8.078428,8.266665,8.756869,8.914359,9.116773
"GUCY1B1",6.729766,6.741525,7.46606,6.765093,7.378235,7.243718,7.202807,6.855264,7.51643,7.180656,7.374506,6.924315,7.137309,6.364577,7.20159,7.032937,6.669129,6.935961,6.981692,7.04347,7.348954
"TMEM144",6.227869,6.265856,5.018642,5.277091,5.515743,6.304689,5.450097,5.863926,5.278398,5.281249,5.449596,6.14928,5.685721,5.655364,5.656552,5.497464,5.397745,5.687313,5.985134,5.572416,5.600371
"ETFDH",6.849545,7.442261,6.822586,6.719351,7.54588,7.315918,6.877954,6.497666,7.186381,6.562799,6.511261,6.203568,6.649743,6.653825,6.581177,6.73106,6.503999,6.362121,6.5886,6.855065,7.024475
"RAPGEF2",8.868651,8.588078,8.879892,8.153644,8.812454,9.109295,8.705481,8.667794,9.080426,7.920443,8.443658,8.192185,8.11049,7.642576,7.692181,8.184089,7.804854,7.944232,8.238061,8.168364,8.528607
"TMA16",7.27764,7.565259,7.289041,7.715342,7.363451,7.475798,7.487164,6.991429,7.189806,6.852695,6.353525,6.280339,6.972164,7.180118,6.874651,6.976584,6.012256,6.63319,6.794669,6.874495,6.898944
"KLHL2",7.671248,7.695728,7.66341,7.477491,7.671709,8.27609,7.75747,7.612242,8.029461,7.444994,7.338825,6.863864,7.42092,7.305998,7.139093,7.358145,7.173617,6.731415,7.304956,7.475988,7.199404
"MSMO1",6.712749,7.388658,7.0738,7.233127,7.149825,7.55154,7.396261,6.114007,6.895333,7.725801,7.072224,7.270038,8.178483,8.214687,7.673773,7.852395,7.676901,7.378844,7.941107,7.498442,8.350075
"CLCN3",8.217224,8.601021,8.646721,8.276226,8.805781,9.006143,8.386605,7.932356,8.738597,7.658306,7.616285,7.608726,7.675099,7.678847,7.482096,7.745762,7.569934,7.346774,7.81288,7.853437,7.9444
"CEP44",6.256703,6.977864,6.919509,6.552753,7.061731,7.389938,6.414858,6.067409,6.615332,6.16537,5.531083,5.895707,6.392517,6.305858,6.236304,6.307902,6.008778,5.722769,6.121914,6.47974,6.280717
"SPCS3",9.406625,9.42211,8.716869,8.843824,9.172198,9.518213,8.902917,8.772626,9.157184,8.308934,8.005677,7.860958,8.99715,8.843893,8.264228,8.831104,8.354203,8.324051,8.655479,8.652997,8.787336
"NEIL3",5.755656,6.032238,5.778452,5.692184,6.228915,6.213392,5.561862,5.377109,5.644663,6.200867,6.109284,5.653471,6.473808,6.247275,6.152365,6.196392,6.383038,5.82674,6.030933,6.065761,6.349736
"TRAPPC11",8.581119,8.785829,8.632426,8.455023,8.852814,9.153491,8.507876,8.074547,8.767253,8.019443,7.763534,8.148712,8.065576,8.013771,8.049886,8.42635,8.007459,7.908228,8.328663,8.294049,8.346136
"PRIMPOL",7.104027,7.308494,6.665749,6.878959,6.951592,7.65186,7.017292,6.286486,6.501909,5.862184,6.327201,5.886248,6.619442,6.949093,6.241637,6.616345,6.410588,6.097899,6.635606,6.567489,6.17632
"SNX25",7.830602,8.16383,8.194767,7.942675,7.824749,8.315082,8.437008,7.328125,7.417065,8.059545,7.140813,7.49969,7.395749,7.772018,7.60879,7.714625,7.646222,7.245015,7.502439,7.921761,7.849888
"FRG1",7.318582,7.34051,6.870679,6.804252,7.028186,7.160862,6.854055,6.822867,6.174261,7.17576,6.998446,6.862723,7.916472,7.510895,7.325222,7.188122,6.99671,6.829164,7.373026,7.465999,6.783727
"ATP5ME",8.170915,7.96437,8.089783,8.219837,7.843208,7.70222,7.976099,8.434561,7.955891,7.383917,7.603243,7.670517,8.069167,8.091026,7.802127,7.84488,7.769653,7.622948,7.96475,7.648874,7.711895
"SPON2",7.295059,7.628142,7.481821,7.295026,7.413773,7.247288,7.992782,7.502904,8.050385,7.563421,8.128922,7.926686,8.519281,7.575762,8.249178,7.710328,7.496173,7.809399,7.671016,7.761534,8.425966
"LRPAP1",8.487833,8.758897,8.640643,8.492462,8.537678,8.152774,8.688993,8.898905,8.804603,9.982274,10.122146,10.116966,10.318017,9.783299,10.000154,10.08914,9.860024,9.93772,9.991878,10.350135,9.855487
"LYAR",7.315128,8.015806,7.476751,7.10262,7.475628,7.832205,7.147743,6.459112,7.335966,6.048384,6.008113,6.146439,7.039125,6.717499,6.558912,6.895031,6.047409,6.133841,6.589655,6.69978,6.730511
"MRFAP1L1",8.074393,7.656707,8.084706,7.972316,7.946989,8.228471,8.055735,7.643178,7.842326,7.575965,7.42678,7.580733,8.024182,8.277503,7.744593,7.888738,7.881904,7.675119,7.646933,7.910206,7.564514
"ZNF518B",7.711003,7.915146,8.180071,8.137396,8.175983,8.403327,7.995016,7.667791,7.837482,7.403247,7.557068,7.550298,7.758727,7.849063,7.343788,7.791343,7.472922,7.450183,7.54368,7.770969,7.78486
"RAB28",6.901279,7.101943,6.955706,6.559269,6.877027,7.104568,6.805093,6.362651,6.769389,6.993945,7.016482,6.921722,7.387902,7.693743,7.155167,7.440733,6.934295,6.870059,7.333097,7.696863,7.753458
"BOD1L1",9.330294,9.044632,9.412786,8.534385,9.336092,10.020965,9.051379,8.971532,9.625621,8.328017,9.218065,8.509124,8.880441,8.756846,8.496014,8.985698,8.475733,8.429182,8.630787,8.838875,8.857338
"FGFBP2",7.317901,7.252255,6.527206,7.201146,6.274834,7.015137,7.513773,7.219375,7.714498,8.017095,8.269477,6.962607,8.903767,8.481678,8.627592,8.267213,7.420891,8.07958,7.549658,7.975355,8.27248
"TAPT1",7.940588,8.709386,8.646529,8.372967,8.327126,9.03444,8.528518,7.892184,8.631656,8.024072,7.579293,7.883839,7.885075,8.402085,7.903131,8.122765,8.06231,7.51699,8.16859,8.211356,8.078057
"DHX15",9.722633,10.119087,10.147171,9.976533,10.097564,10.334275,9.800289,9.310948,9.851831,9.285849,8.757462,9.038622,9.217398,9.354152,9.158529,9.185423,9.250053,8.808375,8.820767,9.110176,9.213886
"SEL1L3",9.095285,9.734066,9.565675,9.075968,8.8615,9.292862,9.769132,8.993306,9.057331,9.499139,8.209523,9.248311,9.126652,9.281938,9.034486,9.007927,9.325848,8.994627,9.566828,9.429432,9.193126
"ARAP2",8.952684,9.202787,8.99288,9.121403,9.421049,9.736876,9.429018,8.488783,9.123508,8.190528,7.911895,8.221949,8.808878,8.556115,8.486876,8.292309,8.128814,8.04913,8.450663,8.592419,8.910933
"TLR10",8.767101,9.52379,8.903262,8.935039,9.036571,9.29072,9.515809,8.677412,8.284085,8.661483,7.98083,8.51808,8.546224,9.241135,8.252682,8.626284,8.550958,8.131875,8.83041,9.532502,8.778648
"TLR1",10.493061,10.421189,9.883941,9.334994,10.379873,10.490305,10.049329,10.548032,10.455145,9.220672,9.320686,9.13054,9.884823,9.538615,8.80668,9.636789,8.990032,8.810261,9.178868,9.449565,9.587436
"TLR6",9.355088,9.235743,8.696836,8.196549,9.261148,9.238715,8.865039,8.936109,9.097463,8.630266,9.122864,8.464363,9.31641,8.787163,8.509694,9.118358,8.594061,8.565068,8.784113,8.934577,9.072468
"TMEM156",7.688253,8.233042,8.139443,8.196579,8.399022,8.93207,8.385905,7.574637,7.612404,7.604049,6.786939,7.062347,7.565656,7.733738,7.047422,7.178958,7.42297,6.942432,7.862098,7.488223,7.363513
"RFC1",7.96483,8.480993,8.365898,8.248466,8.223021,8.820822,8.329941,7.622248,8.061197,7.317813,6.922275,7.359734,7.863614,7.6065,7.536513,7.706801,7.429162,7.322558,7.593501,8.006401,7.732568
"SMIM14",7.867173,8.378788,8.296505,8.190577,7.98857,8.325041,8.442251,7.939171,7.911974,8.293423,8.453005,9.028417,9.009074,8.75602,8.664266,8.803094,8.846011,8.931604,8.93934,9.133646,8.831469
"RBM47",9.4743,9.372523,9.491933,8.733109,9.702791,9.680118,9.221764,9.834524,10.21691,9.576336,10.206935,9.858,9.754173,9.213579,9.704387,9.905947,9.58096,9.535112,9.691047,9.642421,9.60516
"ATP8A1",9.297762,9.462324,9.908968,9.484685,9.694798,10.081134,9.6755,9.083348,9.256277,9.147496,8.542321,8.617741,9.043765,9.469947,8.778054,9.127301,9.084067,8.560038,8.914849,9.479575,9.465937
"GNPDA2",5.34422,6.061613,5.771342,5.900475,6.201292,6.507832,5.75102,5.046843,5.446149,6.02289,5.276182,5.35969,6.644052,6.781871,5.811378,5.983917,5.800821,5.776655,5.854543,6.151582,6.38288
"COMMD8",6.038365,6.195663,5.754142,5.472469,6.319304,6.570099,5.979309,5.194126,5.527046,5.421883,5.381676,4.956787,6.344491,6.526659,5.520867,5.66282,5.471765,5.414492,5.508698,5.799051,5.858048
"NFXL1",7.509081,7.611556,7.617705,7.451052,8.035471,8.689309,7.454755,7.329979,8.635114,8.026055,7.209876,7.881806,8.407281,8.308117,7.871136,8.243299,7.873394,7.005636,7.420864,8.092972,7.554899
"TXK",9.845507,10.270676,10.56186,10.204916,9.936179,10.672422,10.419329,9.303463,9.823699,9.792159,9.046988,9.071348,9.290232,9.801675,9.335203,9.522901,9.327034,9.082828,9.394044,9.643292,9.830786
"FRYL",9.195408,9.581632,9.565566,9.162352,9.581961,9.974122,9.416068,8.739867,9.670945,8.744383,8.765759,8.970034,8.677489,8.987559,8.910083,8.973508,8.792802,8.750558,9.009485,9.154712,9.139638
"OCIAD2",7.384436,7.922424,7.638042,7.772584,7.583694,7.796909,7.302486,6.772938,7.213583,7.208756,7.25773,6.886296,7.846564,7.929689,7.466388,7.727617,7.533983,7.41036,7.600985,7.704652,7.859399
"CHIC2",9.202552,8.669737,8.723609,8.51359,8.929841,9.251922,8.773331,8.507686,8.804954,9.2214,9.330503,9.009185,9.667303,9.571886,9.291043,9.695552,9.321593,9.195405,9.453293,9.75874,9.77218
"AASDH",7.114132,7.646961,7.665299,7.47803,7.838768,8.001594,7.784021,6.776185,7.182483,6.785751,6.492986,7.125292,7.343374,7.458908,6.960117,7.437215,7.093578,6.914108,6.860339,7.194248,7.328501
"CENPC",7.919651,8.144954,8.104568,8.043859,8.004861,8.707901,7.624398,6.997889,7.780707,8.189353,7.408921,7.737245,8.096836,8.416718,8.030314,8.293712,8.277263,7.904485,8.316076,8.322942,8.104742
"UBA6",8.357998,8.967397,8.750053,8.554481,8.836732,9.188235,8.867407,7.996098,8.707412,8.194533,7.92604,8.268681,8.417123,8.527236,8.248945,8.219184,8.23406,8.006894,8.251985,8.771704,8.551813
"YTHDC1",9.678243,9.628295,9.956082,9.739803,9.853706,10.19506,9.667079,9.475639,9.652887,8.921248,8.650075,8.550774,8.994942,9.147051,8.691895,9.100356,8.857354,8.644861,8.859003,9.061668,8.90435
"SULT1B1",9.731397,10.013531,9.626981,8.919516,10.196067,10.627807,9.743953,10.041804,10.311797,10.053382,10.265844,8.991992,10.134682,9.485073,9.287518,9.602549,9.539896,9.292961,9.830458,9.510338,10.055255
"JCHAIN",10.749244,11.891988,10.640453,9.682308,10.278727,11.512447,10.435258,8.902699,9.981605,11.707016,8.850073,9.437464,10.824488,11.546532,9.783392,10.042542,9.413393,11.047753,11.417689,10.686145,9.760615
"GRSF1",8.673634,8.987006,8.767375,8.784361,8.737827,9.144493,8.583442,8.197856,8.693229,7.882985,7.55518,7.700853,8.287405,8.14168,7.892054,8.162319,7.865502,7.733323,8.033232,8.201443,8.027518
"PF4",8.437751,8.597915,9.093669,8.446806,9.196785,8.640848,8.1828,8.666289,8.675994,8.478965,9.036015,8.150323,8.755984,7.942645,8.625743,8.774478,8.176672,8.325431,8.321096,8.780541,8.876702
"PPBP",10.296052,9.077075,9.895641,10.214084,10.424703,11.036384,9.334886,9.564922,9.900282,9.724124,10.362223,8.572942,9.788291,8.914388,9.741268,9.994527,9.100908,9.106842,9.344273,9.934999,9.362035
"PARM1-AS1",3.883398,4.077188,3.428386,4.851856,4.615628,4.121672,4.332421,4.801895,3.558671,4.418857,3.61356,3.546331,4.126125,4.238388,3.683046,4.138036,3.925885,3.986583,4.141284,3.980595,3.492729
"RCHY1",7.83708,8.161928,8.083346,7.876827,8.315827,8.598194,7.792647,7.231566,8.050977,6.85708,6.520813,6.474149,7.297667,7.25952,6.860123,7.166136,6.870882,6.401898,6.769775,7.01266,7.234593
"G3BP2",9.446711,9.779239,9.706043,9.613857,9.825445,10.104952,9.811554,9.244566,9.863978,9.01659,8.896967,8.838519,9.116963,9.222041,9.137429,9.128603,9.118281,8.82228,9.131509,8.890595,9.201002
"NAAA",8.680804,9.283555,8.912123,8.55499,9.320352,8.640178,8.980523,8.699337,9.288709,8.287196,8.336555,8.646139,9.166037,9.117154,8.415365,9.40253,8.136762,8.769498,8.900923,9.014643,9.015725
"SDAD1",8.313268,9.090197,8.652381,8.726497,8.643815,9.369923,8.443474,8.085174,8.487315,7.599401,6.992379,7.251959,7.72684,8.036744,7.638737,7.665235,7.470279,7.28766,7.771734,7.561662,7.730929
"CXCL10",4.43165,5.460664,4.183343,4.300695,4.327011,4.580918,4.439749,4.247507,4.484943,4.500383,4.54158,7.253677,6.042067,4.735536,5.324049,4.813987,5.210324,5.44678,4.934059,4.943519,5.156084
"NUP54",7.373757,7.997965,7.373113,7.549871,7.659543,7.939391,7.299923,6.8614,7.057118,7.105391,6.647773,6.969546,7.569292,7.782679,7.200356,7.501555,7.272274,7.047552,7.175334,7.607913,7.432432
"SCARB2",7.631125,8.238435,7.274293,7.064448,8.010554,7.709082,7.548698,7.087619,7.764495,7.331425,6.99264,8.185361,7.516102,7.398667,7.532971,7.479498,7.31491,7.309151,7.48341,7.608166,7.528128
"HNRNPDL",9.89447,10.054915,10.225616,10.161681,10.045167,10.625877,10.075385,9.536048,10.089442,9.26001,8.927067,9.15748,9.197926,9.512659,9.353158,9.5658,9.3045,9.319788,9.387169,9.557012,9.375639
"HPSE",7.814457,7.66747,7.413642,7.235459,7.884297,7.830267,7.326347,7.860627,7.942247,7.404264,8.228874,8.61683,7.139915,7.684334,7.896779,7.830123,7.493613,7.597459,7.998857,7.447122,7.647866
"ABRAXAS1",6.74808,7.038537,6.693047,6.999998,6.966253,7.429138,6.747647,5.864999,6.822341,7.30571,6.31472,6.66591,7.74338,8.286369,6.790444,7.256096,7.231988,7.023441,7.202968,7.599633,7.495356
"WDFY3",9.429332,8.954981,9.015798,8.076433,9.313262,9.619616,8.609224,9.78759,10.019006,8.733026,9.558188,9.215722,9.041571,8.519512,8.896466,8.856533,8.688021,8.569815,9.110991,9.100635,9.000137
"KLHL8",8.179958,8.144887,7.778329,7.911722,8.203394,8.454356,7.760756,7.728912,8.031728,6.617228,7.221888,7.148292,7.288587,7.238614,7.000215,6.634521,6.998423,6.393951,7.208028,7.239068,7.218216
"HSD17B11",10.884917,10.449058,10.651285,10.254589,10.887136,11.352888,10.448255,10.794363,10.939622,9.781045,10.481024,10.125121,10.49423,10.331533,9.991673,10.295959,9.8106,9.79108,10.147204,10.691613,10.124482
"PPM1K",6.150765,7.213514,7.365211,6.729172,7.910567,8.19127,8.334754,5.958928,5.997011,6.514089,5.595691,6.601298,5.602436,6.280742,6.427805,6.517459,6.045798,6.205333,6.511504,6.448973,6.665406
"SNCA",10.500712,11.149327,11.361456,10.9364,11.793181,10.939091,11.621839,10.645686,10.464366,11.55966,11.523371,11.286464,12.180696,10.55977,11.325003,12.049144,11.2935,11.529088,11.444042,11.614012,11.703017
"TSPAN5",8.369186,9.13294,8.958077,8.880245,9.741881,8.752476,10.334091,8.626828,8.731338,8.764488,8.952794,8.198922,9.262805,7.868209,8.464435,8.880859,8.689748,8.538384,8.449462,8.607417,8.714118
"ADH5",8.563288,8.444578,8.532468,8.734445,8.95384,8.585448,8.4894,8.407407,8.464262,8.159246,7.640719,7.821813,8.632681,8.734241,8.117723,8.35532,8.38203,8.283586,8.209026,8.463043,8.188665
"ADH1C",4.83616,4.340914,4.276551,4.673179,4.656967,4.70901,4.221713,5.373774,4.585219,5.092487,5.173874,5.06306,5.053013,4.825762,5.334774,4.820021,5.135665,5.014244,5.094562,4.991796,4.325328
"LAMTOR3",8.216277,7.962404,7.717458,7.432682,7.793833,8.452558,7.259448,7.359431,7.690408,7.612962,7.574841,7.042122,8.29566,8.413814,7.519344,8.092542,7.511023,7.459245,7.741068,7.958833,7.771322
"DNAJB14",8.032971,8.493446,8.582052,8.487232,8.933384,8.81801,8.669145,7.990815,8.319455,7.94058,7.888092,7.589939,8.33301,8.651577,7.72086,8.223352,8.104634,7.885998,8.053375,8.21123,8.14981
"H2AZ1",8.91256,9.095252,8.69776,8.625239,8.320882,9.147129,8.393974,8.000667,8.219705,8.487712,8.354856,7.845692,9.3541,9.104456,8.65157,9.013527,8.44759,8.255971,8.523937,8.767871,8.026544
"MANBA",8.916455,9.175782,8.765266,8.425461,8.959147,9.404673,8.776902,8.42453,9.314614,7.410148,8.091645,8.150676,7.84769,7.889357,7.893337,8.235779,7.751361,7.551532,7.920806,8.369044,8.155915
"UBE2D3",7.268396,8.53592,8.283402,7.636287,7.956944,8.007114,7.967639,7.696787,8.062258,8.060844,8.113885,7.911771,8.14624,8.089989,8.089438,7.874176,7.287793,7.742469,7.64407,8.167489,7.899025
"BDH2",5.511756,5.615004,5.609616,5.328075,5.543795,5.907289,5.884344,5.31628,5.452178,5.381107,5.258937,5.265399,5.820092,6.729252,5.441119,5.615329,5.585526,5.166079,5.550236,6.03597,5.254102
"TBCK",9.019748,9.335225,9.410343,9.262682,9.19135,9.642958,9.441355,8.845795,9.157005,8.935869,8.505552,8.6509,8.987412,9.475095,8.882186,9.080178,8.856332,8.746615,9.163656,9.303524,9.240467
"PAPSS1",8.110904,8.352312,8.604492,8.06627,8.843932,8.518468,7.770552,8.388968,7.957693,7.609599,7.176246,7.239362,7.594168,7.100871,7.471923,7.149618,7.451925,7.178076,7.69849,7.599619,7.059793
"LEF1",10.511335,11.207749,11.714417,11.380662,11.143925,11.647185,11.054825,10.945462,11.096813,11.657214,10.784234,10.964964,11.012604,11.659101,11.150641,11.351043,11.424672,11.299233,11.337959,11.110706,11.48828
"RPL34-DT",6.727141,6.202946,6.744072,6.783047,6.303999,6.336396,5.857905,6.384977,5.867435,6.405447,6.271854,5.806567,5.247258,5.996598,5.729707,6.329829,6.220983,5.630617,5.914951,6.0872,6.662787
"TIFA",7.284226,7.653532,7.381888,7.080465,7.413631,7.803599,7.298749,6.972695,7.117868,7.139619,6.45302,6.722017,7.524222,7.819053,6.869035,6.976971,6.839111,6.697303,7.037753,7.123911,7.240857
"CAMK2D",8.364579,8.74934,8.956573,8.703283,8.833587,8.813888,8.630936,8.146752,8.450857,8.5573,7.867226,8.662657,8.573899,8.814566,8.511924,8.60676,8.544003,8.17366,8.531629,8.908701,8.812283
"SEC24D",7.350465,8.182398,7.577451,7.205541,7.795037,7.929864,7.458374,7.025886,8.295457,7.817496,7.846882,8.387171,7.767616,7.32258,7.870218,7.699984,7.543312,7.674597,7.977637,7.820779,7.85036
"C4orf3",7.828961,7.409213,7.547052,7.75131,7.553195,7.604474,7.309129,7.595189,7.401313,7.099282,6.869446,7.140797,7.188451,7.318035,7.049423,7.158853,6.758185,7.061901,6.933567,7.173969,6.866112
"PDE5A",6.135989,6.049278,6.660244,5.85921,6.703348,7.02184,5.41508,6.040276,6.928897,6.475992,6.59634,5.955973,6.180824,5.207066,5.515672,6.44584,5.360016,6.117709,5.783338,6.275891,6.6123
"MAD2L1",5.219665,6.121267,5.171597,5.492828,5.427683,5.856779,5.068863,4.731882,5.199996,5.17319,4.980563,4.626902,5.323466,5.594839,4.912179,5.016317,4.962544,4.99204,5.286802,5.318731,5.090375
"ANXA5",9.959931,10.844585,10.473111,10.178869,10.789123,10.293427,10.326489,10.251141,10.826856,10.204006,10.488632,10.929085,10.432822,10.153414,10.572563,10.670646,9.912608,10.072795,10.294071,10.694483,10.436106
"ANKRD50",6.971186,7.197301,7.174471,6.530032,7.223537,7.117885,6.945325,6.794727,7.498017,6.345039,6.539871,6.772562,6.950519,6.562948,6.791911,6.827046,6.24183,6.410071,6.927101,7.11258,6.89654
"SCLT1",8.735773,9.080986,8.72884,8.021141,9.080335,9.583446,8.430693,8.576674,8.532645,8.213397,8.565501,8.538558,8.632344,8.664878,8.173335,8.649057,8.16222,8.170655,8.176085,8.669186,8.683518
"NDUFC1",8.270656,8.355396,8.184397,8.129621,8.235157,8.305768,8.218072,7.989002,8.181986,7.543661,7.492166,7.434357,7.812202,7.678255,7.637263,7.732451,7.240847,7.319279,7.722072,7.598484,7.381806
"INPP4B",9.793961,9.16395,9.743544,9.281003,9.692117,9.92868,9.171364,9.242523,9.2806,9.186212,8.885147,8.798256,9.096179,8.716125,9.009011,9.618599,9.247495,9.081821,9.286713,9.062705,9.138185
"GYPB",5.526797,6.587638,6.025089,5.436294,7.118291,5.739466,6.471122,5.725719,5.813555,5.597341,6.233573,5.438517,6.896458,4.981287,6.100627,6.243339,5.370699,6.167764,5.832448,5.928126,6.542141
"GYPA",6.436727,8.462952,6.655565,6.112124,8.144051,7.544541,7.599697,5.369013,6.983588,6.390598,6.463723,5.711597,8.116469,7.003972,6.736356,7.083208,6.5006,6.626658,6.713938,7.072989,8.924964
"ANAPC10",6.269661,6.244338,5.851933,5.624639,6.206086,6.354264,6.149349,6.023814,5.789947,5.419122,5.035226,5.556091,5.995195,5.988309,5.811138,5.744674,5.692702,5.41807,5.650689,5.5304,5.717331
"OTUD4",7.587821,7.933701,7.649773,7.304261,7.673581,7.968289,7.366356,6.708084,7.52467,7.100035,6.414401,7.218776,7.153226,7.23851,6.919795,7.060363,7.15237,6.998654,7.067426,7.307161,7.42077
"SLC10A7",7.125248,7.679004,7.440699,7.279542,7.609161,7.436772,7.080141,7.163688,7.289391,7.983126,7.580414,7.834961,7.972505,8.155131,7.964269,7.950551,7.905022,7.816958,8.049546,7.947681,7.959032
"LRBA",9.024213,9.328624,9.585214,9.149307,9.264913,9.662071,9.223477,8.597983,9.287425,8.837868,8.514918,8.685324,8.624982,8.795288,8.867036,8.932612,8.800467,8.673285,8.876494,8.969102,9.168679
"FBXW7",7.548419,7.823851,7.338216,7.011918,7.766932,8.007485,7.647626,7.002461,7.524848,7.132415,7.08607,6.845235,7.16705,7.371538,7.186522,7.369693,6.947121,6.875628,7.044523,7.295097,7.498784
"PLRG1",8.470111,8.904315,8.698158,8.65843,8.597485,9.412265,8.92334,8.24772,8.478559,7.830298,7.395468,7.432443,8.351377,8.653374,7.959248,8.108243,7.859802,7.686941,8.009683,7.800115,7.939409
"CTSO",7.037828,7.656826,7.182695,6.975499,7.526273,7.528335,7.422773,6.987944,7.64867,6.397805,6.591783,6.944702,7.426295,7.194757,6.844337,7.266088,6.779143,6.377953,6.997579,7.062111,7.198048
"GASK1B",7.956829,8.18089,7.484979,6.957017,7.867818,7.315696,8.770845,8.059322,8.095267,7.602126,7.409784,7.537107,8.340559,7.382088,7.634039,7.535901,6.929883,7.381479,7.869438,7.787977,7.869204
"PPID",7.707643,7.834582,7.75984,7.521699,8.008554,8.358449,7.337706,6.839841,7.778381,6.960394,6.779875,6.890504,7.61304,7.10406,6.74589,7.379447,7.129918,6.991116,7.165672,7.027632,6.742617
"DDX60",7.837137,9.465305,8.004115,7.924192,8.735498,9.087188,7.930879,7.25458,8.289651,7.593089,7.309211,9.731648,7.774662,8.068947,7.839928,7.661348,8.048127,7.444073,7.846496,7.763403,8.390113
"DDX60L",10.437862,10.816838,10.158843,9.632291,10.688572,11.130111,10.007052,10.024195,10.96487,8.803568,9.379871,10.922777,9.139573,8.80864,9.201395,9.36018,8.863407,8.749754,9.096326,9.408592,9.891883
"CBR4",7.52312,8.23005,8.255725,7.889478,8.111729,8.573687,8.118178,7.460556,7.965263,7.46776,7.028036,7.244031,7.642907,7.815876,7.547383,7.828673,7.45317,7.31538,7.766083,7.739,7.778785
"NEK1",7.236635,7.750813,7.618064,7.490716,7.783136,8.3099,7.449882,6.71329,7.238242,6.798918,6.606602,6.449898,7.156777,7.37852,6.900675,7.013105,6.908582,6.586364,6.970207,7.330197,7.243599
"HSP90AA6P",4.953331,4.85409,5.061105,3.807459,4.205212,4.69916,3.893679,4.418104,4.354121,5.150533,4.177485,5.060515,6.177244,5.947407,4.766682,5.163767,5.491802,4.992504,5.597159,4.798562,4.518505
"HMGB2",7.575061,7.572293,7.034559,7.007017,7.419935,7.553771,6.489133,6.74609,6.980086,6.668959,6.88958,6.66031,7.366755,7.425734,6.841107,7.174668,6.524706,6.738643,7.207572,7.194346,6.571141
"AGA",6.946727,7.731156,7.69579,7.772423,7.652321,7.85149,7.622672,7.26821,7.598293,7.795026,7.323291,8.228393,7.870773,8.270304,8.055871,8.217098,7.857055,7.801423,7.989442,8.168501,8.015854
"RWDD4",6.220126,6.469008,5.731463,5.992162,5.688993,6.882661,5.870906,4.748846,6.298771,6.12044,5.385061,5.879747,6.25645,6.146651,6.121223,5.989589,6.102141,5.561922,5.66788,5.95526,6.318778
"ACSL1",11.12765,10.696215,10.623268,10.207713,10.99696,11.449269,10.843695,12.02978,12.172182,10.973528,11.407955,11.004557,10.900523,10.12831,10.58303,10.466604,10.600661,10.312806,10.986679,10.843889,10.594474
"SLED1",7.593293,7.261626,6.902885,7.148654,7.137238,8.054245,7.547872,8.211631,8.531687,7.433463,8.065095,7.932794,7.485509,7.095492,7.552882,7.403248,7.620003,7.265636,7.5998,7.949299,7.504296
"UFSP2",6.065181,6.588621,6.242205,6.351555,6.29766,6.732338,6.166166,5.482462,6.363322,6.355084,6.252445,6.176832,6.944417,6.845218,6.64016,6.714341,6.621994,6.211046,6.398696,6.776569,6.465282
"LINC01667",5.354492,5.486169,6.077478,6.526928,6.070334,5.764914,5.340863,6.165328,6.012813,6.537672,6.660367,5.463745,5.532382,6.219126,5.928234,5.470917,5.996766,5.876787,5.839847,4.905628,5.185468
"LOC389834",7.776446,7.305236,7.410262,7.553502,8.501777,6.198431,6.861383,7.030264,6.629387,6.971836,8.829824,9.032596,8.872237,7.621853,8.279916,6.356109,7.555749,7.408309,8.174844,7.672232,7.598022
"NDUFS6",8.600504,8.664863,8.41126,8.271425,8.829033,8.22252,8.323911,8.440546,8.150689,7.864567,7.72046,7.622544,7.921792,7.884527,7.825494,7.81462,7.719973,7.863218,7.668748,7.719032,7.835082
"ROPN1L",8.094218,7.694472,7.478428,7.193512,7.993446,8.13516,7.879084,8.418347,8.329738,8.664073,9.586417,8.523527,9.035072,8.565078,8.535429,9.080755,8.64698,8.701187,8.877926,8.714769,9.020196
"BASP1",9.778639,9.300693,9.862258,9.144735,9.618177,9.567881,9.765583,10.644548,10.213252,10.710088,11.154281,10.359884,10.317931,10.04317,10.63796,10.352369,10.425134,10.401583,10.678053,10.596877,10.187203
"SUB1",9.323402,9.371243,8.975926,9.286467,9.048199,9.786172,8.823844,8.85414,8.682202,8.185367,7.353713,6.926186,9.02311,9.732458,7.701537,8.177971,8.014937,7.437786,8.02709,7.90305,7.994847
"TARS1",8.115113,8.664029,8.433116,8.293572,8.591376,8.927158,8.471886,7.791446,8.393984,7.377946,7.191108,7.261089,7.619964,7.696991,7.426243,7.425179,7.278198,7.17374,7.324338,7.483112,7.45889
"BRIX1",7.15657,7.101571,6.342444,7.191985,7.018208,7.282582,6.350488,6.345208,6.06282,6.195808,5.527016,5.808704,7.012952,7.098859,6.14149,6.410477,6.02097,5.980835,6.294302,6.174491,6.090729
"DNAJC21",7.830405,8.051818,8.164185,8.006753,8.174983,8.634896,7.50497,7.220019,8.162113,7.423404,7.341679,7.312285,7.872044,7.934991,7.520304,7.740916,7.493726,7.330466,7.799848,7.718438,7.579137
"C5orf51",9.019809,9.451817,9.292176,9.092987,9.398376,9.552267,9.068017,8.560969,9.401905,9.039496,8.811351,8.754121,9.011649,9.262301,9.118923,9.215115,9.216093,8.761615,9.169521,9.146069,9.446322
"FBXO4",7.1529,7.192355,6.790689,6.804884,7.308194,7.406655,6.950924,6.723255,7.051774,6.170661,6.14556,5.716678,6.590017,7.111533,6.077817,6.43867,6.242489,5.939329,6.372853,6.269854,6.394375
"ZNF131",7.871337,8.358313,7.913984,7.908905,8.004329,8.237344,7.758571,6.962246,7.524946,7.741295,7.393812,7.344523,8.095779,8.210118,7.910983,7.966703,7.617209,7.356662,7.780676,7.878437,8.089636
"NNT",9.04583,9.340611,9.490454,8.981892,8.959029,9.347969,9.278724,8.710245,9.558297,8.409439,8.174689,8.486509,8.129496,8.428849,8.438318,8.478512,8.212024,8.243398,8.449952,8.506125,8.671574
"GZMK",10.211054,9.501233,9.284445,9.626268,9.242928,10.127852,9.159281,8.611067,9.157463,8.506625,8.633428,7.7411,9.727704,9.263461,9.139614,8.940058,8.41078,8.803675,9.015338,9.189614,8.600877
"GZMA",8.635146,8.450106,7.423086,7.622843,7.706443,8.507303,8.124813,7.406423,8.041192,7.560612,7.826092,7.222473,9.055382,7.921239,8.494292,8.18724,7.496001,7.743957,7.531799,7.8848,8.097763
"MTREX",9.35664,9.53351,9.63733,9.860674,9.678053,10.18798,9.598157,9.290284,9.365246,8.800329,8.161193,8.270962,8.901445,9.267971,8.66648,8.730153,8.813262,8.411927,8.828468,9.055014,8.599531
"GPBP1",9.093832,9.429694,9.348633,9.169911,9.521125,10.046447,9.248002,8.786969,9.071324,9.187684,8.993969,9.121503,9.654843,10.049829,9.145919,9.58961,9.375747,8.993743,9.127758,9.489629,9.399151
"GAPT",8.867754,9.130653,8.969843,8.605914,9.120359,9.402598,8.91503,8.932338,8.61783,9.223584,9.299682,8.91634,10.158948,9.940107,9.248041,9.831518,9.51796,9.210092,9.438775,9.79336,9.713507
"PPWD1",7.897215,8.31331,8.481251,8.310516,8.149216,8.789164,8.167436,7.366747,8.13315,8.356356,7.811997,7.769937,8.419912,9.024783,8.255139,8.572136,8.294437,8.112047,8.43072,8.533463,8.52836
"TRAPPC13",6.731632,6.863,6.726,6.723483,6.877853,7.484372,6.608627,5.681223,6.766664,6.791916,6.111023,6.178476,6.975407,7.207169,6.375567,6.864855,6.395485,6.2236,6.803346,6.792005,6.931563
"SREK1",8.620203,8.68715,8.738224,8.45545,8.895328,8.975715,8.84118,7.975976,8.767226,7.387528,7.286673,7.361684,7.743027,7.824314,7.526842,7.859031,7.428206,7.210141,7.944024,8.075168,7.750474
"CCNB1",5.461793,7.031553,5.829253,5.852012,6.070584,5.991443,6.077401,5.494658,5.912797,5.458768,5.404758,5.201926,5.161372,5.410359,5.062256,5.084024,5.482235,5.186887,5.214432,5.216938,5.107964
"RAD17",8.975039,9.16754,9.395989,9.078012,9.204813,9.06648,9.825767,9.859207,9.391558,7.9937,9.086146,8.989438,8.984429,8.775112,9.069108,8.972253,9.176509,8.552774,7.960161,8.760851,8.922206
"BDP1",3.525976,3.080455,2.785789,3.036051,2.976856,4.55996,3.119557,3.34506,2.864971,3.58143,3.071879,3.820221,3.338423,2.828836,2.474897,2.751034,2.996005,3.376819,4.748737,3.338423,3.112278
"PTCD2",7.33008,8.149956,7.76737,7.895687,7.618192,7.820168,7.941627,7.400016,7.521603,7.186355,6.979816,7.109546,7.332991,7.383487,7.198826,7.316573,7.075851,6.937333,7.20951,7.428338,7.498664
"FCHO2",8.684881,8.430486,8.235469,7.414321,8.695093,8.690547,8.049438,8.235436,8.548649,7.962928,8.763746,8.024445,8.462195,7.862,8.080783,8.671658,8.153726,8.103125,8.450799,8.374017,8.719972
"UTP15",6.324847,6.943359,6.292439,6.276031,6.676405,7.339889,6.334106,5.505348,6.095381,6.126689,5.637058,6.031921,6.468352,6.674347,6.201152,6.335985,6.106916,5.696068,6.311812,6.34133,6.61081
"NSA2",8.402952,8.093569,7.593319,8.57601,7.760022,8.922853,7.116528,7.254487,7.165489,8.369633,8.241175,8.096467,9.25504,9.90464,8.395425,8.976585,8.441729,8.502259,9.060409,8.638554,7.655715
"HMGCR",8.939884,8.793029,8.996648,8.398942,9.023045,9.064278,8.757063,8.874454,9.213148,7.606637,8.130705,7.690139,7.994302,8.065156,7.861022,8.156114,7.885899,7.890118,7.941018,8.184411,8.131018
"POLK",7.84359,8.186921,7.813355,7.954855,7.958204,8.352209,7.843787,7.079775,7.568496,7.428391,6.994699,7.150639,7.929262,8.050703,7.413727,7.615296,7.303903,7.093947,7.324904,7.7123,7.811879
"F2R",7.289795,7.601322,7.421871,7.168391,7.568943,7.577696,7.42929,7.12243,8.440318,7.756679,7.742992,7.81537,7.832029,7.006285,7.968916,7.580202,7.656454,7.516703,7.455458,7.440974,8.199762
"F2RL1",8.799909,8.985019,8.22218,7.440138,8.877898,9.131576,8.118041,8.982589,9.114774,7.707019,8.310802,8.425077,8.387967,8.061986,8.308685,8.324732,7.918089,8.41152,7.558063,8.319552,8.511576
"S100Z",7.243551,7.948159,7.250655,6.808261,7.560625,7.856808,7.259488,6.741292,7.965474,6.605597,7.147325,7.220382,6.962223,6.632878,6.878084,7.364563,6.706727,6.985747,6.740462,7.39487,6.713895
"SCAMP1",9.297357,9.146538,8.918371,8.918388,9.067061,9.171145,9.068395,8.464015,8.963427,8.307068,8.323923,8.544081,8.848565,8.658729,8.4568,8.735071,8.411965,8.39353,8.595445,8.858303,8.762901
"JMY",6.799319,7.376913,7.567186,7.341473,7.201629,7.796092,6.89503,6.898922,7.336402,7.594679,7.350306,7.501083,7.743177,7.787296,7.676054,7.729411,7.756824,7.575327,7.848272,7.698995,7.884754
"ZFYVE16",8.724058,8.419662,8.28231,7.740319,8.931806,9.253558,8.242602,8.127876,8.74613,7.313175,7.820535,7.313152,7.963638,7.56107,7.535947,7.854788,7.462046,7.170271,7.734407,7.81151,8.119935
"FAM151B",6.677613,6.885599,6.405777,6.0888,7.144896,7.270968,6.420349,6.58142,6.753283,6.515464,6.605733,6.291968,6.420255,6.462991,6.796603,6.503783,6.367935,6.162742,6.377757,6.213296,6.533629
"ZCCHC9",7.099081,7.223015,7.028751,7.20902,7.247589,7.561055,7.312605,6.728704,6.732975,7.185218,6.939456,7.186075,7.643229,7.926301,7.626625,7.511393,7.219183,7.257636,7.563757,7.621601,7.225398
"XRCC4",5.675753,5.990219,5.760198,5.543176,6.576359,7.057463,5.440443,5.551101,5.518437,5.727422,5.722796,5.640507,6.64684,6.583845,5.87266,6.106657,6.036307,5.618141,5.73056,5.820394,5.857459
"VCAN",11.024999,11.040111,10.314399,9.942747,10.469442,10.725999,9.635982,10.729049,11.542143,9.906032,10.430884,10.810944,10.232026,9.715114,10.168686,9.995549,9.513909,10.327651,10.44899,10.843393,10.48209
"COX7C",7.569257,7.485119,6.603347,6.779349,7.13221,7.613157,6.94158,6.469709,6.686537,6.91452,6.47371,6.108241,7.874962,8.71438,6.91784,7.478341,7.127008,7.056325,6.893478,7.427449,7.362044
"SLF1",6.18052,6.749437,6.421663,6.226952,6.783695,7.298204,6.369423,5.843722,6.393015,6.000609,5.696308,5.745841,6.488554,6.293023,6.097386,6.482711,5.977984,5.699825,6.245607,6.357281,6.686609
"RFESD",5.15632,5.742571,5.434284,5.570731,6.05619,5.136922,5.870742,5.362215,5.207409,6.026676,4.926768,5.066426,6.027433,6.382414,5.718899,5.856498,5.466474,5.702131,5.56549,5.972312,6.224385
"RHOBTB3",6.426524,7.090664,6.271886,6.538866,6.789997,6.645598,6.312526,5.586212,6.208264,5.937952,5.891788,6.009137,6.534333,6.201028,6.054951,6.003427,6.363611,5.929889,5.994266,6.084333,6.51396
"ERAP2",9.346394,9.872265,9.644091,8.698149,8.763568,10.029563,8.602101,8.94947,10.144404,8.197126,8.831427,8.323455,8.909729,9.077999,8.399744,8.85513,8.867583,8.625492,8.33909,9.430757,9.116305
"LNPEP",10.248512,10.886273,10.899676,10.541692,10.761674,11.084247,10.743079,10.077183,10.768198,10.759492,10.324733,10.712644,10.263879,10.813683,10.454074,10.548668,10.635723,10.525001,10.684223,10.623354,11.111905
"FAM174A",7.849094,6.842481,7.15595,6.75823,7.464017,7.662264,7.1604,7.418877,7.536057,7.044416,7.361258,7.012049,6.877571,7.066075,7.361248,7.801337,6.512077,6.732513,6.873082,7.333923,6.962849
"PAM",7.090031,7.373046,7.410463,7.252156,7.905633,7.116387,7.231931,6.864136,8.001634,7.048963,6.863037,6.685499,7.216966,6.929766,7.084899,7.394687,7.111346,6.901853,6.70344,7.436426,7.102029
"PPIP5K2",9.214669,9.574388,9.248037,9.37812,9.905267,9.813184,9.092721,8.579965,9.258156,8.851164,8.818748,8.594096,9.392674,9.585913,8.817412,9.341042,9.111406,8.769377,9.1867,9.193938,9.513582
"FER",6.609908,6.855163,6.813651,6.98266,6.537882,7.067118,6.902595,6.052464,6.351398,6.3367,6.298058,6.153951,6.219653,6.293021,6.285888,6.358726,6.060527,5.802361,6.021379,6.370667,6.465655
"WDR36",8.189627,8.852458,8.709643,8.515393,8.863316,9.11089,8.719918,7.98432,8.62962,7.61749,7.140418,7.578716,7.597738,8.064613,7.911362,7.774459,7.651064,7.48253,7.838067,8.099986,8.005235
"CAMK4",9.498365,9.574077,10.032594,9.792694,9.619099,10.075533,9.364687,8.939967,9.248426,9.265264,8.416906,8.249228,9.028286,9.871672,8.814115,9.254201,9.099563,8.923101,9.075271,9.131212,9.212499
"EPB41L4A-AS1",8.090381,8.086101,7.816012,7.91086,7.551736,7.890622,8.091568,7.286031,7.359593,6.93073,6.498189,6.656271,7.018125,7.456231,6.852552,7.014294,6.775974,6.818872,6.889932,6.972372,6.88356
"SNORA13",6.708459,6.557261,6.300184,6.307898,6.542951,6.37811,6.819082,6.170929,5.998267,5.748255,5.822518,5.319418,6.055128,6.229943,5.831037,6.142431,5.690811,6.320152,5.856379,6.068147,5.816714
"APC",7.505348,7.752445,7.524004,6.970229,7.891786,8.292509,7.75029,7.010725,7.61824,7.100346,7.604959,7.384981,7.748776,7.596995,7.335804,7.596841,7.335353,6.868911,7.384096,7.595116,7.495678
"YTHDC2",8.245313,8.636848,8.352819,8.196437,8.288111,8.846022,8.529,7.656769,8.391341,7.958907,7.506707,7.89097,8.026879,8.135858,7.983441,8.143241,7.974992,7.913386,7.890062,8.305009,8.565078
"COMMD10",8.390814,8.494959,8.595864,8.11104,8.596307,8.565365,8.401912,7.420493,7.956993,7.976453,7.065551,7.519098,7.959854,8.2401,8.006081,8.120443,7.737639,7.486048,8.176941,8.17359,8.430936
"DMXL1",8.370073,9.253122,8.839888,8.49716,8.978069,9.436245,8.951367,8.071867,8.700893,7.865314,7.86277,8.294825,8.016241,8.448189,8.18885,8.279913,8.193612,8.046466,8.462995,8.728954,8.778705
"SRFBP1",7.14376,7.492501,7.104268,7.114092,7.333508,7.960269,7.055222,6.627568,6.790294,7.441762,6.750252,7.022279,7.668864,8.170332,7.172041,7.615821,7.39159,6.820597,7.510077,7.443553,7.461279
"SNX2",8.802082,9.364632,9.22613,8.706192,9.427171,9.582763,9.322335,8.598648,8.698394,9.65015,9.097221,9.690927,10.617257,10.565835,9.692676,10.40689,9.895175,9.24709,9.869837,10.137419,9.762831
"CSNK1G3",6.610789,7.508933,7.026704,7.122306,7.439257,7.961882,7.136853,6.780333,7.078399,6.627517,6.321269,6.175621,7.175063,7.733163,6.342749,6.968181,6.778473,6.27348,6.788838,6.875028,7.349695
"PHAX",6.680346,6.699046,6.79033,6.879689,6.804433,7.192795,6.183598,5.757508,6.398928,6.128573,5.935497,5.83228,6.99927,7.030234,6.537401,6.609943,6.167247,6.26249,6.521873,6.507671,6.433255
"LMNB1",8.327679,8.879402,8.088673,7.863145,8.208268,8.506705,8.209657,8.165582,8.737254,7.267976,7.618319,7.639314,7.671157,7.201308,7.344756,7.468881,7.25695,7.096773,7.461918,7.424983,7.405985
"PRRC1",8.357606,9.148206,9.098376,8.667183,8.768542,9.015652,8.620707,8.250463,9.033372,9.381929,9.056116,9.392256,9.17804,9.32863,9.427319,9.283678,9.401129,9.258662,9.540753,9.311458,9.556259
"LYRM7",6.084007,6.361658,6.207906,6.080314,6.568208,6.796562,6.317622,5.780817,5.946662,6.346118,5.936391,5.533432,6.448087,6.793579,5.992241,6.24231,5.881675,6.220945,6.315123,6.364284,6.646961
"CDC42SE2",11.777667,11.75361,11.95903,11.883116,11.849533,12.007017,11.832802,11.615156,11.810817,10.891579,10.87745,10.710125,11.052246,11.220099,10.960117,11.055893,11.027774,11.057099,10.955953,11.1549,11.350144
"SLC22A4",7.537846,7.787922,7.477601,7.518506,7.897438,8.439074,7.930767,7.506111,8.236115,8.295342,8.636091,7.982594,8.463944,7.742059,7.880629,8.345575,7.946335,7.770039,8.145844,7.934855,8.139915
"RAD50",8.008217,8.484662,8.359113,8.256074,8.394267,9.086012,8.277091,7.562305,8.268603,7.910299,7.476414,7.808294,8.080247,8.569954,8.072307,8.166128,7.963136,7.633727,8.138813,8.136601,8.058408
"UQCRQ",7.267668,7.415469,7.336318,7.439235,7.387355,7.367944,6.862425,6.765677,7.027268,7.736216,7.303119,7.599783,8.074082,8.334529,7.703597,7.865653,7.539607,7.486768,7.599213,7.711148,7.620363
"HSPA4",8.503412,8.741353,8.481442,8.391763,8.649313,8.788321,8.46341,8.10746,8.365026,7.811185,7.532646,7.866611,8.096938,8.074597,7.870287,8.145149,7.88282,7.592948,8.097418,8.122558,7.965605
"TCF7",8.888936,9.702083,10.250481,9.842811,9.691815,9.587094,9.572796,9.556439,9.528922,10.21169,9.505001,9.577626,9.728098,10.320918,9.874178,9.8487,9.97859,9.836231,9.77302,9.552822,9.9897
"CAMLG",7.831767,7.646144,8.077306,7.767673,7.728367,7.985841,7.629966,7.098206,7.476392,6.774141,7.281957,7.008603,7.585321,7.57921,7.216031,7.584326,6.958178,7.248231,7.162631,7.517403,7.512968
"DDX46",8.422371,9.054999,9.151334,8.744525,9.009556,9.210652,8.790425,8.455434,8.98563,8.066776,8.170657,8.231645,8.113528,8.25698,8.336205,8.471972,8.219377,7.878834,8.259657,8.442001,8.401072
"TXNDC15",8.509275,8.769566,9.188032,8.798699,8.981006,9.219739,8.947606,8.190843,8.716493,8.01722,7.578765,7.740631,8.105729,8.234958,8.105072,8.003214,7.807237,7.829365,7.988312,8.040867,8.230743
"TGFBI",8.966661,9.140816,8.757516,8.199741,9.079259,8.713071,8.098369,9.1008,9.428556,8.714622,9.209595,9.6102,9.424507,9.237375,9.251648,9.596959,8.462988,9.503199,9.762001,9.985663,9.106341
"CTNNA1",7.781037,7.909486,7.842295,7.247156,8.225767,8.218662,7.927945,8.164761,7.856717,6.9701,7.795832,7.910492,7.250804,6.997671,7.576091,7.362362,7.272147,7.587087,7.702831,7.736546,7.088298
"PURA",8.476008,8.823375,8.78747,8.659831,8.684249,8.609015,8.674153,8.574203,8.819374,9.919215,9.771481,10.036055,9.918498,9.809634,10.048269,9.929915,10.000438,9.757099,9.994499,9.883732,10.03761
"IGIP",6.856775,7.427698,7.377678,7.117631,7.632618,7.558754,7.686757,7.200942,7.237366,6.29628,6.126838,6.321162,6.765064,6.58676,6.652004,6.934506,6.37334,6.545131,6.699113,6.769363,6.757424
"SLC35A4",8.656667,9.448108,9.024659,8.803963,8.943761,8.890184,8.996649,8.757389,9.31982,9.594615,9.305802,9.799953,9.643077,9.693455,9.612117,9.461492,9.46002,9.201781,9.420642,9.428038,9.474441
"ZMAT2",7.905733,7.529187,7.295417,7.95463,8.170747,8.109892,7.305199,7.7669,7.25604,7.777965,7.511173,7.273658,8.303772,8.189052,7.384527,7.777475,7.340696,7.574435,7.442739,7.702089,7.129037
"PCDHB2",5.672203,5.595122,5.576336,6.327076,5.91844,5.749521,6.165681,6.523012,6.152493,6.505234,6.131595,6.305686,5.736572,6.141251,6.382233,5.737653,6.617098,6.326593,6.128633,5.910278,5.597663
"RNF14",8.324946,8.859586,8.791614,8.704435,9.010299,8.630039,8.966422,7.80587,8.796304,8.695937,8.514495,8.660927,9.340768,9.118118,8.872924,9.362138,8.782258,8.817514,9.05133,8.618481,9.684534
"NDFIP1",9.064255,9.154093,9.358557,9.416429,9.41485,9.137408,9.479806,8.727065,9.111269,8.377101,8.278121,8.298084,8.753754,8.86311,8.891673,8.784664,8.612968,8.243537,8.767371,8.612896,8.657638
"ARHGAP26",10.289964,10.071648,10.381456,9.475792,10.211924,10.560245,10.095542,10.36898,11.109614,10.055629,10.794679,10.82274,10.170508,9.967466,10.380223,10.306193,10.095805,10.160721,10.320791,10.365611,10.282532
"NDST1",8.200117,7.940624,7.90197,7.327604,7.64111,7.498806,7.421669,8.153084,8.630305,7.677954,8.816386,8.743564,8.365245,8.029877,8.415378,8.604309,8.274528,8.354217,8.378624,8.454216,8.237796
"GM2A",9.11137,9.619857,8.935706,8.664403,8.802004,9.319925,8.565354,8.669994,9.742337,9.263826,9.120287,9.565056,9.951399,9.802197,9.334562,9.752824,9.139769,9.488928,9.347444,9.907699,8.972311
"MFAP3",8.472802,8.740369,8.466545,8.376629,8.685656,8.658976,8.372841,7.929455,8.492387,8.335458,8.374572,8.357439,8.855535,8.876211,8.445835,8.647005,8.470574,8.367807,8.724764,8.811457,8.772155
"MRPL22",6.327923,6.786335,6.185818,6.390912,6.47802,6.531507,6.148795,5.935053,6.222505,5.844274,5.606939,5.471768,6.071664,5.96661,5.600469,5.820419,5.845157,5.681877,5.806637,5.895942,5.87895
"ITK",10.283742,10.632592,10.830458,10.89472,10.545569,10.984344,10.482196,10.072244,10.685641,10.538378,9.918935,10.057114,10.255105,10.72669,10.331764,10.699588,10.425882,10.444707,10.561013,10.474235,10.754923
"UBLCP1",8.118386,8.487977,8.212781,8.096891,8.484379,9.065516,8.116357,7.68245,8.474367,7.852671,8.043224,7.557253,8.605042,8.48924,7.916797,8.230152,7.899691,7.442931,8.04634,7.96693,8.212544
"TTC1",7.456472,7.862759,7.756242,7.907261,7.529288,7.995428,7.508192,7.309868,7.615092,7.114213,7.107997,6.852906,7.531058,7.277835,7.282508,7.349208,6.96035,6.964218,7.268825,7.309022,7.098032
"PTTG1",7.351456,7.841938,7.030398,7.421658,7.093574,6.813681,7.500228,7.210259,6.88753,6.941531,6.518698,6.565745,6.640784,6.815312,6.506543,6.563444,6.577593,6.539773,6.80182,6.617288,6.226088
"CCNG1",8.071239,8.379871,8.377255,8.293558,8.698888,8.772757,8.434334,7.731936,8.424433,9.627581,9.31167,9.124962,9.95708,9.89012,9.343158,9.514392,9.368692,9.562897,9.718698,9.593439,9.906769
"MAT2B",9.265527,9.484958,9.149308,9.503068,9.592616,9.792406,9.162826,8.765358,9.477716,8.119162,8.076814,8.155227,8.660886,8.601507,8.264486,8.500137,8.225154,8.099804,8.370237,8.590447,8.686297
"RARS1",7.701648,7.992942,7.95567,7.917973,8.139425,8.577487,7.751644,7.12518,7.836462,7.29106,6.877358,7.196303,7.744397,7.922628,7.679725,7.553198,7.162097,7.060695,7.210212,7.572246,7.325782
"SPDL1",5.280283,6.144587,5.814801,5.954499,5.812329,6.428703,5.501014,4.782903,5.211468,6.428455,5.333122,5.660252,6.077886,6.791305,6.094934,5.805348,5.687362,5.832767,6.510394,5.922933,5.982228
"NPM1",5.731741,5.498511,5.268356,6.529076,5.143691,5.749531,5.58088,5.347597,5.352494,5.521829,5.720551,6.056404,5.635567,5.827154,5.862959,5.299772,6.052826,6.26312,5.68345,5.674761,5.73598
"ERGIC1",9.161247,9.362669,9.313519,8.936498,9.049623,9.112348,9.249485,9.451888,9.727718,10.108542,10.342534,10.240681,10.274018,9.788879,9.831878,10.095516,10.006632,9.878987,9.982455,10.14917,10.103864
"ATP6V0E1",10.878187,10.468407,10.311279,10.411768,10.388106,10.39953,10.539403,10.709348,10.101433,11.806234,11.837082,11.864412,12.202264,11.975451,12.067683,12.12142,11.847729,11.895779,11.912876,12.069991,11.719728
"CPEB4",9.037307,9.132929,9.023663,8.371306,9.04596,9.247877,8.693012,9.048585,9.329394,8.378805,8.916249,8.894575,8.634011,8.407811,8.692665,8.763884,8.357211,8.452251,8.677671,8.79359,8.728827
"HRH2",8.689356,8.780691,9.073641,8.114409,9.054878,8.344724,8.699439,9.707387,9.053421,9.10866,9.393715,9.100856,9.522672,9.149593,9.027759,9.34092,8.776362,8.915858,9.146227,9.315289,9.03913
"HIGD2A",8.267751,8.95185,8.302602,7.877785,8.315829,7.755997,8.146522,7.891392,8.123766,9.685406,9.443832,9.760133,10.046308,10.288219,9.996989,10.066597,9.801246,9.94561,10.112135,9.955557,10.0909
"PRELID1",9.914639,10.137465,9.40792,9.53977,9.799239,9.222067,9.774551,9.978711,9.828578,10.109934,10.4578,10.614019,11.009291,10.376202,10.762882,10.85241,10.21809,10.399152,10.565556,10.378351,10.508699
"B4GALT7",7.636779,7.809932,7.519276,7.491556,7.665048,7.097414,7.62705,7.754749,7.308676,8.22079,8.117814,7.977609,8.266927,8.323855,8.374674,8.534302,8.185353,8.364851,8.324981,8.291945,8.144778
"ZNF354B",6.794769,6.972514,6.698147,6.778348,6.867015,7.053364,6.950304,6.351978,6.850781,7.010099,6.425371,6.759435,7.18582,7.388062,6.755178,7.106625,7.1688,6.703674,6.824807,7.09954,7.002761
"OR2V2",6.105251,5.73303,6.274801,6.58923,5.559775,5.990585,6.010779,6.404797,6.15026,6.940506,6.944198,6.620376,5.935003,6.373361,6.558787,6.155479,6.799259,6.397898,6.452647,6.43703,5.842807
"CTC-338M12.4",6.797463,7.135204,7.350518,7.409074,7.597069,7.653563,7.627696,7.077003,7.175856,7.552963,7.176742,7.047151,8.116318,8.143758,7.528976,7.503694,7.099386,7.320715,7.555709,7.910267,7.704117
"CCDC127",7.211734,7.813706,7.569094,7.576679,7.785803,7.631101,7.527571,7.113445,7.216945,6.709274,6.961705,6.736884,6.870081,7.198642,7.000256,7.196838,7.144108,6.917294,6.942077,7.355137,7.132599
"SLC12A7",7.086602,7.568507,7.184043,7.608963,6.927487,7.355135,7.705712,7.715493,7.500561,7.859815,7.847018,8.349886,7.967317,7.668416,7.993263,8.277329,8.147933,7.767388,7.665105,8.096721,7.983342
"MRPL36",8.930407,8.479459,8.476678,8.687681,8.715562,7.989566,8.6517,8.981106,7.969881,7.705488,8.762104,8.731608,8.730349,8.383269,8.509839,8.78776,8.689558,8.696961,8.437006,8.75568,8.67058
"MED10",8.366717,8.199708,8.18406,8.456008,8.273576,8.599609,7.752057,7.368163,7.840045,7.830049,7.578089,7.508772,8.051802,8.261519,7.889629,7.964625,7.621409,7.279273,7.882448,8.246069,7.86927
"NSUN2",8.443117,9.078697,9.068519,8.522262,8.753673,9.24095,8.662675,8.207779,9.148447,8.216795,7.886392,8.317083,8.208935,8.489048,8.456205,8.451127,8.055425,8.065554,8.119866,8.552752,8.530626
"LOC442132",6.834363,6.660864,7.538123,8.465969,6.862425,7.361318,7.249229,7.433174,5.822518,8.795278,9.111704,8.678361,8.517777,9.001016,8.721111,8.388238,9.430111,8.985107,8.515995,8.468687,8.564526
"FASTKD3",5.702496,6.090148,6.170665,5.520553,5.776775,6.398231,6.003481,5.725408,5.797516,5.907985,5.592127,5.886165,6.48008,6.723968,5.804036,6.212973,5.812208,5.933667,6.231547,6.522713,6.456258
"ATPSCKMT",7.447135,7.453695,7.348932,7.148161,7.293018,7.627953,7.352055,7.008435,7.340494,6.847994,6.363527,6.323914,6.901606,6.803982,6.570932,6.988081,6.677229,6.430886,6.738885,7.029878,6.659712
"RAD1",7.518913,7.968038,7.465723,7.856171,7.879822,8.247922,7.807515,7.288972,7.581797,7.030063,6.656734,6.626726,7.266511,7.554227,6.995462,7.292944,6.614193,6.755738,7.220128,7.088075,7.491994
"LMBRD2",7.383978,8.080964,7.701847,7.136873,8.080635,8.375756,7.685007,6.81861,7.549454,7.448725,7.006348,7.045946,7.627357,7.814104,7.17659,7.417634,7.164482,7.065624,7.600672,7.649938,7.826489
"NADK2",6.798337,7.4043,6.971372,6.998179,7.167691,7.654333,6.845571,6.24012,7.102411,6.550213,6.584801,6.361627,6.873923,6.975289,6.620748,6.834206,6.576238,6.448844,6.93731,7.029901,6.968645
"RICTOR",10.357191,10.100267,10.074303,9.64281,10.267961,10.718486,10.026518,9.772295,10.145013,9.186215,9.67165,9.407886,9.477663,9.704972,9.373379,9.814791,9.311674,9.206926,9.302235,9.682281,10.043668
"DAB2",6.98603,7.407123,7.673463,6.893853,7.701778,7.607481,7.098455,7.082717,7.918402,7.891681,8.279636,7.929626,8.251662,6.665465,7.787645,7.878301,7.189675,7.701264,8.031817,7.504818,8.451984
"TTC33",6.869081,6.831566,6.91225,6.58803,7.116306,7.072091,6.655886,6.358892,6.665737,6.303325,6.145654,5.910337,6.593055,7.036663,6.208807,6.586879,6.309942,6.210076,6.072096,6.753961,6.697041
"OXCT1",7.832834,8.503753,8.168788,8.190932,8.325619,8.404471,8.226219,7.541709,7.938623,7.707477,7.10137,6.951261,7.568443,7.967523,7.421654,7.608283,7.563774,7.419908,7.576349,7.681137,7.751721
"ANXA2R",7.16091,7.214565,7.471419,7.365456,7.365603,7.23109,7.284528,7.132213,7.205225,7.231139,6.848867,6.964698,7.633217,7.822041,7.218535,7.166892,7.310006,6.866084,6.975706,7.213768,7.248059
"LOC100132356",7.331399,6.878741,6.787261,6.986155,7.02908,5.884791,7.145239,7.166614,7.061232,7.001854,7.523654,7.480623,7.894473,8.087074,7.5939,7.860152,7.428179,7.464858,7.497279,7.966498,7.463393
"CCL28",6.033629,6.530611,6.497649,6.520924,6.120276,6.354688,6.123802,5.976723,6.191887,7.109393,6.895447,6.887222,7.18328,7.355517,7.102136,7.100025,7.092489,6.915401,7.129098,7.068113,7.638537
"HMGCS1",7.497762,7.737348,7.411667,7.481913,7.416624,7.949368,7.793783,6.597916,7.448692,6.976625,6.603963,7.020565,7.215775,7.31985,7.205742,7.318847,7.060945,6.573713,7.023557,7.174344,7.075346
"TMEM267",6.321582,6.635753,6.741589,6.620713,6.682242,7.28444,6.885922,5.634559,6.591465,6.522189,6.160779,6.231413,6.862902,7.147755,6.578579,6.525848,6.35781,6.193012,6.446769,6.71483,6.538725
"PAIP1",7.132015,7.548915,7.334073,7.133999,7.426545,7.37832,7.275589,6.65491,7.144694,6.95795,6.53974,6.560428,7.37055,7.51978,7.02607,7.145623,6.899888,6.631731,6.876363,6.968085,7.075769
"EMB",9.10154,9.318178,9.058639,9.218574,9.531939,9.887721,9.227452,9.000559,8.964315,9.661614,8.922387,8.814119,9.784322,9.832229,9.125722,9.330343,9.235576,9.246579,9.465892,9.56707,9.639878
"MOCS2",6.671351,6.978851,6.865836,6.879199,6.985985,7.175686,6.610874,6.174468,6.846855,7.204156,6.706634,6.807002,7.43987,8.236222,7.119978,7.418683,6.98697,6.919107,7.200689,6.602319,6.974506
"ARL15",7.657231,7.721158,7.837813,7.250019,7.845007,7.547907,7.679275,6.978741,7.234419,7.549256,7.59331,7.428221,8.148301,8.04618,7.909638,7.951112,7.62188,7.751768,7.864062,8.186608,8.58073
"DHX29",8.036665,8.404959,7.886513,7.877669,8.082875,8.470485,8.136622,7.269639,8.124192,8.012559,7.522809,7.608762,8.143543,8.250127,7.818302,7.998006,7.66046,7.346059,7.878932,8.008632,8.116443
"SLC38A9",7.749182,8.224963,8.033284,7.462467,8.229608,8.120658,7.945335,7.0409,7.925688,7.968967,7.354111,7.638942,8.120173,8.102927,7.985574,8.016412,7.845308,7.681145,8.09789,8.178576,8.068255
"IL6ST",9.280116,9.739519,9.88523,9.991222,9.976384,10.489634,9.627566,8.963788,9.502208,9.648498,8.873235,8.735374,9.332884,9.914055,9.205619,9.604829,9.440419,9.379003,9.439406,9.48668,10.111021
"MIER3",6.713726,7.435117,6.93273,7.209078,7.432837,7.720052,7.176774,6.519848,7.071454,7.268402,6.865015,6.823417,7.747384,8.02982,7.113405,7.31583,6.914307,6.913767,7.420215,7.32359,7.531332
"ELOVL7",7.834801,7.578222,7.825557,7.3232,7.938659,8.250465,6.934959,7.559803,8.23273,7.622577,7.116443,7.032613,7.282616,6.560148,7.301468,7.124119,6.600199,7.072629,7.410562,7.100376,7.845036
"SMIM15",7.164759,7.48254,7.030369,7.323736,7.565975,7.392876,6.97579,6.992556,7.114469,6.961907,6.233358,6.408505,7.282763,7.252349,6.542302,6.982188,6.496897,6.515375,6.738804,6.987416,6.932538
"ISCA1",8.316575,8.34539,8.001891,8.038277,9.688915,8.110973,9.037318,6.72987,8.100129,8.927574,8.707697,8.121099,9.402577,8.817238,8.307796,8.914024,8.680147,8.549889,8.902395,8.622691,10.364163
"SREK1IP1",6.833114,7.64262,6.916153,7.174243,7.413417,7.476291,7.388184,6.585975,6.890094,6.506934,6.319671,6.310589,6.977292,7.337552,6.565964,6.714761,6.500992,6.445045,6.554209,6.759396,6.988763
"CENPK",5.976872,7.911157,8.884222,7.744137,6.16586,7.013873,7.711319,6.397222,7.54976,7.691958,6.847037,6.760397,7.669867,9.150128,7.464539,8.292971,7.5568,7.868214,8.072869,7.705877,8.594024
"TRIM23",7.461572,7.543254,7.735834,7.303137,7.885768,8.248736,7.757316,7.098206,7.593998,7.042984,6.869716,6.696582,7.281135,7.43106,6.692791,7.17555,6.969693,6.905382,7.023944,7.437949,7.560025
"SGTB",7.848108,8.33617,8.120017,8.257977,8.127807,8.300219,8.059707,7.409688,8.127452,7.83847,7.511598,7.650001,7.892317,7.92575,7.689851,8.118827,7.525114,7.564189,7.803668,7.873156,7.990443
"CD180",9.000689,9.906617,9.722601,9.678057,9.474339,9.649058,10.094928,9.106272,9.367172,9.663319,8.551036,9.535049,9.28743,9.70182,9.453575,9.579227,9.621624,9.307064,9.591862,9.638004,9.540137
"CCDC125",7.748557,7.360459,7.783896,7.067112,7.718531,8.489992,6.854922,6.894826,7.567299,7.518411,8.350107,7.680713,7.88504,7.409207,7.735905,8.309958,7.60882,7.314502,7.806767,8.085016,7.977946
"ANKRA2",6.692192,7.231112,6.813554,6.690443,6.847826,7.507468,6.760999,5.977583,6.791819,6.573348,6.242074,5.958637,6.762437,6.988841,6.341877,6.602373,6.213056,6.047695,6.337874,6.784846,6.761121
"ENC1",7.054141,7.058356,6.894543,6.635036,6.871464,6.866729,6.999296,6.806864,7.073718,6.578299,6.922054,6.501095,7.641451,6.483937,6.548852,7.061715,6.53265,6.752294,6.662209,6.771482,6.740065
"GFM2",7.662262,7.974402,7.569638,7.488538,7.804528,8.086251,7.726077,6.852143,7.745495,7.035481,6.983575,7.154991,7.19466,7.756417,7.119788,7.383784,7.252936,7.157299,7.179605,7.391382,7.422384
"GCNT4",8.08896,8.046903,8.64234,8.650539,8.628375,8.451641,8.317512,7.390603,8.037786,7.445728,6.457277,6.186774,7.351926,8.272044,7.022297,7.204706,7.114382,7.122646,7.249839,7.139317,7.64131
"CERT1",9.073088,9.205746,9.2782,9.065563,9.179784,9.591922,9.364513,9.191921,9.562288,8.45815,8.459291,8.336353,8.726791,8.742151,8.453829,8.522451,8.502931,8.446006,8.611331,8.799786,8.721052
"MTX3",7.507025,7.636824,7.824133,7.98375,7.870741,8.049042,7.57934,7.421056,7.341985,7.462384,6.738573,6.864831,7.137863,7.837212,7.248526,7.415979,7.568377,7.159027,7.224349,7.526737,7.295134
"DHFR",7.635034,9.050659,7.737737,7.637146,8.114966,8.295129,7.537465,7.341875,7.847709,7.786027,7.526613,7.336561,8.02344,7.806248,7.55531,7.5792,7.46243,7.401804,7.884168,7.747868,7.690862
"RPS23",9.352185,8.461823,9.143991,8.752134,8.419321,9.190972,9.023542,9.415443,8.809034,8.723072,9.31075,8.829219,9.429175,10.335888,9.652753,9.229269,9.414337,9.581826,9.597395,9.304256,9.342326
"TMEM167A",8.800625,8.886324,8.101485,8.396914,8.620332,9.193177,8.489335,8.091476,8.535181,7.894907,7.453791,7.200233,8.505693,8.41273,7.663637,7.939959,7.460824,7.393305,8.2048,8.104549,8.073847
"CCNH",8.393868,8.58193,8.614118,8.425349,8.704369,9.012942,8.556633,8.173499,8.483919,7.741802,7.887468,7.771156,8.491958,8.366617,7.994509,8.483955,8.062196,7.940852,8.190734,8.363842,8.557738
"TMEM161B",8.907949,8.976851,9.055561,8.888326,8.958157,9.372615,9.266432,8.329582,8.809642,9.488678,8.894096,8.832462,9.517719,9.995311,9.409616,9.4296,9.325257,9.392127,9.408353,9.668882,9.850463
"MEF2C",9.426614,9.808203,10.197582,10.004574,9.987629,10.070006,10.193082,9.839934,9.730027,10.486892,9.984925,10.448005,10.012894,10.401796,10.237834,10.430228,10.335934,10.253219,10.512976,10.512634,10.284222
"CETN3",4.084237,4.497278,4.22586,4.504132,3.848016,4.928406,4.289319,3.930586,4.083384,4.54971,3.911545,3.75816,4.458215,4.93842,3.878042,4.526873,4.408627,4.017029,4.115315,4.451565,4.367104
"LYSMD3",7.997663,8.311923,8.024556,7.882375,8.435826,8.640541,8.140872,7.387157,7.888776,8.479597,8.492899,7.963691,9.076795,8.886823,8.335345,8.62184,8.426579,8.11787,8.433289,8.279325,8.823621
"ARRDC3",10.796647,10.701162,9.985051,10.226773,10.691485,11.130372,10.31553,10.854392,10.749916,9.90143,11.168011,10.514578,10.853759,10.524065,10.461338,10.776019,10.4726,10.598497,10.688268,10.732508,11.06349
"FAM172A",8.47577,8.833215,8.813884,8.917385,9.095523,9.287407,8.685872,8.176746,8.755038,8.374739,8.233143,8.08757,8.442997,8.73001,8.365221,8.399682,8.104041,7.88314,8.25876,8.624552,8.506766
"KIAA0825",7.030827,6.983183,6.888755,6.049178,7.376842,7.834235,7.018914,6.593408,6.92874,7.262887,7.721814,7.112932,6.99543,7.023464,6.923501,7.40841,6.79779,6.599712,7.420205,7.22105,7.76003
"MCTP1",8.338071,8.657948,8.10306,7.614898,8.483565,8.623249,7.636294,8.23318,8.510916,7.862687,8.139686,8.309012,8.779809,7.911249,8.08434,8.417928,7.956724,7.897215,8.231174,8.579685,8.357001
"TTC37",8.227806,8.662144,8.635875,8.789559,8.601161,9.093381,8.419265,7.843547,8.306541,7.953109,7.105011,7.551623,8.041051,8.379264,7.722106,8.04583,7.599248,7.616548,7.91402,8.16169,8.29095
"GLRX",9.455264,9.395997,8.692412,8.861202,9.114708,9.711444,8.712179,8.760711,9.107143,8.458824,8.560929,8.612604,9.283827,9.652623,8.844068,9.313,8.503152,8.512737,8.715809,9.139496,8.477318
"ELL2",7.079118,8.402293,7.730458,7.144117,7.988435,7.909201,7.560243,7.035145,7.607907,8.194764,7.512098,7.910941,7.969214,7.750513,7.526977,7.530195,7.705494,7.881283,8.063417,7.73477,7.406103
"RIOK2",6.688217,7.106578,6.763558,7.043426,7.116637,7.667368,6.965293,6.455984,6.635414,7.16328,6.562864,6.586536,7.415638,7.715986,7.038514,7.05727,6.939995,6.671294,6.898647,7.116968,6.732997
"CHD1",9.495967,9.703456,9.338707,9.203754,9.635539,10.290835,9.372129,8.928926,9.57747,8.385422,8.44446,8.741107,8.792115,8.775159,8.551281,8.924838,8.683239,8.27646,8.794669,9.026519,8.961242
"ST8SIA4",10.22917,9.693224,9.723764,9.393115,10.295305,10.525973,9.727642,9.884296,10.019626,9.275083,9.81409,9.328133,9.56784,9.326856,9.150364,9.5079,9.306631,9.092464,9.428292,9.485263,9.733178
"SLCO4C1",8.077529,7.968899,7.396941,7.167415,7.970427,8.353297,8.102996,7.702434,8.492745,7.358849,8.654044,7.404045,8.125756,7.390875,7.739626,8.4453,7.883674,7.257886,7.656492,7.685078,8.232289
"GIN1",5.907246,5.889608,5.751035,5.823983,5.998454,6.445031,6.093078,5.549406,5.925759,5.915098,5.64485,5.491269,6.44311,6.969943,5.642539,6.247434,5.771305,5.824243,5.743534,5.997637,6.05189
"PJA2",10.31981,10.379849,10.38667,10.200142,10.536549,10.798529,10.334656,10.653142,10.396179,9.284848,9.429126,9.224145,9.606637,9.386037,9.27311,9.67928,9.364187,9.175631,9.526688,9.865828,9.377456
"STARD4",7.215476,7.942657,7.461474,7.270908,7.683003,7.742207,7.709259,6.945161,7.358083,6.76143,6.492178,7.041883,6.954702,7.127644,6.905748,6.863207,6.662481,6.519793,6.742996,6.809379,6.907584
"NREP",7.085235,8.103871,8.215698,8.382004,7.956771,7.848437,7.639162,7.465025,7.793453,8.738209,8.088992,8.389719,8.476093,8.871873,8.349248,8.459655,8.627909,8.082709,8.501021,8.229556,8.808013
"REEP5",9.026458,9.060297,8.602131,8.30434,9.041044,8.693216,8.937534,8.763028,8.826041,9.352221,9.592427,9.167763,10.083721,9.722712,9.456943,9.889924,9.334904,9.268354,9.637162,9.744753,9.64969
"PGGT1B",8.670457,9.002155,8.792472,8.871246,9.153097,9.302123,9.120496,7.941461,8.891814,8.167849,8.289011,8.166343,8.63363,8.604511,8.294498,8.443353,8.17571,8.008934,8.3683,8.644953,8.390679
"CCDC112",5.791766,5.794587,5.234292,5.004697,5.956683,5.958637,5.422496,5.338481,5.430132,5.248594,5.424305,5.059484,5.457807,5.316942,5.217192,5.40682,5.517766,5.114251,5.203106,5.402165,5.317182
"MARCHF3",7.103961,7.602108,7.651491,7.780598,7.748501,7.731809,7.791865,7.494192,7.256056,8.173819,7.709003,7.994921,8.267063,8.596528,8.079843,8.322882,8.105585,8.05058,8.203731,8.312711,8.466138
"C5orf63",7.639906,7.744753,7.667874,7.866294,7.573005,7.937197,7.567936,7.536358,7.318089,8.188102,7.410648,7.304107,7.903553,8.341413,7.504085,7.644247,7.615555,7.495015,8.170559,7.902294,7.762842
"RAPGEF6",9.128983,9.3884,9.682288,9.597593,9.52298,9.956114,9.452028,9.004568,9.318569,9.025484,8.597875,8.420385,8.72812,9.303384,8.751462,9.056286,8.93491,8.671744,8.94417,8.93946,9.165747
"FNIP1",9.321433,9.280928,9.069158,8.620538,9.206796,9.712997,9.173672,9.144402,9.561507,8.568577,9.159778,8.540318,8.858534,8.691161,8.734456,9.134967,8.533712,8.428662,8.669189,8.951126,9.166356
"KIF3A",6.258094,6.183101,6.425878,6.184308,6.75476,6.980309,6.504953,5.599937,6.326138,6.339149,5.858914,5.977735,6.319028,6.401628,6.328494,6.204189,6.002021,5.809755,6.183377,6.084333,6.419691
"ZCCHC10",6.638292,7.023198,6.606863,6.776007,7.112242,7.406013,7.070418,6.433016,6.49166,6.305789,6.306482,6.539763,6.417491,6.494935,6.55115,6.155009,6.185287,6.308739,6.458743,6.486038,6.310476
"SKP1",6.604897,5.736553,5.248877,5.30604,6.334696,4.801933,5.516386,4.934555,5.395113,5.851336,5.800707,5.264635,6.443196,5.702709,5.952294,5.977647,5.706459,4.162209,6.128834,6.289917,6.100241
"SAR1B",7.686392,8.348326,7.66351,7.765597,8.324325,8.039833,7.881186,6.919482,7.702595,7.412373,6.998763,7.068086,8.003631,8.167039,7.452249,7.687248,7.301343,7.210799,7.488213,7.80117,7.875807
"CDC23",7.690225,8.285534,7.859291,7.877922,8.07983,8.23797,7.867848,7.240501,8.139212,7.24427,6.95141,7.488605,7.551846,7.59962,7.38794,7.481948,7.341978,7.455437,7.545046,7.443478,7.60079
"HSPA9",8.919169,9.37402,9.354039,9.113542,9.343214,9.562205,9.013499,9.001639,9.258039,8.362944,8.107868,8.610057,8.554376,8.855161,8.72494,8.567639,8.540557,8.449571,8.792067,8.663934,8.586163
"SNORD63",4.741573,4.937675,5.114936,4.798762,4.678695,5.69779,4.920384,3.970575,4.660451,3.489876,3.529738,3.743863,3.880003,4.441537,3.824996,3.73543,3.854551,3.672853,3.592987,3.913482,3.833551
"MZB1",7.372431,8.166301,7.870041,7.369198,7.370581,7.318478,7.671815,7.254532,7.356104,8.760191,7.572195,7.698239,7.861957,7.943146,7.686977,7.660533,7.835895,8.150502,8.288326,7.998322,7.733179
"STING1",8.354469,8.71345,8.432046,8.283906,8.541232,8.504373,8.45515,8.465857,8.694829,9.145528,8.90275,9.301371,9.100781,9.161392,9.390973,9.18786,9.038415,8.975875,9.262873,8.806077,9.272142
"APBB3",7.930797,7.84234,7.850626,7.679462,7.652493,8.068066,7.650276,7.771997,8.153177,8.591711,8.673375,8.739558,8.4714,8.528068,8.540234,8.675802,8.479824,8.447513,8.469276,8.596837,8.686862
"CD14",9.903893,10.342318,10.272129,9.259299,10.297346,9.693361,9.783177,10.949276,11.198654,9.709631,10.315764,10.787763,10.729262,9.73567,10.830016,10.429175,9.701435,10.126822,10.377191,10.090305,10.207386
"NDUFA2",7.291778,7.268406,6.895866,6.772669,6.891935,6.442897,7.080166,6.804638,6.64023,8.206401,8.210134,7.984176,9.060803,9.014708,8.434543,8.558439,7.963542,8.066543,8.341448,8.399255,7.985154
"DND1",10.072922,8.389574,9.072685,9.281236,8.746146,9.04217,9.189667,9.880455,9.393435,8.796267,9.324789,9.374927,9.403929,8.817605,8.539336,8.913407,9.516932,9.367179,9.313596,9.053709,9.170185
"TAF7",8.159258,7.950891,7.777808,7.82572,8.026514,8.400129,7.905058,7.777834,7.432169,6.91536,6.941662,6.404999,7.686665,8.058498,6.754349,7.310743,7.125499,6.560998,7.026234,7.120538,6.838512
"YIPF5",8.042705,8.085267,8.047199,7.986581,8.161269,8.106298,8.305336,7.344429,7.854433,7.724285,7.473465,7.396371,7.997099,8.185603,7.728234,7.822337,7.589433,7.363051,7.834421,8.01679,7.969113
"LARS1",9.079104,9.552279,9.545736,9.235957,9.425435,9.948553,9.259589,8.771037,9.188584,8.46525,8.104195,8.461312,8.246924,8.761319,8.600914,8.56408,8.584209,8.256654,8.605682,8.801644,8.677508
"CSNK1A1",10.038932,10.155362,10.088912,10.081819,10.181584,10.15227,10.062195,9.636617,10.144686,8.780193,8.744778,8.568057,9.08751,9.358696,9.180572,9.23827,8.950424,8.857099,8.703413,9.247857,9.148074
"CSF1R",8.168603,8.916096,8.333224,7.453728,8.441013,8.293842,8.303975,8.312222,8.825422,8.396222,8.610964,9.491292,9.008208,8.287718,8.938032,8.67168,8.722873,8.66704,8.881746,9.177184,8.746552
"CD74",10.956409,12.063317,11.979658,11.631264,11.747868,11.367795,11.899115,11.756774,11.824447,12.165987,12.01661,12.716531,12.319745,12.181262,12.415851,12.313781,12.332473,12.372982,12.377391,12.259136,12.515787
"RPS14",10.520105,9.545333,9.781025,10.407801,9.663734,9.737654,10.095841,9.860578,9.115596,11.22334,10.716412,10.455432,11.223726,12.028257,11.21414,11.324387,11.121788,11.080788,11.096782,11.300514,10.540616
"ANXA6",9.664857,10.306567,10.248929,10.233725,9.96358,10.25328,10.283226,9.962704,10.066845,10.746233,10.473821,10.767593,10.735743,11.110801,11.029683,10.889139,10.905634,11.049818,11.061695,10.851204,10.856939
"SPARC",7.435084,8.262258,8.718873,7.789922,8.417476,8.39909,7.051946,7.826306,8.781147,9.339328,9.569023,8.187962,8.652286,7.474294,8.759426,8.822727,8.432226,8.663594,8.64072,8.389237,9.579967
"FAM114A2",7.020519,7.318964,7.067514,7.096121,7.47484,7.386025,6.874388,6.74262,7.125861,6.491278,6.183234,6.524798,6.583391,6.917263,6.396042,6.631816,6.369003,6.35702,6.733797,6.89142,6.524798
"FAXDC2",7.522645,8.528592,8.344548,7.547561,8.395735,7.578457,8.545857,7.713107,8.303371,8.951274,9.487886,8.86199,9.694953,8.348792,9.462872,9.503863,8.827434,9.233547,9.189031,8.834372,8.856305
"MED7",8.054656,8.242741,7.797407,8.107406,8.360228,8.391263,8.094753,7.846234,8.083767,7.583173,7.467071,7.092222,7.947029,8.395875,7.728577,7.907024,7.638954,7.523934,7.354374,7.729975,7.614516
"ADAM19",9.133517,9.541736,9.577064,9.10048,9.21028,9.258204,9.318538,9.347653,9.392593,9.855639,10.174832,10.037072,9.621446,9.544974,9.531971,9.765602,9.804311,9.742573,9.800745,9.929951,9.944147
"EBF1",7.378658,8.59795,8.264479,8.560118,8.207383,8.492337,8.745718,7.734098,7.747104,8.325672,7.938835,8.648191,7.939237,8.58547,8.179073,8.267192,8.608798,8.136172,8.299926,8.682511,8.445901
"RNF145",9.314433,9.24321,9.252677,8.948796,9.2765,9.223096,9.27829,9.085391,9.086645,8.385637,8.325444,8.345862,8.582887,8.458212,8.506676,8.336259,8.312334,8.197804,8.461716,8.224937,8.522618
"CCNJL",8.157434,7.866589,8.444692,7.844882,8.475252,8.224766,8.328624,8.718513,8.602372,8.79548,9.641304,8.904865,9.168477,8.529913,8.721481,8.863303,8.845142,8.702017,8.788122,8.907105,8.84318
"SLU7",7.987302,7.931667,7.602924,7.583066,8.099945,8.84615,7.692997,7.264891,7.999583,6.838736,6.695003,6.869551,7.714901,7.661949,7.032218,7.342283,7.184333,6.524905,7.08666,7.313591,7.246206
"DUSP1",10.528107,10.235819,10.00707,9.748555,10.253535,10.209889,10.0966,10.556242,10.765845,10.754021,11.462248,11.080942,11.297013,10.473881,10.715808,10.970553,10.71994,10.767573,10.642175,10.931985,10.706961
"KIAA1191",7.044673,7.593351,7.489114,6.939557,7.387732,7.712528,7.39294,6.780145,7.63323,8.199897,7.806196,8.100226,8.324688,8.392417,8.236513,8.378384,8.0493,7.93187,8.211533,8.168067,8.260544
"LMAN2",9.521187,9.672911,9.295543,8.958113,9.169089,9.177041,9.416285,9.145786,9.639769,11.260988,11.129224,11.21372,11.391613,11.171842,11.312771,11.169022,10.965584,11.19866,11.306949,11.347493,11.254953
"DOK3",8.044784,8.191018,8.106052,7.935494,8.004307,7.782076,7.960355,8.640107,8.325458,9.102614,9.547486,8.967377,9.118432,8.456035,8.662495,8.98406,8.874114,8.834334,9.009505,8.900946,8.818466
"CLK4",8.914397,9.182695,9.29064,9.07765,9.385908,10.039967,9.275675,8.672685,9.039026,8.315728,7.95557,7.593082,8.363646,8.896166,7.858142,8.235383,8.089374,7.660714,8.106241,8.588407,8.510202
"ZNF354A",6.943751,6.729535,6.5592,6.97491,6.894385,7.27386,6.835658,6.29923,6.658839,6.204413,6.313186,5.943242,7.196913,7.732352,6.612343,7.435244,6.578747,6.447942,6.49129,6.505778,6.545865
"HNRNPH1",10.846984,10.869637,11.055466,10.933688,10.495735,11.071923,10.972102,10.28221,11.033514,9.394748,9.111595,9.309722,9.127137,9.528053,9.400805,9.369746,9.584742,9.226245,9.425157,9.653516,9.496333
"RNF130",10.261274,10.05206,9.939619,9.543234,10.243129,10.207222,9.699458,10.388809,10.582553,9.453659,10.260409,9.763527,10.264756,9.553391,9.836861,10.071513,9.412355,9.572198,9.792624,10.157738,9.773759
"ZFP62",7.754073,7.925148,7.906421,7.910622,7.885355,8.14661,7.925718,7.535259,7.296873,7.604764,7.08969,7.192425,7.831429,8.14946,7.491354,7.66784,7.380867,7.088385,7.512322,7.993977,7.494656
"RACK1",12.51369,12.415958,12.595906,12.299052,12.300912,11.976055,12.731046,12.321907,12.274605,13.252066,12.867132,12.808173,13.375228,13.534066,13.171834,13.135257,13.093811,13.328052,13.223779,13.331242,13.240989
"SNORD95",11.363605,11.888926,11.754557,11.949111,11.460809,11.212285,11.852306,11.480217,11.061758,10.076761,10.063631,9.980219,9.803503,10.415407,10.433001,9.946875,9.80334,10.318865,10.045659,10.099486,9.677142
"NQO2",7.878252,7.599755,7.885136,7.676925,8.0209,8.739333,8.170001,8.327354,8.734626,9.043555,9.833647,8.567644,9.374006,8.670186,9.415637,9.313997,9.165362,9.004624,8.944298,9.206023,9.137619
"PRPF4B",9.146409,9.285558,9.393709,9.213067,9.30411,9.975263,9.182344,8.742625,9.259069,8.199094,7.634012,7.998414,8.271924,8.342212,8.162494,8.310624,7.898001,7.885326,8.259992,8.491332,8.430582
"FARS2",7.548566,7.847991,7.921633,7.512697,7.781399,8.145872,7.568274,6.924617,7.610253,8.06372,7.731621,7.927848,7.763536,8.055412,8.093198,8.215742,7.962086,7.860974,8.306817,8.349301,8.249388
"LY86",9.026304,9.232728,8.544578,8.432137,8.67498,8.61109,8.791314,8.510497,8.645658,7.725711,8.274816,8.85344,8.844285,8.762973,8.701497,8.867882,8.4358,8.520358,8.671464,8.356543,8.639806
"RIOK1",7.585713,7.96248,7.981869,7.782729,8.064257,8.11121,8.00011,7.513111,7.827616,7.393102,6.763137,7.038352,7.150977,7.481872,6.936431,7.376642,7.005629,6.936451,7.087151,7.179849,7.352916
"SNRNP48",7.559527,7.895474,8.001722,7.920567,7.907149,8.32169,7.700487,7.05311,7.525178,7.568915,7.229054,6.946692,7.845948,8.08177,7.384574,7.588881,7.500202,7.167623,7.621133,7.866756,7.910549
"PAK1IP1",5.884962,6.539211,5.741248,6.448933,6.236181,6.761532,5.797604,5.593952,5.962648,6.473453,6.0478,5.914211,6.57182,7.001277,6.46666,6.669064,6.117891,5.960263,6.159899,6.416854,6.241545
"TMEM14C",7.918062,7.682114,7.889756,8.036368,8.24119,7.633174,8.246703,7.494521,7.732453,9.372992,8.226931,8.197835,8.938039,9.342105,9.074077,9.577794,8.32609,8.69134,8.816191,9.131278,8.5784
"SYCP2L",4.703588,4.848332,4.654901,4.929136,5.034951,5.038332,4.975302,4.90395,4.811325,4.596746,4.69088,5.531323,5.460941,4.560875,4.563217,4.646131,4.925944,4.878207,5.03443,4.788385,5.045677
"RNF182",5.934438,6.175099,5.645484,7.742499,9.384437,5.374081,9.490717,6.360386,6.187592,8.077168,5.700281,6.411697,7.510876,5.501432,5.932868,6.716737,6.125298,6.915838,6.176098,7.365191,7.55255
"GMPR",7.853472,7.869499,8.123464,7.866419,8.862665,7.520735,8.577366,7.569059,7.800661,10.938585,10.69725,10.305898,11.304018,9.163364,10.230373,10.095516,10.239629,10.616013,10.374721,10.562624,10.16317
"E2F3",7.860323,7.724234,7.691806,7.203587,7.579584,8.122009,7.370094,7.782631,8.302571,7.116485,7.470177,7.590534,7.36756,7.082449,7.317987,7.149155,6.906002,7.168057,7.195975,7.140162,7.312816
"MRS2",7.551216,7.942423,7.788323,7.779904,7.97695,7.879496,7.722056,7.289724,7.765982,7.646069,7.016152,7.110063,7.795861,8.027013,7.328624,7.648426,7.159059,7.113826,7.690656,7.671327,7.569954
"ACOT13",7.282232,7.017776,6.147024,6.498624,6.827727,6.961371,6.445939,6.76767,6.794056,7.300507,7.164326,7.291602,7.972855,8.410096,7.619554,7.743851,7.190122,7.511715,7.776332,7.72681,7.531642
"TRIM38",9.321125,9.780905,9.422551,9.095528,9.364201,9.792033,9.619843,8.975147,9.483576,9.295495,9.30503,10.160587,9.599016,9.520804,9.393777,9.518956,9.42834,9.237122,9.557457,9.710661,9.626226
"H3C1",6.785564,6.377019,6.009724,6.276696,5.998116,5.448391,5.883351,6.245798,6.068732,6.919376,6.415138,6.505209,7.240291,6.954577,6.795921,6.804007,6.750861,7.03052,6.858939,6.792921,7.131402
"H4C3",8.578599,9.240066,7.544819,8.499577,8.149353,8.218833,8.23819,7.638183,6.867363,9.393473,8.951501,8.122288,9.078727,9.851844,9.09688,8.880566,8.622818,8.787383,8.941963,8.504702,8.255189
"H1-4",10.256896,11.272532,10.10545,10.296385,10.466322,9.53166,10.733953,10.331384,10.330135,12.642429,12.432168,12.605053,12.977628,12.715634,12.588836,12.724973,12.518732,12.811156,12.652931,12.697529,12.816681
"H2BC5",7.043999,7.797471,7.292606,7.19214,7.205916,7.195765,7.41912,6.967731,7.17672,8.067227,7.818207,7.762515,7.787079,7.748758,7.150646,7.328313,7.381853,7.241524,7.550154,7.584333,8.120276
"H2BC6",6.140336,6.88662,6.107666,6.054706,5.987341,6.02687,6.021012,6.042032,5.73921,7.24312,6.427807,6.659686,7.254987,6.360087,6.489395,6.509229,6.437664,6.73816,6.813799,6.937815,7.088024
"H2BC7",7.796668,9.24972,7.48428,7.075634,7.89646,7.47526,7.22957,7.218195,7.09977,9.497241,8.600513,8.835898,9.723148,9.332576,8.937829,8.945616,8.739709,9.1311,9.526983,9.276874,9.290611
"H4C5",8.103222,7.757978,7.255416,7.568509,7.461558,7.375633,7.597935,7.217527,7.086852,9.010571,8.865924,8.425202,9.308776,9.726287,9.091761,8.884483,8.602234,8.82904,8.970701,8.958471,8.709253
"H2AC8",6.129013,6.894278,5.514796,5.976933,5.787701,5.300649,6.028938,5.542075,5.577962,6.015724,5.504343,5.492207,6.116595,6.183203,5.918409,6.038349,5.811671,5.772917,5.985434,6.009874,5.946344
"H3C6",5.654272,4.970527,4.666421,4.785265,4.996302,5.109139,4.852431,4.686055,5.06458,5.210846,5.13666,5.146681,5.903365,5.548812,5.362754,5.171111,5.220531,5.1424,5.39404,6.378044,5.237487
"H4C6",6.872428,7.160847,6.03641,6.450337,6.771913,6.206636,6.525807,6.197178,6.337262,6.827752,6.698623,6.321265,7.906958,7.941184,7.102476,7.348469,6.693963,7.007646,7.113533,7.335032,6.985349
"H2BC9",8.343027,9.499974,8.104206,7.968844,8.114206,7.587411,8.199409,7.786091,8.07463,10.169178,9.1532,9.633364,10.525605,9.891384,9.561396,9.638433,9.313917,9.766768,10.260521,10.013915,10.010363
"BTN3A2",9.687033,10.40852,10.071771,9.973809,9.977595,10.521427,9.839725,8.548283,10.290219,9.389803,9.424104,9.559808,9.749247,9.612166,9.758932,9.665219,9.48986,9.360894,9.4958,9.596047,9.502179
"BTN3A3",9.007536,9.794348,9.67269,9.362025,9.567182,10.089601,9.177616,8.858207,9.82504,8.988466,9.13815,9.403781,9.209295,9.147953,9.342188,9.15865,9.095853,9.045703,8.998075,9.286676,9.074242
"HMGN4",8.722211,8.806863,8.798299,8.905183,9.210439,8.686362,8.752939,8.445329,8.776534,9.277064,9.215069,9.269259,9.757305,9.535193,9.238893,9.667087,9.202737,9.235893,9.290234,9.496129,9.455356
"H2AC11",7.612407,7.842957,7.31838,7.100291,7.322802,6.401838,7.299365,7.279695,7.485182,8.271519,7.485229,7.658838,8.19822,7.861197,7.624068,7.84403,7.561766,7.825705,7.799231,7.611489,8.029009
"H3C10",7.947543,8.415497,8.705883,7.941984,8.161011,7.80723,8.074888,8.291544,8.54124,8.858989,8.380362,8.506099,8.698244,7.960156,8.504031,8.130193,7.923823,8.401617,8.528096,8.421922,9.256539
"H2BC14",8.007879,11.074037,8.533581,8.489681,8.800534,7.923915,8.462261,8.066671,8.281632,10.837422,9.06711,9.723022,10.957794,10.410721,9.813008,9.416481,9.569275,10.273772,10.581619,9.776321,10.040779
"H2AC16",5.776043,6.593852,5.616339,5.63724,5.805121,5.639985,5.734366,5.675986,5.684771,6.692459,6.06567,6.419324,7.162119,6.493204,6.445191,6.421098,6.359528,6.544823,6.707661,6.734739,6.747073
"ZSCAN16",6.718344,6.677257,6.602083,6.774349,6.474358,6.878467,6.589733,6.108676,6.482149,6.787248,7.231033,6.594581,7.597581,7.365606,7.193322,7.339317,7.121736,6.761496,6.984441,7.094577,7.255328
"GPX5",5.661803,5.129295,5.22846,6.107902,5.061964,5.33546,5.28614,6.298846,5.358015,5.887618,5.762042,5.641412,5.09804,5.471164,5.375152,5.270771,5.583279,5.752149,5.600472,5.162598,5.22373
"SNORD32B",7.014375,6.96526,7.172752,6.963954,7.058496,5.823836,7.118243,7.205276,5.724622,6.71668,6.793615,6.808565,7.060461,7.275445,6.550693,6.770063,6.787081,7.3303,7.225816,7.190537,6.764206
"MOG",6.992005,6.674975,7.474755,7.768453,6.620948,6.753075,7.167994,6.770926,6.198602,9.138832,8.491354,8.676284,8.037194,8.406556,8.171721,8.134225,8.72317,8.516587,8.643825,7.864751,8.605243
"HLA-F",10.305856,10.471995,10.57652,10.068059,10.312734,10.881212,10.247802,9.635206,10.816782,10.934629,11.178628,11.118458,11.069253,10.941649,10.999882,10.83078,10.655022,10.608535,10.696843,10.839074,10.997576
"DDR1",5.105232,4.613132,5.553546,4.957461,6.367989,5.262849,2.963313,5.008109,3.457947,5.848595,4.865731,4.946016,3.26217,3.173102,3.595402,3.700267,3.839386,3.848745,4.829375,4.53872,4.725498
"VARS2",6.808388,7.244903,7.577687,7.580434,7.017036,6.93264,7.583702,7.233129,6.203728,8.256491,7.673543,7.570679,7.508678,8.012977,7.99031,7.496153,8.374393,7.572679,7.229192,7.814355,7.315369
"MUCL3",5.839831,5.115466,5.663054,6.643629,4.562368,5.912946,5.785523,5.911124,5.752077,6.46576,6.354382,6.039586,5.862658,6.119463,6.191883,5.835114,6.440833,5.847723,6.260392,5.696713,5.637588
"HCG27",5.551794,5.401307,5.400775,5.401617,4.710289,4.903525,4.973017,5.53466,5.249616,5.981599,5.153902,5.905373,5.429329,5.017826,5.447097,5.510135,4.899753,5.822513,4.131821,6.155861,6.109363
"HCP5",10.099926,10.441241,10.031493,9.947381,10.077054,10.010459,10.089797,9.472767,10.432173,9.716822,10.03522,10.206093,10.545469,10.420369,10.109275,10.24916,9.873889,10.089882,10.105482,10.162751,10.070483
"MCCD1",8.437705,7.682811,8.746012,9.188495,8.102976,8.238647,8.738603,9.164527,8.445545,8.94344,8.670152,8.501101,8.253691,8.251654,8.38895,8.545464,8.979932,8.589455,8.648611,8.169406,8.597796
"PRRC2A",9.240175,9.681328,10.917135,9.268745,10.16987,10.156193,10.389123,10.032346,10.58653,10.492405,10.248144,10.431613,9.8915,10.16554,10.627472,10.170853,10.157321,10.179232,10.030081,10.236104,10.285626
"LY6G6D",5.474867,5.591899,5.816232,6.157889,5.689045,5.79787,5.365737,6.297929,5.872394,6.903312,6.193717,6.132659,6.071684,6.343827,6.252497,6.464233,6.037111,6.343548,6.215769,6.211608,5.934905
"MPIG6B",8.708111,9.485405,10.507376,9.700817,10.13911,10.094552,8.317129,9.54837,10.532477,11.545583,11.475777,9.874969,10.509762,8.955437,10.973239,10.559233,9.745809,10.466002,10.8787,10.3211,10.805453
"SNORD52",7.742526,8.00592,8.118672,8.126468,8.202776,8.404256,8.026697,7.304871,7.981274,7.572083,7.153587,7.168489,7.42173,7.795289,7.304368,7.355316,7.215825,7.211321,7.26921,7.552671,7.377395
"C2",6.765442,4.486932,5.253822,5.443218,4.231175,4.335205,5.112363,6.442734,4.451511,5.01592,5.725244,3.95402,3.026487,4.795282,5.120453,3.940876,4.716809,4.310849,5.325634,4.433375,4.376874
"CFB",7.548064,7.21619,5.360967,7.750297,6.963955,7.691529,7.023415,8.099429,8.113885,7.444253,7.688036,7.539783,7.045304,7.58287,7.735385,7.469459,7.699482,8.005778,7.648013,7.381831,7.491183
"CYP21A2",7.666642,7.546069,8.493426,8.29396,8.526228,8.545576,8.362572,9.003472,8.558858,8.2704,8.456358,8.777337,8.289771,8.473799,8.515948,8.275681,8.835337,8.766044,8.64842,8.252933,8.512094
"TSBP1-AS1",6.942299,6.585549,6.773387,7.552994,6.689725,6.965845,6.853784,7.231291,6.825848,7.590264,7.434966,7.459702,6.414489,7.272759,7.403992,6.750636,7.268247,7.429103,7.31018,6.764793,6.83201
"HLA-DQA1",8.858794,10.611801,11.144501,10.775463,10.153235,8.619718,10.996764,11.201234,10.559577,10.357609,8.966056,8.738449,11.113924,10.616728,9.310203,10.454275,9.546883,10.161082,8.199349,11.611754,11.445088
"HLA-DPB1",9.809466,9.323704,8.76903,8.948798,10.240579,8.573058,8.374406,9.259206,9.859027,11.26547,9.274969,11.852747,11.626078,11.04078,10.825687,11.207393,11.06566,11.647829,11.822431,11.93065,11.090683
"MIR219A1",7.17084,6.812275,7.017416,6.721587,7.229009,6.695202,7.23158,7.605689,6.866124,6.260115,6.415903,6.450609,6.370278,6.379487,6.230531,6.507268,6.4426,6.901957,6.077688,6.216446,6.338731
"RING1",6.054952,5.228578,5.621694,5.967434,3.564346,4.521288,5.348037,6.559272,7.199769,6.916886,5.867449,6.6016,6.97717,5.824776,5.79843,7.055373,5.97096,6.520423,6.790086,6.333468,5.816666
"PHF1",8.343842,8.630802,8.666931,8.453413,8.451931,8.519635,8.461777,8.505961,8.743193,8.991241,8.946363,9.184606,8.766805,8.961559,8.979505,9.048797,8.890055,8.743428,8.881746,8.871754,9.046973
"ITPR3",7.474006,7.758318,7.648237,7.381185,7.498378,7.736747,7.668699,7.223212,7.622778,8.215697,7.870677,8.165534,8.016027,8.164651,8.262446,8.136194,7.971599,7.947812,8.036819,8.174051,8.325969
"SNRPC",7.976459,8.268504,7.87023,7.592028,7.85235,7.762013,7.950768,7.847784,7.980127,7.647914,7.236712,7.206238,7.594743,7.430716,7.173392,7.160485,7.156839,7.202404,7.148018,7.12625,7.294009
"PPARD",7.464931,7.848895,7.917716,7.655619,7.776468,7.695416,7.816318,7.784199,7.900041,8.326523,8.373803,8.460573,8.328288,8.418844,8.368448,8.55026,8.495622,8.330434,8.352392,8.315676,8.625398
"RPL10A",10.134138,10.065719,10.103588,10.176949,9.801573,9.419056,9.815331,9.806209,8.788979,10.218225,9.497801,9.285246,10.364516,11.094354,9.853315,10.407143,9.955645,9.882004,9.980538,10.064908,9.755194
"SRSF3",10.287523,10.534797,10.320759,10.454352,10.349457,10.658151,10.2888,9.764877,10.427515,10.112569,9.365874,9.778092,10.232002,10.637328,9.971849,10.233251,10.024345,9.913096,10.218112,10.309448,10.190653
"CDKN1A",7.336846,7.731778,7.448066,7.588853,7.281801,7.009367,7.573403,7.58926,7.570971,8.202828,8.179226,8.044633,8.160422,7.487493,7.857564,8.157079,7.782386,8.160293,8.223786,8.08103,8.128073
"PIM1",9.154206,9.94112,9.860552,9.487822,9.898315,9.341342,9.990333,9.547313,9.739831,10.690733,10.975248,10.781768,11.04968,9.977109,10.930964,10.75267,10.465156,10.564591,10.661492,10.287437,10.707403
"TBC1D22B",7.259533,8.196315,7.887501,7.52472,8.327489,7.765854,8.05007,7.351297,7.955983,8.250006,8.549272,8.408701,8.715628,8.236758,8.53417,8.520954,8.261812,8.27738,8.315022,8.38728,8.393303
"CMTR1",8.29476,8.982425,8.31882,8.371095,8.599492,8.643533,8.264867,8.180648,8.847527,8.101166,8.015523,9.650154,8.306262,8.332273,8.282391,8.270141,8.345619,8.231114,8.314374,8.34769,8.452414
"TREML4",7.530571,7.168136,7.117413,7.807986,6.5955,6.674208,7.542384,7.890291,7.975842,8.025527,7.26006,7.36157,8.046548,6.285438,6.952559,7.928593,7.25548,7.859237,8.387181,6.999763,7.986477
"UBR2",10.548291,10.331104,10.445185,9.829539,10.552806,11.013205,10.15428,10.216841,10.844959,9.821018,10.34861,10.102222,9.770421,9.734718,10.020967,10.170949,9.973409,9.774327,9.867991,10.017905,10.175345
"RPL7L1",5.678065,4.920701,4.400118,4.693188,5.101333,4.996272,4.304227,4.68493,3.80135,5.050889,4.365817,6.040985,5.076421,5.678364,5.745579,5.968019,5.138198,5.538853,5.264151,5.439965,5.893916
"CNPY3",10.007506,10.178863,10.22366,9.791368,10.02091,9.861929,10.070651,10.379896,10.193769,10.589065,11.032512,10.707764,10.964416,10.703249,10.780519,10.880488,10.557802,10.553301,10.718562,10.572252,10.77282
"KLHDC3",8.251812,8.721189,8.309425,8.17017,8.379991,8.025606,8.239292,8.224661,8.335191,9.145325,9.170786,8.945354,9.16272,9.310893,9.245672,9.221577,9.198424,9.029673,9.437877,9.094474,9.036047
"SRF",8.350188,8.742586,8.513253,8.232612,8.502947,8.132487,8.149178,8.499095,8.381732,9.214278,9.24341,9.38917,9.31863,9.096066,9.174558,9.236328,9.071443,8.905827,9.198086,9.067233,9.13646
"POLR1C",8.346958,8.548589,8.441061,8.219492,8.282331,8.31428,8.505308,7.74541,8.22348,7.377687,6.802045,6.931364,7.471472,7.692285,7.314273,7.361514,7.197616,7.15579,7.469043,7.641007,7.568536
"POLH",8.117408,8.75917,8.638037,8.452877,8.457466,8.622929,8.633106,7.843721,8.270731,8.791202,8.373878,8.59312,8.651647,8.993083,8.762362,8.75813,8.778845,8.624799,9.021681,8.70809,8.908869
"MAD2L1BP",7.523973,7.670491,7.430189,7.346153,7.251329,7.503875,7.151373,7.427798,7.357525,8.104057,8.104558,8.645585,8.459936,8.147386,8.195808,8.220666,8.172197,8.310915,8.372532,8.337937,8.177216
"TMEM63B",7.42861,8.712502,7.73989,7.324609,8.196555,7.53941,7.555209,7.535177,7.719855,8.324507,8.94499,8.562922,8.836555,7.837471,8.645978,8.754978,8.563827,8.466735,8.491273,8.064934,8.518137
"HSP90AB1",10.049121,10.756256,10.823244,10.518376,10.730507,10.558951,10.731918,10.017661,10.490129,10.211147,9.466673,10.179694,10.104942,10.494374,10.04664,10.040308,10.067091,10.066916,10.218557,10.260972,9.96029
"RUNX2",8.286323,7.989783,8.367814,7.55692,8.19392,8.347913,8.029022,8.232361,8.53831,8.647742,9.269122,9.025558,8.479359,8.483785,8.888064,8.897985,8.546621,8.597799,8.725643,8.538922,8.72165
"ENPP4",7.394925,7.243855,7.119637,7.260677,7.059889,7.415208,7.619396,6.905025,7.287632,6.838253,6.814591,6.787462,7.156017,7.065658,7.143535,6.939722,6.744246,6.841647,6.953048,6.973387,7.078853
"CD2AP",7.987275,8.704753,8.41919,8.346645,8.781753,8.928657,8.37721,7.851044,8.265113,7.659366,7.201848,8.0827,8.032307,8.371513,7.867495,7.981327,7.935275,7.54638,7.901281,7.750873,8.156376
"CENPQ",4.633255,4.864246,4.640337,4.889172,5.004308,5.373963,4.579165,4.530209,3.84943,4.570464,4.417028,4.268175,5.179813,5.797961,4.373387,4.628781,4.853762,4.485776,4.526226,4.892338,4.563331
"IL17A",7.149624,6.49956,6.674387,7.117446,6.600957,6.247498,6.794531,7.327386,6.702976,7.257931,7.302888,7.024611,6.649076,6.943745,7.026404,6.76783,7.09581,7.099032,6.988951,6.79093,6.673102
"RN7SK",13.372056,13.365099,13.296414,13.045362,13.049956,13.129183,13.423702,13.400574,12.584877,14.17219,14.054776,14.059781,14.230233,14.29514,14.183449,14.19581,14.009004,14.074135,14.102447,14.362289,14.064673
"FBXO9",8.549351,8.891445,8.950329,8.710373,8.723052,9.056439,9.255752,8.183029,8.610184,7.544339,7.888732,7.839628,8.28638,7.757859,7.883772,8.217637,7.776336,7.714424,7.904882,8.212373,8.1699
"KIAA1586",7.137709,7.862078,7.459089,7.380898,8.096724,8.055919,7.774635,6.890576,7.226178,7.307741,6.257225,6.396882,7.570668,7.909937,7.14279,7.61413,7.279236,7.123693,7.369452,7.852962,7.684548
"ZNF451",8.55307,8.926175,8.694538,8.935109,8.934513,8.946404,8.726539,7.952384,8.358509,8.038203,7.669668,7.68921,8.191089,7.950023,8.198585,8.089436,7.754624,7.698067,7.77894,8.246792,8.298541
"FKBP1A",9.791359,9.903925,9.995832,9.358962,9.939216,9.73139,9.4096,9.828085,10.200069,10.629027,10.996289,10.985587,10.914015,10.53399,10.967154,11.096234,10.717999,11.087583,11.065431,11.033016,10.820054
"FAM135A",6.99283,7.137774,6.830157,6.86114,7.303672,7.216405,7.312228,6.249014,6.792304,6.723136,6.237394,6.585211,6.916216,7.079861,6.9899,6.869866,6.527747,6.322367,7.005704,6.995072,7.035828
"OGFRL1",10.294964,9.606035,9.869996,9.033481,10.209794,10.431034,9.225228,10.064173,9.717744,9.492713,10.541927,9.870134,10.318156,9.805212,10.189416,10.319096,9.971999,9.957947,10.002041,10.340865,10.320966
"KCNQ5",6.365075,7.110712,7.228112,6.820295,6.778361,6.972334,6.658493,5.966354,6.047543,7.055771,6.55709,6.60073,6.540588,7.106618,6.760025,6.751321,6.805328,6.660341,6.817754,7.10819,7.264909
"SENP6",9.119594,8.96895,8.950361,8.593853,9.170987,9.898306,8.720353,8.38734,8.803969,8.22445,8.030647,8.047229,8.410525,8.554615,8.213786,8.540146,8.119825,7.857485,8.137774,8.627663,8.394242
"IRAK1BP1",5.199194,5.59053,4.963086,4.952661,5.308535,5.207212,4.515798,4.997339,4.879199,5.238773,5.391634,5.135065,5.709213,6.527088,5.427334,5.920132,5.321057,5.55603,5.659316,5.5547,5.689151
"SH3BGRL2",7.943519,7.378683,8.363572,7.45011,8.161247,8.131479,6.881206,7.768413,8.408172,8.450024,8.679046,7.569175,8.330839,6.9118,8.156025,8.029788,7.472919,7.738735,7.775395,8.4293,8.444832
"BCKDHB",8.146074,8.247348,8.556363,8.296755,8.58249,8.789428,8.196966,7.91062,7.905551,8.065728,7.562468,7.477746,7.731811,8.404369,7.895384,7.886566,7.812878,7.731266,8.14687,8.0717,8.199854
"CYB5R4",9.632298,9.30281,9.339863,8.693139,9.487004,9.954667,9.26835,9.322862,9.533307,8.666115,9.358614,9.080649,9.42027,9.145092,9.116952,9.425857,8.977383,8.760399,9.179656,9.346285,9.401577
"NT5E",6.800573,6.788596,7.913307,8.00706,7.69994,7.491531,7.403109,7.114976,7.098451,6.552108,6.392646,6.853554,6.76265,7.325393,6.512529,7.470968,7.016925,6.67169,7.036129,6.877032,7.130965
"ZNF292",9.729769,9.738711,9.733702,9.63214,9.926567,10.276939,9.837984,9.338477,9.494788,9.416644,9.01756,8.896424,9.535593,9.713565,8.952381,9.300737,9.136763,9.134135,9.229006,9.557502,9.673097
"SMIM8",7.77495,7.844418,8.014521,7.899282,8.022521,8.667077,8.143822,7.14085,7.815873,7.373749,6.627071,6.148748,7.236319,7.844688,7.029289,7.084136,6.890848,6.534977,6.853106,6.869248,7.119096
"SLC35A1",8.204059,8.830017,7.99834,7.927434,8.577286,8.511553,8.330454,7.570862,8.375112,7.536445,7.152071,7.011606,8.325984,8.324818,7.396793,7.962537,7.162479,7.192085,7.604294,8.157892,7.648894
"ORC3",7.816764,8.6787,7.944933,8.196465,8.059164,8.796152,8.091172,7.120442,8.055097,8.024824,7.489155,7.552444,8.249884,8.673937,7.944054,8.202183,7.90202,7.667235,8.098668,8.221572,8.273163
"CASP8AP2",7.454033,7.743443,7.757896,7.433389,7.485141,8.5009,7.506832,6.907743,7.319601,7.087158,6.583487,6.839874,7.603629,7.910417,7.204952,7.537892,7.239051,6.785549,7.185315,7.715022,7.286363
"GJA10",5.191671,5.236667,6.060133,5.865954,5.440226,5.517005,6.159599,5.929491,5.988232,6.275324,5.89753,6.080075,5.56038,5.983067,5.943534,5.696993,6.09044,6.095217,5.790675,5.903605,5.595545
"MANEA",7.616101,8.217086,8.143823,7.436331,7.738817,8.426816,7.807346,7.273638,7.599883,8.866443,7.356297,7.549816,8.523542,8.552062,7.851505,8.093244,7.996265,8.017111,8.66635,8.634793,8.177391
"UFL1",8.138225,8.475709,8.319748,8.297276,8.499801,8.773725,8.252,7.379715,8.196845,8.11583,7.472819,7.397529,8.170616,8.615352,7.806681,8.243121,7.738583,7.529474,8.048162,8.358718,8.085679
"PRDM1",8.698449,8.697191,8.660146,7.80051,8.861628,9.06277,8.394147,8.621588,9.208946,8.89984,9.255067,9.176114,8.958375,8.405054,9.019986,8.754993,8.565015,8.697174,8.890963,8.612069,8.879553
"CRYBG1",9.40583,9.620298,9.487042,9.272971,9.464071,9.625018,9.474179,9.269197,9.611746,8.29017,8.282248,8.465078,8.549853,8.618722,8.318133,8.543481,8.44238,8.20717,8.512458,8.763862,8.770037
"QRSL1",7.937334,8.760879,8.672065,8.57446,8.396682,8.764657,8.90855,8.013908,7.938243,8.300541,7.796906,8.197964,8.297827,8.667208,8.212596,8.403596,8.312701,7.944391,8.217796,8.562323,8.495003
"MTRES1",6.898205,7.17584,7.002926,7.312728,7.159717,7.101508,6.851135,6.878744,6.994062,6.378276,6.343543,5.955844,6.72095,6.809255,6.333643,6.505426,6.172001,6.122058,6.41737,6.654508,6.491805
"CEP57L1",5.035017,5.465846,5.161692,5.215719,5.675205,5.492744,5.174198,4.924039,4.797732,4.717125,4.871761,4.584784,4.925238,4.905333,4.867592,4.607451,4.794145,5.038114,4.687813,4.968881,5.118936
"SMPD2",7.675871,8.252434,7.7325,7.97528,7.712198,7.800967,8.146504,7.403956,7.711264,8.087805,8.116506,8.320482,8.382149,8.635072,8.456105,8.454607,8.319501,8.154547,8.089056,8.233709,8.476711
"AMD1",10.09512,9.872697,9.947369,9.73525,10.261766,10.378153,9.708935,9.435674,10.133965,8.952865,9.373853,9.006135,9.396929,9.004712,9.075356,9.240722,8.905612,8.837286,9.122777,9.163722,9.367552
"GTF3C6",7.812599,7.689032,7.723508,7.555182,8.14059,8.160923,7.263547,6.970867,8.089908,7.897808,7.430958,7.737536,8.293698,8.126996,7.963361,7.85846,7.723042,7.819541,8.230238,8.15738,7.850182
"MARCKS",9.342606,9.796513,9.352799,9.135409,9.598916,9.586007,9.465255,10.001558,9.923025,8.784427,9.02701,9.191789,8.838802,8.383037,9.029958,8.698461,8.973161,8.561819,8.719985,8.683612,8.68687
"DSE",8.597353,8.38785,8.072746,7.798013,8.11066,8.250172,8.371823,8.234475,8.875854,7.973591,8.069959,8.171275,8.406308,8.122004,8.134544,8.240326,7.53326,7.744795,7.94917,8.379522,8.162969
"RWDD1",7.447807,7.343124,7.014603,7.58192,7.035006,7.385285,7.183797,6.960163,7.161193,7.820569,7.765432,7.357172,8.083023,8.41761,7.619745,7.941763,7.794742,7.857326,7.744502,7.625049,7.703501
"KPNA5",7.217026,7.257321,7.306519,7.328612,7.601303,8.015633,7.318846,6.016253,6.964074,6.723234,5.942399,6.319636,7.170442,7.711188,6.686908,7.125761,6.605924,6.550288,6.622544,7.011795,7.310919
"BRD7P3",5.464191,5.776702,5.526123,5.636877,5.302996,5.446989,5.648157,5.528042,5.478062,4.915752,4.510025,4.484791,4.753403,4.712457,4.461139,4.860356,4.623517,4.450749,4.897191,4.880166,4.451046
"ASF1A",8.005369,8.270222,8.184921,8.115116,8.481692,8.664787,7.862197,6.822073,7.795618,8.424095,7.962625,7.964404,8.821958,9.374863,8.408011,8.560195,8.425338,8.310344,8.609264,8.556662,8.674534
"HINT3",7.792185,7.847326,7.075273,6.554964,7.866555,7.711785,7.361483,6.847016,7.327885,6.331315,6.267783,6.79542,6.986857,6.669951,6.350224,6.921865,6.606563,6.330619,6.957708,6.873443,6.734882
"TRMT11",6.612373,7.142117,7.244483,6.923574,6.897322,7.700152,6.856077,6.266022,6.525521,6.617596,5.906154,6.104169,6.518691,7.028988,6.490904,6.603405,6.522611,6.376194,6.660507,6.743219,6.860589
"L3MBTL3",9.009327,9.276148,9.550656,9.343959,8.867253,9.426692,9.257296,8.67478,8.891924,8.485827,8.234056,8.826573,8.488003,8.988833,8.492998,8.69798,8.786936,8.617091,8.93535,8.87561,8.594879
"AKAP7",5.929438,6.258268,6.261368,5.987507,6.386886,6.553661,6.043444,5.963214,6.042332,6.023336,5.415321,6.300926,5.829688,6.339442,6.004349,6.136456,5.762017,5.872716,5.796635,5.925798,6.102982
"SNORA33",5.29416,5.691575,5.726077,5.872662,6.064077,6.28537,5.505253,5.119002,5.271184,4.619673,4.592879,4.723961,4.416632,5.299746,4.893811,4.780585,4.894203,4.794331,4.909411,4.694933,4.927468
"TBPL1",8.175756,8.47691,8.082296,8.024374,8.466466,8.727501,8.060883,7.64615,8.143426,7.805536,7.930825,7.696901,8.420584,8.313313,7.880183,8.106281,7.638593,7.610415,7.86892,8.207992,8.289137
"CCDC28A",7.856424,7.761126,7.770055,7.467719,7.881143,7.997093,7.375763,7.696126,8.082198,6.887791,7.135793,6.966181,7.310847,7.043582,7.067828,7.365764,6.894667,7.090599,7.100356,7.26626,7.153976
"ABRACL",7.278896,7.55389,7.655851,7.208668,7.209738,7.328174,7.226618,6.803259,6.798811,6.309489,6.266988,6.660314,7.246129,7.115471,6.849609,6.925453,6.704051,6.75872,6.87086,6.689589,6.394822
"VTA1",8.098837,8.544486,8.0873,8.284521,8.357213,8.763682,7.970395,7.707351,7.949861,7.855854,7.667401,7.950235,8.51589,8.410477,7.953272,8.101818,7.944273,7.866067,8.072612,8.316615,8.144478
"PEX3",6.899604,7.256562,7.229096,7.149375,7.171862,7.749361,7.000246,6.407731,6.861178,7.107598,6.512008,6.729656,7.351544,7.696804,7.089099,7.337544,6.997674,6.969709,7.138264,7.289428,7.214147
"LTV1",7.42261,7.800879,7.61232,7.969233,7.670077,8.041437,7.725327,7.308834,7.032027,7.33251,6.715962,6.65409,7.564645,7.515295,7.311277,7.429629,6.90301,7.01708,7.339913,7.368531,6.750452
"STX11",8.767171,9.112903,9.172874,8.774771,9.43776,9.093413,9.349402,9.306558,9.73699,10.352417,11.231704,11.430592,10.992605,10.025183,10.582658,10.547118,10.771019,10.554591,10.705828,10.615644,10.412006
"TAB2",9.98546,9.879471,10.107574,9.695531,9.985335,10.391114,9.598363,9.618146,10.186887,9.201654,9.43739,8.945418,9.530009,9.459792,9.130121,9.523475,9.463955,9.189455,9.504237,9.608929,9.561432
"SUMO4",8.436817,8.14557,8.009447,8.0746,8.249117,8.751937,7.721645,7.534978,7.551878,8.124303,7.890821,7.713555,8.155749,8.469627,8.093918,8.05832,7.936428,7.689749,8.065119,8.021105,8.320013
"GINM1",8.233335,8.433046,8.39817,8.215396,8.380387,8.777536,8.286762,7.321699,8.372383,8.372425,8.350867,8.019548,8.653413,8.612978,8.364759,8.331043,7.88064,8.132153,8.582453,8.794431,8.733238
"RPS18P9",9.094337,8.542472,8.305038,8.826223,8.446212,8.607069,8.681231,8.745454,8.248452,8.990291,8.787179,8.474288,9.335728,10.25291,8.950421,9.384564,9.013869,9.155134,9.11135,9.361574,8.850413
"PCMT1",8.502434,8.445545,7.921985,7.939378,8.310672,8.603809,8.039373,7.408453,8.276181,9.08381,8.74213,8.724985,9.584733,9.642546,9.071782,9.482741,8.918271,8.824047,9.201471,9.272682,8.773315
"PLEKHG1",6.553353,7.542516,7.550644,7.720409,7.526041,7.820425,7.985865,7.060621,6.872115,6.988435,6.354371,7.21438,6.617951,7.162245,6.838656,6.97959,7.011019,6.745032,7.26703,7.686277,7.259888
"ARMT1",7.853754,7.780728,7.088168,7.43305,7.794548,8.200262,7.353961,6.956885,7.515811,6.272076,6.632271,6.213354,7.347597,7.221956,6.463707,7.062492,6.346192,6.536678,6.656626,6.837009,6.949295
"MYCT1",5.193704,5.2123,5.51524,5.117625,5.635373,6.054024,4.348643,5.300817,5.275832,5.693684,5.50199,5.47077,5.56013,5.160608,5.508931,5.363466,5.366229,5.278899,5.383849,5.017578,6.328719
"GTF2H5",6.229558,6.940185,6.09049,6.272753,6.416122,6.829469,6.327198,6.34101,6.101792,6.40491,6.236045,5.992224,7.151433,7.116722,6.456058,6.861189,6.601718,6.481665,7.073596,6.672807,6.728605
"SYTL3",7.937573,7.987893,8.385058,7.5519,7.557608,8.29811,7.726893,7.751671,8.905507,7.4575,7.856062,7.762166,7.564073,7.141854,7.325062,7.51725,7.287166,7.304982,7.505825,7.583788,7.786226
"C6orf99",5.600567,5.987464,5.767573,6.044445,6.266292,5.748094,6.296098,6.379144,5.519364,5.435694,6.333762,5.382937,5.369034,5.592157,5.655904,6.318088,5.700643,5.674279,5.437921,5.312664,5.978266
"WTAP",8.876729,8.574134,8.73419,8.607841,8.826591,8.998924,8.875566,8.343873,8.329937,9.168148,9.310264,9.011803,9.509829,9.689409,9.32166,9.578862,9.298308,9.24131,9.389566,9.542488,9.463743
"IGF2R",10.596676,9.923391,10.188988,9.324333,9.970303,10.544879,9.739168,10.473894,10.983842,8.992349,10.272714,9.837419,9.140584,8.972717,9.533665,9.525648,9.395164,9.29338,9.545295,9.623478,9.534756
"PLG",6.581921,6.0463,6.205923,5.352491,6.415126,5.886782,5.692561,6.943101,6.266984,6.504177,6.679267,6.422977,6.739782,6.326363,6.362672,6.272135,6.647087,6.385108,6.508151,5.856478,6.492012
"QKI",9.465561,9.778224,9.370837,8.651034,9.712243,9.856452,9.253033,9.460117,9.726838,8.3587,8.945367,8.862589,8.8071,8.70106,8.865712,8.915379,8.520152,8.383716,8.904793,8.784929,9.066357
"CEP43",7.74521,7.426807,7.685956,7.435404,7.71349,8.044511,7.643779,7.560331,8.170226,7.072217,7.089933,6.541482,7.211513,7.162635,6.969059,7.170301,6.997329,6.735698,7.363088,7.494722,7.411235
"CCR6",7.5932,7.96296,7.699139,7.403149,7.695677,7.716675,8.016501,7.164034,7.323178,7.033542,7.016209,7.288307,6.738295,7.384991,7.232143,7.054701,6.913587,6.823654,7.46882,7.576393,7.071815
"C6orf120",8.071161,8.342879,7.911109,8.297046,8.422652,8.44949,8.283702,7.775343,8.049715,7.955901,7.750457,7.706428,8.826646,9.084145,8.2081,8.375958,8.036978,8.176488,8.379095,8.71883,8.733208
"ERMARD",7.463296,7.619166,7.388321,7.372472,7.086519,8.021081,7.350261,6.571788,7.508167,6.013331,6.09036,6.286005,6.522983,6.323337,6.577008,6.62815,6.305614,6.09676,6.415901,6.545555,6.603892
"SERPINB1",9.912606,9.749657,9.677241,9.360371,9.816911,10.038454,9.331457,10.159128,9.968463,9.032288,9.332834,8.947629,9.593752,9.452183,9.23097,9.523194,9.083643,8.695361,9.104069,9.138212,9.380253
"SERPINB9",8.748938,9.647381,9.708913,8.736331,9.65713,9.398685,9.1485,8.802589,9.907145,9.774967,9.403938,10.213724,9.677285,9.838319,10.013018,9.609386,9.592827,9.439596,9.583281,9.486685,9.760886
"HTATSF1P2",7.779295,7.563699,7.328726,7.093849,7.576255,6.876204,7.158828,7.619959,6.846634,7.056996,7.297319,7.272616,7.18059,7.41911,6.758597,7.587498,7.442168,7.692412,7.842412,7.107588,7.380295
"F13A1",9.616692,9.715431,10.222521,9.528833,10.0251,10.119062,9.086727,9.789914,10.679904,10.409586,10.596544,9.768133,9.598426,8.761354,9.751666,9.856491,9.110424,9.736378,9.941519,10.195391,10.6068
"LY86-AS1",7.934705,7.573255,7.740752,8.48596,8.027105,7.863645,8.147644,8.573546,8.124443,8.256313,8.117795,7.901987,7.227696,7.720475,7.93694,7.472557,7.897684,7.899812,7.805082,7.592037,7.475275
"SSR1",10.253131,10.612327,10.230075,10.353647,10.624946,10.526587,10.258773,9.851894,10.499093,9.552553,9.346238,9.171034,9.758745,9.569229,9.469873,9.54278,9.41781,9.356473,9.766631,9.665897,9.775538
"MAK",6.892449,7.425193,7.415389,6.691203,8.040793,8.162818,7.499873,7.523065,7.774956,7.316532,7.388603,7.451232,7.079962,6.938725,6.502605,7.131059,7.031016,6.955045,7.057462,7.109781,7.015277
"ERVFRD-1",6.704247,6.265,6.821817,6.937405,6.540892,6.255709,6.575582,6.812476,6.386635,7.1545,7.156386,6.823471,6.23215,6.534516,6.627283,6.225897,6.907689,6.925795,6.597417,6.451121,6.107377
"KIF13A",8.603776,8.416876,8.101422,7.619282,8.312017,8.749025,7.949606,8.322424,9.056196,7.632385,8.676294,8.327466,7.871235,7.378032,7.838406,8.012184,7.634126,7.679842,8.172993,8.157906,7.882015
"TPMT",6.835553,7.08469,6.275342,6.062056,6.800112,6.489379,6.609894,5.558185,6.872325,6.729032,6.387933,6.535733,7.444037,6.93725,6.565481,6.822927,6.470023,6.478708,6.710921,6.956175,6.298515
"DEK",9.153267,8.951224,8.987442,9.138551,9.264623,9.598969,8.660815,8.758589,9.071186,7.408186,7.645516,7.607555,8.643356,8.59665,7.980636,8.296354,7.729324,7.514694,8.279285,8.078197,8.079028
"TDP2",9.539379,9.416221,8.970362,8.963448,9.613136,9.83683,9.04123,9.288215,9.704363,8.400335,8.895056,7.814322,9.113507,9.021846,8.36208,9.013897,8.6136,8.55982,8.861998,8.74069,8.907429
"C6orf62",10.200111,10.30889,10.297062,10.232953,10.462881,10.703454,10.302455,9.648656,10.525461,8.729507,8.761278,9.071224,9.327913,9.172507,8.832037,9.091517,8.958135,8.686908,9.184965,9.26496,9.380445
"CMAHP",7.104641,7.513922,7.505977,7.321529,7.287542,7.702941,7.460848,7.065302,7.555653,7.837558,7.521898,7.437226,8.117943,8.161063,7.664845,7.737168,7.425305,7.363503,7.571713,7.754983,7.694682
"H4C2",7.539239,8.123797,7.117951,7.682174,7.394949,6.955934,7.355264,7.273511,6.943761,7.942912,7.417999,7.402847,8.590695,8.549244,7.530355,7.776478,7.465097,7.702454,7.75869,8.110579,7.361851
"H3C2",6.646862,8.663794,6.485874,6.439524,6.808893,6.531551,6.999941,6.42846,6.706216,8.570269,7.022916,7.280071,8.580732,7.946992,7.730924,7.357238,7.215602,7.66576,8.032727,7.942873,7.756954
"H2AC4",5.878561,7.545401,5.55079,5.536918,5.880413,5.448002,5.653121,5.523414,5.315966,6.040249,5.801518,5.884561,6.526427,5.996637,5.922114,6.024588,5.912468,6.023233,6.244788,6.310521,6.087387
"H2BC3",5.479919,6.323446,5.10639,5.950365,5.736896,5.399906,5.589782,5.731187,5.350292,6.086874,5.751006,5.715386,6.697676,6.12468,5.716866,5.827749,6.016926,5.95846,6.141664,6.234947,6.216986
"H1-2",7.309031,8.059858,6.941273,7.019558,7.176608,6.726963,7.432546,7.344526,6.796677,7.867335,7.839232,7.537274,8.425943,8.315466,7.801159,8.183358,7.756851,7.775793,8.164047,7.778979,8.33027
"H1-6",7.363613,6.436199,6.609437,5.882657,6.425538,6.592334,6.227162,7.184295,6.644189,5.550765,6.124853,6.303597,6.11281,5.740947,6.072023,6.44877,5.9291,6.137244,6.100631,6.176941,5.91829
"H2BC4",8.273819,8.366625,7.401693,6.309203,7.540841,6.473634,6.713828,7.256229,7.354808,8.061853,8.546796,7.950748,8.716729,8.164825,7.712724,8.401301,7.831463,8.110621,8.411324,8.335512,8.596363
"H4C4",8.123967,7.988656,6.75217,6.773861,7.643184,7.836898,7.447012,7.816269,6.882843,7.952478,8.07178,8.037537,8.356364,8.087537,7.782233,7.860354,8.101085,7.716342,7.808476,8.411871,8.647281
"H1-3",8.606348,9.103488,8.255837,8.489622,8.194983,8.092391,8.487597,8.398921,8.15656,8.147922,7.930713,8.011924,8.903333,8.267845,8.090787,8.123271,8.114073,8.190193,8.188485,8.682058,8.068806
"H3C7",6.765442,7.848383,6.772766,6.968579,7.115884,7.101477,7.176847,6.879045,7.209315,7.567681,7.241098,7.426753,8.125618,7.874889,7.575929,7.510118,7.599516,7.734159,7.919236,7.972876,8.101008
"ZNF322",7.967034,8.068986,7.630844,8.066298,7.775658,7.989284,7.666291,7.903314,8.124825,6.384117,6.484407,6.238918,7.393775,7.010814,6.781203,6.902926,6.256388,6.849806,6.609638,7.05069,6.294271
"H2BC12",9.155933,9.201207,9.469598,9.036077,9.32076,8.919441,8.972686,9.346377,9.384586,10.12733,9.9551,9.772327,10.268069,9.483463,9.763244,9.76148,9.533332,9.779058,9.785028,10.12336,9.960583
"ZNF204P",4.974317,4.382739,4.516262,4.934485,5.095328,5.583598,4.50287,4.185947,4.253163,4.571766,4.182149,4.815041,5.333213,4.577931,3.760242,4.677707,3.56021,4.410499,4.496894,4.525824,4.074585
"H2AC14",4.046335,4.866906,3.464343,3.629379,5.813728,4.115966,4.093298,4.095357,3.917002,3.947469,3.376988,3.689013,4.317114,3.796278,3.770432,4.213167,3.744577,3.87649,4.407349,3.986583,4.179938
"H2AC15",7.741986,8.033,7.531269,7.332592,7.496681,7.026675,7.558667,7.370207,7.421964,7.60857,7.162603,7.196473,7.976961,7.873659,7.138433,7.6114,7.19255,7.192459,7.50428,7.557142,7.793901
"H1-5",7.07516,9.769296,7.534647,7.505443,7.669261,7.562619,7.665387,7.519441,7.426752,8.597945,6.723062,7.717138,9.041516,8.671019,8.003985,7.750274,7.714809,7.809574,8.544039,8.094435,8.202742
"H3C11",10.256878,11.365932,9.932174,9.868829,10.102286,9.201816,10.360604,9.768277,9.37238,11.384684,10.578583,10.947448,11.620673,11.707697,11.112194,11.024635,11.068012,11.194582,11.425915,11.061083,11.410948
"H4C13",6.611703,7.705526,6.28533,6.420451,6.60329,6.018485,6.383204,6.068692,5.65814,8.644108,7.310188,7.099182,9.122159,8.49772,8.086632,7.894836,7.483423,8.134739,8.482184,8.438797,7.404142
"H3C12",6.092336,7.740726,6.196489,6.264461,6.070986,5.83036,6.617123,6.162532,5.921232,7.126713,6.260018,6.902383,8.013578,7.132364,6.948139,6.491406,6.745011,6.858099,6.946885,6.811642,7.127979
"OR12D3",7.548064,8.500903,8.238422,8.924964,8.109041,8.132487,8.317429,7.333295,8.154716,8.289925,8.744766,8.421078,7.319185,7.498037,8.368626,7.680019,8.183476,8.514305,8.320011,7.987893,7.568469
"UBD",7.381419,7.055119,4.692468,5.943417,4.369371,6.464506,6.518713,8.00404,5.74601,5.604386,5.883817,5.651234,6.237165,6.624279,5.572491,5.138031,4.944322,6.353931,5.177196,6.001531,5.732127
"GABBR1",7.500754,6.241534,7.271244,7.379985,6.90156,7.223763,7.626487,7.766169,7.732257,7.736082,7.547585,7.145972,7.057694,7.071814,7.262397,7.095693,7.68913,7.613364,7.546265,7.374803,7.34751
"ZNRD1ASP",7.699065,8.123121,8.497472,8.9588,7.917,8.899047,8.052801,8.170367,8.485172,9.648048,9.181565,9.205545,8.898929,9.368969,9.336391,9.323342,9.158736,8.951639,9.213359,8.977551,9.136902
"DHX16",9.337683,9.457486,9.596418,11.388404,9.542762,9.567103,9.665554,10.497119,9.7448,10.334543,10.273869,10.127323,9.805903,10.027862,10.211052,9.902596,9.966305,9.911772,10.026726,9.591752,10.357857
"NRM",5.113712,4.454599,4.250182,4.577774,3.649922,4.599441,3.354072,5.159809,4.312735,4.378845,5.282729,4.368834,4.773752,4.686125,4.745852,4.520591,4.670208,5.003733,4.917507,4.299296,4.605928
"SFTA2",5.057854,3.353287,4.566993,4.515248,5.096819,3.677634,3.870754,4.568384,4.13298,3.400914,4.048827,3.225368,4.042915,4.818411,3.641894,3.58442,3.522929,3.161277,3.845054,3.509862,3.696724
"C6orf15",7.881656,6.780856,7.464307,8.049779,7.444531,7.484282,7.094748,7.798949,8.463097,6.286857,7.035661,6.752944,6.766792,7.14426,6.932672,6.84038,7.492422,7.34707,7.154822,6.902341,7.156257
"SNORD117",7.016484,6.826184,6.754258,5.940616,7.003511,7.289065,6.311962,5.927037,7.005009,7.365354,6.908014,7.177036,7.634228,8.071282,7.58198,7.751582,6.993996,7.512604,7.335486,7.794461,7.854645
"BAG6",6.090116,6.594223,6.600434,5.894537,7.057957,3.479181,7.558667,7.115073,6.846829,8.498911,8.235575,8.351376,7.854224,7.262698,8.409507,7.900745,8.317429,7.702454,7.384911,8.36665,7.520839
"LY6G5C",6.090116,5.994873,4.100847,5.626169,5.812566,5.773159,5.479972,5.161111,5.299525,4.963084,6.217343,6.038798,6.204417,4.801733,5.120453,5.883817,6.114972,6.157418,5.822365,5.270428,5.796465
"LY6G6C",5.391174,6.41196,4.620399,6.757486,6.161856,5.716419,6.569094,5.777591,5.025084,5.848595,4.397864,6.50016,5.618656,4.804203,5.447097,5.814659,5.219444,5.444796,5.808522,4.8482,5.775333
"DDAH2",7.160038,7.363808,6.937235,7.471261,7.36969,7.318452,6.75855,7.726472,7.307278,7.35994,7.137875,6.898812,6.521236,6.606966,6.783921,6.230096,7.15086,6.881606,6.497785,7.272354,6.644755
"HLA-DQB1",6.697416,8.263239,8.801868,8.142855,6.50766,5.44196,7.334447,8.068017,6.890244,8.756177,6.341469,6.427393,8.721517,8.629736,6.759745,8.769645,6.450264,8.668939,6.886012,8.062001,8.883428
"HLA-DOB",2.92053,3.198156,2.997926,3.326169,2.567207,2.631402,3.912651,2.624865,2.962345,2.592066,2.568828,4.021025,4.163888,2.420346,3.410182,3.806113,3.133116,2.946778,3.026487,4.994441,2.927357
"TAP2",8.41695,8.302694,7.63488,8.203392,8.468061,9.095074,8.618269,7.651539,8.498157,8.444362,8.452963,9.636872,8.58658,7.832768,8.960943,8.736724,8.443483,8.198838,8.205107,8.288279,8.460739
"HLA-DMA",4.729851,6.008319,6.004709,5.737773,6.753267,5.32036,3.309833,5.243289,4.910951,6.236726,7.170083,5.896113,6.193548,6.487988,5.941514,5.607735,4.660832,6.529021,6.494327,5.799051,5.943974
"HLA-DOA",6.796994,8.423806,8.738781,8.699229,8.140613,8.363244,8.001253,8.113496,8.101437,9.30992,8.48472,9.246162,8.41954,8.83974,8.811344,9.180709,8.63868,8.695431,9.223182,9.122264,9.167302
"RXRB",8.793312,8.673518,8.987499,8.695788,8.836529,8.796678,8.285132,9.028089,9.420567,8.712849,8.490053,8.63017,8.591129,8.509379,8.380173,8.975641,8.23954,8.140619,8.428136,8.731531,8.343737
"RGL2",7.388434,6.523209,6.763069,6.89973,5.760171,6.741847,7.511074,7.338676,7.713951,6.902921,7.19305,7.412288,6.961453,7.18157,7.173781,7.314113,6.922361,7.145047,6.594723,7.189683,7.712738
"TAPBP",8.675319,8.554879,8.580179,8.195739,8.314393,8.894661,8.163661,8.401006,9.23756,9.126573,9.519078,9.464213,9.155267,8.856955,9.106371,9.239806,8.920688,8.926466,8.900506,9.656073,9.103235
"ZBTB22",9.473253,8.690539,9.113815,8.610423,8.987951,8.22945,9.054194,9.836329,8.951317,8.070166,8.522175,8.667123,8.522384,8.521653,8.459767,8.487003,8.909152,8.780932,8.284097,8.466357,8.517021
"DAXX",5.471181,2.794148,5.018642,6.129815,5.917456,5.023954,7.052275,3.286998,5.087462,5.938156,6.267783,6.448609,5.483439,6.178446,5.775333,6.880156,5.245096,5.827282,6.837052,5.785943,6.174663
"BAK1",7.986833,8.405275,7.629209,7.746209,7.637669,7.574863,8.012036,7.438409,7.918794,8.489544,8.516731,9.198461,9.04262,8.39085,8.535614,8.389785,8.429805,8.68971,8.879708,8.253143,8.202014
"UQCC2",6.911532,7.338989,7.147162,6.965942,6.814874,6.793148,7.205376,6.940721,6.94533,7.591536,7.067951,7.406365,8.290681,8.236143,7.819168,7.905936,7.373184,7.642646,7.806709,7.797152,7.367353
"TAF11",7.408113,7.854898,7.786191,7.72148,7.739024,8.513551,7.865597,7.179226,7.981617,7.358364,6.839684,6.881802,7.292063,7.433856,7.198239,7.387853,6.936221,7.02526,7.227133,7.217991,7.220409
"SLC26A8",6.335996,6.268005,5.528088,6.080762,6.450747,6.5198,5.713077,6.941456,6.856459,6.654052,7.365962,7.13158,7.123397,6.338359,6.912949,6.266008,6.427737,6.556176,6.794548,6.42989,6.556066
"ETV7",6.18341,6.282866,5.951286,6.139919,6.186454,6.094798,5.817897,5.942942,5.988903,5.949722,6.234803,8.129376,6.429272,6.051981,6.509932,6.255468,6.332817,6.563043,6.149215,6.193818,6.774877
"MTCH1",8.241443,8.436696,8.421304,8.059762,8.532643,8.284832,8.347356,8.236218,8.649984,8.735916,8.968265,8.906429,9.078505,9.108747,9.148645,9.122321,8.939486,9.055599,9.129502,9.192664,8.868193
"OARD1",7.737969,7.882206,7.960161,7.964374,7.892635,8.307116,7.659931,7.391671,7.585262,6.859787,6.757582,6.968482,7.302656,7.53347,6.975347,7.422521,7.086331,6.933594,7.305955,7.407325,7.199915
"TREML1",7.751785,7.412229,7.941182,7.617852,7.954403,7.298805,7.425899,8.101518,7.960312,9.465173,9.682232,8.538426,9.236227,7.984474,9.260489,9.075461,8.567279,8.821785,8.811404,8.787918,8.97118
"TREML3P",7.211221,6.681342,6.744091,6.794628,6.235337,6.564569,6.900652,7.172434,7.02327,7.233429,6.368035,6.575479,6.766073,6.307734,6.368249,7.208547,6.621998,7.035665,7.074306,6.565456,6.593501
"TREM1",10.307618,9.634534,10.009454,9.290729,10.1074,10.101278,9.524879,10.254928,10.698529,10.006808,11.216225,10.383024,10.824844,9.788337,9.843445,10.443591,10.129017,10.113183,10.364499,9.802679,9.97319
"CCND3",8.73228,9.086058,9.159148,8.641128,8.875821,8.727532,8.791709,8.811416,8.981002,10.427666,10.502437,10.634219,10.733327,10.193307,10.454362,10.476232,10.224314,10.200047,10.20689,10.499623,10.547524
"MRPS10",8.620114,8.522439,8.569023,8.760655,8.920101,8.675244,8.720443,7.907503,8.322219,7.97612,7.761384,7.894227,8.270045,8.278199,8.161447,8.177511,7.893007,7.910958,8.029185,8.213933,8.033453
"MEA1",7.780004,7.912458,7.535811,7.700877,7.677907,7.757519,7.654703,7.655362,7.645366,8.705293,8.662855,8.583186,9.143963,9.174925,8.970377,8.995633,8.755012,8.971799,9.002433,9.029597,8.656239
"DNPH1",6.961616,6.930903,6.726742,6.474149,7.10574,6.563946,7.025211,6.771883,6.7611,8.032968,7.704335,7.656247,8.266686,8.591713,7.899784,8.128166,8.002713,7.914645,7.886378,7.988621,7.875432
"YIPF3",8.757406,9.19764,9.020318,8.56341,9.086952,8.777153,9.115367,8.973657,9.314689,10.097817,10.678414,10.290541,10.34923,9.976871,10.352912,10.264698,10.243646,10.056539,10.247992,9.689318,10.473102
"GTPBP2",8.103413,8.501239,8.279165,7.948307,8.249613,8.485178,8.111032,8.024489,8.48564,8.960774,9.126585,9.68821,9.027395,8.707992,8.961262,9.139274,8.782941,8.828808,8.955617,8.909192,9.117811
"MRPS18A",7.506775,8.087763,7.83416,7.798317,7.574182,7.763629,8.009996,7.664788,7.788648,8.67927,8.578396,8.703097,9.398214,9.176997,9.02606,8.9082,9.081466,8.88818,9.06088,8.767273,9.006403
"SLC35B2",7.180262,7.157792,7.122058,7.111982,7.001708,7.100918,7.162433,7.468672,7.24326,8.005285,7.483217,8.047001,8.098584,8.04461,8.029787,8.111168,7.940849,7.922287,8.014252,7.867218,7.848512
"SUPT3H",6.283372,6.68341,6.979562,6.592716,6.421222,6.49882,6.71665,6.302635,6.894815,7.093639,6.777276,6.687807,7.053083,7.719107,6.882119,7.071262,6.968599,6.651685,6.783834,6.901751,7.07295
"ENPP5",5.186464,5.39381,5.150833,5.269268,4.88011,5.321229,5.607483,5.027618,5.497168,5.794559,6.055366,5.550556,6.177268,5.921215,5.934136,5.63714,5.799433,5.648725,5.536886,6.095354,6.138916
"PLA2G7",8.197854,7.469381,6.812316,6.236489,7.685447,7.948922,6.063243,7.620698,7.06612,6.32987,7.832153,7.653493,7.589653,7.728038,7.50259,6.558906,7.132744,7.662335,8.08583,7.627403,7.905557
"PTCHD4",5.936797,5.259532,5.414148,5.982166,5.238161,5.457109,5.652084,6.310973,5.467418,6.026189,6.016264,5.76817,5.532581,5.998386,5.924092,5.474237,6.031309,5.731725,5.694238,5.594864,5.20539
"CRISP3",5.283069,5.804693,5.119983,5.224542,5.256569,5.091618,5.718601,4.784364,5.359414,4.919611,6.109236,5.000426,5.751931,5.555573,5.465533,4.836466,5.40596,5.423098,5.81764,5.43019,5.271483
"TRAM2",7.779198,8.279032,8.022216,8.093024,7.443574,7.955805,7.962136,7.608757,7.964328,8.972253,8.516057,8.556418,8.493562,8.499174,8.623729,8.464354,8.496574,8.566362,8.817486,8.765151,8.473211
"CILK1",7.587955,7.902767,8.037159,7.593105,7.942186,7.980063,7.674105,7.391235,8.044245,8.247403,8.028828,8.122809,8.233865,8.414932,8.189236,8.357757,8.152335,8.067039,8.334491,8.246018,8.486218
"GCLC",7.599645,8.376585,8.150002,8.032363,8.254783,8.271682,8.203704,7.443097,8.16326,7.802777,6.962949,7.146105,7.827593,7.287965,7.237603,7.619223,6.871061,7.311143,7.367379,7.649567,7.792083
"EYS",4.530971,5.055149,5.238195,4.891925,5.427436,5.379233,5.333497,4.505396,4.971475,5.593337,5.401549,5.414664,6.013904,5.925878,5.271669,5.846543,5.346968,5.404306,5.7484,6.134704,5.886909
"LMBRD1",9.867243,9.553502,9.837331,9.50682,10.049171,10.387194,9.656568,9.509518,9.841124,9.166806,9.390343,8.852731,9.680974,9.610378,9.105808,9.446148,9.220153,9.030331,9.35829,9.648288,9.492528
"MIR30C2",5.709481,5.463222,5.616838,5.946965,6.406399,5.601895,5.267516,6.150455,5.792032,6.010062,6.324532,6.546559,5.971379,5.984184,5.966384,6.303511,6.49018,6.590801,6.544947,6.255712,6.861278
"CGAS",7.490043,8.094319,7.468378,7.388633,7.870876,7.781174,7.137519,7.306307,8.238649,7.34232,7.166226,8.189543,7.998216,7.31556,7.525194,7.237573,7.252288,6.972327,7.638631,7.774789,7.758074
"EEF1A1",7.863854,8.029309,8.131328,7.910367,8.445934,8.324249,7.809462,7.780198,7.925812,6.518425,6.435296,6.850981,7.453597,6.822377,6.558414,7.347065,6.102303,6.8519,7.281288,6.805556,7.484576
"COX7A2",7.517287,7.896087,7.105414,7.490173,7.782791,7.556723,7.641371,7.09751,7.293014,8.163266,7.680912,7.590655,8.626176,9.286717,8.03717,8.450355,7.888098,7.912794,8.209256,8.321338,7.754451
"TMEM30A",9.11448,8.986312,8.667162,8.43142,9.162027,9.408927,8.777089,8.48081,9.242539,8.711226,8.910137,8.893254,9.063293,9.187167,9.045372,9.047871,8.725874,8.703631,9.165279,9.308276,8.990671
"PHIP",9.466289,9.546062,9.573124,9.360773,9.569415,10.077801,9.656905,9.167943,9.551773,8.780885,8.773119,8.904239,8.778619,9.051016,8.763361,8.951655,8.882126,8.769034,9.052384,9.195096,9.226703
"HMGN3",7.462425,6.916255,7.483122,6.850637,7.386986,7.543706,7.200831,6.720867,6.957868,6.936156,6.285543,6.728472,6.891419,6.941382,6.775312,6.80551,6.479078,6.741886,6.685812,6.817335,6.702559
"LCAL1",4.570255,4.573081,5.138882,5.846915,4.604274,5.482633,5.469307,4.858754,5.029206,5.809914,5.822518,5.788601,5.603062,5.078224,5.384757,5.66353,5.40596,5.524181,5.587567,5.80876,5.342873
"IBTK",7.97849,8.75749,8.138577,8.212414,8.632414,8.86232,8.305746,7.395262,8.275033,7.801868,7.217449,7.624886,7.821862,7.8845,7.710151,7.882066,7.794222,7.561053,7.957055,7.842086,8.073852
"PGM3",6.630389,7.50759,6.970825,6.940056,7.023719,7.381272,6.87828,6.190305,6.946951,6.417666,6.07411,6.130965,6.715673,6.711012,6.455281,6.661928,6.110211,6.289089,6.44305,6.737222,6.732029
"CEP162",5.210188,6.419256,5.4928,5.625025,5.846928,6.711644,5.465782,4.858551,5.241022,5.312724,4.975224,5.079059,5.574104,5.457989,5.213075,5.179413,5.096201,4.728648,5.187085,5.277578,5.343577
"SNX14",8.144267,8.409944,8.341422,8.065848,8.524554,8.737529,8.305054,7.579315,8.285771,7.643044,7.277445,7.257221,8.180933,8.20551,7.698742,8.108715,7.541119,7.236708,7.705507,7.990341,8.162529
"SNORD50A",9.625,9.65149,9.374807,9.622994,9.566184,9.399964,9.192467,9.061218,8.234036,8.807507,8.277415,7.638363,8.428381,9.075136,7.920833,8.500245,7.95905,8.233767,8.537093,8.641818,8.921131
"SNORD50B",7.316518,7.832247,7.547391,7.735989,8.305096,8.52159,7.074602,6.527525,7.131071,6.457691,5.876163,6.072654,7.206899,7.514046,6.226409,6.855395,6.350159,6.017126,7.043651,6.798471,6.804894
"RARS2",8.145343,8.252563,8.300283,8.139987,8.202685,8.748437,8.332197,7.367522,8.177948,7.81492,7.656985,7.689387,8.298522,8.320091,7.890837,8.154573,7.845128,7.655659,7.910319,8.226482,8.211697
"RNGTT",8.151207,8.887373,8.765061,8.598869,8.512371,9.048452,8.586149,7.957285,8.451055,8.141992,7.741889,7.650958,7.813831,8.072253,7.837124,8.235484,8.041568,7.760003,8.018942,8.365406,8.277087
"UBE2J1",9.254887,9.844604,9.562607,8.923896,9.359787,9.72996,9.28955,9.382054,9.073661,10.435209,9.357297,9.736277,10.039798,10.020589,9.647319,9.862799,9.773421,9.9191,10.359139,9.878625,9.928543
"RRAGD",7.97219,7.587187,7.259851,6.787348,7.55845,7.380699,7.158669,7.540152,7.677561,6.997945,8.013335,7.654569,7.996614,7.475706,7.613848,7.987853,7.356529,7.391492,7.455684,7.408001,7.775009
"MDN1",7.999079,8.372269,8.482713,8.135595,8.09248,8.582637,8.172809,7.785108,8.382481,7.449499,7.236633,7.574319,7.070087,7.518804,7.529599,7.566804,7.458738,7.459948,7.605358,7.76918,7.540753
"BACH2",8.592399,9.219957,9.531152,9.39735,8.875366,9.327815,9.2285,8.844123,8.661769,9.11773,8.559232,8.956855,8.395404,9.351205,8.881899,9.205065,9.050665,8.866976,9.000357,9.098371,9.02785
"NDUFAF4",7.076556,7.078344,7.123304,6.970784,6.89963,6.997495,6.601913,6.166511,6.530689,6.557922,6.479104,6.467325,7.025303,7.156119,6.660201,6.954077,6.753915,6.581331,6.781682,6.741755,6.612744
"MMS22L",6.339671,7.221599,6.652965,6.619816,6.691481,6.952197,6.777417,6.142285,6.539524,5.899846,5.622802,5.564937,6.221777,6.227086,6.037271,6.360334,5.960799,5.814807,6.19649,6.257619,6.472007
"FBXL4",8.310402,8.757531,8.670546,8.278291,8.58743,8.674748,8.542583,7.963873,8.410485,7.971182,7.511334,7.707967,7.926761,7.90776,7.826268,8.102159,7.745436,7.646835,7.967502,8.148393,8.33454
"PNISR",10.145378,10.03418,10.507042,10.322557,10.262755,10.924361,10.411399,9.708091,9.938432,9.737874,9.291867,9.32469,9.512571,9.935291,9.454736,9.767547,9.555003,9.407752,9.615584,9.86629,9.684582
"CCNC",7.851925,8.281039,7.7889,7.931818,8.178244,8.545974,7.948845,7.231133,7.710433,8.298848,7.38316,7.533116,8.650447,8.719346,7.941433,8.335015,7.735,7.916954,8.304655,8.367822,8.259199
"ASCC3",8.131452,8.748435,8.526764,8.331919,8.692004,8.845955,8.615693,7.858342,8.063913,7.930065,7.245045,7.670057,7.972564,8.140166,7.84756,7.807853,7.820728,7.740512,8.029855,8.007125,8.104115
"ATG5",7.897988,8.111961,7.785425,8.056525,8.309665,8.33735,8.024166,7.454007,7.722137,7.908271,7.371464,7.510585,8.191201,8.423885,7.675556,7.819382,7.800598,7.59434,7.714177,7.967842,8.0922
"RTN4IP1",7.153951,7.188492,7.086503,7.324288,7.018973,7.421167,7.0865,7.047222,6.780351,6.637168,6.170852,6.367115,6.478848,6.892244,6.574813,6.715325,6.699103,6.594035,6.82479,6.714373,6.911833
"OSTM1",7.816326,7.715586,7.477485,7.382834,7.788757,7.899998,7.556002,7.449505,7.647208,6.862532,7.020456,7.078551,7.518696,7.35026,6.951113,7.367588,7.087928,6.816089,7.154288,7.320781,7.30684
"SESN1",8.114514,8.272477,8.299536,8.359608,8.498731,8.310521,8.625369,7.977011,8.332823,7.828946,7.370784,7.345517,8.076239,8.109532,7.749204,8.061301,7.856479,7.332091,8.102693,7.80296,8.166142
"HDAC2",8.315524,8.607341,8.661717,8.478758,8.643389,8.968628,8.44066,7.879814,8.559732,7.828994,7.31172,7.551134,8.192258,8.323955,7.8634,7.872478,7.837491,7.676927,8.060274,7.940726,7.779439
"TSPYL1",6.956447,7.12518,7.301586,7.228557,7.523826,7.354253,7.262413,6.080452,6.707845,6.891559,6.285046,6.080294,7.077142,7.189121,6.664504,6.920787,6.826094,6.4308,6.9498,7.063759,6.88338
"ZUP1",5.623162,6.386797,5.781974,5.58737,6.229359,6.731286,5.633286,5.378976,5.279266,5.337476,5.131855,5.293232,5.733461,5.869904,5.45971,5.943678,5.196322,5.301435,5.382087,5.813564,5.742657
"GOPC",8.423335,8.527207,8.247096,8.042158,8.457102,8.762508,8.497081,7.540776,8.054373,7.884694,7.664399,7.83343,8.143556,8.202159,8.045463,7.896707,7.794335,7.485395,8.142282,8.205909,8.197518
"CEP85L",8.054897,8.304648,8.337188,8.369175,8.307414,8.728159,8.27381,7.520997,7.970703,8.318491,7.802159,7.938659,8.34708,8.691626,8.015235,8.602802,8.271654,8.175591,8.368067,8.512379,8.77989
"MAN1A1",8.568016,9.149688,8.928402,8.183704,9.008438,9.441197,9.105609,8.68522,9.074361,9.093887,8.768399,8.618876,8.630961,8.43648,8.538036,8.400306,8.561725,8.495965,8.804345,8.661038,8.790219
"TBC1D32",6.471506,7.148766,6.769441,6.98266,7.377297,7.80914,6.929043,5.9438,6.49625,6.208486,5.93205,6.082973,6.258831,6.595506,6.151122,6.40834,6.377032,6.076031,6.186036,6.263021,6.69052
"SERINC1",10.595268,10.440614,10.34264,10.234111,10.637727,11.139227,10.491064,10.168245,10.569002,9.721884,9.752527,9.562887,10.422817,10.313462,9.738824,10.341627,9.73885,9.725032,9.907088,10.266991,10.17472
"HDDC2",8.291063,8.521363,8.296082,8.603785,8.261434,8.793093,8.533487,8.269726,7.844741,8.024507,7.529785,7.739864,8.126839,8.603663,8.085783,7.983693,7.913418,7.613382,7.461695,8.093325,7.743771
"ECHDC1",8.634941,8.844834,8.180465,8.609345,8.858917,9.223494,8.259723,7.67558,8.672416,7.884836,7.105293,7.113988,8.194857,8.333587,7.699864,8.119393,7.464972,7.270648,7.77527,7.986703,7.780267
"THEMIS",9.022072,9.134712,9.580878,9.432048,9.358761,9.677995,9.229685,8.883903,8.794879,9.09621,8.177339,8.299729,9.017779,9.456178,8.96362,9.149142,9.015434,8.883605,8.750492,8.956832,9.092096
"SAMD3",8.444163,8.682373,8.627026,8.736319,8.469796,9.364327,8.609781,7.865123,8.473044,8.795278,8.189986,8.277109,8.980074,8.721604,8.872834,8.234158,8.533887,8.483124,8.784474,8.436748,8.80133
"STX7",9.919428,9.950509,9.927488,9.713212,9.902544,10.189838,9.845083,9.55264,9.83553,8.819817,8.760942,8.81226,8.916111,8.957974,8.842279,9.158088,8.925687,8.584173,8.980298,9.495105,9.248872
"TAAR3P",5.0255,4.774611,5.15892,5.429842,4.932798,5.145989,4.950381,4.850035,4.629295,5.678678,5.865133,5.079856,4.644816,4.920329,4.955285,4.354336,5.394957,5.381083,5.065162,4.562413,4.705802
"VNN1",7.221761,8.205108,6.955735,7.718167,7.784372,7.241982,7.864082,7.81742,9.20964,8.514053,8.42782,7.089158,8.681577,8.00761,7.593019,8.912064,7.142694,7.8059,8.502331,8.809855,7.664426
"VNN3",9.996097,9.132455,8.857491,8.047432,8.305846,9.889262,8.70155,8.608938,9.56433,7.979804,8.89222,7.909326,8.609836,7.63228,7.901391,8.448051,7.61521,7.539821,8.193364,9.056515,7.951032
"VNN2",12.041316,11.75381,11.253105,10.478039,11.156254,11.962828,10.990285,11.866301,11.652261,10.526282,11.896385,10.383305,11.251584,11.06997,10.964759,11.027451,11.375468,10.717921,11.084934,10.901866,11.017205
"SLC18B1",7.830626,8.079108,7.827021,7.863122,8.003418,8.472348,7.983168,7.393277,7.938336,7.186728,7.012852,7.552238,7.180137,7.360079,7.283371,7.500725,7.271588,6.723582,7.395779,7.452542,7.12663
"SGK1",7.691032,6.92347,7.312591,6.653607,7.373931,7.433093,7.017982,7.316035,7.42522,7.018747,8.342083,7.312469,7.751842,7.478196,7.755772,8.415898,7.794748,7.622408,7.576526,8.03155,7.799422
"HBS1L",8.321036,8.755986,8.37914,8.686637,8.73224,9.113472,8.851527,8.005775,8.514816,8.780018,7.756294,7.90161,8.706539,9.199421,8.352028,8.598643,8.636813,8.122331,8.605436,8.678265,8.635779
"AHI1",6.061684,6.341558,6.59589,6.282724,6.51555,7.614785,6.694846,5.766218,6.664842,6.193707,6.065185,5.998262,6.542242,6.848192,6.132879,6.116612,6.06688,6.41469,6.594118,6.930938,6.646909
"BCLAF1",9.771678,9.53888,9.910609,9.868443,10.057339,10.459399,9.784239,9.569932,9.745198,9.014569,8.821506,9.057543,8.92395,9.515759,9.090741,9.245359,8.993473,9.052249,9.12306,9.174404,9.132046
"IFNGR1",10.113307,9.923504,9.614368,9.335019,10.080207,10.58549,9.759626,10.173045,10.318352,8.945757,9.270749,8.643928,9.777911,9.232184,9.043383,9.506163,8.887312,8.853094,9.194311,9.263756,9.392395
"REPS1",8.212722,8.666149,8.596096,8.532334,8.366478,8.631377,8.559114,8.125794,8.484269,9.047017,8.618108,8.822048,8.931477,9.215999,9.041622,9.139079,9.064527,8.940554,9.115582,8.924692,9.170776
"CITED2",8.002648,8.554151,8.554923,8.383316,8.497474,8.298482,8.479267,8.381741,8.86077,9.21186,9.265785,9.476862,9.367432,9.22497,9.289066,9.196852,9.132398,9.130956,9.091757,9.002802,9.377272
"ADAT2",8.442195,8.500903,8.57866,8.576993,8.30455,9.036341,8.338117,8.094569,8.258736,7.852911,7.303001,7.516262,7.596291,8.187548,7.614152,7.672946,7.618995,7.578937,7.624063,7.787025,7.747743
"SF3B5",8.032436,8.007321,7.526061,7.561039,7.713706,7.337722,7.898341,7.657144,7.434999,8.542563,8.380737,8.488018,9.152688,9.171451,8.558076,8.645845,8.360829,8.537002,8.453393,8.510786,8.274082
"SHPRH",8.122855,8.42419,8.349119,8.583796,8.515148,8.930508,8.611424,7.949048,8.329597,8.080957,7.510899,7.745867,7.894337,8.182311,8.033889,8.093825,8.071832,7.648598,7.995104,8.01805,8.24564
"PPIL4",7.460987,7.499498,7.580895,7.443417,7.66963,8.214359,7.333831,6.651824,7.229013,6.9678,6.71183,6.681191,7.538035,7.628174,7.156017,7.352944,6.951288,6.70827,7.232587,7.240807,7.259186
"SYNE1",8.34441,8.365011,8.481457,7.893739,8.074645,8.836673,8.270647,7.837305,8.727615,7.497816,7.946056,8.04618,7.922369,7.455202,8.236083,7.937368,7.812178,7.863266,7.924523,7.855728,8.250345
"FBXO5",6.680136,7.386912,6.551261,6.813505,7.079464,6.965613,6.754855,6.274489,6.353172,6.673881,6.287672,6.300327,7.125323,7.057609,6.356654,6.400253,6.425856,6.254218,6.720587,6.731759,6.833578
"TFB1M",7.114176,7.806216,7.640141,7.263741,7.428724,7.584359,7.487851,6.564432,6.860051,6.916235,6.322122,6.313353,6.859287,7.223661,7.028635,6.950361,6.776172,6.522098,6.942996,7.107791,6.835793
"TMEM242",8.653455,8.148676,8.230323,8.074288,8.261104,7.580898,8.821178,9.364455,8.007515,7.922287,8.473044,7.605265,8.086976,7.629055,7.675322,7.954079,7.712805,8.346318,8.48287,7.407325,7.576047
"DYNLT1",8.102014,8.160799,7.515612,7.551728,8.1311,8.455876,7.589331,7.309379,8.017359,7.37011,7.554762,8.095995,8.272496,7.930613,7.690777,8.094609,7.565308,7.133912,7.654944,7.873328,7.619107
"EZR",8.902816,9.707461,9.704256,9.453351,9.443604,9.648255,9.717682,9.302512,9.683991,8.792343,8.489459,9.150951,8.826968,8.734133,9.016419,8.942164,8.851818,8.920041,9.079838,9.20518,8.92737
"SOD2",11.247777,10.495015,10.939527,10.189535,10.922116,11.150188,10.76589,11.244253,11.251409,10.262179,11.280815,10.628548,10.519312,10.131137,10.408352,10.438388,10.440341,10.397417,10.351186,10.725633,10.450172
"TCP1",10.159934,10.804531,10.650413,10.434636,10.685577,10.690982,10.679492,10.20447,10.44676,9.754243,9.463259,9.476678,10.039199,10.057343,9.894092,9.852313,10.081927,9.689424,10.170315,9.923463,9.822222
"SNORA20",7.458906,7.232082,7.25724,6.51961,6.483494,7.807085,7.09772,6.404397,6.683374,7.242451,6.99422,7.496895,8.090993,9.411368,8.059656,8.366329,7.263389,8.478438,7.389202,8.459178,8.018678
"SNORA29",7.123534,6.748671,7.229303,7.351395,7.52528,8.102664,7.26704,6.709013,7.504812,6.454574,5.892227,5.877849,5.934181,6.296495,6.179729,6.101988,6.065168,5.545264,6.019355,6.336464,6.292424
"LPAL2",6.817997,6.084038,5.821343,6.361918,6.78457,6.766947,6.768247,7.013595,6.053729,6.68173,7.239765,7.22016,7.275216,6.816946,7.122683,6.792554,6.692792,7.07796,6.915464,6.862063,7.047308
"SFT2D1",8.40169,8.401541,8.237398,8.056695,8.346132,8.616611,8.128061,7.696089,8.38556,7.43151,7.429783,7.416685,7.937796,7.853825,7.762561,7.625538,7.313525,7.123216,7.526098,7.96281,7.661671
"PSMB1",8.477731,8.503325,8.365195,8.26053,8.207482,8.745763,8.232873,8.088108,8.236953,7.128684,7.282827,7.006009,7.979715,8.057389,7.622085,7.968156,7.235035,7.294132,7.833263,7.798614,7.630153
"GPR146",7.120243,8.05772,7.655698,7.350414,8.052645,7.352671,8.321635,7.519763,7.30359,8.243371,8.88364,8.463539,9.155664,7.999483,8.156929,8.513299,8.167436,8.203909,8.341667,8.406761,9.245762
"LFNG",7.619578,7.824885,7.914575,7.428055,7.725447,7.340378,7.855888,7.486625,7.841922,8.254418,8.341262,8.518418,8.810728,8.459288,8.544174,8.683005,8.447359,8.528244,8.487915,8.644496,8.64843
"SNORD13P2",7.555888,8.015935,8.387724,8.15523,7.672678,8.294555,7.854012,7.314295,8.102251,8.324514,7.638758,7.991018,7.540257,7.971977,8.11829,7.999723,7.679311,7.632532,8.021633,8.264054,8.092344
"LOC100419773",5.366987,5.909451,5.698864,6.347656,5.984529,5.707995,4.71082,6.35005,4.112998,5.41229,5.15462,5.99252,5.932856,6.40721,5.569122,6.12744,5.527584,5.89347,6.232667,5.284734,6.367162
"C1GALT1",7.651406,8.332745,8.062885,7.261992,8.491329,8.799474,7.759362,6.88533,7.714718,7.79519,7.420363,7.988974,8.410547,8.422358,7.578832,8.192961,7.939883,7.59694,7.998699,8.254953,8.736328
"MIOS",7.663947,8.39647,8.110809,8.22615,8.111921,8.455544,8.194311,7.334653,8.132848,7.855683,7.424916,7.393396,8.22139,8.413128,7.737825,8.003131,7.6876,7.437843,8.045291,8.004288,8.130919
"PHF14",7.929654,8.18437,8.179254,8.341774,8.131295,8.56473,8.194782,7.7836,7.659999,7.803294,7.163381,7.498626,7.736452,7.963605,7.586325,7.79204,7.792523,7.528842,7.675803,8.022354,8.013479
"TMEM106B",8.957578,9.051567,9.150313,8.957941,9.545535,9.306064,8.782887,8.277104,8.732637,8.913743,8.183228,8.073829,9.164863,9.326426,8.262264,9.056453,8.856947,8.521279,8.907841,9.053435,9.062054
"BZW2",7.591014,7.923016,7.551666,7.912164,7.640652,7.649255,7.541614,7.09785,7.375133,8.092081,7.666549,7.942096,8.276052,8.864491,8.155767,8.162292,8.260201,8.120798,8.305335,8.492732,8.404368
"TSPAN13",7.492143,8.185323,8.126154,7.853194,8.186968,8.125115,8.345593,7.870439,7.645202,7.45731,6.770562,7.117509,7.135526,7.302904,7.130495,7.274463,7.615847,6.959964,7.33715,7.700612,7.420039
"RPL23P8",6.326156,5.645708,5.580917,6.062304,5.828082,6.25492,6.12041,6.175702,6.011302,5.218672,5.567881,5.653143,5.739943,6.440629,5.450577,5.374328,5.781046,5.955488,5.701636,5.730403,5.528167
"KLHL7",7.233044,7.477532,7.218612,7.00129,7.444101,7.462934,7.155655,7.04401,7.181686,6.618662,6.56597,6.393787,7.097185,7.194376,6.883851,7.06453,6.609633,6.411883,6.936536,6.957591,7.006728
"CCDC126",7.623001,7.694491,7.637622,7.772622,7.761499,8.24122,7.964796,7.301022,7.944117,7.187457,7.446295,7.138052,7.643743,7.783768,6.90244,7.396066,7.057957,7.072819,7.325904,7.533615,7.609406
"MPP6",6.52522,6.612587,6.525276,6.449978,6.611953,7.193528,6.798618,5.941082,6.177666,6.460127,6.080864,5.940469,6.436718,6.813384,6.260463,6.517504,6.633222,6.020431,6.648392,6.565946,6.511241
"CBX3",8.595831,8.639646,8.717697,8.824476,8.74534,8.896839,8.700248,8.424135,8.360831,7.84821,7.406967,7.819136,8.204757,8.335785,7.72673,8.14243,8.032514,7.755859,7.922621,8.11143,7.762169
"TAX1BP1",9.439659,8.969665,8.773299,8.925631,9.270397,10.117021,8.874969,8.723025,9.037799,8.200908,8.113119,7.74141,8.924821,9.060332,8.194787,8.699052,8.34062,7.941317,8.302714,8.601302,8.474184
"CREB5",8.924577,8.105213,8.057235,7.45196,8.176783,8.605365,7.958639,9.286368,9.18614,9.278157,10.029916,9.349156,8.890272,9.294701,9.516957,8.93566,9.007815,9.174461,9.37751,9.150556,9.397387
"GARS1",8.149207,9.287484,8.945041,8.497192,8.983639,9.092393,8.582349,8.206572,8.87663,8.54912,7.989016,8.134203,8.454512,8.44403,8.434276,8.63365,8.10742,8.059601,8.35423,8.453663,8.466838
"SEPTIN7",9.038057,8.942566,8.74066,8.985743,9.098264,9.335012,8.580858,8.481679,8.591489,8.441828,8.326482,8.19829,8.915986,8.824038,8.381481,8.68268,8.518275,8.444427,8.735447,8.692847,8.581183
"GPR141",8.999827,8.99645,8.151903,7.564676,8.18597,8.932223,8.04241,8.813385,9.556702,7.717876,8.529537,8.585872,7.788953,7.424728,7.716244,7.832266,7.56497,7.52666,7.803197,7.986986,7.645303
"NME8",5.665804,6.100955,5.674764,5.722978,5.6163,7.036075,5.395842,5.379693,6.553481,5.692899,6.509726,6.082853,6.108006,5.67148,5.551454,6.234096,5.492689,5.567863,6.109968,5.616955,6.090127
"YAE1",6.897701,7.332742,6.754351,7.277806,6.863503,7.595707,7.170027,6.31912,6.47864,7.200141,6.477448,6.49637,7.511464,8.206874,7.101184,7.359787,7.110098,6.787422,7.231513,7.2389,7.322057
"STK17A",9.906618,9.69392,10.160777,10.056277,9.909726,10.355992,9.947501,9.467545,9.712377,9.458088,8.924241,8.820106,9.709691,9.990863,9.356728,9.496973,9.461189,9.145374,9.43694,9.673738,9.757329
"BLVRA",7.834525,8.410599,7.440986,7.287274,8.058138,7.775611,7.590551,7.678905,7.648415,6.827357,7.224474,7.750573,7.537327,7.10172,7.337268,7.211088,7.146782,7.192876,7.22112,7.255767,7.140054
"DBNL",9.138609,9.19734,8.920278,8.699422,8.863873,8.749628,8.996156,9.138125,9.412743,9.559335,9.859636,9.930344,9.705008,9.51782,9.79386,9.795439,9.870453,9.615147,9.910385,9.98027,9.715259
"C7orf69",4.6352,4.615727,4.643339,5.255202,4.908022,4.274224,4.427351,4.431513,4.232335,5.53446,4.97777,5.189615,4.494903,5.09536,4.839747,4.373904,4.613285,4.839816,5.121848,4.541286,4.622581
"CDC14C",5.907091,5.230269,5.409128,5.453865,5.347682,4.944252,6.055704,5.389852,5.444755,4.732153,4.992,4.774168,4.7497,4.96506,4.577656,4.740583,4.723261,4.718149,4.945781,4.53872,4.729948
"HAUS6",7.149801,7.790175,7.604679,7.387254,7.852058,8.135238,7.114995,6.63659,7.063937,6.99961,6.615148,6.700963,7.154275,7.209245,6.678791,7.230989,7.010586,6.722068,6.844179,6.938683,7.384032
"NIPSNAP2",8.207328,8.245819,8.185998,8.228382,8.160918,8.286031,7.8149,7.753438,7.890945,8.971594,8.599942,8.771558,9.681878,9.528526,8.983435,9.186619,9.037554,9.024782,9.294248,9.23409,8.909603
"CCT6A",8.389876,8.836373,8.556825,8.570962,8.551404,8.936297,8.467665,7.857997,8.605405,7.952014,7.203697,7.653966,7.975931,7.93722,8.02875,7.933853,7.853034,7.79111,8.171807,8.209893,7.880342
"SNORA15",6.404996,6.560358,6.788706,5.315019,4.992022,6.545581,6.188431,7.25777,6.981071,3.626118,5.401381,3.687376,5.080077,4.795282,5.336982,5.702471,3.910076,4.50328,3.721964,4.662025,4.674528
"SUMF2",8.140237,8.572735,8.334587,8.381951,8.557349,8.261104,8.076877,8.184596,8.304845,9.760777,9.431548,9.613611,10.025014,9.954181,9.832396,9.790181,9.648762,9.935973,9.841873,10.047551,9.924392
"ZNF107",8.217193,8.043793,8.255557,8.587674,8.262072,8.984538,8.111806,7.875577,7.810799,8.49675,7.940208,8.297321,8.860095,8.976347,8.344846,8.271479,8.659784,8.266358,8.525941,8.552193,9.160058
"ZNF138",6.995392,7.042074,7.177104,6.922102,7.112212,7.524226,6.853447,6.782047,6.2663,7.462236,7.026499,6.652998,7.926515,8.36747,7.200202,7.636497,7.248696,7.021421,7.502598,7.749374,7.951895
"ZNF273",7.053325,7.103984,6.789695,7.303218,7.422007,7.83771,7.042409,6.291876,6.928021,7.495997,7.183365,6.950449,7.790228,8.034529,7.008993,7.504601,7.418361,6.757594,7.345625,7.859876,7.716066
"ZNF92",6.277771,6.418378,6.040968,6.174937,6.566673,6.992499,5.985472,6.045905,6.038695,6.33122,6.025597,5.643064,7.0752,6.917831,6.127594,6.65479,6.265098,6.111062,6.420795,6.612992,6.76508
"SNORA22",7.946196,7.237073,7.506423,7.202614,7.516059,7.478333,7.737341,7.441443,6.388846,9.187012,9.828126,9.022892,9.942466,10.618498,9.941146,9.828914,8.980794,9.902444,10.011754,9.991364,9.691611
"TPST1",7.762795,7.064685,7.139385,7.519056,7.128882,7.082514,7.409855,7.147306,7.346444,7.378972,7.527054,7.579791,7.215648,7.175955,7.351687,7.478732,7.601054,7.519766,7.405077,7.802012,7.796605
"KCTD7",7.958164,8.049816,8.290616,7.972427,7.924651,7.790896,8.016268,7.923919,8.361482,8.698214,8.668482,8.746632,8.778217,9.035364,8.78798,8.727036,8.551396,8.562005,8.560647,8.858454,8.733105
"RABGEF1",8.010648,8.711703,8.390128,8.297242,8.409486,8.867628,8.404254,7.890018,8.407814,7.504991,7.370028,7.407827,7.614879,7.575867,7.467663,7.628399,7.341835,7.122271,7.525603,7.468766,7.460317
"TMEM248",9.179217,9.353197,9.422075,8.961982,9.318374,9.171325,9.212798,9.03544,9.320695,10.050906,10.003418,10.044769,10.209058,10.118094,10.027867,10.020985,9.938273,10.06497,10.214521,10.204496,10.213053
"TYW1",6.609456,7.03112,6.984156,7.133087,6.945768,6.615412,6.844329,6.856179,6.759965,5.972457,6.543451,6.443686,6.804843,6.612158,6.665657,6.690633,6.010414,6.285948,6.836465,6.67867,6.66424
"STAG3L4",6.97249,7.176178,7.004934,7.025957,7.175301,6.876642,6.405948,5.964435,6.677449,6.771822,7.020198,7.306293,7.55895,7.672968,7.096544,7.425495,7.117951,7.224339,7.312419,7.300266,7.458201
"EIF4H",8.850752,9.460307,9.377646,9.413446,9.003427,9.18843,9.204405,8.146253,8.910546,9.253488,8.524229,9.112008,9.153931,9.189382,9.200639,9.4999,8.782506,8.793963,9.33295,9.503789,9.398367
"GTF2I",9.314465,9.719361,9.773404,9.414844,9.206736,10.090058,9.801486,8.76539,9.298063,8.426166,7.820178,8.481525,8.455865,8.442674,8.026735,8.287601,8.478794,8.320441,8.413506,8.791699,8.783517
"RHBDD2",8.68018,8.893589,8.978237,8.511931,8.838599,8.774326,9.046224,8.994581,9.092744,9.720926,9.88759,9.881115,9.860652,9.641199,9.771873,9.862223,9.760622,9.716027,9.714372,9.480482,9.870891
"POR",7.489658,7.677684,7.808107,7.476968,7.730195,7.62185,7.586645,7.533251,8.205826,8.247466,8.401587,8.667964,8.55463,8.263524,8.234845,8.310909,8.330976,8.312516,8.229624,8.391149,8.405752
"HSPB1",7.951833,8.219596,8.537246,8.497312,8.289186,7.862925,8.823998,8.295769,8.300977,9.353642,9.126985,9.318977,9.423944,9.122034,9.471986,9.16412,8.941509,8.988277,8.952083,8.997198,9.485774
"CCDC146",7.033112,6.972945,6.347119,6.729517,7.133726,7.605775,6.853123,6.273503,7.054424,6.956484,7.124304,7.139011,7.914294,7.79819,7.527867,7.616412,7.137141,7.143837,7.533085,7.26546,7.016154
"RSBN1L",8.89784,8.935101,9.118249,8.842699,9.188541,9.607268,8.78315,8.580154,9.039439,7.450477,7.687302,7.408123,8.183919,7.739374,7.601169,7.965906,7.617269,7.5532,7.707095,8.305804,8.214109
"PHTF2",8.014127,8.483651,8.378903,8.340309,8.537368,8.751922,8.785586,7.902198,8.140068,7.999187,7.476311,7.717893,8.180396,8.393011,7.776102,8.137822,7.706321,7.619554,7.989554,8.286034,8.249124
"CD36",9.986635,10.406783,9.449256,9.242375,10.118244,9.93778,8.947642,9.314848,9.291014,8.238498,8.471368,9.159496,9.521424,8.783179,9.118196,9.183027,7.899516,8.77558,9.270125,9.506211,9.192719
"DBF4",4.186438,5.228943,4.852812,4.754651,5.34093,5.030818,5.034261,4.308411,5.187672,4.179921,4.256571,4.053296,5.157746,4.757155,4.545802,4.40858,4.459408,4.227913,4.270824,4.599728,4.456585
"GTPBP10",7.782006,7.889261,8.046448,8.345612,8.039876,8.652964,8.136394,7.514716,7.602237,8.564564,8.003259,8.025841,8.766951,9.277621,8.468713,8.745712,8.505209,8.207743,8.310908,8.539025,8.791503
"AKAP9",7.580404,7.948619,7.93522,7.572831,8.04786,8.638752,7.893796,6.914925,7.676708,7.075894,7.02993,7.184851,7.326109,7.374781,7.232154,7.381449,7.252462,6.98049,7.372155,7.643686,7.722043
"RBM48",7.638622,7.616731,7.4887,7.493647,7.683144,8.107111,7.470793,6.797181,7.371566,7.374228,7.074756,7.151261,7.593275,7.71772,7.32077,7.4861,7.092082,7.195528,7.520693,7.565961,7.43364
"VPS50",6.916039,7.248579,6.95688,7.08752,7.279089,7.637049,6.963795,6.420317,6.677216,6.556739,5.995282,5.995623,6.879542,6.937904,6.363726,6.684489,6.633176,6.114185,6.5591,6.839745,6.917998
"GNG11",6.675864,6.152984,6.503679,6.280375,6.356417,6.727557,5.738512,6.237303,6.167776,6.817993,7.344715,6.08342,8.18994,6.880271,6.465255,7.569647,6.452991,7.225531,6.959492,7.648336,6.962493
"CASD1",8.716101,9.008544,8.824991,9.041639,8.900401,9.326101,8.948839,8.407502,8.599261,8.561582,7.849566,7.844767,8.588121,9.128985,8.441068,8.306585,8.442333,8.072655,8.441509,8.60213,8.959481
"ARPC1B",10.129759,10.263024,9.871,9.600964,10.168403,9.534306,10.079684,10.160012,10.34339,11.374179,11.497741,11.243808,11.62967,11.165321,11.599047,11.622293,11.172012,11.474598,11.406464,11.637426,11.630927
"BUD31",7.836996,7.403885,7.455282,7.215449,6.976063,7.436806,7.4586,7.495704,7.25582,7.08745,6.954482,6.815601,7.348639,7.438879,7.166005,7.180134,6.83807,6.767918,6.956287,7.209867,6.873334
"LAMTOR4",8.73682,8.695219,8.502324,8.228918,8.443758,8.504677,8.309558,8.682475,8.406325,8.525613,9.317922,9.00706,9.025011,9.108903,9.078307,9.275446,8.777428,8.929057,8.7295,9.102583,9.010283
"PILRA",9.252869,9.104361,9.080151,8.291667,9.300064,8.908752,9.008459,9.417633,9.78658,9.12929,10.639191,10.387164,9.959352,9.390481,9.847636,10.260109,9.598767,9.860617,9.74691,10.127751,10.073238
"GNB2",8.639556,8.70471,8.670989,8.02419,8.683487,8.322171,8.661464,8.673426,8.885827,9.293577,9.889996,9.64287,9.582983,9.213983,9.49731,9.702907,9.449994,9.480376,9.743804,9.802062,9.388297
"SLC12A9",8.428863,8.001422,8.204558,7.989845,8.021666,8.234348,8.355206,8.525262,8.51431,8.790808,9.207372,8.962317,9.089147,8.947673,9.009593,9.195586,8.879299,8.872321,8.780158,9.005115,9.039423
"MUC12",8.238806,7.753176,7.394093,9.260963,7.522939,7.584615,8.071796,8.916345,7.728381,9.162631,8.894206,8.673685,7.822452,8.293723,8.482197,7.947354,8.806532,8.776414,8.675218,7.840272,7.9081
"ORAI2",8.326259,8.524185,8.201464,8.08186,8.283095,8.095668,8.238519,8.239148,8.208599,8.834075,10.007924,10.014713,9.566086,9.492905,9.21778,9.728698,9.623417,9.441442,9.53723,9.806748,9.718008
"FAM185A",6.676266,7.226032,6.928959,6.891086,7.861099,7.679423,7.11009,6.966698,7.124057,7.331051,6.883961,6.812491,7.244147,7.171873,7.094737,7.272261,7.05179,7.000327,7.079185,7.687708,7.492029
"NFE4",7.100914,6.541955,6.651436,6.808174,6.075318,6.990489,6.336367,6.79576,6.811076,7.257193,8.22273,6.721638,6.939106,7.025035,6.918253,6.739891,6.722035,7.037563,7.223399,7.08539,7.349989
"PMPCB",8.589016,8.803375,8.684511,8.600969,8.647987,9.155533,8.586738,7.656761,8.686882,8.408494,7.984684,7.96631,8.877581,9.100067,8.656017,8.898292,8.440928,8.161663,8.700811,8.818045,8.675092
"PSMC2",8.684983,8.781145,8.13125,8.281427,8.253475,8.66334,8.337913,8.012608,7.996091,8.128743,7.816579,7.856431,8.752324,9.039805,8.277706,8.495658,8.276296,8.089802,8.4548,8.154383,8.140787
"RINT1",6.946509,7.183348,7.352335,7.282306,7.503595,7.655266,7.141403,6.69983,7.320977,6.768901,6.480391,6.289737,6.911954,7.032866,6.720961,6.858146,6.703642,6.631791,6.810075,6.891156,7.099518
"PRKAR2B",9.108349,8.452707,9.33147,8.501268,9.446048,9.200109,8.490097,8.531524,9.587248,8.525777,8.781071,7.718208,8.77008,7.202253,8.210549,8.779809,7.348118,7.978961,8.347205,8.850764,8.746376
"HBP1",9.420231,9.390518,9.354554,9.278804,9.572821,9.722631,9.440951,9.349887,9.551904,8.478472,8.609577,8.410502,8.894098,8.851874,8.480824,8.931817,8.521194,8.355144,8.527298,8.864578,8.800915
"CBLL1",8.648218,9.301608,8.917053,8.746542,9.007415,9.36523,8.618933,8.754244,9.316851,9.704795,9.905161,9.55993,9.76246,9.74318,9.813212,9.87521,9.780011,9.693499,9.946195,9.437692,10.005722
"DLD",8.540515,8.687186,8.437475,8.426532,8.485723,8.940506,8.694122,7.834098,8.369857,7.5111,7.541421,7.563135,7.908368,7.849186,7.683913,7.851324,7.269449,7.330499,7.772227,7.978954,7.927411
"LRRN3",7.594886,7.430663,8.686711,8.338492,8.068124,8.536209,7.825555,7.27907,7.685437,8.711848,7.929775,8.066077,8.689056,9.910261,8.782744,8.95005,9.062472,9.027023,9.047663,9.010686,8.918495
"ZNF277",7.332341,7.207253,7.030866,7.355582,7.429455,7.798182,6.969715,6.526355,7.38806,7.0761,6.665827,6.813844,7.531209,7.84779,7.122653,7.236807,7.183031,6.837912,7.227015,7.39364,7.311473
"IFRD1",9.208592,8.295647,8.474082,7.723513,8.812766,9.234876,8.560877,8.279116,8.836268,7.213599,8.069707,6.997721,7.649552,7.575325,7.250555,7.443221,7.111533,6.905886,7.104626,7.659984,7.546488
"LSMEM1",6.110281,5.9379,5.927649,5.570939,5.793223,7.012418,5.850872,5.613435,5.975325,5.751756,6.211682,5.882288,5.925973,5.540764,5.774353,6.046371,5.609563,5.794063,6.179195,6.112533,5.925983
"CAPZA2",9.917764,9.416443,8.931284,9.233372,9.912867,10.264288,9.329703,9.185223,9.630634,8.211426,8.3316,8.017823,9.652288,9.41846,8.569271,8.850905,8.218933,8.326492,8.562753,8.785922,8.862676
"LSM8",8.156246,8.457074,8.153785,8.272328,8.639123,9.108361,8.523684,7.390261,8.178018,7.043416,6.79714,6.585342,7.511778,7.790772,6.923692,7.12701,6.803704,6.60461,6.985865,7.423257,7.346599
"ARF5",8.782203,8.784294,8.539116,8.46806,8.867639,8.203623,8.538942,8.797603,8.647581,9.309544,9.343106,9.505059,9.689215,9.511699,9.495297,9.562421,9.431939,9.487495,9.507278,9.523003,9.360963
"ATP6V1F",8.982384,9.012508,9.016084,8.840525,8.596478,8.5525,9.138928,9.204987,8.883135,9.857027,9.754208,9.883667,10.318451,10.268018,10.03123,10.079976,9.828482,9.741968,10.03906,9.767991,10.125577
"TSPAN33",7.653283,7.886028,8.281666,7.779302,7.96192,7.639338,7.681873,7.815896,7.821532,8.243905,8.572452,8.160313,8.542976,8.091522,8.507266,8.599239,8.427848,8.381238,8.810838,8.536258,8.290381
"MKLN1",9.721418,9.620837,9.553284,9.525799,9.732955,10.066676,9.654115,9.36434,9.63286,8.855697,8.876427,8.921852,8.991704,9.137931,8.891089,9.00216,8.89666,8.587168,9.0062,9.062433,9.301761
"BPGM",8.205826,9.366816,8.945703,8.374104,9.874438,8.907001,9.480776,8.540686,8.475107,8.931698,8.427847,8.374865,9.95913,8.433324,8.281014,9.051091,8.412028,8.961816,8.668276,9.12715,9.490632
"TMEM140",9.595421,9.394306,9.366596,8.486644,9.372263,9.335052,9.170478,9.355289,9.964752,9.558205,10.44169,10.893687,10.500643,9.499431,9.839581,10.072346,9.836874,9.715204,9.874825,10.102369,9.971789
"NUP205",8.061544,8.841307,8.870764,8.516861,8.682144,8.961648,8.600886,7.95192,8.587475,7.880158,7.33351,8.110331,7.763293,7.976319,7.881276,7.944285,7.781516,7.881027,8.012857,8.015447,8.097338
"AGK",7.726864,8.523134,7.736175,7.899713,8.006543,8.086959,8.0751,6.559387,7.852347,7.624211,7.314024,7.430232,7.921387,7.900127,7.665642,7.597268,7.51211,7.490147,7.78238,7.738136,7.813706
"SSBP1",8.639059,8.849024,8.86872,9.132324,8.956483,9.242658,8.546259,8.275683,8.669404,8.258657,7.501077,8.042675,8.212067,8.557112,8.196527,8.244366,8.290344,8.06432,8.274802,8.291527,8.135717
"TAS2R4",7.582306,7.680066,8.323942,7.611552,7.90751,8.023031,7.848855,6.96487,8.269586,8.462243,7.809593,8.31546,7.538912,7.920687,8.20632,8.162981,8.178256,8.313942,8.197101,8.260617,8.546431
"MGAM",10.285484,9.866179,9.763702,8.745631,10.13485,10.905546,9.797765,10.523892,11.254541,9.505437,10.847878,10.026858,9.57553,9.12908,9.512574,9.771076,9.949281,9.690798,9.843749,9.70409,9.907267
"MGAM2",6.846493,7.059307,6.496323,6.379132,7.378459,7.339446,6.502154,6.834649,7.85103,6.995586,7.423614,7.130912,7.16152,6.201679,6.840474,6.891391,6.693894,6.53765,7.069032,6.735952,6.622482
"PRSS2",4.313629,5.005204,5.024856,4.419275,4.828205,4.210705,4.643304,5.126184,4.853859,4.811335,4.728022,4.816477,4.49059,4.926598,4.387378,4.531918,4.867995,5.204342,4.922836,4.574588,4.988931
"TAS2R39",4.968318,5.015499,5.114707,6.025014,5.07421,5.282186,5.067164,5.701351,5.089769,6.247171,5.952252,5.540177,5.134827,5.201143,5.226126,4.853893,5.693201,5.58559,5.221385,5.148616,5.08405
"GSTK1",9.505909,9.889014,9.667986,9.486152,9.631042,9.658883,9.635991,9.187221,9.967119,10.323522,10.06023,10.357156,10.356618,10.382563,10.483058,10.563772,10.228569,10.263663,10.324462,10.37196,10.294638
"ZYX",9.597825,10.255476,10.135471,9.306729,9.926317,10.126995,9.635532,10.109122,10.642163,10.499746,11.191044,10.669806,10.651065,9.985601,10.47175,10.607114,10.457485,10.234907,10.280457,10.158797,10.204381
"TAS2R60",6.25733,6.064814,6.187564,6.086378,5.82052,5.59927,5.965256,5.598216,6.945357,6.961453,6.358853,6.450629,6.237058,6.1279,6.832251,6.634078,6.311338,6.662543,6.563621,6.25733,5.248832
"OR2F2",4.584891,5.246547,5.295702,5.460517,4.726792,4.955594,5.263989,5.194706,5.070549,5.652616,5.888506,5.515797,5.046478,5.27908,5.163648,4.693157,5.462906,5.202489,5.06655,4.910715,4.796602
"OR6B1",5.94833,5.679681,5.604932,6.3194,5.178745,5.665336,5.720531,6.314625,6.205844,6.564941,6.676069,6.13445,5.582952,5.964816,6.358713,5.622909,6.21345,6.074281,6.012886,5.88617,5.852984
"OR2A5",4.86314,5.096425,5.198877,6.161991,5.531027,5.191487,5.126862,5.640388,5.432289,6.023654,5.803669,5.45676,5.363296,5.704677,5.557671,5.512504,5.839692,5.87574,5.886799,5.507512,5.40372
"OR2A14",6.14034,5.875649,5.73954,6.429897,5.678549,5.663559,5.788708,6.330035,5.943164,6.91647,6.801292,6.334355,5.996269,6.253948,6.68364,5.997344,6.778207,6.516048,6.032507,6.127831,6.07536
"MPLKIP",10.027618,10.227184,10.151233,10.320321,10.883763,10.121388,10.035481,10.257202,10.325449,11.013366,10.892456,10.883464,10.881809,10.240881,10.725542,10.571101,11.020154,11.208573,11.417164,10.602642,10.971217
"ATP6V0E2",8.03391,8.098849,8.118603,8.079366,8.071079,7.779795,8.348179,8.385455,7.874323,9.006113,8.693669,8.698152,9.071869,8.826508,8.938851,8.930437,9.037977,9.015521,8.903778,8.80913,8.863492
"GIMAP8",8.236739,8.745141,8.666338,8.346131,8.675063,8.760596,8.466215,8.105799,8.544296,7.860871,7.742449,8.435312,8.112679,7.978111,8.158194,8.093217,7.77347,8.044391,8.165862,8.140762,7.983378
"GIMAP7",10.217211,9.522685,9.561975,10.174237,9.639305,10.269783,9.476695,9.207853,8.890768,9.281162,8.178131,8.480075,9.728888,10.125602,8.825011,9.285972,9.202816,8.76017,9.217717,9.069765,8.649972
"GIMAP4",9.705339,9.786186,9.913018,9.812392,10.026917,10.13751,9.623769,9.57149,9.271338,9.569044,9.462874,9.842364,10.176731,10.067464,9.772055,9.809904,9.675371,9.564688,9.751751,9.708636,9.253194
"GIMAP2",9.45808,9.213418,8.89709,9.09789,9.481376,9.892259,8.811698,8.317967,8.816329,8.973566,8.302147,8.882211,9.83696,10.017091,9.03927,9.49335,8.885127,9.107137,9.04084,9.565415,9.177021
"TMEM176A",7.698013,8.815571,7.934293,6.94194,7.63533,6.502535,6.660983,6.796255,7.433341,9.14143,9.168835,7.851813,7.466715,8.085182,7.909537,6.88492,8.882542,8.53876,9.101906,7.251831,8.849254
"ADAP1",7.773993,7.7789,7.159993,7.103795,7.500505,7.145047,7.569289,7.724622,7.676738,8.01566,8.447004,8.505671,8.797608,8.131635,8.586187,8.529973,7.87231,7.944959,8.340727,8.428831,8.373785
"ACTB",12.728985,13.187059,13.195887,12.896997,13.195942,13.207297,13.090331,13.243603,13.306187,13.648786,13.882041,13.838348,13.686157,13.413411,13.675264,13.668165,13.677001,13.734007,13.657985,13.63225,13.605049
"KDELR2",8.75975,9.042051,8.805762,8.603172,9.186553,8.88752,8.224107,8.296309,9.171314,9.264298,9.119008,9.335885,9.392111,9.256006,9.105431,9.23043,9.233202,8.992737,9.527575,9.238966,9.393097
"ZNF12",8.444342,8.032776,8.059172,7.923148,8.231101,8.195055,7.820274,7.953109,8.023135,7.657985,7.453516,7.58,8.168284,8.114657,7.709729,8.036979,7.576047,7.593675,7.890778,7.781139,7.960844
"NDUFA4",7.788161,7.981793,6.466137,6.829504,6.348819,7.764357,6.918838,6.429507,6.55218,5.88314,5.850639,5.988596,6.742815,7.079571,6.086057,6.474087,5.976046,6.097374,6.363743,6.249376,6.34398
"ANKMY2",6.828145,7.154664,6.81098,6.868366,6.722354,7.50259,7.023415,6.347689,6.522522,6.503632,6.295903,6.465182,6.957643,6.636943,6.530331,6.905925,6.310896,6.097779,6.742108,6.677544,6.501347
"SNX13",8.930087,8.816744,8.762931,8.362643,8.917967,9.294036,8.511925,8.463131,8.723452,7.778093,7.982804,7.711973,8.248543,8.678822,8.548332,8.376889,7.769441,7.630881,8.088058,8.179173,8.602224
"CDCA7L",7.540552,8.948263,8.842021,9.023339,8.493452,8.927092,8.911022,8.069628,7.802266,7.97972,7.005661,7.877899,7.669754,8.34902,7.889825,8.006981,7.922015,7.568741,7.971135,8.409284,8.263143
"FAM126A",8.090029,8.319867,7.839152,8.049846,8.475631,8.818196,8.378506,7.269888,7.9472,6.910273,6.245735,6.8392,7.278732,7.108667,6.727917,7.302156,6.819538,6.713931,7.021281,7.429691,7.447219
"IGF2BP3",5.297664,6.669753,5.64513,6.057299,5.508367,6.533785,5.80716,5.309653,5.840987,5.903863,5.56871,5.976292,5.86368,5.969356,5.886586,5.686491,6.067148,5.711549,5.813006,6.014194,6.266637
"TRA2A",9.763234,9.938971,9.973855,10.095603,9.96133,10.234158,9.95237,9.463072,9.9336,10.63322,10.557423,10.727826,10.570927,10.850752,10.734609,10.679162,10.831425,10.740714,10.92005,11.000019,10.658713
"CYCS",7.800309,7.772968,7.624775,7.915005,8.186426,8.328157,7.681024,7.538601,7.700621,6.930444,6.970031,6.793959,7.332719,7.30265,7.235429,7.345577,7.21251,6.87613,6.992129,7.185114,6.441297
"HNRNPA2B1",10.911838,10.920502,11.047997,10.986228,10.840439,11.262619,10.843191,10.34723,10.900338,10.245105,9.831913,10.042868,9.953173,10.196322,10.083808,10.301515,10.043931,9.887305,10.117672,10.39986,10.189572
"SKAP2",10.408225,9.987257,9.518132,9.67253,10.153924,10.233469,9.756489,10.065777,10.278104,9.853598,9.721095,9.831897,9.726737,8.96898,9.356601,9.973335,9.268681,9.353258,9.929468,9.87453,9.581131
"HOXA2",5.940326,5.724766,5.573541,5.953853,5.629448,5.560071,5.722392,6.131018,5.510471,6.306603,6.207286,6.413579,5.889676,6.283162,6.05836,5.921121,6.091905,6.105012,6.186909,5.70027,5.440865
"JAZF1",8.448597,9.461106,9.14125,9.032292,10.096098,9.077156,9.238191,8.82588,9.344281,9.167223,9.364056,9.241004,9.426368,8.334321,9.139032,9.02046,9.073388,8.942956,9.048104,9.207222,9.809458
"CPVL",9.024831,8.912157,8.512229,8.310526,8.671782,8.366083,8.28868,8.74869,9.059435,7.897813,7.97217,8.572217,8.552572,8.0091,8.706873,8.392114,7.497915,8.07052,8.305158,8.550488,8.21455
"LSM5",6.303675,6.259799,6.047856,6.483614,5.955286,6.990522,5.88341,5.498092,5.936306,5.997788,5.177455,5.398225,6.592256,7.095904,5.949989,6.422464,5.632406,5.757137,5.933788,6.135049,5.946533
"KBTBD2",8.813397,8.70002,8.757877,8.759002,9.140479,9.36276,8.558989,8.413251,8.901019,7.945164,8.139944,8.0215,8.372779,8.328345,8.046278,8.438788,8.15227,7.891919,8.141161,8.491291,8.688659
"NT5C3A",7.412974,7.776069,7.289464,7.589839,7.057957,7.154296,7.832914,7.805232,7.39208,6.958718,7.524946,7.366315,6.833761,6.941382,7.12123,7.649896,7.502211,6.716976,6.671857,7.174825,6.853316
"DPY19L1",7.577822,7.686786,7.062065,6.838096,7.389356,7.561827,6.776388,7.239899,7.051907,7.48192,7.278649,7.028534,7.413737,7.277571,6.975399,7.293423,6.74461,6.430183,6.960925,7.365482,7.666815
"TRGV7",7.170972,7.044163,6.649258,6.840385,6.834289,7.108037,6.958485,6.844968,7.55604,7.843535,8.054438,7.92968,8.439897,7.611997,8.298804,7.475248,7.866381,7.657411,7.955869,7.473445,8.656527
"TRGV5",6.692708,6.79163,7.525364,7.257679,6.185636,7.798842,6.981502,7.268573,6.875413,7.111497,6.788706,8.64946,7.683301,8.580756,6.632162,7.773504,8.228263,7.793359,6.747527,7.065764,7.237933
"TARP",7.616771,6.815492,8.44754,8.304836,7.699775,8.091956,8.207232,8.307191,7.862795,8.498911,8.498361,8.751397,9.629583,9.515191,8.995239,8.967844,9.044144,8.692918,8.250107,8.829317,9.314843
"FAM183BP",6.607038,6.433137,6.716736,7.695921,7.023945,7.016084,7.111129,7.612285,7.312575,6.816293,7.107321,7.030277,7.051271,7.200161,6.854909,6.818772,7.430666,7.087928,6.932469,6.714177,6.928082
"VPS41",9.171206,9.237022,9.579684,9.200674,9.582642,9.945021,9.42733,9.072098,9.412942,8.081256,8.055013,8.096542,8.15278,8.15363,8.116359,8.254828,8.054023,7.964583,8.244048,8.389101,8.315281
"C7orf25",6.843859,6.687608,6.823968,6.785358,6.911216,7.214149,6.826185,6.297937,6.747064,5.457062,5.960312,5.643589,6.101575,5.824371,5.926113,6.203756,5.962759,5.875971,6.018296,5.911631,6.031894
"PSMA2",6.880118,7.094993,6.667245,6.674018,6.690197,7.372081,6.492172,6.259871,6.284342,7.953354,7.074521,7.280452,8.760622,9.444963,7.81641,8.449577,7.580251,7.329209,7.94044,8.073949,7.542545
"COA1",10.011862,9.393622,9.457038,9.285749,9.23304,9.374007,9.244211,8.768414,9.250754,9.923964,9.596796,10.074847,10.055847,10.520284,10.201825,10.190136,9.782992,9.788964,10.062109,10.191166,10.016685
"TMED4",8.709866,8.674296,8.79451,8.530682,8.75593,8.488123,8.622385,8.294631,8.638341,9.944524,9.628479,9.80632,9.974866,10.096091,10.023866,10.095023,10.030134,9.955916,9.974936,10.290073,9.950823
"MYO1G",8.695041,9.228769,8.839008,8.758655,8.908988,8.729714,9.087844,8.566988,9.356816,9.627042,9.404191,9.965003,9.970329,9.608762,9.940103,9.863129,9.584434,9.640292,9.750241,9.838975,9.667218
"SNORA5A",7.467178,7.85233,7.400082,6.967304,7.36206,7.027803,7.119659,6.985077,6.700565,8.116718,7.542926,7.929976,8.428072,8.916943,8.079352,8.484093,7.777233,7.772491,8.068449,8.376717,8.257187
"FIGNL1",6.41515,6.543226,6.833434,6.849985,6.736027,6.804014,6.497893,6.351671,6.059246,6.248258,5.96423,5.851088,6.10849,6.389173,6.225248,6.120342,5.919221,5.790808,6.172854,6.17519,6.019465
"SEC61G",7.959624,8.243229,8.020944,8.104055,7.888149,8.294351,8.237631,7.491544,7.769173,7.31636,6.788274,6.885973,7.614096,7.916476,7.137069,7.126003,7.165992,7.042468,7.050249,7.453897,7.152331
"CHCHD2",8.366573,8.784798,8.451458,7.916542,8.526164,8.295581,7.785209,8.072761,8.07606,7.873076,7.178245,7.246129,8.214867,7.867793,7.494947,8.120984,7.362807,7.970125,7.866023,8.090734,8.298968
"ARAFP2",6.306574,6.129102,6.100969,7.39037,5.672244,5.760265,6.089843,6.709213,6.126009,6.52946,6.508068,5.998509,5.736256,6.325145,6.266882,5.769365,6.294064,6.14079,6.176507,5.837121,5.675619
"ZNF680",5.602036,6.236186,5.542562,5.645262,6.371141,6.414181,5.934781,5.219267,5.304498,5.788415,5.314045,5.372449,6.210078,6.850899,5.725571,6.199841,5.692511,5.284888,5.717098,5.946076,6.520882
"ERV3-1",10.012696,9.487651,9.216105,8.432965,8.434643,9.65913,7.728049,9.55399,8.987263,8.949544,10.398449,10.290006,10.077187,8.478296,9.527402,9.615467,9.71629,9.875637,9.995984,10.101581,10.363693
"LINC00174",6.854359,6.985605,7.217724,6.882686,6.997995,6.853784,6.73329,6.783278,7.013673,7.557043,7.642751,7.465943,7.353152,7.575506,7.831598,7.802379,7.497073,7.597832,7.596877,7.628119,7.452646
"SPDYE7P",7.337542,7.315599,7.502559,9.004964,7.369538,7.479511,6.915725,7.620055,7.759725,9.061331,8.928389,8.292618,7.535706,8.441831,8.24969,7.861172,8.684488,8.649258,8.517976,8.051349,7.732654
"NSUN5",8.137531,8.213986,8.178922,8.515821,7.838478,7.972453,8.336179,7.894073,8.24802,9.238349,8.906123,9.103422,8.890458,9.199543,8.883666,9.053053,9.200179,9.017368,9.246592,8.972792,9.307733
"HIP1",7.050031,7.740178,7.906945,6.646173,7.141249,7.972505,7.192838,7.325376,7.892196,7.282998,7.859944,8.606665,7.883371,7.377284,7.704952,7.628778,7.721456,7.712458,7.874261,8.173633,8.127602
"FDPSP2",5.235279,5.60298,6.178232,5.651002,5.845343,5.13445,5.491795,5.68938,5.804236,5.93383,5.867723,5.895762,6.076977,5.660631,5.721245,5.887594,5.881344,5.948104,5.597293,6.102733,5.361797
"FGL2",11.506565,11.367909,11.018628,10.692789,11.412033,11.487993,11.036178,11.323344,11.429272,9.987743,11.100671,11.063357,11.386257,10.502885,10.602892,10.902369,10.415531,10.583259,10.770653,11.152522,10.453751
"GSAP",8.50223,8.736144,8.501616,8.563235,8.703936,9.03631,8.709973,7.853394,9.181135,7.718447,7.820888,8.066265,8.363699,7.981034,8.12455,7.86833,7.708797,7.713873,7.981122,8.258727,8.398193
"ELAPOR2",6.992124,7.146857,7.444519,7.000702,6.996405,5.721753,7.446089,6.205535,7.653551,7.06239,6.65317,6.952164,6.5179,7.396786,6.825725,6.300343,7.133796,7.048816,6.882125,7.726006,7.286909
"ABCB4",6.535632,7.669315,7.538288,7.485651,7.316184,7.838015,8.127903,7.110594,6.914269,6.919511,6.769418,7.159901,6.461408,7.147923,6.879175,7.027204,7.224785,6.762001,7.099331,7.239558,7.400302
"SLC25A40",8.438559,8.724299,8.4732,8.103907,8.653698,8.689624,8.303373,7.707193,8.692155,9.127459,8.858869,8.753994,9.452836,9.415856,9.039738,9.302189,8.806484,8.93909,9.475457,9.479936,9.179072
"SRI",8.381358,8.575192,8.241867,8.257405,8.408291,8.351424,8.493193,7.996127,8.483053,9.124933,8.785448,8.982728,9.458235,9.383119,9.161374,9.162666,8.864917,9.152111,9.111882,9.492877,9.111684
"STEAP4",10.657691,10.123668,10.099093,8.967258,10.163411,10.732502,9.668277,10.900445,10.687061,9.836733,10.611543,9.753282,10.351862,9.786358,9.567257,9.826449,9.658493,9.365819,9.845122,10.376315,9.748859
"MTERF1",6.448114,6.2306,6.168142,6.465792,6.603811,6.813768,6.571722,5.975203,5.910907,5.921413,5.791421,5.893538,6.726006,6.72922,6.007074,6.429276,6.146388,5.699592,6.070713,6.262771,6.287949
"CYP51A1",7.901854,5.876482,6.66718,6.253038,7.690918,7.312189,7.029206,6.922,7.232999,6.299752,5.538267,6.10359,6.626394,6.074779,5.364115,6.052164,5.852247,6.237846,6.165433,5.743293,6.02712
"ERVW-1",5.637574,5.687903,5.82709,6.427609,5.677205,5.4364,6.174457,6.405958,5.783683,6.223909,6.127822,6.021141,5.546766,5.703452,5.682371,5.639689,5.990474,6.114936,5.913304,5.376278,5.55402
"SAMD9",8.310603,9.362335,8.207032,8.3201,9.263082,9.679664,8.659319,8.326592,8.393305,7.954644,8.140283,9.307746,9.370415,9.595684,8.113635,8.721003,8.681609,8.044746,8.266824,8.569491,8.980947
"SAMD9L",8.9857,10.336971,9.101312,8.994636,9.953142,10.439416,9.459444,8.4382,9.58191,9.7811,9.732196,11.456087,10.270215,10.120212,9.932076,10.000303,10.283687,9.743953,9.648966,10.032477,10.462733
"BET1",7.33798,7.739655,7.564867,7.674558,7.742234,8.001208,7.533387,6.744395,7.351584,7.538606,7.006565,7.097711,7.567242,7.925078,7.335128,7.450542,7.190092,7.270175,7.405189,7.540894,7.608774
"PDK4",7.740905,9.231755,8.297043,6.737552,8.664744,7.533051,8.105742,7.820054,8.761126,6.75342,8.583922,8.282342,8.447467,7.581579,7.707687,8.228237,8.334922,8.197448,8.355547,8.425421,8.682222
"CCZ1P-OR7E38P",9.506874,9.471047,9.613309,10.019161,9.323086,9.188354,9.407433,9.452446,9.815466,10.349425,10.028377,10.108845,10.007477,10.299303,10.223718,9.922742,10.240406,10.368882,10.057394,10.021351,10.0407
"FAM200A",5.343315,5.785049,5.161561,5.412663,5.737987,5.385912,5.40891,5.168975,5.235521,5.038231,4.887613,4.84712,5.581048,5.971218,4.911902,5.162409,4.933167,4.974309,4.938696,5.354322,5.318705
"CYP3A4",4.148333,4.530054,4.244089,4.617247,4.601169,4.441645,4.677748,5.128636,4.120309,4.65479,3.977638,4.120309,3.807531,4.012856,3.677312,4.007703,3.854323,4.049599,3.837735,3.809582,3.566439
"PMS2P1",8.868128,9.389174,9.351526,9.452978,8.813564,9.369223,9.175168,8.474669,9.108598,9.131882,8.892928,9.238562,9.273582,9.693986,9.211549,9.566565,9.192794,9.112692,9.142602,9.298146,9.520719
"FBXL13",7.528136,6.447354,6.432875,5.880428,6.179631,7.543719,6.076306,7.065583,7.540083,5.924916,6.957074,5.918534,6.277971,6.203888,6.257683,5.980699,6.217803,6.160257,6.649111,6.611791,6.87767
"NAPEPLD",7.078178,7.579674,7.480258,7.264217,7.246082,7.5676,7.118116,6.478383,7.078388,7.459497,6.920661,7.253408,7.215497,7.749468,7.338382,7.613722,7.300826,7.120295,7.409094,7.654668,7.874492
"ORC5",7.636905,8.170438,7.696897,7.954236,7.951817,8.260074,7.677583,7.191118,7.597767,7.388958,7.067718,6.919985,7.636733,8.100669,7.276194,7.554771,7.338956,6.894917,7.361962,7.597436,7.627714
"SRPK2",10.245753,10.028792,10.218874,9.952877,10.081253,10.621419,9.938509,9.786824,10.50484,9.007188,9.44852,9.145279,9.017267,9.093859,9.277454,9.266743,9.179681,8.93938,9.08758,9.265323,9.499162
"PUS7",5.975663,6.594605,6.086858,5.978238,6.08623,6.097149,5.922231,5.476151,5.68413,5.505775,5.214475,5.454061,5.570312,5.807123,5.326854,5.443665,5.270847,5.210607,5.340694,5.718921,5.388777
"ATXN7L1",7.667224,8.098544,8.011913,8.098493,7.721246,7.911993,7.700526,7.642534,8.019338,8.521515,8.563138,8.82257,8.485297,8.566624,8.695752,8.615209,8.460607,8.59728,8.658581,8.511586,8.641251
"SYPL1",9.619065,9.75467,9.984826,9.814018,10.042504,9.954288,10.12538,9.581486,9.777779,9.079356,8.612218,9.105603,9.110466,9.268756,8.961099,9.106685,9.146614,8.959892,9.277864,9.340618,9.16794
"PNPLA8",7.62928,7.856861,7.522836,7.641496,8.070206,8.275714,7.7905,6.987898,7.712723,7.095805,7.021983,6.590658,7.896117,8.012024,7.030278,7.486143,7.113243,6.925695,7.270145,7.62394,7.509137
"C7orf66",5.143975,4.791495,5.215909,5.427134,5.097389,5.010434,5.062247,5.71843,5.131544,5.980798,5.58652,5.516355,4.800644,5.537001,5.253901,5.024074,5.229263,5.476007,5.111235,4.946665,5.035088
"IMMP2L",5.363533,5.518698,5.090023,5.429079,5.255845,5.827428,5.544211,5.10488,5.036578,4.633914,4.42352,4.811982,4.662338,4.982013,4.811914,4.855614,4.80008,4.825063,4.798883,5.009111,5.081873
"DOCK4",7.836714,7.848395,7.087654,6.594525,7.51707,8.160425,6.917724,7.259122,8.222619,6.997111,7.84122,8.740392,7.201473,7.103948,7.356533,7.061902,7.266878,7.093255,7.289752,7.190213,7.87778
"TMEM168",8.87754,9.20925,9.270287,9.276911,9.363367,9.594211,9.157399,8.460444,9.204195,8.033791,7.745063,7.581571,8.162547,8.583049,8.134042,8.353874,8.137209,8.015409,8.279465,8.521676,8.523044
"SMIM30",6.248824,6.796415,6.326961,6.52418,6.069463,6.514506,6.451585,6.220143,6.454509,6.694582,6.433352,6.361495,6.874103,7.401451,6.716284,6.323189,6.683123,6.259397,6.582654,6.306612,6.525859
"TFEC",7.185664,7.523928,6.467639,6.127808,7.530275,7.21413,6.51557,6.67444,7.217576,6.462309,6.754066,7.484665,7.821171,7.330748,7.272707,7.406616,6.730623,6.962607,7.281931,7.69644,7.257458
"TAS2R16",4.436169,3.950072,3.713813,4.393116,4.182558,4.17619,4.769427,4.433888,3.911984,5.2704,4.655803,4.488914,3.799674,4.284924,4.356372,3.859222,4.696354,4.525074,4.227439,3.846147,4.057494
"NDUFA5",6.337478,6.442977,6.078234,6.599516,6.151525,7.28463,5.897205,5.898829,5.816621,5.900013,5.426137,5.645729,6.10637,6.876368,5.623118,5.98401,5.723381,5.176256,6.085047,5.713357,6.018506
"TMEM229A",5.939607,5.087013,5.739551,5.442235,5.899576,5.548312,6.671358,6.559633,5.746414,5.798334,5.639036,5.945747,5.600603,4.886798,5.375761,5.114933,5.735962,5.726108,5.674792,5.680721,4.950051
"POT1",6.879939,7.398284,7.240064,7.044333,7.345303,7.871189,6.737581,6.511001,6.799937,6.700334,6.410826,6.224601,7.419564,7.600727,6.578516,7.049779,6.651628,6.384329,6.842562,6.899784,7.143985
"LRRC4",7.984808,7.771208,7.369338,7.04627,7.791278,7.414191,7.256496,7.825069,8.022981,7.853693,8.864275,8.293971,8.158061,7.597543,8.074953,8.565737,8.120461,7.903548,8.231247,8.075514,7.945594
"CDC26",7.200663,7.256279,6.864634,6.854096,6.931414,7.389669,6.939033,6.704711,6.288334,6.584574,6.647603,6.356626,6.863813,6.861738,6.725311,6.97465,6.813711,6.217587,6.524604,6.61917,6.331515
"TMEM209",8.181242,8.92022,8.782589,8.836616,8.79123,9.049545,8.706819,8.003343,8.781509,8.940057,8.614807,8.990055,9.15911,9.438266,9.248985,9.27627,9.092545,8.821825,9.195247,8.897536,9.310212
"MIR29A",5.80608,4.980929,4.75508,5.219972,5.70335,5.724534,5.230118,5.074296,6.213234,4.544522,4.504951,4.896016,4.956601,4.618881,4.617957,4.978927,4.398826,4.69169,4.933562,5.263343,5.171844
"MIR29B1",4.143965,3.557339,4.113066,3.775083,3.937317,4.051774,3.578986,3.60126,4.275183,3.028222,3.191998,3.358123,3.228605,3.228735,3.102526,3.400309,3.276237,3.12672,3.403363,3.470822,3.246034
"CHCHD3",7.413779,7.856495,7.466723,7.56842,7.625752,7.732667,7.225813,7.381931,7.404734,7.934045,7.679124,7.898937,8.324089,7.880849,7.812438,8.063826,7.644332,7.971524,8.091651,8.37017,7.782397
"AKR1B1",7.698283,8.132497,8.110197,7.730512,8.1711,7.696712,7.787503,7.662051,7.923684,9.723569,8.994702,9.169749,9.591686,9.65551,9.62087,9.668457,9.216546,9.435962,9.466485,9.626999,9.672791
"HIPK2",8.125496,8.644439,8.692191,8.498531,8.412571,8.712254,8.525218,8.309226,8.95526,9.432658,9.094588,9.326386,8.860733,8.66523,9.063427,8.939106,8.869069,8.992528,9.071504,9.002472,9.206281
"PARP12",8.678523,9.60902,8.835451,8.801704,9.057938,9.213703,8.943419,8.261712,8.991104,9.314279,9.168177,11.253512,9.430546,9.728873,9.546097,9.280114,9.70026,9.438099,9.355675,9.374992,9.744329
"MKRN1",11.275298,11.788004,11.795009,11.606652,12.214478,11.836492,12.2862,11.653223,11.514302,11.116883,11.318453,10.663117,11.470126,10.24619,10.683843,11.16548,10.889526,11.073127,10.836755,10.940795,11.442245
"MRPS33",6.857495,6.767719,6.775461,6.541064,6.790313,6.705202,6.402345,6.592112,6.585377,6.246713,6.412218,6.095993,6.596196,7.14376,6.410032,6.433206,6.45087,5.966,6.314038,6.273106,6.311424
"DENND11",8.048874,8.470232,8.473472,8.184778,8.149381,8.566575,8.479957,7.960199,8.391349,8.523913,8.011239,8.423261,8.433441,8.584417,8.445591,8.872569,8.297194,8.57723,8.918598,8.725138,8.769999
"CLEC5A",5.471181,5.97523,5.545325,5.913972,5.866716,5.510283,5.228933,6.138096,5.706522,5.735497,6.071116,5.611569,5.789083,5.934085,5.840241,5.958582,5.610599,5.458746,5.925471,5.074784,5.605379
"OR9A2",4.901183,4.799968,5.092741,6.225638,4.978651,4.907396,5.193731,5.768874,5.103032,6.056636,6.039454,5.562634,4.936549,5.41516,5.175494,4.796472,5.893588,5.460972,5.198337,5.016324,4.712845
"TCAF1",6.388362,4.893664,5.375384,4.282049,6.439878,4.503024,5.490099,4.827086,6.137672,5.048328,5.233227,5.583453,5.549494,4.093375,4.78303,4.97179,5.01137,5.350392,4.851846,5.34443,4.988357
"TPK1",7.106122,7.599793,7.675804,7.057947,7.458676,8.030422,7.587174,6.964182,7.468417,7.15858,6.911898,6.99132,7.001801,7.33806,7.107377,7.464032,7.078981,6.86453,7.262687,7.548049,7.548699
"PDIA4",8.033468,9.189438,8.702451,8.296475,8.45073,8.466172,8.467822,7.871252,8.584454,8.546722,7.802983,8.250624,8.274944,8.187552,8.001931,8.034087,8.008089,8.425507,8.493562,8.398216,8.142987
"ACTR3C",7.554429,7.819052,7.875318,7.560939,7.336545,8.144285,7.179266,7.364549,7.855922,6.61789,6.744256,6.668269,7.015696,7.130332,7.021082,7.077365,6.231336,7.080668,7.026882,7.38169,7.158067
"TMEM176B",8.704165,9.01051,8.684294,7.566752,8.932738,7.805661,7.510627,8.039764,8.246797,8.896479,8.961992,8.05023,7.766025,8.219867,7.967296,7.476947,8.577912,8.742946,8.604748,7.731791,8.443845
"IQCA1L",4.556341,4.488316,4.705196,5.247793,4.993941,4.387374,4.851125,5.127521,4.848699,4.123129,4.286583,4.576994,4.427463,4.154988,4.636546,4.589779,4.645732,4.490985,4.526039,4.364083,4.264596
"RHEB",7.530533,7.431086,6.798205,7.429384,7.23812,7.627704,6.686966,7.193166,7.330483,7.341214,6.951577,7.173361,7.282161,8.050978,7.46167,7.485695,7.025263,7.077034,7.260468,7.455109,7.542953
"ERVFC1-1",6.210972,5.238637,5.938892,6.895201,5.770152,6.133016,5.804646,6.962368,5.247469,6.549677,6.296775,6.030446,5.59721,6.261152,6.170032,5.866638,6.158179,6.008598,5.974561,5.830439,5.661838
"THAP5P1",3.800644,4.134871,3.946279,3.326169,3.837018,4.962734,4.556398,3.310274,3.564622,3.365076,3.406772,3.437154,3.698829,3.701079,3.341563,3.504157,3.61879,3.602372,3.278395,3.661322,3.60564
"NCAPG2",6.78636,7.62362,7.419011,6.750629,6.073663,7.138104,7.211258,6.617742,7.008328,6.258238,6.231694,6.332478,6.382658,6.203621,6.248653,6.298679,6.169958,6.280357,6.553449,6.259031,6.406868
"AGPAT5",7.950398,8.559607,8.389685,8.246821,8.572534,8.573042,8.448394,7.887953,8.027668,7.574273,7.046367,7.611999,7.841722,7.866289,7.345678,7.927881,7.563152,7.644322,7.740098,7.860898,8.034597
"MICU3",5.911226,6.270314,6.686975,6.651389,6.664817,6.613972,6.219598,5.62026,5.512639,6.09036,5.792581,5.781216,6.029617,6.924698,6.112794,6.137376,5.777641,6.147093,6.003733,6.419327,6.230637
"PCM1",8.858532,9.163833,9.236336,8.983876,9.073689,9.546479,9.160077,8.480925,8.923745,8.508895,8.273236,8.264373,8.488942,8.668571,8.564585,8.731449,8.824589,8.404047,8.684589,8.773533,8.834896
"INTS10",8.026037,8.621273,8.522738,8.468142,8.524392,8.791898,8.412926,7.715483,8.280189,7.698321,7.522033,7.647037,8.057302,8.162713,7.929929,8.048775,7.814895,7.501125,8.008237,7.896375,7.892762
"DMTN",8.88677,10.524669,9.926517,9.415534,10.410009,8.999338,9.920914,8.952086,9.759866,9.978436,10.407704,9.578927,10.41611,8.908844,10.241634,10.102029,9.966295,9.980588,10.095519,9.264902,10.313944
"POLR3D",7.412347,7.983512,7.765476,7.484957,7.845681,7.705279,7.557536,7.314002,7.77733,8.494575,7.927989,8.210684,8.304724,8.579136,8.132444,8.281749,8.266435,8.262654,8.329806,8.407317,8.409422
"PPP3CC",9.356921,9.680462,9.83186,9.74376,9.454711,9.879879,9.50898,9.108593,9.396191,8.734254,8.117816,8.656735,8.89262,9.175622,8.955648,8.946787,8.933372,8.77567,8.919792,9.033159,9.17918
"SLC25A37",11.204536,11.713813,11.29697,10.993971,11.782291,11.545314,11.602555,11.65561,11.667447,12.000699,12.214198,11.823166,12.288733,11.384048,11.718794,12.01925,11.744015,11.842747,11.869433,11.94123,12.05229
"ADAM28",8.725722,9.336956,9.26718,9.426625,9.103277,9.692492,9.69743,8.90606,9.020895,8.426407,7.916068,8.79671,7.964935,8.897846,8.726941,8.93342,8.518771,8.504534,8.839921,8.84899,8.868209
"DOCK5",10.257306,9.322631,9.779427,8.668749,9.836343,10.306973,9.221357,10.008704,10.497302,9.10778,10.376849,10.098707,9.667213,9.183507,9.790313,10.008294,9.431363,9.315979,9.620682,9.786687,9.670382
"BNIP3L",10.94461,11.877775,11.727554,11.066628,12.040524,11.546185,12.029561,10.79951,11.482181,11.879843,11.760272,11.724151,12.045327,11.35643,11.737477,12.244929,11.626753,11.842938,11.803187,11.889284,12.436169
"FZD3",6.526565,6.770572,6.626562,6.629137,5.938067,6.575843,6.305124,6.527759,7.014004,6.113904,5.953776,5.766695,5.93813,6.249017,5.84328,6.03027,5.695249,5.891703,5.855548,6.668957,6.352115
"LEPROTL1",10.39374,10.210146,10.630139,10.568256,10.534932,10.4388,10.43373,9.815255,10.234208,10.030433,9.735559,9.601859,10.068558,10.473458,9.884614,10.009629,9.913338,9.961488,10.132063,10.167041,10.08917
"DCTN6",6.667976,6.385826,6.118746,6.282271,6.030597,6.548919,6.091944,5.533811,6.008224,6.30355,6.204413,5.940511,6.713963,6.931732,6.077339,6.721337,6.415445,6.181528,6.580263,6.476426,6.314649
"WRN",6.865594,7.710949,7.416721,7.072314,7.558266,7.91054,7.447181,6.403118,7.233884,7.072807,6.828441,6.905646,7.22861,7.427675,7.042735,7.030003,7.168013,6.975381,7.218056,7.383768,7.509266
"MAK16",7.822116,7.866478,7.533758,7.554817,7.608656,7.990026,7.717837,7.005622,7.457668,7.144728,6.791242,6.978974,7.418286,7.695885,7.292616,7.275811,7.102138,6.972302,7.304287,7.26211,7.322405
"PLEKHA2",9.162123,9.8879,9.626754,9.211538,9.557881,9.49608,9.587665,9.140581,9.491302,9.921296,9.820318,10.187787,9.802336,9.80114,9.831649,10.017063,9.889205,10.000731,10.116576,10.231361,10.104881
"IDO1",6.525724,5.80127,6.08101,6.080373,6.218873,6.405026,5.502128,5.83009,5.830477,5.358874,6.427464,7.541989,6.603948,5.497921,5.894705,6.237019,6.034362,6.194806,6.185518,6.287035,6.709849
"AP3M2",7.77355,8.287604,7.939323,8.084231,7.980967,8.451157,7.844789,7.543896,8.089133,7.415235,7.318689,7.283997,7.355953,7.46268,7.367876,7.465185,7.29509,7.188158,7.582799,7.524596,7.525994
"POLB",8.516221,8.407641,8.088049,7.783599,8.231452,8.896999,7.982152,7.603741,8.336227,8.011016,8.562398,8.455543,9.093602,8.967754,8.479906,8.895737,8.494757,8.350103,8.453976,8.613192,8.457233
"UBE2V2",7.282404,7.244709,7.46547,7.564024,7.83823,8.002223,7.666544,6.891939,7.209618,6.627721,6.450874,6.495298,6.889533,7.134076,6.936,6.734128,6.838395,6.683825,6.710788,6.802913,6.724424
"PCMTD1",5.317378,5.500458,5.626029,5.383076,5.659334,5.632223,5.730202,5.672149,5.006581,6.556383,6.593515,5.813963,6.163596,6.162233,5.784529,5.895768,5.913511,5.790396,5.837152,6.11213,5.557808
"LYN",11.33466,11.378779,11.521404,10.683931,11.376505,11.828723,11.486184,11.791918,11.961262,11.45154,12.107062,12.086509,11.451993,10.968207,11.478252,11.598575,11.530161,11.315852,11.572392,11.463959,11.551444
"CHCHD7",6.42101,6.352027,6.792542,6.553663,6.352307,6.787577,6.544215,5.793862,6.356752,5.587504,5.558338,5.504499,5.941412,5.772382,5.648545,5.670849,5.568437,5.260766,5.700891,5.593894,5.770737
"UBXN2B",9.350267,8.792381,8.945036,8.668016,9.309576,9.87411,8.723652,9.518383,9.156677,8.989448,9.606944,8.710737,9.551568,9.059118,9.008164,9.486791,9.07517,8.832604,9.281228,9.315521,9.382973
"RAB2A",9.218911,9.02652,9.037205,8.843832,9.147875,9.634646,8.763883,8.800824,9.160279,8.34313,8.499172,8.322278,8.668358,8.777301,8.511574,8.664233,8.309957,8.268058,8.465791,8.682229,8.721887
"ADHFE1",7.08395,7.252079,7.084553,6.953799,7.184376,7.314752,6.620623,6.641744,7.495625,7.247341,7.850456,7.466836,7.795734,7.293536,7.941754,7.742976,7.457983,7.471104,7.544728,7.763493,7.987509
"LY96",6.453566,6.780038,5.733512,5.353406,6.305806,7.025116,5.36601,6.0342,6.670379,6.150932,6.479605,5.632727,7.391487,7.740964,6.029564,6.993006,5.790444,6.112831,6.467439,6.854036,6.434399
"ZC2HC1A",6.822172,7.257013,6.0604,6.002242,6.610302,6.961108,5.915138,6.000546,6.189608,6.621816,6.209216,6.20621,7.136861,7.278172,6.644864,6.410592,6.431839,6.565491,7.086872,7.087105,6.29622
"E2F5",6.867192,7.885124,7.11347,7.107846,7.216261,7.784451,7.290798,6.312456,6.95865,7.698119,6.968228,7.454253,7.409862,8.110864,7.465944,7.65769,7.569421,7.288622,7.55185,8.246678,7.933856
"CA2",7.032837,8.233796,7.606477,7.091594,8.193992,7.734895,7.206327,7.473049,7.632347,7.348322,8.615477,7.655672,8.701213,7.056668,7.591155,8.483247,7.708975,7.872379,7.870797,8.17242,8.218906
"CPNE3",8.974116,9.494053,9.099995,8.978976,9.444211,9.437424,8.487204,8.803566,9.244612,9.460943,9.464344,9.51773,9.67172,9.454247,9.572929,9.761707,9.544377,9.657622,9.972539,9.549463,9.92835
"OSGIN2",8.134527,7.920251,7.583392,7.732691,8.060296,8.537311,7.837932,7.595939,7.809353,7.199678,7.991607,7.561802,7.972651,7.720833,7.700886,7.513098,7.714985,7.684845,7.874147,7.878712,7.866493
"DECR1",9.063242,9.221297,9.108805,8.963104,9.022979,9.217299,8.827855,8.726799,8.865486,8.436288,8.405518,8.489254,8.669112,8.655128,8.467071,8.812316,8.464573,8.38012,8.619785,8.729991,8.774727
"OTUD6B",7.629857,7.69322,7.6317,7.664583,7.479831,7.885149,7.230979,6.999631,7.213492,7.890802,7.504697,7.521174,8.510912,8.617183,7.990851,8.068613,7.963976,7.85555,8.160322,8.577333,7.612653
"DPY19L4",6.595062,7.231822,7.061657,6.988588,7.107709,7.007334,7.34254,6.565459,6.918527,6.841433,6.194265,6.21657,7.054758,7.146545,6.646542,6.882928,6.276916,6.444684,6.586196,6.893938,7.187422
"INTS8",8.613432,8.759926,8.695021,8.427961,8.61613,9.289492,8.395562,8.180901,8.80772,7.785326,7.733823,7.793871,7.910049,7.940414,7.823797,8.219875,7.726723,7.55275,8.029065,8.292052,8.179292
"PLEKHF2",7.992421,8.501896,8.385087,8.442551,8.622072,8.975563,8.354492,7.94296,8.307459,7.882193,7.587597,7.556725,8.336251,8.443631,7.561639,8.045998,7.915169,7.377124,8.060642,8.289804,8.420445
"CPQ",9.259109,8.558721,8.590909,7.722028,8.794098,8.957622,8.273034,8.750738,9.259695,8.970479,10.024032,9.489358,9.209035,8.569755,9.168335,9.387283,8.952071,8.93597,9.200866,9.55665,9.288312
"POLR2K",7.185568,7.244935,6.196676,7.007558,7.186856,7.569091,6.671375,6.404596,6.576189,7.112078,6.65785,6.560574,8.184785,9.143898,7.219538,7.933199,7.054543,6.951843,6.969927,7.528482,7.158773
"ATP6V1C1",8.550231,8.531538,8.386554,8.203955,8.893281,9.575775,8.102277,8.340454,8.387879,7.741097,7.538109,7.18245,7.737945,7.873197,7.597756,7.802136,7.589137,7.41951,7.930532,7.962458,7.948068
"DCAF13",7.925014,8.012852,7.604553,7.853423,7.881074,7.856521,7.813468,7.230322,7.413906,7.139831,6.71898,6.696543,7.525962,7.517179,7.14376,7.369134,7.16579,6.998816,7.318349,7.27177,7.081646
"OXR1",7.446,7.980349,7.650564,7.750089,7.839212,8.560384,7.493804,7.054725,7.462021,7.429004,6.590966,6.95409,8.054979,7.67158,7.018958,7.314264,7.082559,7.130845,7.483716,7.778721,7.678826
"EMC2",6.700009,7.024225,7.300937,7.220917,7.65161,8.356656,7.710161,6.822534,7.33153,7.178389,6.870338,6.361496,7.453349,7.737947,7.197868,7.085075,7.113338,6.622494,6.783989,7.292395,7.107815
"ENY2",7.199693,7.046052,6.57706,6.968861,6.879691,7.425178,6.69594,6.126043,6.813256,7.07713,6.818256,6.894427,7.765929,8.08981,7.108221,7.753615,7.091291,6.948046,7.480193,7.238412,7.275414
"EBAG9",6.685389,7.117361,7.198583,6.964514,7.190375,7.29756,6.996199,6.89725,6.683827,7.680785,7.215115,7.192551,8.091647,7.820204,7.304926,7.808071,7.542724,7.434193,7.576947,7.617117,7.649422
"MTBP",5.927837,6.535806,5.961199,5.71224,5.920835,6.932575,6.009632,5.678205,5.563076,5.72237,5.398126,5.405291,5.791959,5.867423,5.415746,5.765184,5.594622,5.652092,5.805666,5.910437,6.17445
"TBC1D31",7.675449,8.236064,7.589388,7.782727,8.139837,8.477094,8.198798,7.081689,7.798556,7.399302,7.059182,7.116624,7.517689,7.458468,7.449142,7.393651,7.290138,7.187122,7.256531,7.52659,7.7219
"NTAQ1",6.677205,6.594223,6.795944,6.539505,6.869606,6.945588,6.555687,6.509,6.689297,5.798807,5.713986,5.983931,6.144581,5.944289,6.080513,6.00986,5.751995,5.753959,6.010353,6.12116,6.144893
"TRMT12",7.172152,7.056688,6.987359,7.025596,7.177194,6.861475,6.856822,6.227718,6.91682,6.42846,6.256987,6.511441,6.898083,7.005603,6.675338,6.817155,6.469331,6.308942,6.396426,7.107698,6.605851
"NSMCE2",7.001114,7.281571,7.034204,6.773127,7.14683,7.551955,7.003112,6.296393,6.930362,6.460158,5.899034,6.167074,6.723386,7.023676,6.330153,6.729217,6.236919,6.428252,6.792458,6.856857,7.068132
"TRIB1",7.898894,7.836214,8.111229,7.6361,8.014453,7.779752,7.72961,8.290535,8.353369,8.50839,8.772607,8.628869,8.919054,8.040119,8.480737,8.559702,8.33126,8.408387,8.80519,8.265272,8.60411
"POU5F1B",7.518671,6.433479,6.814862,7.222935,6.753956,7.127204,7.423807,7.419919,7.235605,6.404154,7.286972,7.082296,7.159083,7.186513,7.319529,7.310724,7.366315,7.292508,7.36846,6.593161,7.076231
"PHF20L1",8.751298,8.72412,8.533412,8.269922,8.893288,9.402468,8.688998,8.405245,8.87153,7.914322,8.388599,7.74118,8.377275,8.339905,7.978383,8.516052,8.107305,7.806811,8.147804,8.565512,8.543167
"DENND3",10.111666,9.710237,9.753794,8.922907,9.657293,10.127261,9.486038,9.974356,10.60429,9.521295,10.175843,10.048457,9.7317,9.001016,9.570094,10.010663,9.414063,9.518609,9.520846,10.035835,9.737103
"PTP4A3",8.151609,7.89872,8.194099,7.850004,7.769,8.114617,7.992616,8.423708,7.911951,8.504526,8.818979,8.67239,8.647935,8.460661,8.56929,8.606709,8.596086,8.57935,8.567905,8.685904,8.728975
"LY6E",8.489266,10.442296,9.012305,8.62597,8.925413,8.608913,9.143541,8.736483,9.131581,9.345191,9.060126,11.293769,9.577337,9.845627,9.543616,9.107634,9.239311,9.086861,9.135254,8.960846,9.749566
"GRINA",8.059289,9.02828,8.525583,8.08801,8.590934,8.214381,8.549818,8.485262,8.77968,9.227514,9.449646,9.537045,9.440891,8.893886,9.575834,9.433414,9.26098,9.445223,9.607902,9.347995,9.205814
"EXOSC4",7.007007,7.056294,7.229689,6.859294,6.984951,6.595529,6.977696,7.147072,6.985097,7.453182,7.327993,7.591383,7.762334,7.911656,7.93736,7.847565,7.647157,7.627405,7.66366,7.732837,7.753041
"GPAA1",7.490275,7.712293,7.841216,7.471468,7.631909,7.503362,7.713194,7.996106,7.660007,8.918823,8.645167,8.801783,8.773245,8.606213,8.795388,8.697852,8.881946,8.89619,8.808333,8.852395,8.754779
"TMED10P1",6.943547,7.451097,7.052028,7.034018,7.012535,6.986438,7.120721,6.587915,7.028809,8.29193,7.949929,7.934597,8.351011,8.214805,7.893465,8.267355,7.986372,8.276425,8.668639,8.092322,8.336767
"RPL23AP53",5.312446,5.141692,5.757521,5.774232,5.717124,5.446373,6.205781,5.52411,6.030725,5.10879,4.665913,4.888489,4.84015,5.172664,4.894005,4.721899,4.792106,4.792845,4.882827,5.322413,5.116075
"PPP1R3B",8.580542,8.198072,8.098595,7.445444,8.308894,8.397257,8.049734,8.769456,8.604068,7.865964,8.405001,7.888281,8.019705,7.486197,7.914119,8.11658,7.577098,7.741516,8.029123,7.983476,7.822132
"DEFB134",5.585144,5.333956,5.592646,6.45709,5.55879,5.311944,5.291547,6.185362,5.736562,5.706041,5.934488,5.486342,5.128208,5.552513,5.450004,5.324545,5.548988,5.640547,5.663102,5.299459,5.153787
"LONRF1",7.641956,7.898172,7.691893,7.595839,8.099368,8.237967,8.047793,7.845707,8.197605,7.115303,7.270369,6.882628,7.330105,7.162714,7.047396,7.500363,7.052076,6.786609,7.462255,7.335648,7.37243
"MSR1",5.072752,5.785282,4.674847,4.945344,5.54687,4.805787,4.909306,5.109076,5.681889,5.064464,4.819379,6.325424,6.26442,5.344403,5.224248,5.239116,4.907297,5.129976,4.993248,5.306787,5.723958
"CNOT7",9.527904,9.828277,9.701864,9.764406,9.842624,10.074627,9.690212,9.45217,9.33777,9.208549,8.842756,8.772566,9.378166,9.817088,9.043475,9.298942,9.195411,8.931295,9.101899,9.165173,9.363615
"CSGALNACT1",8.295503,8.189845,8.233857,8.054226,8.362249,8.516849,8.04947,8.169815,8.080595,7.871007,7.75844,7.762456,7.278864,8.098453,7.890874,7.791469,8.039522,7.923322,8.472401,8.080061,7.910389
"CLU",8.031233,8.229377,8.727976,7.941677,8.364347,8.282409,7.876808,8.207881,9.020482,8.805552,9.031335,8.23198,8.485945,7.603855,8.62808,8.473396,7.987419,8.496231,8.520826,8.589426,8.741
"RNF122",7.779418,8.383919,8.582454,8.065003,8.251337,8.209785,8.178943,7.692668,8.31864,8.648213,8.645136,9.018411,8.680755,8.452251,8.255778,8.769211,8.616491,8.439135,8.587242,8.858169,8.709927
"LSM12",8.488524,9.023068,9.00114,8.894008,8.984204,8.546883,8.596189,8.590892,8.914596,10.217511,9.965723,9.991291,10.256922,10.200248,10.241692,10.150404,10.031058,9.952121,10.150244,9.773738,10.08528
"RAB11FIP1",9.147546,8.992244,9.163017,8.420505,9.085163,9.317355,8.859184,8.966888,9.540438,8.941104,9.888953,9.58609,9.241293,8.886829,9.268274,9.338351,9.420918,9.322884,9.333563,9.433901,9.390887
"LSM1",7.605477,7.450845,6.906357,6.931389,7.489125,7.366649,7.028154,7.06059,7.050304,6.697516,6.726941,6.830034,7.331536,7.449241,6.515282,7.078606,6.82755,6.759855,6.82882,7.168682,7.084446
"PLPP5",8.087503,8.598937,8.824697,8.607203,8.589233,8.543699,8.847575,8.504241,8.407563,8.606365,8.190543,8.913325,8.542229,8.723013,8.511828,8.915448,8.496632,8.670126,8.846607,9.034939,8.852897
"NSD3",9.574762,9.8299,10.003311,9.646637,9.792534,10.158998,9.680993,9.35638,9.782007,9.013608,9.182368,9.138913,8.649347,9.044566,9.013828,9.223482,8.943551,8.692948,9.033857,9.065971,9.283828
"ANK1",7.191811,7.986978,7.605134,7.082245,7.914517,7.197793,7.917399,7.313524,7.570258,7.847972,8.016274,7.743154,8.176714,7.14263,7.780421,7.866586,7.577652,7.70755,7.725621,7.526523,8.031849
"KAT6A",9.890153,9.799561,10.280333,9.797742,10.014486,10.414651,9.882808,9.837075,10.480387,9.270821,9.47064,9.295596,9.131975,9.257956,9.231193,9.374449,9.197402,9.175925,9.347303,9.476338,9.410163
"RNF170",8.00371,8.373962,7.971607,7.635717,8.015297,8.0331,7.791052,7.143079,7.85847,7.957211,6.997294,7.406089,7.965968,8.044945,7.680008,8.047269,7.650931,7.669029,7.911166,8.138991,8.076558
"CEBPD",8.487648,8.282284,8.247675,7.790116,8.286675,8.038577,8.085496,8.996859,8.397641,9.282449,9.953321,9.848054,9.972045,9.24764,9.501208,9.812602,9.440263,9.278645,9.26539,9.604958,9.367221
"PRKDC",9.017723,9.368198,9.352514,8.865712,9.051316,9.751352,9.113935,8.631032,9.573498,8.319329,7.975605,8.209527,7.768835,8.013861,8.235383,8.159984,8.144023,8.035961,8.255893,8.439918,8.346269
"RB1CC1",8.553663,8.505117,8.622939,8.340233,8.870887,9.35999,8.386928,8.30282,8.441474,7.420817,7.517279,7.084568,7.854379,8.156163,7.340023,7.840992,7.404756,7.156882,7.531653,7.845375,7.933498
"ATP6V1H",8.094759,8.567204,8.308935,8.484742,8.414167,8.54577,8.264595,7.816247,8.337123,7.59358,7.230041,7.606772,7.694276,7.718308,7.531014,7.89098,7.745433,7.440158,7.874826,7.799734,7.92797
"RPS20",11.205644,10.571365,10.395179,10.970544,10.372115,10.609308,10.42005,10.363045,9.628937,11.066754,10.476394,10.209668,11.049784,12.222925,10.558675,11.235771,11.142589,10.930493,10.920479,11.031271,10.61158
"SNORD54",8.775902,8.067849,7.937234,7.780943,8.005955,8.048577,7.854214,7.788949,7.083101,5.452543,5.17856,4.843531,5.65883,6.52159,5.238986,5.23071,4.762482,5.395802,5.729557,5.630414,5.757685
"BPNT2",7.305379,7.614676,6.943188,6.933265,7.996156,7.717287,7.165971,5.960136,7.30926,7.445687,7.232677,7.440013,8.260628,7.975482,8.011108,8.047206,7.875109,7.512915,8.067241,7.89776,8.051863
"TOX",7.261478,8.274236,8.185344,8.320924,7.913522,8.053747,8.045325,7.293667,8.10635,8.540096,8.184479,8.055138,8.705795,8.787976,8.460492,8.319491,8.592215,8.035854,8.240546,8.04603,8.666861
"ARMC1",7.351865,7.832293,7.825344,7.684108,7.961925,7.945467,7.873387,6.943155,7.895961,6.788706,6.143103,6.514966,7.162119,6.9018,6.83338,6.906513,6.746395,6.517278,6.877809,6.816591,6.913653
"PDE7A",9.572828,9.790087,10.225485,10.166738,9.945587,10.213474,9.910336,9.460976,9.65785,9.297529,8.756789,8.747311,9.090454,9.433752,8.966323,9.339416,9.081179,8.950664,9.108981,9.336873,9.465955
"MYBL1",8.239493,7.921938,7.290051,7.047416,7.513458,8.314054,8.086815,6.902487,8.976349,7.684676,8.679636,8.063132,8.806797,7.83211,8.589161,8.198529,8.03501,7.851812,8.031442,8.165416,8.933146
"COPS5",7.495283,7.553783,7.579661,7.585962,7.519885,7.974871,7.53851,6.798398,7.579007,7.035511,6.87059,7.021348,7.182933,7.274648,7.168266,7.216446,6.838943,6.878893,7.203347,7.463704,7.296544
"TRAM1",10.601121,10.788317,10.426948,10.667849,10.490306,10.462261,10.306001,10.010948,10.455138,9.920282,9.411385,9.503063,9.979958,10.061601,9.855672,9.680504,9.499966,9.531427,9.849003,9.888377,9.801937
"UBE2W",10.348066,10.202469,10.046513,9.906753,10.543571,10.653079,10.27559,10.011936,10.062882,8.445426,8.736854,8.409295,9.22445,9.16102,8.678549,8.922353,8.528492,8.425896,8.65643,9.113332,9.147095
"PEX2",6.791991,7.301353,7.253568,7.44008,7.326706,7.573271,7.310688,6.677876,7.135873,6.581175,6.589609,6.409895,7.613889,7.720621,6.95046,7.210363,6.86226,6.68643,7.100698,7.224574,7.195775
"IL7",6.396731,6.779336,6.839591,6.832273,7.050019,6.915427,7.15154,6.282022,6.347807,6.564488,6.046849,6.198275,6.394023,6.753633,6.104291,6.3603,6.372607,6.112042,6.328802,6.959083,6.392151
"MRPS28",5.089071,5.569164,5.053154,5.272507,5.415735,6.01311,5.394812,4.894515,4.965415,5.01433,4.788037,5.015758,5.389789,5.716192,5.194304,5.263914,4.76501,5.09813,5.138423,5.141035,5.372813
"TPD52",7.273597,7.832001,7.946636,7.611518,7.618004,8.359442,7.929913,6.900034,7.245434,7.521174,7.118731,7.327578,7.324687,7.899216,7.402865,7.693422,7.371296,7.338949,7.72394,7.919786,7.809822
"IMPA1",8.486404,8.908795,8.647705,8.586706,8.779293,8.732031,8.909076,8.103045,8.323543,7.553301,7.307498,7.644653,8.33069,8.21286,7.664049,7.912769,7.69254,7.416703,7.592597,8.056585,8.185044
"ZFAND1",7.309062,7.732806,7.514043,7.726818,7.936127,8.134302,7.699116,6.750995,7.450973,6.576365,5.73249,6.091884,7.481804,7.99218,6.629916,7.17653,6.704387,6.534454,7.040629,6.87804,7.345259
"SNX16",6.487824,7.080995,6.330072,6.656156,7.099047,7.097254,6.806013,6.458686,6.536214,6.084402,6.096817,6.027164,6.994439,6.412517,5.870235,6.667631,5.889405,5.99052,6.358616,6.598899,6.704566
"RBIS",6.059319,5.939995,5.782181,5.228358,5.818612,6.569483,5.623182,5.182376,5.751925,5.613225,5.148825,5.418939,5.951569,6.603499,5.43385,5.851176,5.576677,5.11529,5.540105,5.832535,5.885142
"CA1",8.843639,9.651877,8.41702,9.123705,10.675178,8.550586,9.589329,8.114775,8.990533,10.12091,10.173626,9.337466,11.569028,8.382414,8.824073,9.554796,9.125665,9.753104,9.677574,10.509878,11.009971
"REXO1L1P",10.51643,9.724839,10.117745,11.738696,9.862458,9.558739,10.401532,11.388912,9.8928,11.910967,11.10179,11.014616,9.375656,11.161644,10.755061,9.461745,11.315749,11.177164,10.622902,9.637835,9.344378
"NBN",8.105559,8.642506,7.86056,7.56792,8.297639,9.180545,7.93304,7.500094,7.904961,7.431139,7.846883,7.862609,8.259168,7.962566,7.740841,8.100435,7.756661,7.618047,7.920551,8.068175,8.002285
"PIP4P2",8.948441,8.963018,8.859673,8.237519,9.094216,9.243406,8.605668,8.867985,9.080271,8.352366,9.141136,8.461901,8.999444,8.573886,8.452565,9.080041,8.3241,8.117905,8.595708,8.913128,8.777915
"RBM12B",8.553437,9.05935,9.014614,9.302075,9.39038,9.341598,9.056075,8.688669,8.663521,7.6946,7.727056,7.214816,8.161803,8.514697,7.549563,7.790674,7.608302,7.740705,7.911777,8.039147,8.097493
"VIRMA",8.033568,8.161376,8.415996,8.158913,8.245267,8.671295,8.237286,7.646604,8.299099,7.669871,7.404574,7.550121,7.533268,7.770805,7.474291,7.697217,7.601611,7.258375,7.621143,7.822565,7.763298
"MTERF3",7.003701,7.214844,6.873383,6.325817,6.923724,7.428924,6.820751,6.264166,7.017733,6.463116,6.176748,6.423771,6.517516,6.845357,6.375509,6.707779,6.274457,6.30425,6.56083,6.594239,6.625918
"RPL30",11.182848,11.018843,10.281888,10.828785,10.375225,10.918182,10.479926,10.306962,9.792167,11.807412,11.084675,10.576642,11.931245,12.566782,11.616092,11.987696,11.560503,11.576372,11.640554,11.746479,11.322633
"RIDA",4.971111,6.020177,5.599019,6.38002,5.576049,6.273631,5.81309,5.96689,5.858493,5.861532,5.839799,5.953153,6.336813,6.749601,5.677278,5.887343,6.268128,5.715616,5.726624,5.994168,6.05998
"NIPAL2",6.873682,7.238038,7.219644,6.469178,6.841322,7.150387,7.384825,6.79325,7.190213,7.130627,7.486156,7.998568,8.268509,8.097539,7.834989,7.938517,7.730026,7.843797,8.344483,8.362457,7.880016
"COX6C",7.461297,7.898862,7.165806,7.207903,7.285402,8.253897,7.408844,7.23288,7.091581,7.897817,7.057909,7.328959,7.656299,8.555756,7.706597,7.685641,7.648756,7.673504,7.700494,7.618058,7.866762
"RNF19A",9.200105,9.353749,9.317416,9.390062,9.570914,9.952504,9.567797,8.96821,9.426716,8.822787,8.670385,8.558435,9.184453,9.064321,8.827716,8.799936,8.671666,8.613945,8.812748,9.175565,8.994588
"UBR5",9.066836,9.335842,9.37561,8.842001,9.271248,9.741869,9.119419,8.868904,9.45704,8.134702,8.121005,8.358937,7.992399,8.096282,8.259462,8.338954,8.19452,8.139988,8.265018,8.542609,8.44456
"AZIN1",9.138001,9.394317,9.12391,9.28065,9.604891,9.86453,9.447048,9.059658,9.549531,8.462719,8.214383,8.015515,8.610196,8.745692,8.240473,8.69581,8.373752,8.038917,8.493575,8.54586,8.561481
"EIF3E",9.054653,8.664122,8.545144,9.034882,8.688493,9.660356,8.20589,7.885434,8.166245,7.817676,7.054757,6.841189,8.145992,8.454216,7.473942,8.171031,7.550699,7.303115,7.982413,7.652393,7.416906
"NUDCD1",7.034589,7.308345,7.026787,7.197011,7.401825,7.412127,7.185983,6.258974,6.51435,6.408159,5.738483,5.82743,6.928488,7.352655,6.175082,6.341566,6.455557,6.013701,6.285803,6.645488,6.705823
"RAD21",9.748918,9.864888,9.834255,9.676652,9.880666,10.244461,9.650016,9.557611,9.93785,8.492048,9.069821,8.907617,9.09754,8.838976,8.710983,9.177902,8.766339,8.37578,9.030665,9.086412,8.689765
"SAMD12",6.597006,5.308159,5.398172,6.196715,5.202151,5.458042,5.714381,5.30176,5.907331,5.038413,5.532962,5.225167,5.147906,5.327319,5.349143,7.031909,5.453999,5.551382,5.370273,5.359484,6.41216
"DERL1",9.148924,9.357851,9.20611,8.821632,9.287786,9.296774,9.183706,8.5751,9.43875,9.797296,9.627969,9.50031,9.712898,9.708473,9.64684,9.580159,9.546809,9.563069,9.848087,9.425484,9.750616
"ATAD2",6.723766,7.454465,6.972626,6.762577,7.261829,7.495666,6.808472,6.539698,6.664415,6.344054,6.283217,6.382898,6.625441,6.585335,6.501985,6.471658,6.413179,6.153644,6.289341,6.431442,6.612251
"TMEM65",8.432859,8.466996,8.766366,8.676189,8.691793,8.989644,8.770606,8.510947,8.854566,8.118563,7.775429,7.663966,7.875768,8.251139,7.74861,7.946848,7.566586,7.5276,7.972536,8.165801,8.062343
"TATDN1",8.417848,8.243952,8.929276,9.048988,8.426539,8.058783,9.303194,8.886539,8.806308,7.260738,7.708229,7.765549,7.844415,7.352495,7.769522,7.608772,7.917959,8.219247,7.215783,8.020533,7.356489
"MTSS1",7.600945,8.697645,8.840999,8.76741,8.73368,8.847393,9.175172,8.55718,9.074098,9.084511,8.456037,9.138259,8.912437,8.650396,8.974699,8.992668,9.064649,8.613133,8.728322,9.040895,8.824222
"LRRC6",6.503765,5.6762,4.968279,5.228989,6.083394,7.048288,5.671075,5.263018,4.708767,5.40592,5.913591,6.83505,6.416611,6.195143,5.593166,5.425989,6.085944,5.648621,6.286156,6.121008,7.293663
"TMEM71",10.78373,10.474499,10.685402,10.109162,10.605947,11.162064,10.307792,10.438534,10.843393,9.729513,10.361928,9.885198,10.356627,10.28554,9.849838,10.211052,9.67461,9.874618,10.037711,10.094709,10.263118
"SLC45A4",9.035952,7.824486,8.040308,7.502045,8.643796,8.137962,7.907413,8.63476,8.884555,7.906041,8.589052,8.389664,7.877993,7.953967,8.088399,8.499773,7.737487,8.071089,8.289604,8.106219,8.445367
"EEF1D",10.310921,10.239648,10.128199,10.094786,10.01612,10.127111,10.307079,10.136753,9.878279,9.858207,9.636948,9.558379,10.278284,10.796289,10.004518,10.308584,10.007761,9.608627,9.980772,10.125981,9.801024
"GFUS",7.950196,8.501962,7.672459,7.194705,8.251342,7.560141,7.88054,7.382796,7.771453,8.117843,8.442298,7.971952,9.24361,8.286939,8.378239,8.732696,8.075409,8.114695,8.152598,8.519372,8.612849
"VPS28",8.149553,8.806125,8.339131,8.021386,8.555748,8.056285,8.616917,8.323183,8.319094,9.183154,9.446716,9.333168,10.167674,9.222153,9.23807,10.015171,9.274725,9.047521,9.159319,9.236718,9.694576
"RPL8",11.621625,11.521917,11.458271,11.692751,11.511162,11.21492,11.87109,11.436701,11.244636,12.723992,12.105787,12.172052,12.770627,12.823434,12.542055,12.577307,12.395813,12.416918,12.272077,12.677657,12.57375
"ZNF252P",6.244202,6.296766,5.982603,6.026606,6.476508,6.834336,6.273092,6.091161,6.278156,6.132988,5.666068,5.880433,6.33593,6.539967,5.806408,6.251214,6.000988,5.760809,6.117436,6.319955,6.228792
"DGAT1",8.273384,8.495101,8.311013,8.093895,8.242297,8.126505,8.48999,8.366092,8.532958,9.08345,9.326369,9.2158,9.389205,9.200039,9.426857,9.428952,9.239176,9.135579,9.126293,9.381376,9.261228
"CDC37L1",7.437664,7.903467,7.587593,7.431385,7.699973,8.040748,7.420223,6.741603,7.244306,6.991225,6.801028,6.5307,7.268415,7.520251,7.062998,7.094592,6.724082,6.558174,7.167679,7.39575,7.449281
"JAK2",8.947528,9.222489,8.662762,8.35087,9.365452,9.415195,8.824898,8.574207,9.0677,7.621386,7.691125,8.393784,8.341585,8.122992,8.240336,8.053967,7.657849,7.519726,7.893044,8.078123,8.294681
"CD274",6.462322,7.719641,6.637571,6.68981,7.671595,8.255457,6.723659,6.832422,7.524345,6.874054,7.255149,7.863657,7.321108,6.729389,6.893669,6.818861,6.674088,6.294121,6.914144,6.415328,7.222043
"RIC1",8.755743,9.475233,8.941335,8.657469,9.170306,9.336226,9.247062,8.354208,9.129674,8.46648,8.364998,8.668041,8.504699,8.560124,8.400134,8.545005,8.284522,8.287325,8.689934,8.628412,8.801261
"UHRF2",8.863023,9.224045,9.351991,9.126078,9.31852,9.575154,9.225893,8.45062,8.844156,8.728313,8.318562,8.399352,8.661293,9.138099,8.634579,8.69076,8.690108,8.339359,8.748192,8.877946,8.95183
"KDM4C",9.062353,9.502236,9.566392,9.449681,9.308127,9.735676,9.452446,8.678429,9.415834,8.699398,8.020981,8.671277,8.718519,8.945451,8.855592,8.925121,8.684084,8.297809,8.932736,8.900555,8.959208
"SNAPC3",9.124083,9.327486,9.443987,9.232104,9.239029,9.334835,9.485572,8.496789,8.959184,9.962746,9.221132,9.744379,10.163802,10.297412,10.026454,10.03567,9.924462,9.798925,10.119256,10.254828,9.849739
"DENND4C",8.577982,9.009461,9.216669,8.807963,8.975693,9.197155,8.833964,8.245138,8.989846,8.160706,7.89399,8.023478,8.318653,8.524017,8.321225,8.367566,8.13864,7.981812,8.242909,8.427984,8.748178
"IFT74",4.432084,5.205983,4.877808,4.914725,5.012977,5.668209,4.81505,4.443127,4.740829,4.964534,4.600249,4.517099,5.318045,5.817032,4.900951,5.127637,5.099213,4.942887,4.955448,5.082967,5.273623
"MIR622",8.057638,8.554591,8.453101,8.869265,8.249148,8.43106,8.622107,8.476227,8.011576,8.950184,8.376084,8.494196,8.258566,8.858571,8.557852,8.492684,8.51516,8.370117,8.277736,8.665694,8.799891
"SLC25A6",9.874751,9.607075,9.141091,9.239844,9.238111,8.905191,9.575057,9.343185,9.373594,11.20024,10.874081,10.987326,11.595919,11.484964,11.270168,11.473963,11.127353,11.322841,11.441505,11.475604,11.291563
"DNAJA1",8.433284,8.369869,7.899979,8.161982,8.13665,8.761671,7.810288,7.710117,7.80565,8.287298,8.355459,7.954986,8.296964,8.439864,8.329728,8.172966,8.447161,7.926903,8.398688,8.376466,8.102764
"CHMP5",7.275767,7.403764,6.761956,7.138089,7.363212,8.198114,6.692112,6.147128,7.251508,6.726508,7.19954,7.968275,7.525807,7.979399,6.927146,7.28143,6.896862,6.724659,6.99386,6.979778,7.008853
"UBE2R2",9.498392,9.42461,9.480517,8.76171,9.485757,9.587999,9.287865,9.381001,9.875607,9.994847,10.41458,9.843014,10.091104,9.761669,10.067877,10.131909,9.862522,9.832821,10.059978,9.981237,9.797442
"CREB3",7.337059,7.403651,7.181769,7.169699,7.300172,7.133786,7.254034,7.195727,7.210437,7.954415,7.963769,8.012073,8.524224,8.279584,8.25962,8.551934,7.91575,8.055923,8.408393,8.217951,8.201309
"GLIPR2",10.168579,9.761541,9.809775,9.503308,10.003449,9.734117,9.557832,10.14866,10.497404,10.636016,11.136178,11.0047,11.098036,10.620922,11.006518,10.951497,10.676412,10.567748,10.861673,10.741621,10.678899
"CCIN",6.178868,5.839891,5.801761,6.041104,5.680179,5.811568,6.010608,6.484461,6.005233,6.2368,5.890709,5.995963,5.744363,5.774667,5.723784,5.923874,5.9676,5.835973,5.663926,6.073922,5.819804
"ZCCHC7",7.534585,8.013701,7.914321,8.222918,7.800707,8.385428,7.742298,7.056745,7.550279,7.577336,7.399639,7.451184,7.543186,8.108301,7.619038,7.864382,7.514355,7.362076,7.705989,7.817006,7.792734
"LINC00268",7.320712,6.958513,6.842518,8.719801,7.599207,6.831032,7.128086,7.715515,7.134178,8.898388,8.993138,8.462871,7.519567,8.184512,8.315903,7.169467,8.433348,8.147376,8.665778,7.4569,7.610905
"SMC5",8.359092,8.407325,8.436435,8.629316,8.431121,9.072906,8.353352,7.917535,8.263898,8.24113,7.675023,7.707321,8.388989,8.731237,8.241722,8.403991,8.216623,7.81492,8.299308,8.431324,8.393266
"ANXA1",10.109575,10.086277,9.50662,10.224446,9.522238,10.78707,9.44627,9.322262,9.939389,10.612932,10.565369,10.176978,11.934052,11.8106,10.930502,11.302463,10.721979,10.707761,10.914179,10.822738,10.509101
"VPS13A",7.952315,8.353073,8.532915,8.010151,8.649921,9.170912,8.462318,7.616867,8.173447,7.056939,6.776107,6.874262,7.379024,7.679507,7.026819,7.517014,7.174881,6.988229,7.445362,7.610313,7.732646
"CEP78",7.586263,7.914753,7.486559,7.554052,7.596585,8.159264,7.413793,6.450775,7.93951,7.108489,7.290741,6.930699,8.186849,7.827614,8.153923,7.569782,7.359249,7.108066,7.592699,7.716484,7.862477
"PSAT1",7.48121,8.582349,7.289464,7.866419,7.333508,7.849907,7.484222,7.321202,7.258746,7.586949,7.413075,7.167706,7.547761,7.490456,6.989368,7.182616,7.181588,6.796076,7.083532,6.961137,7.257196
"RMI1",6.639906,7.463612,6.579871,6.313575,7.353644,7.441285,6.970743,6.633688,7.133699,6.138756,6.604593,5.633243,6.939893,6.348645,5.970277,6.351661,5.770944,5.781609,5.833518,6.586614,6.577743
"NAA35",8.380123,8.666219,8.580929,8.759947,8.600393,9.137391,8.614768,7.891548,8.596569,8.297547,7.757756,7.922663,8.24412,8.491754,8.27548,8.416281,8.084643,7.931828,8.367859,8.402089,8.327043
"CTSL",5.671451,7.091067,6.28939,6.228568,5.937521,6.085959,6.383252,6.009789,6.075022,6.460087,6.202218,6.913371,6.892274,6.40563,6.528568,6.507005,6.066031,6.43732,6.42406,6.371766,5.665838
"CKS2",6.307524,6.408557,5.774037,5.734386,6.126233,5.416605,5.932171,5.64922,5.763356,6.041189,6.159037,5.912425,7.406666,7.995545,6.583501,6.528635,6.333651,6.403789,6.160279,6.665042,6.139098
"MIRLET7F1",6.746965,6.672856,6.604138,7.034377,7.608644,7.262056,6.413194,6.306844,6.625575,5.60385,5.133723,5.299895,6.243222,6.36094,5.697007,5.591079,4.977144,5.441718,5.759189,5.890769,6.318051
"MFSD14B",9.111058,9.623132,9.074998,9.28199,9.630612,8.916709,9.002591,9.010132,9.343934,8.911187,10.332925,9.856918,9.43238,9.080967,9.675896,9.248053,9.433841,8.978595,9.387725,9.340631,9.283852
"ERCC6L2",8.08195,8.031742,8.226047,8.324937,8.294393,8.462414,7.877467,7.995042,8.002643,7.963787,7.265646,7.421253,7.936415,8.210201,7.711069,7.952141,7.520198,7.571881,7.58354,8.141322,7.97406
"TDRD7",7.790971,8.515016,7.699865,7.698821,8.215487,8.474532,8.127023,7.509633,8.141629,7.425055,7.487374,9.001775,7.775586,7.50251,7.61894,7.91386,7.802561,7.541816,7.675497,7.615396,8.052482
"TMOD1",8.144401,9.282397,8.888998,8.896395,9.99271,8.602575,9.367416,8.497856,8.480121,9.345637,9.890085,8.880848,9.743506,8.391515,9.091148,9.421856,8.965165,9.357602,9.095969,9.103562,9.620974
"TGFBR1",9.891885,9.894554,9.639647,9.468638,9.827772,10.079934,9.779215,9.469412,9.955389,9.044308,9.038149,8.936331,9.401639,9.486417,9.410367,9.262488,9.037554,8.973245,9.300344,9.346059,9.541666
"RNF20",8.502726,8.638985,8.719756,8.342963,8.797954,9.052954,8.728184,8.526847,8.837511,7.831986,8.028435,8.097505,8.043537,8.019691,8.077991,8.093911,7.790013,7.971881,8.073705,8.180572,8.010873
"SMC2",6.28186,7.257031,5.94992,6.417701,6.973315,7.216271,6.643045,5.631122,6.450337,6.302486,5.572058,6.249615,6.40476,6.680711,6.075134,6.09964,6.223111,5.881828,6.252126,6.347449,6.190834
"NIPSNAP3A",6.862187,7.26298,6.848722,6.814577,7.084665,7.387411,7.070987,6.196698,7.008143,6.324115,6.218654,6.555341,7.112387,7.034798,6.540739,6.818287,6.133942,6.201074,6.858806,6.987384,6.836259
"NIPSNAP3B",5.052938,5.528019,4.827693,5.626169,5.27305,5.304846,5.635872,5.091915,5.112391,5.125406,5.060021,5.112191,5.15978,5.678698,5.199802,5.528887,4.889599,4.968253,5.179451,5.375971,5.645317
"TMEM38B",6.390583,7.090475,6.842644,6.904635,7.241977,7.618675,7.014335,6.393331,6.636323,6.711295,6.371155,6.514614,6.6418,6.693183,6.280204,6.646831,6.421329,6.686656,6.515997,6.656069,6.469037
"ZNF462",5.873457,5.360819,5.726104,6.287973,5.688984,5.712528,5.862783,6.462759,5.976571,6.537877,6.465499,6.703645,6.252803,6.208679,6.390888,5.718092,6.429788,6.221951,6.399662,6.207847,6.211743
"ABITRAM",6.77317,7.163258,6.922668,6.73622,6.806469,7.1287,6.620654,6.223023,6.798999,7.366045,7.256844,7.080642,7.751354,7.704452,7.08342,7.225452,7.147683,7.157585,7.451208,7.062706,7.379033
"UGCG",8.177487,8.582967,8.405869,8.318437,8.62253,8.510496,8.377352,7.948451,8.203132,7.730623,7.073452,7.439825,7.963034,7.992478,7.357139,7.807629,7.673846,7.481055,7.930741,8.217909,8.214462
"HSDL2",8.163257,8.079012,8.029471,7.308344,8.358326,8.879557,7.985728,8.228242,8.381292,7.436278,8.188379,7.431611,7.936005,7.624011,7.461465,8.05105,7.162713,7.072961,7.579238,7.81927,7.949289
"SLC31A2",8.972744,9.373762,9.011405,8.84526,9.259983,9.193351,9.587139,9.352317,9.101652,9.777521,10.514783,10.370934,10.141553,9.865802,10.043913,10.230807,10.081428,10.055975,9.938711,9.982477,9.737539
"SLC31A1",7.033678,7.870639,7.721207,7.29829,7.879642,7.62037,7.52672,7.25705,7.721081,8.56532,9.081715,8.693106,9.200778,8.734308,8.933723,9.35451,8.765347,8.363517,8.696075,8.489189,8.402009
"ORM1",5.598302,5.196564,6.120458,5.266256,5.482474,5.9624,5.520587,6.801929,5.558855,5.610132,6.128056,4.967096,5.579036,5.500314,5.653038,5.707196,5.42697,5.707193,6.328616,5.559993,5.62577
"ATP6V1G1",8.950666,8.86131,8.656492,8.813637,8.618589,9.000499,8.67622,8.335347,8.486531,9.096306,8.86889,8.956201,9.67009,10.134649,9.146458,9.487582,9.230758,9.263994,9.159973,9.367841,9.051561
"TLR4",11.076893,10.426566,10.355432,9.508376,10.9485,10.816484,10.52311,10.846196,11.180245,10.337281,11.283331,10.807987,10.667282,10.004032,10.444447,10.529624,10.193062,10.320358,10.632543,10.692825,10.512727
"CNTRL",8.092548,8.596571,8.704524,8.083969,8.385704,9.147813,8.200407,7.518532,8.36249,7.996898,7.7389,8.262925,7.866431,7.84538,8.080912,8.060853,8.018751,7.705203,8.091936,8.379103,8.255796
"GSN",8.456222,9.191009,8.939422,7.939381,9.077478,8.792676,8.502822,8.944544,9.190243,7.933445,8.709408,8.83915,8.233959,7.802786,8.328721,8.532882,8.432687,8.292352,8.17048,8.576305,8.667345
"OR1J4",5.32691,5.004357,4.821523,5.057765,5.057086,4.748065,4.959349,5.428356,4.709333,5.855575,5.900348,5.404631,4.717927,5.50797,5.436963,4.637697,5.551693,5.210355,5.362126,5.345477,4.889631
"OR1Q1",4.823439,4.521279,5.15351,5.166129,4.752308,4.864905,5.091536,5.425486,5.226852,5.81491,5.913867,5.235609,4.861112,5.004288,5.516522,5.322284,5.165113,5.088629,5.221107,5.312071,4.698483
"GPR21",7.600782,7.688506,7.49111,7.256423,7.487619,7.699709,7.300176,7.231583,7.946771,7.919662,7.954369,8.259833,7.541634,7.750519,7.958061,8.11612,7.947853,7.854551,8.05315,8.21174,8.308017
"MIR181A2",5.834995,5.625139,5.490849,5.613558,5.605121,5.345873,5.959622,5.542202,6.007635,5.954946,5.963608,6.088913,6.225516,6.206764,6.027141,5.584699,5.940414,6.241843,5.840415,5.978579,6.543469
"GAPVD1",8.785411,9.003389,9.253354,8.620835,8.943135,9.416313,8.932431,8.672646,9.195297,8.193052,8.124585,8.262433,7.992252,8.123652,8.176622,8.177344,8.026449,7.98523,8.042393,8.325913,8.149824
"CDK9",9.35107,9.292023,9.391274,9.288061,9.292558,9.416057,9.536327,9.343395,9.567952,10.195818,10.036428,10.250681,10.194498,10.259441,10.332587,10.199486,10.257998,10.063373,10.224121,10.204243,10.168443
"LCN2",7.610785,7.648573,7.476157,7.683981,7.169524,7.222226,7.39795,7.928199,7.393042,7.33689,7.722427,7.261773,7.768481,7.547778,7.438005,7.463811,7.27681,7.811431,7.481922,7.400863,7.413421
"TOR1B",7.885763,8.511427,8.147311,7.827397,8.434299,8.207863,8.133539,7.825946,8.432455,7.97222,8.167238,9.79964,8.307124,8.183088,8.045848,8.207977,8.375108,8.150884,8.253573,8.346965,8.496284
"EXOSC2",7.970314,8.423758,8.339939,8.234207,8.084887,8.23237,8.156196,7.776146,7.982443,8.778034,8.14616,8.415972,8.944178,9.202058,8.798112,8.867748,8.681151,8.788977,8.71583,8.945514,8.681396
"NUP214",8.740443,9.174735,9.299199,8.710241,9.022729,9.30398,8.898879,8.785937,9.382848,9.232445,9.56745,9.599344,9.18334,9.40924,9.574235,9.438434,9.490584,9.277189,9.412923,9.334613,9.55728
"LCN1",5.137604,4.513362,5.386873,6.305429,4.76083,4.399859,5.736024,5.667469,5.268171,6.242082,5.8057,5.445133,5.197459,5.196753,5.117148,5.183528,5.59361,5.899292,5.617306,5.263294,5.275443
"SNORD36B",5.830393,6.332073,6.036448,5.112628,5.763113,6.182629,5.934879,5.163269,5.535769,7.780686,6.742974,7.414839,7.798708,8.045231,7.83143,7.97552,7.321715,7.107882,7.974159,8.203349,7.466023
"RXRA",8.583411,8.913084,8.709375,8.047974,8.708268,8.177458,8.582619,9.084463,9.088304,9.182402,9.999948,9.687008,9.742912,8.900967,9.602911,9.559074,9.1291,9.35444,9.494213,9.428526,9.382613
"OBP2A",8.863718,9.10612,8.860115,8.964692,9.360171,8.206773,9.830803,9.392395,8.250028,9.437512,9.860785,8.946842,9.758455,9.372489,9.327845,9.334361,9.585345,9.757578,9.041175,9.428402,9.566315
"SSNA1",7.667028,7.840338,7.651316,7.623258,7.52003,7.181811,7.456344,7.970015,7.539548,8.302056,8.050534,8.520307,8.822692,8.730699,8.365735,8.836559,8.620598,8.240013,8.521567,8.608671,8.40972
"TUBB4B",8.721955,9.288075,8.634663,8.422839,8.705436,8.390553,8.831106,8.403931,8.755388,10.027007,9.64555,9.549275,10.026169,9.44075,9.721992,9.760112,9.693537,9.660405,9.839157,9.598689,9.724162
"NELFB",7.795465,7.892544,7.701381,7.841005,7.850959,7.429626,7.958705,7.671971,7.827712,8.642922,8.370519,8.854789,8.781409,8.796584,8.708379,8.729001,8.6158,8.514053,8.762664,8.748753,8.560307
"PUM3",7.004446,7.566725,7.431062,7.473473,7.650135,8.121754,7.589598,6.830056,6.988741,6.761143,6.050179,6.331095,6.955701,6.985798,6.672867,6.886497,6.524783,6.355745,6.606372,6.995009,6.823263
"ERMP1",8.510293,8.677367,8.613812,8.153974,8.411375,8.923331,8.91489,7.938133,8.767284,7.683398,8.123841,8.024322,7.683444,8.106359,8.020254,7.708724,7.61181,7.903819,7.94656,7.859513,8.300227
"KIAA2026",9.968148,10.177438,10.176838,9.962688,10.278684,10.391069,10.16147,9.620188,10.373854,10.387615,10.326705,10.309735,10.199587,10.327423,10.428942,10.428524,10.291395,10.352776,10.312598,10.312633,10.609382
"RANBP6",7.698196,7.86912,7.532595,7.932958,7.972111,8.276271,8.070432,7.396615,7.786936,7.172063,6.918013,6.926565,7.966987,8.334661,7.178244,7.352855,7.5194,7.304115,7.210984,7.535527,7.624535
"GLDC",6.773066,7.813571,7.08387,7.542424,7.117221,7.481005,6.971665,6.863243,7.063533,7.218483,6.958293,7.04154,6.893883,7.257773,7.098813,7.134215,6.713076,7.388244,7.484927,7.057521,6.884717
"DMAC1",7.566868,7.465498,7.235444,7.451426,7.295442,7.168256,7.336644,7.255667,7.139364,7.907966,7.594642,7.536532,8.449927,9.080414,7.989035,8.1105,7.777391,7.980366,7.679814,8.373162,7.954633
"ZDHHC21",7.932082,8.608895,8.475654,7.411714,8.810484,8.882989,8.764991,7.150414,8.032405,7.901625,7.224878,7.689262,7.905513,8.233977,8.076036,7.732918,7.914317,7.762666,8.244258,8.515942,8.518334
"TTC39B",6.930941,7.764401,7.547525,7.753852,7.568622,8.497871,7.611158,6.992259,7.378729,6.728157,6.524746,7.083629,7.263912,7.241417,7.293754,7.118871,6.804589,6.783615,7.208757,7.287433,7.356681
"PSIP1",7.846261,8.037619,8.109604,8.141085,8.23382,8.984579,7.950051,6.933139,7.926345,7.702842,7.024954,6.933194,8.108888,8.174793,7.506047,7.985831,7.592456,7.411197,7.477239,7.853035,7.641121
"SCARNA8",7.468965,7.383279,7.26241,7.365712,7.260691,8.048602,7.762367,6.748483,7.459883,6.851122,6.818526,6.67983,6.54878,7.122653,6.662751,6.44182,6.865172,6.511556,6.8713,6.757997,6.843928
"RPS6",10.634001,10.2339,10.132489,10.462757,10.071678,10.411383,10.345948,9.863471,9.783852,10.511846,9.998424,9.932298,10.946352,11.948156,10.588633,10.934378,10.596326,10.432854,10.59719,10.632632,9.941779
"MLLT3",7.643839,7.943684,8.17532,8.277103,8.118622,8.646357,7.372041,7.618996,7.624077,8.257779,7.522955,7.498592,8.058233,8.679898,7.990749,8.256936,8.059276,7.950601,8.19287,8.072808,8.239018
"CAAP1",6.907337,7.383996,7.205339,7.445086,7.664668,7.618695,7.090298,6.810891,7.177897,6.689782,6.616984,6.451042,6.865016,7.049976,6.768281,6.68265,6.528374,6.466764,6.70181,6.91207,6.890179
"C9orf72",9.425823,9.876729,9.130699,8.703291,9.599132,9.753981,9.262766,9.018563,9.763503,8.831014,8.967537,8.665632,9.51141,8.930631,8.811889,8.971537,8.571871,8.609896,8.875968,9.168273,9.243587
"DDX58",8.7269,9.223907,8.844971,8.470486,9.341077,9.775408,8.91227,8.438837,8.935839,8.50301,8.797841,10.730011,9.20458,8.714933,8.789665,8.996281,9.022432,8.601269,8.784281,8.834332,9.331078
"TOPORS",7.958381,7.392824,7.509116,7.439368,8.085573,8.512435,7.519891,7.661841,7.184623,6.561346,7.49797,6.794282,7.666273,7.711512,7.041641,7.497855,7.328755,6.710231,7.207013,7.217605,7.108616
"NDUFB6",6.806416,6.784784,6.31316,6.09651,6.115686,6.882917,5.910048,5.83786,6.418076,6.65926,6.678426,6.351508,7.107001,7.3089,6.862514,7.270587,6.623939,6.251523,7.080271,7.002135,6.338966
"BAG1",8.385041,8.367912,7.903105,8.086172,8.713374,8.111884,8.383688,7.983214,8.111224,7.550659,8.178901,7.971795,8.605272,7.729032,7.892594,8.140004,7.721689,8.017767,7.709251,7.931901,7.851243
"DCAF12",11.07605,11.833635,11.6066,11.668798,12.173861,11.320457,12.436553,11.610413,11.221072,12.223764,12.374526,11.69105,12.446745,10.888615,11.876486,12.540954,11.844418,12.056828,11.754108,11.768489,12.432992
"SIGMAR1",7.941339,7.824786,8.146197,7.920154,7.897089,7.81766,8.231056,8.317626,7.887705,9.256477,8.731254,8.904662,9.059155,8.824917,9.023401,9.129844,8.908627,8.878854,8.634873,8.731324,8.957549
"FAM205C",4.658751,4.636665,4.36843,5.090397,4.676703,4.740872,4.420998,5.308057,4.851005,5.203693,5.065944,4.811905,4.350652,4.621467,5.169783,4.557366,4.890844,4.988467,4.778846,4.669022,4.897294
"CD72",7.462425,8.347673,8.129001,8.234462,7.978391,7.889103,8.221061,7.707612,7.373328,8.63895,8.282389,8.886944,8.445668,8.958265,8.71687,8.670411,8.944098,8.365698,8.747912,9.042095,8.670818
"SIT1",7.398651,7.972401,7.873349,7.608786,7.772292,7.654183,7.854758,7.655397,7.979988,9.043724,8.540612,8.836093,9.37276,9.263183,8.995821,9.261051,9.082738,8.863958,9.058939,9.048894,8.679059
"RMRP",11.127785,11.350172,11.195507,10.626676,10.662105,10.2762,11.160008,10.624053,9.708995,10.466177,10.323169,10.500554,11.195318,11.583254,10.69714,11.185597,10.282713,10.791715,10.358933,10.974764,10.404561
"TLN1",9.549709,9.846573,9.996225,8.966487,9.638726,10.118032,9.536143,9.803222,10.502483,9.546084,10.388246,10.27668,9.503217,9.103361,10.008156,9.804314,9.682084,9.668954,9.713704,9.847855,9.755169
"RNF38",8.82264,9.364628,9.362812,8.960833,9.323313,9.354639,9.021254,8.979138,9.440508,9.891934,10.134385,9.91816,9.802902,9.849684,9.932192,9.990367,9.881871,9.719904,9.794423,9.798126,10.240281
"PAX5",8.041767,9.32906,9.361363,9.369262,8.939445,8.984922,9.367308,9.090622,8.578061,9.248729,8.86658,9.873289,8.809133,9.442049,9.276788,9.365419,9.445768,9.184118,9.575981,9.492557,9.3314
"RAB1C",7.317354,7.994347,7.506842,7.271589,7.959894,7.492411,7.382365,7.295235,7.557754,8.221546,8.821546,8.321881,8.534127,8.165773,8.291549,8.497029,8.468014,8.458853,8.544232,8.200614,8.759262
"EXOSC3",8.290889,8.483859,8.047007,7.921218,8.488249,8.459487,8.233683,7.739946,8.223046,7.913062,7.839785,7.730451,8.235094,8.296145,7.927828,8.059103,7.948326,7.629041,8.007782,8.134598,8.311709
"SLC25A51",5.210274,5.497056,4.893034,4.720948,5.817987,5.489089,5.420386,4.429911,5.190761,5.167088,4.55695,4.496218,4.981368,4.710328,4.552634,5.29891,4.794576,4.548134,4.499667,4.969822,4.780693
"TMEM252",7.1599,6.958567,7.233385,6.644703,6.913141,7.383951,6.785031,7.265616,7.077249,6.816923,6.764151,6.926728,6.889166,6.370092,6.49744,6.501819,6.587835,6.670797,6.56544,6.340324,6.078936
"CEMIP2",8.931528,9.181299,9.373074,9.119396,9.233589,9.450788,9.028569,8.985001,9.70463,8.5364,8.51784,8.405078,8.399537,8.528136,8.411671,8.554815,8.554496,8.241276,8.415227,8.855998,8.765781
"ZFAND5",9.90609,10.081377,9.659363,9.55604,9.99843,9.871674,9.874434,9.559475,10.10603,8.886092,9.334438,8.932717,9.533584,8.685891,9.131073,9.348197,8.767669,9.045423,9.123824,9.187299,9.222352
"ALDH1A1",7.561472,8.101312,7.225028,7.397873,7.815826,7.761256,7.353613,7.243012,8.181885,7.062302,7.637012,7.927561,7.904191,7.308562,7.744341,7.21128,6.726435,7.434855,7.993924,7.767831,7.26298
"TRPM6",8.421291,7.418948,7.366019,6.693616,7.552137,7.712653,7.146642,7.827459,7.778138,7.255255,7.730563,7.102651,7.234101,6.965849,7.483791,7.359134,7.076586,7.225612,7.516453,7.355922,7.401778
"CARNMT1",7.974103,8.269381,7.860353,7.869727,8.199824,8.597721,8.066357,7.34466,7.805967,7.552088,6.945108,7.097549,7.899373,8.039909,7.416122,7.487834,7.529322,7.317336,7.586454,7.6847,7.596795
"NMRK1",5.895869,6.0854,6.160063,5.906884,6.078514,6.882649,5.558065,5.703739,6.068555,6.104807,5.467558,5.357797,6.679543,6.759081,5.968032,6.190172,5.996633,5.430376,5.780792,5.662572,6.691565
"GNAQ",8.602933,8.542401,8.715566,6.559269,8.286629,9.22972,6.928809,8.296277,8.920009,9.189539,9.461638,9.082982,9.378199,9.062959,8.82955,9.205336,8.550626,8.586454,9.359603,9.183224,9.46651
"C9orf64",7.099289,7.523441,7.246008,7.031544,7.322026,7.239032,7.245186,6.50472,7.235112,6.596477,6.876771,6.740232,6.896505,6.506417,6.643783,6.822892,6.732184,6.439084,6.889852,6.978429,6.982832
"AGTPBP1",9.994309,9.604289,9.515429,9.290916,9.994845,10.411772,9.319042,9.577714,9.868342,8.869201,9.262657,8.562823,9.10334,9.225383,8.809938,9.236754,8.919138,8.624359,9.093746,9.277614,9.231838
"TUT7",10.192602,9.993308,10.08346,9.589558,10.225961,10.691342,9.829273,10.072431,10.543875,9.034545,9.617913,9.348706,9.373791,8.999703,9.304862,9.522262,8.967078,8.912268,9.221516,9.428429,9.29001
"LOC440173",5.918544,5.461685,5.153779,6.00661,5.47255,5.368246,5.67,5.967095,5.566343,5.813003,5.658887,5.335939,5.164672,5.403256,5.3331,5.029146,5.539424,5.630354,5.391218,5.068362,4.905236
"NFIL3",8.782516,8.711936,8.431767,8.110586,8.941805,8.949633,8.436047,8.960856,8.883354,7.938885,8.296743,8.874711,8.758138,8.239394,7.928185,8.412707,8.12802,8.197366,8.11981,8.332907,8.387007
"SPTLC1",8.02655,8.019365,8.119425,7.808909,8.135273,8.403511,7.900954,7.521426,8.105397,7.211325,7.16892,7.222472,7.625739,7.448285,7.28668,7.449858,7.314718,7.108731,7.339051,7.482484,7.351236
"IARS1",8.91818,9.48342,9.32054,9.342399,9.344264,9.666997,9.326225,8.644144,9.246789,8.890564,8.331499,8.696671,8.479349,9.07475,8.914333,8.991164,8.838271,8.875681,8.980304,9.001086,8.89623
"ZNF484",7.810059,8.096998,8.135421,8.13968,8.097955,8.708188,7.992156,7.460159,7.727153,8.236598,7.534163,7.599225,8.521454,8.382619,7.84104,8.394815,8.045548,7.717465,7.991024,8.244895,8.387406
"NINJ1",9.042845,9.020829,8.743872,8.526538,8.946063,8.49146,8.672435,8.969565,8.762735,9.50409,10.495892,10.137491,10.344345,9.481599,9.848704,10.324005,9.69765,9.722684,9.726698,9.91455,9.990191
"FBP1",8.178373,8.545075,8.093427,7.752307,8.518093,7.826249,8.047793,8.311981,9.256492,7.283277,8.008529,8.014302,8.237337,7.163232,7.808049,7.877143,7.674092,7.846237,7.847237,8.013808,7.773115
"PTCH1",7.272498,7.384361,7.414689,7.424993,6.575147,7.323858,7.567149,7.339047,8.318599,7.694571,7.536669,7.593149,7.742743,8.13324,7.973276,7.861582,7.868437,7.842536,7.969907,7.26657,7.611124
"ZNF510",7.045623,7.540167,7.121936,7.119521,7.519878,7.853991,7.140132,6.947716,6.94177,6.893794,6.772019,6.715277,7.681067,7.972224,7.096836,7.226999,6.976012,6.820327,7.043844,7.331015,7.457107
"XPA",8.230888,8.308566,8.597966,8.634757,8.686488,8.69053,8.370406,7.949405,8.225231,8.202137,7.460142,7.41183,8.435249,8.650255,7.918308,8.332953,7.947496,7.959173,8.286137,8.417233,8.345824
"HEMGN",5.993358,7.379736,6.832624,6.97887,6.971833,7.076797,7.525911,6.265635,7.074161,7.315178,6.986811,7.072542,8.033521,6.83702,7.162036,7.805617,6.627279,7.049973,7.132609,7.646674,7.729568
"TRIM14",8.263331,8.831335,8.390458,8.250805,8.623265,8.423031,8.344626,8.37326,8.541411,8.827493,8.680444,10.184051,9.285069,9.240326,9.215449,9.097477,9.085709,8.895832,9.020167,8.779596,9.248459
"TEX10",7.951855,8.701531,8.648223,8.506804,8.627688,8.968505,8.172325,7.428636,8.289141,7.929017,7.54162,7.793754,7.876677,8.389478,7.888804,8.044692,7.819488,7.813965,7.958257,8.184094,8.259244
"MRPL50",7.216939,7.399096,7.229423,7.496643,7.202879,7.529553,7.144952,6.747075,6.8191,7.892794,7.259242,7.391613,8.201159,8.919921,7.848366,7.893419,7.773873,7.827241,7.807768,7.742914,7.584311
"OR13C4",5.537685,4.365598,5.237021,4.936979,5.123605,5.144857,5.544722,5.20883,4.828571,6.180027,5.897898,5.648146,5.282121,5.823315,5.593847,5.405058,5.911943,5.789384,5.715716,5.190639,5.260894
"ABCA1",8.167367,8.670116,8.390238,7.648893,8.304249,8.35482,7.751682,8.03217,8.920593,7.749359,8.203393,8.587478,7.685411,7.425057,7.746114,8.271352,7.350883,7.609566,7.836985,8.4774,8.322392
"KLF4",7.701187,8.116734,7.483207,7.852447,7.994022,7.712118,8.426202,7.760309,8.042725,6.855338,6.760451,7.255499,7.650296,6.726403,7.220216,7.308168,7.020388,6.990614,7.058204,7.055747,6.884003
"MIR32",5.615376,6.360631,6.35702,5.879585,6.05428,6.423199,6.694152,5.669403,6.09773,7.814728,6.937248,7.393531,7.290709,7.865667,7.570076,7.484949,7.752543,6.991629,7.710991,7.797249,7.741772
"TXN",8.378328,8.100414,6.726092,7.009695,7.566841,8.679188,7.082856,8.22049,6.977428,6.961192,7.557496,6.965526,7.813043,7.553558,7.404193,7.429535,6.976997,6.775653,7.183251,7.07998,6.802734
"OR2K2",4.902738,4.818943,5.170692,5.509467,4.984154,4.729625,5.224211,5.240559,4.627171,5.713663,5.480441,4.99348,4.723935,5.069718,5.178739,4.858516,4.939351,5.347194,5.014723,4.614028,4.642516
"ECPAS",8.59221,8.81475,8.753534,8.199325,8.600374,9.071907,8.542049,8.2028,8.987337,7.807892,7.760909,8.216072,8.020581,7.998216,8.159582,8.16542,7.765013,7.915561,8.076242,8.155451,8.381563
"TNFSF8",9.25524,9.172951,8.653645,8.541189,8.874438,9.009953,8.661114,8.609088,9.103621,9.899825,9.734899,9.818685,10.182282,9.641235,9.757547,10.159468,9.804899,9.844628,10.020046,9.662352,9.681568
"MIR147A",6.775747,6.550925,6.677318,7.251858,6.543162,6.819956,6.746601,7.562695,7.184072,7.790489,8.109244,8.264262,7.620868,7.317556,8.100398,7.780744,7.73216,7.70877,7.655163,7.639427,7.736196
"MEGF9",10.757843,10.510001,10.126565,9.748955,10.468303,10.538981,10.183165,10.766196,11.013383,10.15517,11.315725,10.616425,10.512926,10.184393,10.499664,10.70326,10.477786,10.375565,10.62093,10.481147,10.47308
"STOM",8.8234,9.251698,8.849697,8.41645,9.274066,8.801635,9.139436,8.522269,9.163341,9.3589,9.490594,9.520202,9.801052,8.847945,9.58237,9.437499,9.076056,9.132783,9.267875,9.230248,9.643683
"OR1N1",6.030864,5.567074,5.98184,6.670968,5.826668,5.953665,5.918726,6.672069,6.361119,6.476391,6.677258,6.433282,5.745889,6.231941,6.079024,5.703382,6.014656,6.16896,6.311654,5.868688,5.368786
"PDCL",6.818626,6.78427,6.983238,6.903828,7.079803,7.208641,6.945805,6.49354,7.000859,6.384727,6.474616,6.406026,6.758123,7.127607,6.479796,6.92698,6.572176,6.370603,7.005754,6.762871,6.887996
"ZBTB6",7.342587,7.37989,7.431451,7.60451,7.680691,7.52704,7.58688,7.162059,7.411863,6.510434,6.450707,6.533538,7.19349,7.314487,6.843825,6.869716,6.786965,6.58931,6.634816,6.80228,7.048605
"MIR600HG",7.202006,8.029431,8.203823,7.654057,7.554072,7.854081,7.934347,7.717827,7.630637,7.661209,7.434384,7.661566,7.173785,7.806305,7.626666,7.880918,7.569294,7.638238,7.871556,7.97035,8.045
"STRBP",7.62204,8.564654,8.719306,8.504608,8.372039,8.990502,8.367982,7.923267,7.880026,7.491229,6.964534,7.334774,7.261778,7.627537,7.246935,7.367099,7.315311,7.004899,7.667491,7.707047,7.596258
"RPL35",8.927571,8.473515,7.802276,8.447012,7.768703,8.179256,8.220781,7.853256,7.05796,8.957928,8.326166,8.096372,9.333684,10.314227,8.655687,9.195216,8.773053,8.708804,8.588112,9.116924,8.596369
"SCAI",7.482679,8.532135,8.417522,7.977295,8.056557,8.462005,8.26723,7.382272,7.886828,7.790908,7.173735,6.934106,7.465125,8.000898,7.624582,7.667928,7.649133,7.608827,7.611772,7.580869,7.942459
"PPP6C",9.634989,10.174983,9.857023,9.552075,9.878238,9.943286,9.735346,9.523234,9.980039,10.54898,10.49683,10.375527,10.572053,10.55,10.556725,10.549043,10.59638,10.64088,10.765208,10.420562,10.809912
"RPL12",7.970715,7.917256,8.113789,8.155484,8.006521,7.659654,8.578891,8.074927,7.939237,7.999475,8.144596,8.055123,8.329668,8.805298,8.167596,8.45974,8.358249,8.081951,8.109626,8.281967,7.978451
"ST6GALNAC4",7.472636,8.087387,8.274898,7.998009,8.63599,8.148278,8.357296,7.996722,8.071963,7.307033,7.879336,7.687114,8.325125,7.516974,7.904487,8.222876,7.908501,7.904281,8.012532,7.867845,8.148245
"DPM2",7.192742,8.029107,7.811516,7.44631,8.134331,7.102045,8.104891,7.59634,7.847093,8.027181,8.431624,7.985128,8.691727,7.793514,8.148357,8.051738,8.360908,8.266137,8.089959,7.792947,8.044522
"FAM102A",8.585672,9.378327,9.800627,9.638231,9.286017,9.214531,9.250264,9.159539,9.177066,10.521848,10.066905,10.277215,10.023098,10.673826,10.256346,10.250838,10.387547,10.257683,10.213905,10.187917,10.4901
"ZDHHC12",8.316013,8.13782,8.253466,8.330079,8.047581,7.844259,8.225394,8.639717,8.279297,9.113561,9.037034,9.019653,9.324052,9.087805,9.0963,9.202235,8.981437,9.039691,9.026747,8.990188,9.080252
"ZER1",7.778732,8.884242,8.313728,8.013771,8.667637,8.310249,8.538454,8.065101,8.587579,8.836331,9.393171,8.926372,9.143928,8.448463,8.784606,9.289157,8.819578,8.809471,8.906103,8.820999,9.224733
"CRAT",7.258521,7.486221,7.467571,7.406179,7.442164,7.198598,7.165638,7.462984,7.504108,8.685126,7.922591,7.718785,8.265504,7.590479,7.792683,7.788191,7.810135,7.750296,7.759432,7.556546,7.911699
"ASB6",7.066917,7.459187,7.17673,7.013588,6.859652,7.024152,7.360467,7.025929,7.34671,7.897844,7.707913,8.169988,8.259207,8.086346,8.094746,8.351558,7.877518,7.708922,8.105156,7.838188,7.989985
"C9orf78",8.986523,8.913764,9.327473,9.094766,9.69349,9.026071,9.499056,9.122689,8.786804,10.160134,9.776275,9.475727,10.402138,9.338493,9.390032,10.036693,9.367101,9.570602,9.619282,9.994829,9.75856
"UCK1",8.143819,7.899784,7.546079,7.706951,7.512904,7.283164,7.762651,7.775288,7.929699,9.206883,9.190105,9.025993,9.550863,9.391551,9.292356,9.260345,8.925487,8.77504,8.945996,9.263955,9.09859
"SETX",10.219997,10.361284,10.290562,9.87246,10.206942,10.668051,10.137207,9.839312,10.400599,9.247738,9.588744,9.878743,9.340413,9.474983,9.62028,9.732923,9.511578,9.440413,9.519673,9.746066,9.829473
"TTF1",6.811732,6.834134,7.078389,6.592649,7.328782,7.494094,6.908877,6.653215,6.993505,6.225538,6.258565,6.552444,6.595383,6.696112,6.661055,6.629181,6.494342,6.215547,6.445309,6.55853,6.29786
"RALGDS",7.721655,7.674272,7.526041,7.46273,7.501562,7.232922,7.744727,7.823677,7.670191,8.31834,8.211235,8.524329,8.677232,8.313391,8.623489,8.67203,8.182692,8.205306,8.525087,8.505724,8.63081
"GBGT1",7.529227,8.029575,7.885927,7.793179,7.732204,7.71339,8.064084,8.08739,7.885616,8.498097,8.727757,8.388972,8.811448,8.347268,8.792879,8.661621,8.736249,8.545068,8.700185,8.72895,8.500856
"OBP2B",7.008437,6.173376,6.150041,6.627061,5.614531,6.227799,6.948006,6.900536,6.509239,6.459685,6.493524,7.126439,6.423267,6.26912,7.04447,7.285618,6.480001,6.646646,6.284695,6.413941,6.389528
"VAV2",6.673306,6.824749,6.875466,6.62018,6.890371,6.60897,6.932383,6.802,6.546491,7.527949,7.020748,7.548047,7.065858,7.209739,7.211923,7.360702,7.097534,7.280167,7.579137,7.785488,7.436994
"NOTCH1",8.440348,8.213779,8.463792,7.476124,8.371504,8.475431,8.169878,8.630175,8.705092,8.748545,9.730311,9.647748,8.837355,8.595983,9.118084,9.091056,8.969502,8.930091,8.828273,9.178437,9.132454
"LCN8",7.368757,6.56736,6.876793,7.759615,6.995413,7.265637,7.931734,7.805236,7.204944,7.402813,7.502468,7.343354,7.095887,7.146358,6.91272,7.213958,7.665739,7.433373,7.349555,7.291989,7.166217
"EDF1",9.053652,9.24186,8.635279,8.431103,8.845944,8.322172,8.585067,8.39051,8.581017,8.754885,8.533873,8.63182,9.322846,9.259594,9.057236,9.124917,8.784219,8.751071,8.952626,9.17174,8.965784
"FBXW5",8.538073,8.508095,8.438855,8.145301,8.451762,8.046415,8.442047,8.498361,8.249569,8.951591,9.203637,9.263562,9.456852,9.101089,9.195127,9.174671,8.923328,9.082582,9.128616,9.204025,9.235609
"DPP7",8.332611,8.484674,8.393252,8.567919,8.246029,8.078044,8.428517,8.49909,8.304843,9.149729,9.112457,9.495854,9.788597,9.34714,9.284949,9.412356,9.19698,9.30343,9.369364,9.471667,9.257241
"ARRDC1-AS1",6.975594,7.353657,7.193964,7.066285,6.982838,7.322583,7.053417,6.949666,7.073744,8.114852,7.509683,7.922505,7.918734,8.256633,7.963477,8.017278,7.726107,7.985428,7.8619,7.791905,8.066337
"MTND2P28",9.396731,9.920186,9.681844,11.808415,9.883857,9.513121,9.010632,9.739482,9.73254,11.046355,10.409682,9.818309,8.560551,9.158246,9.63858,8.239972,10.267871,10.271086,10.456334,8.490147,8.639983
"PLCXD1",5.932243,6.812037,6.177351,6.654109,6.23475,6.086472,6.261421,7.532438,5.653499,7.243321,7.044932,7.180576,6.7906,7.070939,7.642149,6.899142,6.816415,7.49246,7.647279,7.139917,7.011491
"ASMTL-AS1",6.630954,6.244007,6.802684,6.353879,6.295812,6.3733,6.354479,6.574369,6.774994,6.089818,5.887924,6.316256,6.000627,5.750111,6.451609,6.276496,6.712523,6.179573,6.343311,6.510016,6.133223
"TLR7",7.64503,8.515378,7.651016,7.397096,7.860027,8.126336,7.978422,7.260351,7.685583,8.21045,7.58373,9.183153,8.40362,8.158386,8.212038,8.264964,8.340442,8.051416,8.434751,8.358637,8.441234
"TLR8",9.158429,9.289588,8.847835,8.075025,9.574046,9.655038,9.259709,9.625075,9.901762,9.091643,10.115648,9.353939,9.593221,9.37707,9.663875,9.538799,9.306213,8.683586,8.952708,9.581762,9.120776
"TCEANC",7.117112,7.298566,7.192961,6.79205,7.397531,7.692162,7.025768,6.464861,6.900649,6.271874,6.195522,6.51233,7.005601,6.505301,6.443385,6.879283,6.567502,6.368215,6.598877,6.721236,6.654031
"OFD1",7.822778,8.473466,8.376161,8.356258,8.099108,9.004982,8.016266,7.080014,8.208894,7.70987,7.309754,7.368086,7.703624,8.038122,8.018135,7.763108,7.427489,7.477231,7.586348,7.961703,8.148064
"MOSPD2",9.187335,8.839946,8.578394,7.989467,9.243751,9.424424,8.396067,8.661131,8.93474,8.313008,9.135569,8.880999,9.130858,8.413084,8.857002,9.14915,8.613975,8.599793,9.102947,8.904004,8.767795
"CA5BP1",6.947535,6.773277,7.009783,7.145598,7.256648,6.96804,7.091031,6.924994,7.143645,7.578925,7.66012,7.766525,7.836942,7.536575,7.622731,7.47935,7.469147,7.56465,7.792598,7.484358,7.717481
"SYAP1",7.931206,8.141625,8.003963,7.3694,7.760076,7.823204,7.656603,7.048282,7.928752,7.264417,7.12644,7.182851,7.819473,7.201635,7.020784,7.651189,7.11928,6.934011,7.437848,7.485443,7.290693
"REPS2",8.807625,8.78495,8.529313,7.623568,8.630267,8.931983,8.392823,8.662777,9.226308,8.167082,9.295352,8.70072,8.371254,7.955989,8.222648,8.578527,8.401355,8.257387,8.330546,8.399766,8.769893
"SCML1",6.938084,7.169787,7.580024,7.252308,7.167032,7.831633,6.662154,6.141813,6.47938,7.432805,6.160598,6.02419,7.092603,7.833774,6.389903,6.892044,6.625549,6.606991,6.986021,6.958638,7.286214
"CDKL5",6.905027,7.201798,7.30998,6.21237,7.255809,7.543969,6.920047,6.610454,7.117443,7.030237,7.964231,7.527183,7.246682,7.018129,7.365743,7.500356,7.575388,7.014798,7.244476,7.521684,7.803774
"PDHA1",8.335833,9.206326,8.818107,8.359821,8.419134,8.622545,8.642226,8.372346,8.888592,7.84732,7.477637,7.751164,8.153157,8.277301,7.782055,8.229167,7.494713,7.854165,8.010719,8.122809,8.19223
"FAM3C",8.316395,8.727122,8.805094,8.5333,8.455422,8.917496,8.666597,8.109738,8.122598,7.555568,7.177073,7.389557,7.605655,8.095707,7.65579,7.640723,7.702294,7.169891,7.833933,8.111577,7.972107
"SAT1",10.345319,10.527351,9.943365,9.77399,10.491073,11.107487,9.811902,10.066485,10.774385,9.923843,10.411545,10.871456,10.866428,9.900833,10.046308,10.76517,9.854522,9.870177,10.168693,10.523079,9.803581
"EIF2S3",10.246268,10.821989,11.185194,10.872783,11.044116,10.931703,11.063535,9.792253,10.778638,9.756877,9.610129,9.830936,9.717947,10.03473,10.033306,10.002847,9.787908,9.846497,10.068655,10.193392,10.029743
"ZFX",8.200315,9.049828,8.916559,8.810985,9.185848,9.508278,8.769137,7.977449,8.437735,7.628828,7.847272,7.867376,7.913428,7.926086,7.855449,8.137807,7.710028,7.56258,7.952097,8.088051,8.098742
"PDK3",8.335293,8.322406,8.407588,7.887359,8.428963,8.719298,8.301626,8.135879,8.67319,8.542636,9.206988,8.778394,8.676404,8.536644,8.72469,8.870499,8.814505,8.573506,8.855874,8.830584,8.954631
"POLA1",7.435871,8.120773,7.789073,7.50322,7.565395,8.074259,7.747496,7.201792,7.479578,6.74376,6.643624,7.094753,6.744411,6.835202,7.00517,6.977694,6.867318,6.752963,6.928596,7.011885,7.131234
"XK",6.635145,8.042306,7.518344,7.06604,8.606187,7.115019,7.858707,7.054604,6.600831,7.856653,7.586723,7.258574,8.217856,6.669649,7.529173,7.411011,7.016662,7.630505,7.687953,7.658985,8.255626
"ATP6AP2",9.766026,9.686417,9.727899,9.592467,10.007824,9.92089,9.705388,9.629487,10.073693,8.924297,9.156272,9.203164,9.295104,9.133179,9.281531,9.266192,9.112125,9.068763,9.525839,9.354274,9.352724
"USP9X",9.692194,9.872933,10.071203,9.631245,10.002898,10.425867,9.899177,9.430353,10.114899,8.942816,9.182461,9.126739,8.881158,8.898798,9.005365,9.112952,8.945843,8.858163,8.966116,9.048643,9.298848
"DDX3X",10.778453,10.92796,11.180505,10.967697,11.273573,11.551879,11.240441,10.609688,11.109817,9.132804,9.490772,9.426337,9.330181,9.345632,9.295132,9.425362,9.233875,9.018006,9.318874,9.248704,9.366159
"GPR34",4.103589,4.409949,4.419885,4.270363,4.528096,4.540651,4.331751,3.856052,4.159412,4.088434,4.271655,4.829591,4.701244,4.108541,4.320127,4.912775,4.456356,4.463755,4.588525,4.74215,5.213663
"GPR82",5.192816,5.593961,5.14014,4.455422,5.479943,4.892957,5.602952,4.636628,4.39986,4.293032,4.621277,4.737709,5.550285,4.90518,4.611911,5.05592,4.713353,4.696492,4.984913,5.084878,5.007107
"KDM6A",8.492813,9.294022,9.266143,9.175279,9.312937,9.616079,9.184672,8.002514,8.78133,8.548048,8.804436,8.637163,8.586178,8.576463,8.707523,8.855612,8.573798,8.444342,8.87324,8.857252,9.07201
"RP2",8.810297,8.845551,8.448944,7.980964,8.912463,9.231954,8.832069,8.533304,8.919664,8.195541,8.624505,8.449975,8.92504,8.602954,8.394443,8.697211,8.428029,8.083399,8.548011,8.770705,8.63061
"UBA1",8.77484,9.840199,9.728906,9.092921,9.344843,9.55051,9.552721,9.30453,9.676875,9.688812,10.019287,10.11053,9.484097,9.378697,9.848936,9.678948,9.623784,9.598582,9.688856,9.736686,9.776433
"CDK16",7.163432,7.530264,7.635434,7.233048,7.289292,7.23491,7.654579,7.366039,7.193789,7.550184,7.735507,7.762456,8.012368,7.867887,7.802861,7.897032,7.719506,7.564877,7.811088,7.839575,7.895394
"TIMP1",9.66019,10.382972,10.093497,9.499305,9.906333,9.438835,9.891747,10.502143,10.829519,10.548871,10.861632,10.831934,11.264806,10.199672,10.934228,10.823309,10.398977,10.651708,10.781074,10.282278,10.639575
"SSX6P",5.52822,5.601718,5.243598,6.356627,5.090941,5.507389,5.312057,5.940472,5.746304,6.246611,6.179853,5.502726,5.197354,5.804405,5.622216,5.298293,5.728306,5.822651,5.595661,5.353204,5.203003
"PORCN",7.130895,7.109569,7.383215,7.291005,7.139295,7.404933,7.31243,7.267829,7.348457,8.089365,7.904299,7.935029,8.333584,8.188084,8.168539,8.201583,8.08708,7.891667,8.122163,8.053913,8.103325
"WAS",8.012091,8.816879,8.637097,8.037807,8.441072,8.588702,8.34517,8.789542,8.969679,9.189394,10.028274,9.756148,9.365799,8.962518,9.523774,9.535761,9.338906,9.179237,9.142497,9.054652,9.417237
"PLP2",9.727662,10.613829,9.888676,9.621158,9.906819,9.674206,9.742827,10.232208,10.411967,10.93352,11.154313,10.70204,11.045809,10.734406,10.952151,11.166958,10.479375,10.657919,10.921743,10.686696,10.922665
"XAGE5",5.121536,4.144901,4.630885,5.1942,4.23116,4.723346,4.862964,4.880957,4.431027,4.852398,4.734556,4.531461,4.361288,4.980797,4.107789,4.390697,4.49781,4.86841,4.538446,4.138098,4.647222
"GNL3L",7.572315,8.304142,8.101521,7.490828,7.894195,8.150852,7.918033,7.486505,8.123178,8.102426,8.412187,8.502504,8.200054,8.255731,8.363441,8.172973,8.189344,8.374499,8.67543,8.645887,8.460253
"KLF8",6.559555,6.887466,6.958937,6.569988,6.845405,6.735524,7.196732,6.575366,7.181585,7.049907,6.550887,7.185092,6.586155,7.032012,6.991639,7.419298,6.906811,6.712755,7.040436,6.711789,7.076797
"FAAH2",7.120632,7.001402,7.193073,6.743769,7.045007,7.087565,6.853966,6.507056,6.794232,6.709213,6.033157,5.852636,6.543864,6.399495,6.267252,6.39834,6.297846,6.29657,6.381056,6.217814,6.763665
"MIR223",10.333243,9.979379,10.244946,9.480846,10.105073,10.360388,9.958225,10.164508,10.696952,10.730773,11.668689,11.171329,11.547309,11.007532,11.13929,11.467341,10.845884,10.77979,11.195767,11.339117,11.171473
"YIPF6",8.695393,9.1024,8.506811,8.27737,8.845298,8.365327,8.820568,7.792859,8.570352,8.193696,8.096428,8.029952,8.558009,8.048892,8.024681,8.523277,7.84346,8.038661,8.12092,8.289968,8.628617
"IGBP1",8.730766,8.638192,8.553231,8.885532,8.482279,8.824354,8.072972,8.292222,8.332985,8.136155,7.901775,8.071732,8.64524,8.704009,8.322148,8.492074,7.948831,7.988128,8.353121,8.316557,7.896564
"MED12",8.124892,8.475124,8.678026,8.075645,8.209558,8.610925,8.181362,8.267486,8.805009,8.893723,9.170258,9.195794,8.635154,8.624118,9.061871,8.925057,8.755827,8.723659,8.789815,8.955388,8.977521
"NHSL2",8.508649,8.507836,8.613038,7.777016,8.653223,8.68155,8.273143,8.837488,8.900752,8.283397,9.666919,9.343436,9.194255,8.487658,8.92684,9.181483,8.759201,8.874629,8.896461,8.637596,8.935331
"JPX",5.043823,5.965168,5.212898,5.267014,5.813211,6.350755,5.407385,4.89752,5.120422,4.997261,4.985007,5.453653,5.878805,6.232773,5.343974,5.773464,5.017558,5.003171,5.200855,5.764041,6.020417
"ATP5MD",7.102249,7.994499,7.066679,7.051632,7.40519,7.693695,7.576145,6.879246,7.098744,7.004551,6.838078,6.769768,7.757724,8.141964,7.207981,7.381027,6.890602,6.869071,7.144374,7.584451,7.005224
"UPRT",7.423472,7.687199,7.691807,7.397397,7.686193,8.003467,7.619167,6.838994,7.847918,6.869239,6.660363,7.006761,7.289345,7.074434,7.062965,7.174029,6.947904,6.931615,6.940446,7.365178,7.139465
"COX7B",6.524216,6.521234,5.594882,4.327778,5.586727,6.974758,5.5169,5.141182,5.776558,4.38107,3.337745,3.98228,4.628779,5.296275,3.590655,5.114678,3.761981,3.406643,3.557721,4.810675,4.369047
"P2RY10",8.577163,9.10773,8.829504,8.877059,8.946269,8.9157,8.713987,7.829303,8.317102,9.427541,8.890301,9.128318,9.476566,9.685764,9.025625,9.783489,9.206235,9.017209,9.358576,9.305894,9.643577
"GPR174",9.05532,9.419567,9.655785,9.560118,9.777449,9.668069,9.384796,8.585565,8.999226,9.761522,8.837868,9.170728,9.535817,10.03764,9.439855,9.600269,9.836541,9.468148,9.265412,9.619501,9.767551
"SH3BGRL",10.467065,10.514567,10.440239,10.387716,10.587158,10.713254,10.394132,10.231861,10.329373,11.31765,11.182257,11.246912,11.758713,11.322677,11.428258,11.531999,11.188798,11.18798,11.346729,11.626535,11.482796
"APOOL",6.670888,7.33625,7.112773,6.921469,7.385056,7.447799,7.233102,5.524644,6.804837,7.11598,6.697601,7.146902,6.699327,7.117077,6.527687,7.325549,6.986647,6.514746,6.879198,7.476686,7.369245
"ZNF711",5.125196,5.558006,5.614566,5.320547,5.768515,5.661434,5.694836,5.629861,4.994735,4.655183,4.789026,5.232788,5.072119,5.432774,5.101946,4.904547,5.005978,5.293963,4.932146,5.023471,5.065616
"DIAPH2",7.085327,8.243323,7.71473,7.334725,7.746812,7.902278,7.438796,6.930569,7.701202,6.972349,6.876179,7.51663,7.413984,7.284646,7.509519,7.531402,7.168122,6.874078,7.553664,7.765967,7.668708
"ARMCX6",7.274965,7.733099,8.066663,7.786494,7.45472,7.168252,7.843462,6.215825,7.884743,7.623728,7.300928,7.367881,7.811444,7.758594,7.333676,7.729962,7.501855,7.328654,7.404195,7.677021,7.701511
"ARMCX3",7.496018,7.620672,7.370536,7.196351,7.18541,7.59988,7.214252,7.087313,7.600887,6.363129,6.258542,6.364779,6.522882,6.650459,6.666795,6.619518,6.245541,6.318304,6.500447,6.510199,6.420375
"PRPS1",8.107205,8.75671,8.429208,8.697604,8.318752,8.71577,8.326315,8.382714,8.162608,7.710356,7.22659,7.55419,8.091549,8.108871,7.784968,7.95351,7.504336,7.530965,7.695756,7.659073,7.65814
"VSIG1",6.764028,6.966398,7.469147,7.10237,7.177232,7.246374,6.937107,6.953482,7.370563,8.029055,7.864176,7.422684,8.044185,8.26174,7.834943,8.313023,7.57018,7.774667,8.1095,7.808792,8.235192
"ATG4A",7.257606,7.460118,7.031097,7.261434,7.153412,7.461362,6.948406,6.343131,6.96045,6.694868,6.584312,6.263845,7.066169,7.054718,6.600238,6.718842,6.529764,6.2448,6.689818,6.789662,6.307901
"TDGF1P3",5.34447,5.143817,4.986072,5.847839,4.417397,5.144113,5.515812,4.894384,5.338448,5.337687,5.878108,5.415418,5.199928,5.504011,5.416398,5.328573,6.040848,5.831733,5.149595,5.322344,5.26754
"ALG13",6.789817,7.460327,7.222156,6.893018,7.303293,7.401436,7.107877,6.148183,6.894081,7.366315,7.03734,7.22775,7.809094,8.071429,7.612591,7.964073,7.253709,7.5148,7.80089,7.36777,7.85314
"WDR44",7.381844,7.560199,7.679303,7.416186,7.624969,8.171084,7.539583,6.943846,7.831286,7.138532,6.578423,7.025722,6.967222,7.125881,7.735967,7.063847,7.357264,6.853677,7.129082,7.324802,7.284075
"DOCK11",10.72595,10.9651,11.068859,10.65782,10.871336,11.366094,10.916885,10.530921,10.990233,10.065101,10.029236,10.073922,10.01972,10.174361,10.070419,10.223755,10.050466,9.750262,10.136923,10.327712,10.353278
"IL13RA1",9.800773,9.221628,9.615989,8.730246,9.789708,9.977522,8.908023,9.639531,10.282485,8.848814,9.286774,9.432523,9.469985,8.908794,9.32976,9.530653,8.842032,8.728099,9.127986,9.026443,9.515368
"PGRMC1",8.542825,8.517082,8.858382,8.568766,8.711443,8.752881,8.167334,8.107759,8.990075,9.565881,9.47524,8.950636,9.780891,9.01701,9.386719,9.608378,9.063217,9.069364,9.543305,9.401115,9.873515
"UBE2A",8.287731,8.839679,8.299964,8.003816,8.542335,8.742358,8.422129,7.950279,8.560808,9.29159,9.221458,9.273424,9.752882,9.298431,9.267155,9.394795,9.106531,9.222612,9.46096,9.357395,9.578771
"NDUFA1",7.827684,7.10124,7.131918,7.510209,7.184941,7.340381,7.172332,6.97857,6.550439,7.54094,7.268217,7.271671,7.733723,7.958357,7.572686,7.648437,7.429652,7.053428,7.545699,7.387405,7.147759
"ZBTB33",7.870546,8.388756,7.947057,7.812907,8.366098,8.531101,8.046008,7.380626,8.045384,9.265027,8.358168,8.887428,9.526804,9.557083,9.312644,9.267293,9.282179,9.082133,9.42136,9.385992,9.675009
"MCTS1",7.350119,7.927552,7.611054,8.173606,7.943096,8.328349,7.987738,7.673493,7.634605,7.43208,7.069764,7.211511,7.730928,7.985989,7.197269,7.584008,7.359419,7.123375,7.554834,7.604257,7.682152
"STAG2",9.363364,9.272293,9.262197,9.204082,9.514972,9.891285,9.288773,8.979898,9.277167,9.039902,9.31743,8.965596,9.655047,9.570695,8.99214,9.447114,9.251021,8.898959,9.271386,9.470619,9.467173
"SH2D1A",8.227552,8.201441,8.076292,8.500481,8.290008,8.874395,8.473771,7.004176,7.915113,7.765873,7.084261,6.829679,8.396526,8.468167,7.805863,7.871905,7.747599,7.481834,7.724738,7.926068,8.16109
"PHF6",7.912961,8.470698,8.142297,8.13269,8.491852,8.859229,8.228122,7.333479,7.845858,7.45833,6.954117,6.966475,7.806354,7.995989,7.08583,7.601758,7.28525,7.225659,7.656767,7.91593,7.704494
"HPRT1",7.800309,8.311564,8.035377,8.005073,8.320525,8.475515,7.81518,7.448746,8.046392,7.327712,6.491478,7.096833,7.775912,7.523267,7.169286,7.462252,6.978357,6.911012,7.300848,7.545019,7.652456
"INTS6L",8.21263,8.599239,8.782701,8.398523,8.293278,8.741774,8.173301,7.802728,8.383483,8.429082,8.081062,8.146336,8.218246,8.682609,8.226414,8.452585,8.415399,8.078585,8.202373,8.375797,8.433876
"FHL1",6.208066,6.159058,6.699573,6.565429,6.307591,6.642089,6.295384,6.80192,6.702513,6.841261,7.316822,6.559723,7.185634,6.60244,7.462651,7.219654,7.070331,6.807597,7.058527,7.023082,7.48567
"HTATSF1",7.202448,7.633414,7.262997,7.240635,7.568473,8.067764,7.174236,6.738938,7.416404,6.260762,5.846509,6.296379,6.72145,6.913617,6.485193,6.683301,6.560521,6.168346,6.419591,6.636206,6.610013
"CD40LG",7.192972,7.700218,7.830901,7.947638,7.40294,7.403376,7.257478,6.861343,7.262922,7.735188,6.884945,7.138424,7.542162,7.986999,7.267145,7.762911,7.404579,7.545926,7.435188,7.355965,7.657277
"SPANXA2-OT1",5.384018,5.675589,4.892656,5.861219,5.983192,5.617621,6.361982,6.534809,5.64791,4.975108,5.675213,5.070994,4.299296,5.078224,5.572491,5.715048,5.804849,5.762003,5.972317,5.274502,5.498526
"IDS",10.64893,10.412611,10.438919,9.743758,10.35499,10.304469,10.224138,10.553129,10.717529,10.970251,11.49173,11.268229,11.156344,10.72844,11.205546,11.431459,11.017411,10.950714,11.100244,11.025723,11.201165
"MAGEA8",8.418632,7.762818,8.286325,9.091597,8.248057,8.147311,8.387725,8.985985,8.282022,8.550959,8.693811,8.553749,8.30733,8.324656,8.601813,8.251671,8.685792,8.734839,8.513412,8.182424,8.441525
"MTM1",8.347941,8.537708,8.756986,8.480168,8.660757,8.952187,8.42041,8.227115,8.688939,7.580069,7.744251,7.86749,7.591696,7.831491,7.688394,8.017154,7.657456,7.607388,7.950217,7.777165,7.997544
"CSAG1",6.441625,5.454609,5.999528,6.521205,5.612234,5.725353,5.931876,6.990874,5.868511,6.441846,6.227348,6.304187,5.985545,5.894783,5.719427,6.191619,6.522509,6.509866,6.01483,5.918219,5.944805
"ZNF185",7.312575,7.503907,7.559468,7.300816,7.479865,7.428637,7.114578,7.719042,7.955606,7.722837,8.443452,7.768813,7.795615,7.189223,7.607819,7.962217,7.26308,7.893318,7.8863,7.683415,7.786266
"SSR4",8.274693,8.339025,8.114883,8.018715,7.920449,7.513685,8.196162,8.233437,7.849583,8.075027,7.898121,8.061391,8.561118,8.191559,8.207151,8.389957,7.933804,8.130667,8.338856,8.33628,8.211912
"OPN1LW",5.47606,5.115045,4.688072,5.922928,4.744195,5.044157,4.822322,5.357086,4.568588,5.441567,5.3596,5.257761,4.701332,4.878884,5.335208,4.817085,5.314594,5.516771,5.259458,4.918573,4.852308
"ATP6AP1",9.091662,9.357212,9.208517,8.683335,8.971005,8.914435,9.259029,9.23465,9.311035,10.078914,10.24141,10.45994,10.06652,9.856994,10.247255,10.199301,10.134881,10.118105,10.105008,10.268299,10.110773
"GDI1",8.961031,9.497058,9.425222,8.908302,9.223909,9.290315,9.336173,9.258964,9.668865,9.872176,10.292921,9.996336,9.81495,9.883045,10.041833,10.060044,9.913742,9.712195,9.843223,9.703664,9.969832
"FAM50A",7.257839,7.405788,7.409108,7.342466,7.418926,7.295433,7.299452,7.35142,7.4476,7.868731,8.101056,8.089971,8.3213,8.10441,8.146285,8.282829,8.164875,7.983014,8.026361,8.187832,8.096936
"IKBKG",6.649633,6.860376,6.583655,6.411598,6.599083,6.603917,6.712359,6.46148,6.471929,7.241696,7.706999,7.463096,7.807604,6.802894,7.213737,7.399125,7.424641,7.331559,7.425338,7.243852,7.337626
"DKC1",7.754729,8.086813,8.065473,7.868752,8.14745,8.369466,7.847549,7.335796,8.060281,7.228277,6.7416,7.053057,7.215758,7.277287,7.445434,7.443804,7.185342,7.08301,7.419526,7.530695,7.318386
"BRCC3",7.092476,7.47352,6.837755,7.036716,6.890272,7.382247,6.815485,5.636544,6.889771,7.192109,7.105485,7.478596,7.747074,7.208136,7.082191,7.370586,7.257124,7.24295,7.615229,7.543594,7.43405
"VBP1",6.703835,6.961973,6.458572,6.337161,6.808481,7.223761,6.365523,5.949716,6.491462,5.757005,5.885388,5.772815,6.628141,6.815727,6.052537,6.415132,5.985464,5.998451,6.012274,6.064397,6.455853
"PPP2R3B",6.375283,6.030353,6.162593,6.251343,3.788969,4.518475,6.908274,6.346212,5.043414,4.911906,5.15164,6.359841,5.702104,5.01139,5.474296,4.802178,5.443032,6.02772,5.740347,5.205787,5.853721
"TRAPPC2",7.441309,7.493388,7.304128,7.353182,7.70217,7.916485,7.300082,6.727999,7.452735,7.133876,5.933243,6.496294,7.223888,6.755062,7.214964,6.990514,7.04728,6.65975,6.902301,7.153441,6.923236
"FANCB",5.513659,6.122784,5.454358,5.388597,6.035147,5.761824,5.5823,4.815305,5.427674,5.083592,4.84643,5.18855,5.449699,5.562685,5.269773,5.498377,5.115775,4.956805,5.313506,5.527391,5.435981
"AP1S2",7.588721,7.895522,7.293914,7.293676,7.725544,8.221995,7.242515,6.907363,7.948325,6.221401,6.411394,6.744931,7.149614,7.231186,6.749632,7.083259,6.472839,6.77307,7.050022,7.145597,7.083594
"RBBP7",9.015284,9.439187,9.43639,9.415142,9.161408,9.248554,9.26241,8.636385,9.007258,9.869096,9.359026,9.682093,9.883388,10.009347,9.883949,9.796095,9.750704,9.688025,9.926344,9.925208,9.675179
"BEND2",6.138306,5.324866,5.845082,5.7202,6.016043,6.093576,6.17277,6.272377,6.366341,6.417054,6.908645,6.09523,6.379271,5.31245,6.337039,6.276926,5.867717,5.964077,6.270135,6.414744,6.384876
"BCLAF3",6.995471,7.532373,7.229796,6.873483,7.376473,8.303334,7.399959,6.389168,6.736823,6.705563,6.607026,6.799104,6.853049,6.752105,6.749696,7.046759,6.843844,6.159516,6.738207,7.213094,7.005917
"SCARNA9L",5.586483,5.863005,5.321368,5.397145,5.518727,5.999602,5.282096,4.669427,4.617976,4.963141,4.597933,4.561434,4.537127,4.866872,4.564324,4.62522,4.644982,4.683776,4.950294,4.94487,5.076456
"RPS6KA3",10.393765,10.337438,10.349791,10.262687,10.512374,10.906829,10.045605,10.121588,10.527335,9.726924,9.558365,9.514683,9.590002,9.679511,9.717923,9.794446,9.785545,9.421754,9.818443,9.921166,9.959704
"APOO",6.308168,6.787462,6.57594,6.467428,6.981861,6.840594,6.869866,5.973118,5.988293,7.15786,6.741015,6.741437,8.002031,7.392603,7.042248,7.28243,7.061034,6.891735,7.065198,6.991424,6.911799
"RPL9",10.970456,9.922552,9.039476,10.507819,10.130888,11.236951,9.913996,9.344733,9.356387,9.130015,8.29822,7.90969,9.513772,11.290343,8.961256,9.571465,8.943466,8.806862,9.121427,9.449672,8.771358
"TASL",7.940945,8.652905,7.454847,7.631332,8.292164,8.758846,7.701589,7.280593,7.915557,7.591313,7.778296,8.253234,8.22969,8.384012,7.627328,8.04205,7.522223,7.500136,7.838923,8.257925,8.136166
"TAB3",8.432406,8.955582,8.663828,8.554317,8.957668,8.935923,8.603172,8.46716,8.839023,9.467838,9.191915,9.253674,9.48177,8.990256,9.229306,9.228845,9.156604,9.271124,9.274642,9.144138,9.648891
"DYNLT3",7.063329,7.727953,7.465589,7.205355,8.015205,8.143389,7.279564,6.861409,7.41033,7.060748,6.676692,6.016793,7.294349,7.901155,7.00397,7.253312,6.823599,6.363603,6.825552,7.21919,6.984869
"RPGR",7.142326,7.026937,7.416947,7.132752,7.368986,8.026568,6.713686,6.670004,7.406643,6.658446,7.102334,6.50274,7.06303,6.927968,6.726765,7.212213,6.847903,6.741251,7.1024,6.997852,7.024342
"MED14",8.136456,9.154124,9.293129,8.858437,9.057764,9.307755,8.91886,8.352373,9.209023,9.118067,8.892253,9.198387,8.839392,9.117016,9.025213,9.121258,9.015259,8.813856,9.064037,9.09526,9.228253
"ZNF674",6.428332,6.670397,5.908759,5.928217,6.309149,6.548211,5.997834,5.759449,6.464881,5.702165,6.229518,6.150835,6.260911,6.258282,6.482175,6.087659,6.234395,6.134483,5.985971,6.59015,6.735034
"SLC9A7",7.610912,8.311071,8.27832,7.987226,8.051684,8.101887,8.145002,7.391671,7.862835,8.27484,7.70918,8.572078,8.139451,8.166581,8.344121,8.502852,8.530056,7.879567,8.31265,8.541227,8.433973
"CFP",8.622826,9.162686,8.660812,8.105361,8.747017,8.42312,8.763998,8.812324,9.002532,9.267021,10.164529,9.927869,10.117688,9.370972,9.943358,10.018469,9.462159,9.662256,9.913343,9.773491,9.564156
"UXT",8.272353,8.772848,8.455652,8.321996,8.35762,8.287457,8.562922,8.021482,8.08443,9.466567,9.002561,8.946456,9.751428,10.132927,9.186963,9.562139,9.18232,9.506582,9.393795,9.474712,9.49401
"SLC38A5",7.071208,8.961177,7.918349,7.184937,8.14271,7.6171,7.534622,7.246392,7.779001,8.041593,8.569937,7.990919,7.364175,7.508105,7.955188,8.048004,8.166749,7.905238,8.064932,7.482186,8.077798
"PIM2",9.562582,10.207662,10.14019,9.809249,9.959113,9.957391,9.812991,9.917159,10.107131,10.910413,10.556397,10.959995,10.555577,10.7391,10.493005,10.580519,10.562651,10.584791,10.673342,10.534469,10.703292
"TFE3",8.153479,8.404947,8.175994,7.588661,8.348474,7.983739,8.09851,8.133755,8.516699,8.52839,9.092103,9.109317,9.028379,8.586254,8.910578,9.165109,8.662923,8.562506,8.901523,8.861214,8.879718
"PRAF2",7.381989,7.527013,7.411414,7.028458,7.538003,6.905833,7.591972,7.566201,7.694471,8.324208,8.433148,8.117299,8.674386,8.35285,8.093482,8.444766,8.138202,7.948473,8.120278,7.937642,8.440076
"LOC401589",6.478127,5.741128,6.15773,7.583384,6.10685,6.15088,6.189258,6.678389,6.32387,6.857581,6.612818,6.602389,6.334356,6.647597,6.627173,6.316124,6.576136,6.696241,6.514175,6.229084,6.154104
"SSX7",6.007883,5.287099,5.450463,6.591484,5.384034,5.830975,5.816449,6.170557,5.299508,6.252309,6.621477,6.335909,5.833343,5.894619,6.108701,5.636947,6.320219,6.226666,5.847988,5.760683,5.738656
"SMC1A",8.011015,9.094038,9.132818,8.640356,8.687039,9.269783,8.607667,8.296757,8.853072,7.810185,7.807819,8.188334,7.741623,7.529052,8.010628,7.937477,8.011397,7.868121,8.010848,8.164033,7.986628
"MIRLET7F2",4.57877,4.986541,4.958829,4.686374,5.117754,4.923468,5.141051,4.885629,4.816274,4.777799,4.670048,4.477596,4.395292,4.566087,4.549342,4.665287,4.301804,4.449223,4.659768,4.305936,4.434635
"ALAS2",10.680379,11.887691,11.171581,11.538345,12.390835,10.302617,12.648887,11.17809,10.626194,12.442909,11.943549,11.062323,12.728383,10.805874,11.53239,11.691662,12.117281,11.916836,11.586821,11.893666,11.732083
"XAGE-4",5.33257,5.503827,5.8133,5.524212,5.710698,5.207872,6.560891,5.991718,5.654212,5.944054,5.83658,5.706992,5.442391,5.814443,5.550668,6.006326,6.209392,5.792301,5.681868,5.714522,5.531616
"UQCRBP1",5.887329,5.49489,5.439866,5.364876,5.180032,6.221673,4.804477,5.202094,5.114064,5.408802,5.230234,5.64423,6.295645,5.678871,5.709662,6.06339,5.489011,5.86851,6.059199,6.134734,5.837954
"CXorf65",7.660677,8.196439,8.042009,7.771799,7.651451,8.623337,7.797617,6.650034,8.169846,7.714837,7.553199,7.82519,7.512933,7.897037,8.135306,8.003911,7.728884,7.67057,7.776347,7.824282,8.016047
"CXCR3",7.538285,7.56067,7.441271,7.542509,7.669034,7.44201,7.728767,7.847253,7.406208,8.3274,8.196283,8.217764,8.401431,8.481203,8.567614,8.268578,8.394969,8.327436,8.343922,8.251864,8.163308
"RPS4X",11.992126,11.972302,12.33465,12.487161,12.114616,12.233169,12.252719,12.069388,11.203198,11.652665,11.266901,11.012677,11.997182,12.200258,11.59448,11.735776,11.946026,11.783206,11.973416,11.691303,11.153066
"NAP1L2",5.108908,5.331519,5.275716,5.50085,4.797062,5.050805,5.317702,4.727994,4.724659,4.618325,4.652761,4.588069,4.323773,4.627718,4.702777,4.79059,4.780313,4.56214,4.570969,4.7403,4.606508
"RLIM",10.421452,10.382558,10.600559,10.568058,10.834626,10.764583,10.218191,10.115208,10.617336,9.650303,9.733478,9.655294,9.913344,9.902185,9.69606,9.949983,9.588757,9.945391,10.158247,10.161062,10.119449
"ABCB7",7.207886,7.783706,7.560758,7.367194,7.776191,7.923713,7.627444,6.612575,7.126742,7.282066,6.902916,7.294154,7.497134,7.762618,7.340055,7.431476,7.29266,7.257276,7.490588,7.627169,7.757258
"ATRX",8.587217,8.589073,8.773774,8.563353,8.788278,9.587327,8.738066,8.319296,8.668776,7.644584,7.348975,7.254857,7.619004,8.035987,7.580336,7.852067,7.618087,7.293286,7.508854,7.86433,7.925717
"MAGT1",8.858339,9.423677,9.089978,9.308757,9.424952,9.484628,9.365747,8.642868,9.447074,8.001433,7.478077,7.662202,8.153401,7.963586,7.836792,7.896595,7.629632,7.646819,7.992865,8.048862,8.266561
"CYSLTR1",8.630941,9.437971,8.743061,8.436299,9.271702,9.38338,8.723861,8.342749,8.653326,8.682923,8.683475,9.109716,9.165215,9.025901,8.599307,9.017181,8.972024,8.62322,9.139954,9.102017,9.100481
"ITM2A",7.865368,8.443139,8.467953,8.478501,8.173766,8.553733,8.356048,7.585627,7.955475,8.517749,7.187472,7.361874,9.002108,9.43107,7.956764,8.529111,8.413767,7.760264,8.247256,8.115573,8.540334
"CHM",6.696883,7.17679,7.155572,7.121845,7.21948,7.518489,7.41032,6.714966,6.869696,7.187564,6.729727,6.692743,7.483043,7.507428,7.245934,7.269502,7.07594,6.929057,7.120265,6.98258,7.597999
"RPSAP15",7.844677,7.824449,7.501655,7.922919,8.042131,7.59527,7.607533,7.365141,7.19823,7.574466,7.546918,7.260275,7.684578,8.165299,7.430349,7.796301,7.56332,7.62952,7.915527,7.8258,7.695801
"YWHAQP8",6.990726,6.979713,7.01868,6.892129,7.183291,7.110969,7.421947,6.965851,7.184414,7.949559,7.787559,7.973599,8.159024,7.816517,7.922477,7.993212,8.026166,8.082818,8.035273,7.958369,8.190618
"TIMM8A",5.687657,5.989233,5.759431,6.142574,6.450468,6.47926,6.108887,5.917635,5.662513,6.121795,5.689186,6.338338,6.227493,6.654878,6.252349,6.473426,6.072662,6.499084,6.493076,6.570625,6.848043
"GLA",7.108094,7.285233,6.955555,6.632407,6.955858,6.830003,7.186932,6.41047,7.056142,7.115831,7.243341,7.281975,7.609098,7.026641,7.323409,7.428168,6.300588,7.511287,7.874704,7.496625,7.159573
"ZMAT1",7.224285,7.292542,7.206884,7.432493,7.369079,7.76345,7.313312,6.664953,7.156102,7.684363,7.314934,7.069042,7.281191,8.140909,7.434619,7.598772,7.633212,7.266439,7.428843,7.750959,7.860647
"TCEAL8",6.289836,6.37319,6.282947,6.38463,5.902855,6.340849,6.4738,5.894551,5.766557,5.841226,5.66385,5.870974,6.180941,6.617931,6.01966,6.16217,5.92011,5.865457,5.841712,6.06449,5.911187
"RBM41",7.451829,7.584063,7.457575,7.217133,7.490004,7.760209,7.356702,6.710691,7.208519,6.583376,5.909019,6.474017,6.882863,6.91466,6.834049,6.719307,6.771134,6.3061,6.677922,6.733669,6.690093
"TSC22D3",9.189891,9.415027,9.453955,9.103307,9.292399,9.135343,9.24733,9.183852,9.475385,10.100445,10.418342,10.014079,10.209846,9.604554,9.77879,10.048593,9.863308,9.984753,9.97185,10.177808,9.940591
"PSMD10",7.084219,7.47286,7.169789,6.961333,7.626846,7.488235,6.946742,6.820157,6.798585,8.722914,8.339831,8.32292,9.138513,9.265199,8.624305,8.898478,8.608033,8.365084,8.84308,8.694801,8.271765
"ACSL4",9.060029,8.908956,8.739281,8.538018,9.161689,9.470462,8.776203,9.085333,9.477078,8.313473,8.472821,8.458414,8.47709,8.086822,8.329084,8.416961,8.116635,7.984158,8.391566,8.674811,8.490515
"SNORD96B",5.925112,6.727204,6.023958,6.342171,6.108383,6.392601,5.840877,5.573614,6.027091,5.529819,5.463934,5.375135,5.279574,5.542784,5.569021,5.7257,5.395967,5.535907,5.750312,5.831553,5.767019
"CXorf56",6.709999,7.486997,6.656485,7.640696,6.736078,7.058276,7.207433,5.770336,6.489935,6.531857,6.35471,6.562012,6.45113,6.666438,6.498395,6.561265,6.633465,6.59432,6.668818,6.560285,6.804768
"SEPTIN6",9.272598,10.220994,10.551155,10.316149,10.063417,10.20682,9.977085,9.262469,9.788378,10.666532,10.086281,10.446964,10.431426,10.822399,10.59274,10.542149,10.540592,10.377942,10.546778,10.508865,10.695215
"UPF3B",6.097281,6.715591,6.480456,6.318891,6.468223,6.964858,6.622111,5.690519,5.942106,5.708195,5.817325,5.961,6.913636,6.876597,6.427801,6.985986,6.355597,5.798597,6.648071,6.630826,6.565465
"TMEM255A",6.718974,6.560654,6.492034,6.685021,6.393172,6.61597,6.64011,6.992933,6.881862,6.724511,7.105545,7.540397,6.749937,6.373913,6.702536,6.694842,6.886567,6.732889,6.562907,6.731709,6.376561
"CUL4B",8.993326,9.161943,9.161209,8.963381,9.099685,9.61018,9.032063,8.682077,9.197303,8.301843,8.205917,8.335862,8.377318,8.507574,8.136822,8.428807,8.349149,7.845965,8.414624,8.600393,8.737034
"C1GALT1C1",6.974905,7.720073,7.407293,7.188368,7.617984,8.071141,7.611227,7.334077,7.403641,6.648684,6.624226,6.376448,7.188776,6.890186,6.713631,6.872208,6.659835,6.336536,6.592003,6.660049,7.240386
"THOC2",8.575736,9.111396,9.084322,8.892992,9.05975,9.755838,9.029014,8.11622,8.689973,8.405218,7.863754,8.268024,8.408514,8.759614,8.465544,8.576984,8.373117,8.113665,8.48019,8.595825,8.665032
"ELF4",8.274443,8.697812,8.674493,7.973654,8.51337,8.486372,8.500655,8.604045,9.066225,8.700629,9.181387,9.547093,9.160795,8.553058,9.184631,9.007203,8.853029,8.779498,8.880255,8.901505,9.080347
"ZNF280C",6.04351,7.162754,6.56026,6.456783,6.367989,7.258698,7.095443,6.182586,6.659056,7.052848,6.626165,6.966965,7.250756,7.478501,7.15393,7.157037,6.918389,6.657807,7.255822,7.165943,7.596268
"MBNL3",9.599666,10.898494,10.596713,10.265484,11.359976,10.55359,10.8706,9.83293,10.857457,10.7595,10.807718,10.475472,10.818386,9.719358,10.27988,10.936177,10.417124,10.796622,10.63973,11.046732,11.918948
"MOSPD1",5.994462,6.269112,6.03256,5.657459,6.620758,6.414476,5.828972,4.979479,6.186547,5.527795,5.654473,5.534989,6.063524,5.586688,5.751312,5.844722,5.643446,5.508283,6.015167,5.866759,6.33963
"RTL8A",8.319505,8.316658,8.246156,8.273021,8.209904,8.339377,8.335124,8.688644,8.593458,8.81051,8.944684,8.878633,9.04539,8.981439,8.981312,9.260157,8.769943,8.719599,8.887264,8.580224,8.169926
"CT55",6.702039,6.099711,6.671638,6.35607,5.617699,6.132043,6.735129,5.616209,6.394174,5.891806,5.401381,5.882092,6.016611,4.984982,5.991061,5.501384,5.786515,6.180307,5.640557,5.800692,5.355316
"SNORD61",7.062551,6.41325,6.171722,6.429176,6.462949,6.582546,6.055539,5.745279,6.055122,4.93212,4.789999,4.549089,5.301857,6.632234,4.551849,4.958294,4.541557,4.742332,4.404627,5.459064,4.906953
"ATP11C",8.025464,8.539343,8.384363,8.290457,8.324768,8.766165,8.210109,7.598952,8.188912,7.555063,7.255881,7.424937,7.749028,7.900453,7.601488,7.817959,7.491649,7.497802,7.735494,7.96022,7.863377
"LINC00893",6.497877,7.85687,8.019508,6.899348,7.579302,7.664368,5.692422,7.124683,7.847607,7.450783,7.599326,7.416361,7.455029,7.620591,7.265303,7.308345,7.312999,7.532272,7.131977,7.439397,7.407557
"CETN2",7.295444,6.947405,6.696859,7.215499,6.63974,6.93524,6.925185,7.081517,6.137085,7.393224,7.451598,7.334024,7.917315,7.553943,7.377908,8.400991,7.419112,7.123203,7.578343,7.692197,6.791343
"BCAP31",8.170648,8.588676,8.486575,8.084808,8.382438,7.965197,8.198826,8.258157,8.23909,8.850911,9.086124,8.745653,9.004461,8.972126,8.802152,9.119443,8.629642,8.461519,8.862998,9.148447,8.632507
"IDH3G",8.500363,8.903619,8.718644,8.610721,8.847566,8.430928,8.883296,8.63832,8.767722,10.581353,10.530793,10.743036,10.822768,10.618967,10.691299,10.802044,10.57532,10.51628,10.710272,10.647431,10.782914
"HCFC1",7.369355,8.172902,8.159343,7.788915,7.931952,8.207882,7.685972,7.528111,8.066458,8.49335,8.40137,8.943207,8.245867,8.294515,8.647686,8.394856,8.587609,8.479651,8.514557,8.337319,8.618007
"FLNA",9.520565,10.122168,9.80022,9.262862,9.725334,9.849921,9.713638,9.36878,10.191973,10.14439,10.449655,10.70715,10.145733,9.759499,10.5651,10.301026,10.263732,10.333549,10.361635,10.550572,10.334473
"MPP1",10.594239,11.312835,11.343703,10.755316,11.621339,10.800434,11.623155,10.949083,11.337766,11.485249,11.897865,11.2605,11.901821,10.672264,11.369852,11.542769,11.04104,11.552183,11.446999,11.331256,11.44158
"CLIC2",5.898882,6.578369,5.033242,5.304066,6.070651,5.748723,5.692911,5.516129,6.165199,5.052261,5.345162,5.67778,5.850271,5.347274,5.405724,6.006468,5.081694,5.057747,5.443716,5.45882,6.473673
"TMLHE",7.866233,8.424764,8.2254,7.877591,8.328309,8.472745,8.231276,7.712289,8.279687,8.727962,8.562051,8.700413,8.621559,8.826646,8.726308,8.698856,8.613522,8.588034,8.6985,8.813168,8.937265
"TAF9B",7.324112,7.456773,6.919676,7.291488,7.222059,7.450229,7.06588,6.659917,6.827744,8.016788,7.458903,7.524041,8.416815,8.71421,7.918809,8.243326,7.800549,7.679643,7.977818,7.769779,8.113885
"CSF2RA",8.905954,8.364947,8.614702,7.63716,8.580824,8.564686,8.295586,8.797635,9.031778,8.160513,9.323531,8.676591,8.762374,8.548163,8.55677,9.024159,8.466943,8.47638,8.56973,8.80048,8.859231
"IL3RA",6.09254,6.661715,6.898915,6.980342,7.507838,6.184529,7.30683,6.533618,7.750713,6.998503,6.557829,6.898965,6.562008,6.474587,6.620723,7.308002,6.156643,6.755829,6.96037,6.777408,7.120075
"CD99",9.604362,9.679085,9.534556,9.258746,9.598477,9.379338,9.623712,9.55849,9.907514,9.07598,8.744917,8.435274,8.980968,8.866864,9.433546,8.856438,8.708245,8.878141,8.858482,9.008097,8.754082
"RPS4Y1",9.128235,5.949562,5.933729,5.118204,6.516307,4.911029,5.932605,8.341385,8.314988,8.854725,8.005276,8.158072,8.88701,9.387234,8.60644,8.93979,8.455446,8.47842,8.647619,8.795948,8.445445
"ZFY",7.108556,5.503015,5.156502,6.031922,5.993387,6.084894,6.219599,7.147892,7.615112,6.810212,6.681457,6.697695,7.351129,7.180987,7.002506,7.081623,6.951029,6.668995,7.092191,7.038976,7.322658
"PRKY",8.744124,7.206371,6.732664,7.241812,7.165718,6.991482,7.266516,8.106836,8.79899,8.728506,8.635024,9.449882,8.667151,8.863939,8.896272,8.942724,8.700918,8.746352,8.894841,8.994995,8.871732
"DUX4",6.85658,6.946455,7.385813,9.407099,6.740706,6.827198,7.188869,8.471181,6.942881,9.308737,8.692217,8.551961,7.486455,8.487837,8.049708,7.064437,8.65137,8.430368,8.036978,7.2001,6.855465
"USP9Y",8.753896,5.436444,5.196039,5.118459,5.51228,5.437402,5.511584,8.223433,9.043806,7.893631,7.32142,7.520181,7.657491,8.139054,7.859256,7.978522,7.767715,7.604978,7.935376,8.083314,8.295145
"DDX3Y",9.733207,5.069364,5.494574,5.329844,6.176614,5.480719,5.977262,9.086782,9.47128,7.76404,7.655467,7.858019,8.26352,8.45553,7.697782,8.172457,7.77159,7.554421,7.905773,8.32367,7.958866
"TXLNGY",8.867127,5.961702,5.344388,6.325472,6.540261,5.655306,6.344756,8.197864,8.879981,8.814118,8.314818,8.567957,8.733152,9.268389,8.690348,8.80844,8.911513,8.807846,8.886143,9.193833,9.157841
"EIF1AY",8.384744,4.381383,5.084599,4.973759,4.727815,4.440581,5.05176,7.917917,7.732674,7.048561,7.425254,6.917581,7.993756,8.287148,7.252437,7.705038,7.408211,6.984886,7.449739,7.784027,7.162081
"RPS4Y2",5.706707,5.275158,4.916339,4.684564,4.95357,5.032426,5.09323,5.486951,5.39476,5.562364,5.346814,5.17738,5.360027,5.886371,5.304985,5.495361,5.352348,5.557288,5.383945,5.437584,5.308318
"VAMP7",8.502254,8.794795,8.570031,8.318933,8.804639,9.0523,8.589799,8.188275,8.584473,9.181447,9.093076,8.922161,9.951719,10.094507,9.412329,9.784052,9.184327,9.260027,9.56322,9.644701,9.861008
"UTY",10.217068,5.746263,6.009309,5.607586,5.53462,6.140018,5.749868,9.673762,10.073332,9.606069,9.403051,9.266204,9.411918,9.592949,9.434556,9.582515,9.459553,9.381997,9.479505,9.746457,9.749184
"CD24",6.094616,6.945679,6.684759,6.264317,6.43932,7.309664,7.417137,6.094638,6.06282,6.54067,5.881493,6.923901,6.848975,7.080334,6.08335,6.610626,6.64501,6.208989,7.010826,7.193504,7.042276
"BCORP1",6.015695,3.760251,5.129386,4.710413,4.521465,4.166316,4.444626,5.328787,6.042453,5.796698,5.564807,5.964819,5.885168,6.457608,6.015642,5.883513,5.827137,5.868332,5.915582,5.818939,6.455675
"KDM5D",8.776213,5.694797,5.889281,5.719391,5.664334,5.701667,5.925442,7.996703,9.059872,8.569506,8.150847,8.498947,8.398603,8.423591,8.556356,8.636572,8.401454,8.306806,8.479306,8.629473,8.66146
"TTTY10",6.585655,5.317489,5.816698,5.516712,5.479843,5.545045,5.670383,6.187603,6.417435,6.098254,6.113917,6.02814,5.665098,5.959265,5.957195,5.961405,6.191207,6.16983,5.905488,6.313611,6.188382
"ERVH-6",5.803413,5.389733,5.930748,5.699907,5.743369,5.820492,6.194754,6.07752,6.233585,7.152365,6.449885,6.454184,6.271593,5.991113,6.470089,6.485675,6.510522,6.760818,6.807134,5.945839,5.788343
"TTTY13",5.533491,5.279411,5.743053,5.879769,6.016368,5.523538,5.50288,6.239411,5.641327,5.979957,6.146962,5.791191,5.611409,5.968018,5.984274,5.668054,5.913462,5.917509,6.147378,5.394521,5.358149
"NAIP",9.909599,10.563993,9.891517,9.504614,9.762184,10.293382,9.410784,11.47589,10.772128,10.646956,9.936964,10.099388,9.762303,9.77124,10.279276,9.901702,9.797139,10.068213,10.104161,9.956551,10.287758
"OR14J1",5.017915,5.259562,4.992648,5.507307,5.20698,5.214841,5.358297,5.576964,4.840623,5.328065,5.626728,5.238972,4.846438,5.198672,5.351983,4.760356,5.284764,5.446548,5.190131,5.145043,5.005146
"PPP1R11",7.969124,8.507886,8.340116,7.903643,8.098509,8.314708,8.248849,8.607063,8.548992,8.921954,9.269585,9.174057,9.179368,8.988693,9.10458,9.066329,9.013545,8.873608,8.993175,8.846618,9.152533
"MUC21",5.389535,4.404236,4.368385,4.732459,5.346273,5.408008,5.513535,5.596684,4.784504,3.86027,4.587059,4.879387,4.712672,4.106164,4.328531,5.069311,4.072361,5.169857,4.781296,4.297072,4.702265
"TCF19",5.946969,6.970806,5.79543,6.787453,7.243623,5.745121,5.802104,4.999192,6.158568,7.293424,6.79147,5.957851,6.590572,6.264545,5.907755,6.484083,6.044703,6.582316,6.081992,6.011946,6.169232
"SKIV2L",5.612041,6.487988,7.716076,5.626169,6.462949,5.023954,6.240229,7.25777,6.304259,6.102289,6.558904,6.383501,6.372542,5.639725,6.076538,6.695533,7.11928,6.674762,5.928854,6.001531,6.525672
"STK19",5.694066,6.713754,6.782207,6.369237,7.028731,6.286055,5.959707,6.426436,7.2388,7.271477,6.335187,5.969343,6.563658,6.496247,6.174059,5.862751,6.824099,5.96378,6.166676,6.392351,5.854617
"TRIM31",5.409945,5.735592,6.312277,5.366891,5.228361,5.733615,6.51281,6.725688,6.023047,5.625139,5.783288,6.072304,5.94307,4.700029,5.889953,5.674638,6.09959,6.129509,6.203772,6.089093,5.823425
"CDSN",9.131376,7.577127,7.843721,8.232152,8.286629,8.053622,8.704739,8.937594,7.951306,8.212716,8.648242,8.434643,8.353898,7.919736,7.837277,8.118218,8.380528,8.434742,7.81518,8.346002,8.003906
"ABHD16A",7.16247,7.225639,6.910942,6.843581,6.994945,7.07351,7.241453,6.973348,7.367416,7.601094,7.948592,7.972991,7.959666,7.678867,7.801234,7.891898,7.73016,7.65003,7.847196,7.947974,7.846112
"CLIC1",4.179231,6.119462,4.077188,5.179405,5.104898,3.775744,5.388097,5.083415,4.72978,5.680775,5.971715,5.376083,5.537422,4.240994,4.864437,4.366993,6.193279,4.811384,5.193742,5.249422,5.111775
"HLA-DPA1",11.185276,12.404128,12.146363,11.800752,11.701205,12.510313,11.933485,11.636464,7.143595,11.689918,10.98131,12.556849,12.360093,12.285233,12.66604,12.039436,12.23307,12.443351,12.804103,11.894862,12.494455
"VPS52",7.504858,5.531911,6.107598,7.451528,4.08446,6.871194,6.561685,7.447012,7.48583,7.062302,6.888234,6.737734,6.090116,6.450415,5.293645,5.974224,6.386995,6.759855,5.914951,6.014716,6.338787
"TUBB",10.120193,11.495264,10.964757,10.79604,10.833199,10.573343,10.984442,10.500067,10.837928,11.657036,11.38305,11.444921,11.535744,11.471451,11.637126,11.465221,11.574675,11.558542,11.552641,11.565367,11.67262
"TNF",7.079723,6.981294,6.417713,6.327572,6.841104,6.485697,6.960451,7.101007,7.012693,7.393102,7.516345,7.597003,7.851027,7.328365,7.422996,7.666197,7.384541,7.538761,7.32104,7.441073,7.181912
"LST1",9.744101,9.846005,9.636854,9.103569,9.604317,9.769771,9.662126,9.870986,9.716164,10.082604,10.585731,10.45189,11.024367,10.678647,10.815255,10.918682,10.293949,10.54737,10.387688,10.325872,10.595865
"AIF1",9.131701,9.072638,8.312866,8.490117,8.811089,9.283098,8.231294,9.206722,8.049396,8.519503,8.535563,8.308288,9.333147,9.245648,8.794751,9.07665,8.432314,8.548662,8.908422,8.271615,8.090608
"CSNK2B",9.912518,10.761483,10.616483,10.576588,10.584436,10.545197,10.49579,10.567507,10.74751,11.291264,11.178219,11.074318,11.025528,11.147299,11.421452,11.078207,11.225574,10.803698,11.116034,10.412623,11.519886
"PSMB9",10.414969,10.648037,10.27952,9.90391,10.410539,10.269201,10.463112,9.876555,10.317457,9.527966,9.794364,10.185588,10.207539,9.618364,9.95563,10.078534,9.732108,9.461275,9.502755,9.595442,9.559579
"PFDN6",7.591365,7.787094,7.457616,7.68391,6.98827,7.148538,7.38317,7.422692,7.399743,8.259558,7.842896,7.90853,8.495839,8.621812,8.087296,8.355627,7.948477,8.402312,8.327891,8.086046,7.864666
"FLOT1",8.743324,9.04558,8.866277,8.400142,8.955523,8.887586,8.651783,8.887341,9.583841,9.367921,9.471791,9.097492,9.514349,9.052539,9.531374,9.454986,9.106114,8.81229,9.059287,9.14463,9.601479
"IER3",7.972706,7.468518,7.693296,7.742983,7.837379,7.668143,7.921173,7.726809,7.90549,8.154407,8.697762,8.444866,8.700677,8.563591,8.591978,8.87921,8.539923,8.488996,8.222112,8.619435,8.897976
"NCR3",7.410589,7.516588,7.399896,7.492785,7.119922,7.335101,7.545913,7.77856,7.713951,8.39985,8.622198,8.29987,8.724329,8.083428,8.408994,8.487657,8.190048,8.17951,8.359896,8.548299,8.661255
"NELFE",7.835924,8.253065,7.86382,7.788611,7.949419,7.868184,8.09969,8.165539,8.050912,8.426506,8.948149,8.75727,9.150276,9.016946,9.020071,9.290276,8.643079,8.689071,9.032717,8.939112,9.051927
"PSMB8",9.109163,9.683604,8.759773,8.51176,9.177331,9.149497,8.940513,8.624241,9.261497,8.430149,8.761017,9.067294,8.974485,8.37159,8.655682,8.817229,8.560753,8.3698,8.697616,8.695955,8.635317
"LILRA6",9.895778,9.913755,9.537745,9.187707,9.521905,9.137156,9.672295,10.099987,9.867025,10.65073,11.201405,11.575173,11.040091,10.440738,10.937085,11.191666,10.347333,10.927511,10.777813,10.926768,10.72145
"TBCA",7.988649,8.11226,7.281452,7.447961,7.601478,8.339248,7.018467,7.280774,6.7189,6.308363,5.799481,5.778867,6.569071,6.800924,5.95553,6.398571,6.442199,5.836423,6.296107,6.636733,6.286739
"LOC401261",8.917121,8.473266,8.961461,8.757079,8.943801,9.054113,8.74419,8.449472,8.815183,7.658064,7.8476,7.748931,7.944854,8.207831,7.818764,8.082692,7.579653,7.54877,7.456445,7.893928,7.723981
"ADCY10P1",6.886061,7.237313,6.960164,7.10178,7.265113,7.877701,6.957101,6.869032,7.629394,6.833011,6.660086,7.115878,6.118976,6.53124,6.598114,6.844707,6.496026,6.230251,6.09196,6.531758,6.870536
"LINC02520",5.671761,5.385968,6.197077,5.746633,6.003253,6.982253,6.518713,6.036679,6.710072,6.284157,5.644728,5.877243,6.455402,5.3185,5.435567,6.430614,5.642407,5.933289,5.357416,6.487035,5.793086
"KRTAP5-8",6.106212,5.738513,6.392159,7.627318,6.140401,6.241036,6.06837,7.223079,6.398616,7.015474,7.160281,6.97961,6.701289,6.658021,6.900699,6.271176,6.926487,7.038013,6.817512,6.589078,6.585475
"ZC3H11A",10.246179,10.231063,10.255142,10.1924,10.252769,10.693437,10.247284,9.847721,10.363885,9.091801,9.179111,9.059424,9.281292,9.363032,9.149567,9.327315,9.211051,8.984243,9.247492,9.415662,9.477476
"LYRM9",4.870184,4.978488,4.98259,5.163615,5.243633,5.037181,4.64758,4.259753,5.865943,3.948276,4.0254,4.242987,3.989797,4.141196,3.809241,4.129564,4.234509,3.512433,3.83969,4.14056,3.831804
"ZNF718",7.337328,6.985439,6.807451,7.248236,7.86883,7.891653,6.567022,5.673267,6.682123,7.286008,7.006875,6.266275,7.692275,7.907802,7.781818,7.407249,6.955365,6.718402,7.291892,7.721873,7.594559
"PCDHA10",4.630885,5.037743,4.593434,4.79593,4.637548,4.974274,4.505517,5.868654,4.944684,4.743594,5.452878,5.005947,5.286933,5.154984,4.702417,4.920459,5.208896,5.323938,4.287683,4.528219,4.709487
"PCDHA11",4.190391,3.634882,3.325536,3.872257,3.823894,3.403611,4.436751,3.98404,3.926439,3.22502,3.411752,4.428397,3.415465,3.118191,3.595402,4.353064,3.524007,3.826965,3.687376,3.039984,3.738846
"PCDHA12",5.388918,4.712023,4.87378,6.049581,4.541177,4.411189,6.045839,5.017635,5.351952,4.862543,4.928766,5.31733,5.450965,5.180682,4.769633,5.260457,5.779997,5.525317,4.972182,5.384625,5.162463
"PCDHA13",8.620917,8.072985,7.874894,7.920067,7.811534,7.701608,8.509498,8.446998,7.923332,7.461097,7.743172,8.055248,7.615365,7.003838,7.814061,7.082872,7.869864,7.934466,7.464842,7.980383,7.842988
"PCDHA1",6.542268,5.730196,6.497649,7.303273,6.214959,5.974817,6.058384,6.435415,6.408086,6.710793,6.599982,6.878655,6.22188,6.719204,6.873044,6.432008,6.92042,6.446988,6.421641,6.613315,6.637572
"PCDHA3",6.609405,6.921603,7.001479,6.213566,5.87569,5.480746,6.966047,7.2349,6.662672,5.933317,6.489371,6.558532,6.521712,5.259951,6.482993,5.984695,7.089427,7.053566,6.564684,6.548266,6.348066
"PCDHA5",7.406653,6.383235,6.415481,5.538243,6.297065,6.142226,3.780899,8.071481,6.106707,5.761799,6.048268,5.084536,5.75949,5.572446,6.086067,6.128873,6.538485,6.333361,6.164315,5.759054,5.971748
"PCDHA7",6.162839,5.368114,5.775924,6.006515,5.55415,4.615616,5.631219,5.644511,5.308088,6.247055,6.136741,5.721051,5.272325,6.033435,6.201281,5.845657,6.261631,6.082288,5.84712,5.702739,5.487124
"PCDHGB4",8.440846,7.533894,7.557951,8.238489,7.633199,7.442584,8.079708,8.695298,7.830537,7.615752,7.985085,7.633073,7.492596,7.534266,7.444991,7.169448,7.885637,7.973976,7.691852,7.254391,7.080052
"CDK11B",2.788269,7.21619,6.497649,5.443218,6.862425,6.438606,6.862425,5.496805,5.249422,4.943126,4.569341,3.560251,5.055294,3.445925,5.315019,5.639036,3.998942,5.21262,5.408319,5.469307,5.56817
"CDK11A",6.583282,8.856602,7.539814,7.382501,7.7463,7.699331,7.718085,7.159756,7.88012,7.719783,8.27798,8.15199,7.382463,7.573901,7.730439,7.810411,7.377586,7.609169,7.356116,8.002049,7.745853
"TAS2R45",7.383912,8.054103,8.031853,6.451333,7.275979,8.296484,7.559268,6.19839,7.260191,5.931553,6.286825,6.039081,5.736226,5.459094,5.436295,6.591787,5.598521,5.869725,5.646854,6.798893,5.936595
"H4C14",8.307094,9.003961,8.4056,7.707834,7.910571,7.537407,8.396609,8.696484,7.793378,10.736768,10.038584,10.538086,11.19602,10.926136,10.332554,10.613591,10.087598,10.674178,10.996243,10.330672,10.457851
"RAC1",7.193895,7.872944,7.606888,7.391649,7.949779,7.617925,6.4874,5.771478,8.15922,7.063225,7.400686,7.586392,6.909679,7.262244,7.126972,7.303163,6.080247,6.838319,7.154956,7.489785,7.842727
"PEDS1-UBE2V1",8.697366,9.406761,9.154129,9.331859,8.80629,8.522126,9.093273,9.512767,8.971649,10.48059,10.337207,10.408193,10.451015,10.594994,10.397574,10.447222,10.349919,10.318197,10.321105,10.012222,10.480076
"OR8G1",5.87568,5.364401,5.763282,6.622136,5.511688,5.55459,5.487403,6.017821,5.429332,6.900498,6.688004,6.122598,5.246116,6.374281,6.165371,5.392701,6.354322,6.160057,6.169871,5.292274,5.263375
"OR4N4",4.612936,4.23392,4.419272,5.235197,4.2616,4.357934,4.833128,5.136552,4.536342,5.598421,5.12002,4.988733,4.316965,4.838769,5.215259,4.16478,4.892433,5.144513,5.108353,4.412477,4.178596
"ST6GALNAC2",8.690991,8.55819,8.456967,7.564563,8.57482,8.510898,7.896293,8.884396,9.042361,8.039127,9.977001,9.317217,8.51527,8.572336,8.723462,8.7258,8.821077,8.441186,8.486741,8.626527,8.753735
"KRTAP5-7",9.354311,9.083861,9.358588,10.128851,9.076452,9.156479,9.278099,9.942212,9.413302,10.239869,10.228349,10.103549,9.369451,9.633545,9.917136,9.4234,10.019201,10.004484,9.804223,9.489657,9.388076
"SPRR2F",8.290737,8.254177,8.164388,9.126682,8.506845,8.399799,8.35631,8.719954,8.388222,9.360767,9.228709,9.272066,8.67762,9.071536,9.177575,8.586774,9.279373,9.125535,8.845792,8.700369,8.506104
"NME2",5.079704,3.856192,5.126163,5.015705,6.43481,4.521727,6.021473,6.786496,5.786805,5.307255,5.619853,5.470788,5.318941,5.621015,5.457472,5.462662,6.105131,5.965435,6.025452,5.662579,6.208744
"POLR2M",8.19691,8.96605,8.540973,8.976965,8.73233,8.614285,8.744958,8.092876,8.509429,8.201989,7.604884,7.797353,8.622816,8.820422,7.928341,8.119789,8.109909,7.829147,8.17974,8.119008,8.627523
"SPRR2G",7.799572,7.72434,7.855754,8.736742,7.693261,7.666398,7.791066,8.27163,7.778942,8.245119,8.281975,8.023846,7.714432,8.070355,8.052043,7.603742,8.052846,7.811915,7.947833,7.590207,7.440199
