"","GSM650659.CEL.gz","GSM650676.CEL.gz","GSM650679.CEL.gz","GSM650686.CEL.gz","GSM650691.CEL.gz","GSM650692.CEL.gz","GSM650696.CEL.gz","GSM650709.CEL.gz","GSM650713.CEL.gz","GSM650714.CEL.gz","GSM650715.CEL.gz","GSM650725.CEL.gz","GSM650728.CEL.gz","GSM650729.CEL.gz","GSM650826.CEL.gz","GSM650828.CEL.gz","GSM650835.CEL.gz","GSM650850.CEL.gz","GSM650855.CEL.gz","GSM650856.CEL.gz","GSM650869.CEL.gz"
"LINC01128",6.906442,7.198315,7.186099,7.296602,6.80863,6.999142,6.981611,6.834657,7.24934,7.059072,7.329992,7.121044,7.504075,7.420045,6.931073,7.432651,7.400328,7.510892,7.411977,7.581309,7.732369
"ISG15",7.818835,7.653704,8.251708,8.035551,7.9311,8.297684,8.299747,7.942194,7.843039,7.957244,8.378711,7.907336,7.914256,8.030161,7.29214,6.924464,7.551829,7.71536,6.954788,7.310003,8.238479
"SLC25A33",8.695718,8.709581,8.708811,8.459994,8.650054,8.387098,8.567997,8.829396,8.561444,8.411551,8.491767,8.359148,8.644014,8.742646,8.522925,8.372858,8.122176,8.0275,8.031494,8.306064,8.310499
"RBP7",6.481948,6.665605,7.065216,6.349913,7.499084,6.973699,7.058077,6.405605,6.91288,7.014063,7.977382,6.200864,6.810367,7.180123,6.910874,7.215533,6.611417,6.667153,7.458872,6.801707,6.626787
"PGD",9.810405,10.507621,10.139465,10.319822,10.340524,10.436695,10.416218,10.087888,9.902462,9.992537,10.820726,9.397798,10.229169,9.551669,10.546762,10.244057,9.876214,10.633884,10.443538,9.829885,10.570067
"UBIAD1",8.628962,8.445048,8.284839,8.698456,8.267199,8.626412,8.56628,8.554783,8.684084,8.242854,8.396397,8.083217,8.456598,8.709153,8.655758,8.631327,8.396405,8.511595,8.327949,8.661357,8.5583
"RNU5E-1",11.145475,7.193018,7.944257,9.06465,8.737733,8.036105,8.069541,8.736238,8.772644,7.715068,9.565133,8.433535,10.773807,10.33837,8.511612,8.413328,8.87685,8.947435,9.216434,9.933896,9.048472
"PLOD1",7.419824,7.667016,7.692252,7.428972,7.730106,7.606869,7.641278,7.643063,7.480468,7.382655,7.925703,7.336432,7.597024,7.278036,7.434148,7.627428,7.457901,7.416515,7.423872,7.158733,7.583658
"TNFRSF1B",9.605945,10.191375,9.970592,10.019541,9.979879,10.15489,10.520187,10.115241,10.002363,9.684847,10.609774,9.261724,10.094307,9.347082,9.947243,9.545858,9.819741,9.876683,9.652619,9.473887,10.205921
"TMEM51-AS1",6.253223,6.260343,6.244059,6.014141,6.228812,6.017375,6.111551,6.08798,6.221755,7.281309,6.18615,8.185244,6.166362,5.948814,6.187186,6.552581,7.432813,6.692476,6.191025,6.368091,6.333741
"PADI4",7.838272,8.439527,8.724607,8.26216,8.972642,8.504736,9.069348,8.142088,8.31296,8.004174,9.532007,7.686932,8.346429,7.591308,7.987244,8.239011,7.788739,8.447499,8.522077,7.446049,8.44444
"RPS14P3",8.30416,7.941745,7.460705,7.917073,7.926181,8.206176,7.3173,7.793699,7.972841,7.941653,7.934273,7.611936,7.921465,8.727107,7.680047,7.493723,7.41378,7.57373,7.486317,7.577577,7.077825
"CDA",8.705218,9.304414,9.726431,9.197583,9.716552,9.443732,9.899936,9.066788,9.31249,9.331126,9.923721,8.881694,8.967662,8.390839,9.422156,9.163179,9.445203,9.355078,9.426831,8.586943,9.485257
"HS6ST1",7.147557,7.272037,7.539783,5.186792,7.182862,7.510707,7.015508,7.134215,7.096708,7.490231,7.192269,8.18737,7.00334,6.871194,6.898291,7.029174,7.182862,6.532926,6.034423,7.444253,6.577398
"ALPL",8.394745,8.750622,8.188886,8.469234,9.306438,8.894592,9.157808,8.420102,7.742149,7.606867,9.408381,8.445972,8.411753,6.922441,8.756503,8.264991,9.561067,10.039216,9.354369,8.601968,7.568488
"LINC00339",6.842552,7.058928,7.963169,7.062432,7.1106,7.190935,7.070914,7.138555,8.173102,7.688002,7.887828,6.863249,7.064528,7.560219,7.824201,7.731769,7.013113,6.866092,7.258034,7.214783,6.94368
"RPL11",10.818823,10.052283,10.353934,10.449679,10.887806,10.827146,9.270179,10.736878,10.441797,10.194618,10.863622,9.182724,10.673979,11.981669,10.09065,10.190807,9.670264,10.275288,9.763346,10.182117,9.488396
"PITHD1",8.389873,8.29512,8.058086,8.355382,8.812369,8.009694,8.201905,8.106156,7.906887,6.810573,8.051395,6.665395,7.709246,8.324281,8.206422,7.949594,7.216044,8.209683,8.209044,8.626368,7.299805
"RHD",5.653153,5.35201,5.728084,5.606432,5.809192,6.11482,5.345507,5.526212,6.279464,5.925953,5.675992,6.225113,5.147241,5.572536,6.744291,5.975317,5.43093,6.528556,6.072828,5.777282,6.427526
"TMEM50A",9.998389,10.123017,9.904379,9.942967,9.941276,10.138239,9.697348,9.844381,9.990621,9.946935,10.489051,9.426473,9.890502,9.912199,10.356756,9.943762,10.090966,10.23644,10.424951,9.64682,10.018468
"LDLRAP1",8.597448,8.70236,8.638827,9.262123,8.426157,8.82214,8.533907,8.755451,8.540858,8.504588,8.310007,7.960687,8.457884,8.80814,8.567383,8.368081,8.214168,8.760072,8.435242,8.601583,8.741612
"PDIK1L",7.522616,7.185139,7.447441,7.831939,7.639252,7.61683,7.443822,7.489312,7.426659,7.231347,7.361433,7.18075,7.39566,7.766777,7.609962,7.581649,7.525812,7.683272,7.714255,7.666862,7.563121
"CD52",11.143266,9.991636,10.310534,10.875226,10.974439,11.229618,10.453974,10.705599,10.839885,10.752078,11.004392,9.783554,11.108366,11.998784,10.360494,9.939491,10.383538,10.263786,10.874935,10.843754,10.103209
"ARID1A",8.185508,8.752882,8.609068,8.858283,8.278306,8.553485,8.855553,8.421111,8.387141,8.421334,8.444704,8.129433,8.638847,7.895454,8.577988,8.569663,8.633204,9.13733,8.623606,8.347772,8.889484
"ZDHHC18",9.600536,10.034256,9.93116,9.215555,10.366366,9.966646,10.454693,9.806118,10.112666,9.869225,10.524744,9.749369,10.166932,9.277667,10.045031,9.828829,10.053292,9.973179,10.153143,9.305081,9.981731
"TMA7",6.789983,5.180138,4.397916,5.052711,6.105096,5.457924,5.213857,4.992981,6.657707,6.932836,6.264919,6.645183,5.033024,7.587075,5.593206,4.675351,6.322517,5.184369,6.19045,5.567722,5.393586
"SCARNA1",7.177878,6.246201,5.99137,6.676299,6.581542,6.410726,6.525959,6.520854,6.701242,5.859398,6.1382,5.648501,6.74941,6.887999,6.369433,6.800367,6.304052,6.458052,6.730325,6.486451,6.321603
"THEMIS2",8.78723,9.198521,9.218304,8.879867,9.356295,9.069571,9.454147,8.893818,9.175785,8.888274,9.845387,8.210913,9.345539,8.755846,9.062056,8.909676,9.105507,9.372023,9.234997,8.71475,8.954937
"PHACTR4",8.035547,8.177979,7.832162,8.613544,7.874613,8.011919,7.830502,8.195216,8.266673,7.859064,8.193769,7.432963,8.222527,8.198045,8.141834,8.514576,8.29082,8.653633,8.390144,8.477839,8.545636
"EPB41",10.984553,11.333738,11.316022,11.592133,11.309586,10.839137,10.938545,11.14398,10.716877,10.313038,10.683886,10.896377,10.686943,10.476529,11.52638,11.201846,10.447005,11.41808,11.386351,11.695404,10.844082
"LCK",9.838144,9.698066,9.582235,10.180813,9.03458,9.857036,9.135631,9.882992,9.685142,9.516921,9.334176,9.240605,9.735403,9.943644,9.400092,9.611682,9.090929,9.574101,8.95483,9.300772,9.356532
"HDAC1",10.325378,10.431067,10.0978,10.617036,10.102194,10.409857,9.359269,10.498523,10.386766,10.086022,10.267962,9.088426,10.444243,10.495365,10.433388,10.555661,9.940237,10.410323,9.984188,10.120667,10.354111
"ZNF362",7.812558,7.723359,7.321913,7.811506,7.590921,7.920532,7.743295,7.907077,7.558248,7.656878,7.788515,7.319062,7.722644,7.574343,7.756893,7.744216,8.082846,7.83601,7.842623,7.814068,8.003739
"ZMYM1",7.620656,7.501398,7.131062,7.943627,7.313571,7.74381,7.304719,7.313287,7.511768,6.899628,7.10875,6.467224,7.297594,7.762138,7.868818,7.871921,7.410858,7.839402,7.999943,7.82847,7.405832
"NCDN",7.657398,7.560945,7.892238,7.522672,7.648827,7.491669,7.634681,7.706914,7.592907,7.60821,7.520202,7.742823,7.585093,7.604115,7.363533,7.460174,7.613018,7.347756,7.458375,7.353291,7.726326
"AGO4",9.125008,9.609898,9.3796,9.116579,9.782278,9.491663,10.207265,9.114416,9.507159,9.205768,9.870428,8.913034,9.843982,8.788205,9.502154,9.382751,9.421261,9.786522,9.77512,9.30224,9.343514
"THRAP3",9.333419,9.772994,9.244289,9.839795,9.322517,9.507706,9.341842,9.702934,9.558057,9.066166,9.609626,8.748359,9.605961,9.213761,9.606241,9.673187,9.436781,9.855681,9.432975,9.754684,9.435823
"RPS27",9.885641,6.961251,7.64347,8.222295,9.075298,8.786048,7.875412,8.60659,8.835654,8.940405,9.165648,7.837313,9.30455,10.918103,8.890756,8.373394,9.379379,8.510566,9.719679,8.953454,7.826033
"UTP11",7.312512,7.596385,6.792554,7.822792,7.386194,7.711733,6.832967,7.314437,7.31121,7.228957,7.255959,6.735889,7.364644,7.678368,7.571516,7.777509,8.051327,7.776989,8.284664,7.607021,7.353753
"AKIRIN1",10.283681,10.259863,10.108032,10.192975,10.2773,10.310074,10.43071,10.237696,10.507372,10.055658,10.526149,9.787724,10.258155,10.378841,10.483164,10.435537,10.562517,10.129208,10.506194,10.272622,10.49699
"NDUFS5",8.78223,8.52719,8.037445,8.211421,8.806305,8.479038,7.834505,8.644613,8.658656,8.658478,9.085567,7.879033,8.582947,9.927298,8.805504,8.75195,8.936359,8.382768,8.524777,8.445227,8.568604
"MIR30E",7.034865,7.25553,6.576783,7.004946,7.28197,7.124574,7.684745,7.190944,7.475543,6.69445,7.590188,6.733624,7.12007,7.11966,7.059515,6.470598,6.309999,7.036351,6.85475,7.065855,6.50289
"PPCS",8.59011,8.538605,8.385227,8.474365,8.659334,8.769811,8.265832,8.477849,8.591571,8.100051,8.768526,7.849572,8.736014,8.952959,8.56479,8.643643,8.212603,8.241094,8.508515,8.450381,8.607711
"PPIH",8.608024,8.293417,7.555702,8.098593,8.08771,8.270795,7.236561,8.181248,8.519739,8.162639,8.341859,7.719685,8.502179,9.017863,8.407195,8.668954,8.352882,8.022807,8.305364,8.340588,8.132672
"RNF220",7.763851,7.832975,7.759525,7.822963,7.924006,7.868791,7.958084,7.80654,7.795784,7.880819,7.643428,8.286344,7.805328,7.901487,7.619808,7.667138,7.978909,7.864226,7.771326,7.62757,8.100163
"RPS8",10.939274,10.307758,9.935724,10.330304,10.598639,10.787689,9.470564,10.483517,10.702464,10.715618,10.563221,10.186526,10.491972,11.637094,10.058447,10.612439,10.53287,10.071363,10.428511,10.433484,9.508508
"SNORD55",9.757691,8.235175,7.918968,9.048239,9.099213,8.852966,8.558371,9.105282,8.975013,8.429172,9.106292,8.237571,9.367576,9.842597,8.008624,8.218121,8.085452,8.087796,7.936894,8.585153,8.15986
"SNORD46",11.15472,9.362996,9.67303,10.523487,10.793128,10.315102,10.524066,10.387247,10.496885,10.254871,10.061636,10.754062,10.885495,11.329018,9.872466,10.314275,10.069649,10.35815,9.947972,10.553322,9.73718
"SNORD38B",6.63603,6.216845,4.757873,6.532077,6.363857,6.211035,5.657323,6.035844,6.811378,5.558772,6.0196,4.759641,6.459428,7.40788,5.908889,6.799545,6.650181,6.929788,6.902089,6.870625,6.306757
"TOE1",7.452734,7.340527,7.087797,7.486724,7.529922,7.380981,7.152064,7.23569,7.437297,7.604299,7.307752,7.449243,7.443465,7.580036,7.398857,7.517803,7.148848,7.457781,7.336137,7.151617,7.361088
"UQCRH",7.18374,6.200579,5.969685,6.814084,7.47766,6.796549,6.145747,6.140584,6.818873,6.616167,6.87347,6.54061,7.198291,7.700718,6.580398,7.10298,7.086882,6.769678,6.753286,6.959488,6.564265
"CYP4Z1",5.770938,5.23806,5.542199,5.208505,5.727622,5.509007,5.395967,5.610373,5.567327,6.145261,5.39214,7.093532,5.483439,5.378826,5.703327,5.586791,5.744089,5.484168,5.143266,5.605846,5.681981
"FOXE3",9.113441,9.001911,9.251223,8.892415,9.177129,8.997908,9.03533,9.171937,8.936088,9.035154,9.084663,9.017334,8.968484,9.04823,9.096499,8.983278,8.799207,8.659157,8.636812,8.969047,8.837749
"STRADB",10.824309,10.730241,11.093416,11.446447,11.274724,10.482774,11.064795,10.115331,10.304994,8.650396,10.076231,10.275324,9.789307,9.67237,11.34877,10.658275,9.331538,10.588659,11.173751,12.152506,10.114448
"RNF11",8.602533,8.203858,8.616967,9.252202,8.791462,8.771962,9.049691,8.291188,8.447486,7.568672,8.53565,7.898025,8.237854,8.160559,9.14798,8.701155,8.24107,9.10404,9.556094,9.229907,8.404698
"GPX7",7.561357,7.203036,7.131907,7.303149,7.003001,7.66518,6.752149,7.414384,7.047738,7.33833,7.119999,6.485177,7.022415,7.813973,7.139943,7.265656,7.255973,7.112386,7.07903,7.197925,6.979996
"SHISAL2A",8.030581,7.698008,7.522213,8.169275,7.407964,7.659281,7.387071,7.830917,8.034002,7.663096,7.741436,7.21949,7.751648,7.660242,7.483665,7.931027,7.724096,7.847664,7.521358,7.682435,7.832781
"MRPL37",8.880325,9.088998,8.725213,9.191226,8.884902,9.115,8.530535,8.999362,9.001502,8.885819,8.769031,8.45342,8.986248,9.269909,8.834867,9.003851,9.083418,9.002958,8.838779,8.898965,8.893229
"HOOK1",5.88009,5.528177,5.131077,6.260945,5.615473,5.449386,5.132609,5.767528,5.910852,5.198848,5.230885,4.819591,5.393536,6.048126,5.813247,5.828561,5.298815,5.678794,6.094297,6.729508,5.588676
"USP1",8.294788,8.042098,8.001127,8.667781,8.183982,8.554345,8.001536,8.024148,8.168226,7.587708,8.135804,7.058743,7.852178,9.00556,8.715698,8.511211,8.3155,8.575325,8.710661,8.566994,8.382549
"ATG4C",7.536289,7.134427,6.73546,7.741679,7.351816,7.640409,7.101122,7.186956,7.584767,6.995948,7.481724,6.207973,7.025207,7.840434,7.685558,7.957087,7.676344,7.864482,8.152033,8.046601,7.410044
"ALG6",7.633907,7.454189,7.133149,7.955146,7.451124,7.398706,7.333824,7.253119,7.312721,6.757739,7.352093,5.879919,7.534963,7.72018,7.945432,7.836906,7.633068,8.008153,8.374899,8.32522,7.800905
"EFCAB7",5.660451,5.665572,5.366203,5.877893,5.424792,5.636269,5.382722,5.200756,5.252159,4.852594,5.573784,4.927553,5.143662,6.277373,5.857184,6.011527,5.444819,6.27994,5.910119,6.110146,5.327347
"MIER1",9.089371,8.959834,8.960115,9.25001,9.151279,9.514405,9.213338,8.888599,9.076099,8.721871,9.246668,8.178846,8.900135,9.175922,9.29136,9.21271,9.184807,9.528357,9.879591,9.409686,9.273577
"IL23R",4.883432,5.806586,5.616914,5.096273,5.504061,5.636055,5.484014,4.97595,5.741074,5.61224,4.808251,5.490687,5.599154,4.69124,6.059034,5.304267,6.51431,4.575534,5.373495,5.621454,5.2391
"TYW3",8.037313,7.643686,7.695267,7.897703,7.878408,8.16712,6.865867,7.962049,7.874744,7.553679,7.86887,6.876836,7.959922,8.457364,8.437866,8.293059,7.912226,8.271607,8.321681,8.192893,7.753191
"ACADM",8.496119,8.259406,7.788815,8.323829,8.407383,8.619151,7.234669,8.3173,8.47584,7.942322,8.205523,7.24715,8.167518,9.004896,8.858839,8.871962,8.834959,8.602242,8.8798,8.484756,8.714903
"RABGGTB",8.273432,8.137379,7.359672,8.446934,7.834232,8.095903,7.551132,7.86048,8.1486,7.357404,7.714508,6.738877,7.893943,8.318468,8.191637,8.330179,8.214771,8.361798,8.649676,8.36935,8.197569
"SNORD45C",6.655437,6.20969,6.12507,7.088363,6.438035,6.553403,6.274732,6.228084,6.794473,6.105006,6.202557,5.760799,6.175613,6.887724,6.526046,7.391076,6.947328,7.046509,7.368574,7.084537,6.934306
"ST6GALNAC3",4.957871,4.763389,4.878427,4.312336,4.601803,4.59457,5.286132,5.078052,5.251602,5.558369,5.022337,6.01666,4.603608,5.022256,5.068018,4.112376,5.193016,5.405989,5.374261,5.876913,5.121112
"ST6GALNAC5",6.238131,4.440072,5.077708,4.662689,6.030356,4.148998,5.028917,5.184388,5.705517,6.331578,5.700608,7.48539,5.154923,5.188958,5.202687,5.724403,7.121607,4.388228,4.814416,5.302485,4.911709
"AK5",7.573758,6.760332,6.689445,7.804554,7.270901,6.867221,6.341842,6.988387,7.25758,6.93633,6.556167,6.267041,7.321774,7.622572,7.428369,6.782798,7.004476,7.719063,7.214361,7.876594,6.737538
"MIGA1",8.066642,8.05312,7.607406,8.4726,7.75147,8.120726,7.724364,7.884844,8.085143,7.507826,7.786595,6.822083,7.883891,8.096359,8.177987,8.20503,7.997131,8.413745,8.433439,8.417897,8.040639
"DNAJB4",6.759834,6.391445,6.773029,7.893152,6.577257,7.251091,6.92731,6.371637,6.641944,5.699374,6.544999,6.028608,6.182383,7.478425,7.201036,7.149454,6.862506,7.100431,7.627425,8.352577,6.957325
"IFI44L",8.481339,6.96474,7.249937,9.968059,9.347248,9.190745,8.676046,8.861616,8.462794,7.636996,9.838368,6.273661,8.507686,9.080835,8.449759,7.999516,10.033336,8.162815,8.790325,9.179203,12.402589
"IFI44",7.79907,7.168752,6.590054,8.867321,8.681485,8.559668,7.890583,8.06328,8.043085,6.715066,9.036462,5.568839,8.103681,8.463329,7.659708,7.875197,8.983469,7.987336,8.384192,8.709349,11.011118
"PRKACB",10.347522,9.591295,9.746266,10.541598,9.728937,10.411045,9.50545,10.054922,10.007583,9.75461,9.483098,8.73609,9.737439,10.742506,10.198858,10.495683,10.123347,10.484748,10.516778,10.653999,9.886081
"RPF1",8.115658,7.246278,7.071295,7.823742,7.977399,8.001261,6.946237,7.691137,7.843721,7.463533,7.679446,6.853757,7.872125,8.755037,8.195014,8.101162,8.25097,8.014444,8.574365,8.175542,8.062242
"SH3GLB1",9.564454,9.698082,9.194691,9.497474,9.994801,9.833682,9.862008,9.404723,9.626235,9.06264,9.745009,8.807306,9.396449,9.489791,9.644934,9.618516,9.592201,9.811811,9.965468,9.415948,9.86037
"HS2ST1",8.232088,8.241839,8.010951,8.386297,8.082739,8.425325,8.001598,8.1453,8.402003,7.436196,8.027926,7.319522,8.098939,8.52126,8.327581,8.451968,8.349054,8.59887,8.787364,8.690676,8.110677
"LMO4",7.384934,7.512248,7.159899,7.417269,7.51366,7.724505,7.531211,7.289982,7.553061,6.620517,7.624424,6.414757,7.335021,7.616684,7.188072,7.288437,7.288773,7.308313,7.542404,7.074995,7.382443
"PKN2",9.805216,9.969631,9.596497,9.581438,9.986551,10.17643,10.634332,9.554382,9.9504,9.413782,10.230682,8.97733,9.722229,9.601204,10.185723,9.86082,10.145701,10.182038,10.870247,10.269658,9.64606
"ZNF326",7.495824,7.458514,6.959462,7.638492,7.289877,7.566968,6.611493,7.26618,7.421324,6.812104,7.228206,5.962473,6.770202,7.583362,7.617768,7.3856,7.006905,7.507516,7.662974,7.525146,7.21756
"CDC7",5.740398,5.663072,5.740334,6.28174,6.049677,5.826072,5.602874,6.067321,5.836482,5.673438,5.54031,5.509961,5.771654,6.151674,6.279958,5.981494,6.033758,6.034433,6.570352,7.164245,5.97047
"RPAP2",7.789987,7.668809,7.368202,8.053533,7.500505,7.743183,7.23347,7.595907,7.787716,7.071172,7.156857,6.253975,7.396115,7.948155,7.939909,8.157643,7.629265,7.911061,8.254826,8.076356,7.693569
"SNORD21",8.848269,7.774136,7.441555,8.677981,8.23763,8.107775,8.180772,8.083067,8.498799,7.728516,7.846988,7.126746,8.288179,8.947968,8.407554,8.710026,8.109055,8.855818,8.773541,8.922076,8.126291
"MTF2",9.469859,9.155648,8.981268,9.60083,9.013967,9.400625,8.655143,9.314429,9.414184,8.719274,9.100092,8.07803,9.265333,9.673603,9.460887,9.5577,9.340877,9.516449,9.501436,9.600242,9.372666
"CCDC18",5.663313,5.713354,5.357619,5.726838,5.669798,5.858114,5.376718,5.413824,5.53523,4.931396,5.572552,4.606204,5.351464,5.861407,5.859214,6.315414,5.348241,6.452483,6.092843,6.351588,5.710542
"ABCD3",8.746087,8.521669,8.104181,8.855422,8.287581,8.640867,8.374545,8.505148,8.654843,8.114752,8.341455,7.479433,8.391548,8.840962,8.853182,8.965715,8.655598,8.909949,9.159002,8.939266,8.783276
"PTBP2",8.65392,8.466346,8.119582,9.244047,8.383445,8.777783,8.407047,8.26722,8.818911,7.834747,8.25057,7.20478,8.318861,8.394116,8.920887,8.93859,8.861895,9.121374,9.62979,9.60513,8.725399
"AGL",8.04228,7.783726,7.46149,8.282866,7.651791,8.015366,7.566316,7.951721,7.89775,7.231935,7.694494,6.92482,7.82319,7.984847,8.31507,8.210546,7.548835,8.711514,8.455764,8.499124,7.854956
"SLC35A3",8.253577,8.248644,7.949559,8.732942,8.039533,8.413922,7.893097,8.197078,8.297959,7.445977,7.971145,6.721145,8.031854,8.647932,8.389697,8.597822,8.373989,8.6622,8.701825,8.663021,8.426648
"TRMT13",8.318456,8.054806,7.450987,8.742315,7.945533,8.373337,7.429705,8.039754,8.233294,7.657992,7.663076,7.045095,7.878363,8.667827,8.448755,8.595435,8.280606,8.737541,8.843305,8.677416,8.134687
"RNPC3",8.872255,8.783322,8.274028,8.874456,8.800984,8.819403,8.793822,8.707709,8.956389,8.74675,8.793732,8.262782,8.765652,8.985512,8.723623,8.76927,8.931359,9.103473,9.633263,9.542637,9.08182
"FAM102B",7.842912,7.826109,7.267789,8.239403,7.662194,7.870581,7.676803,7.637889,7.859024,7.20765,7.765326,6.695061,7.844391,8.079149,8.315222,8.221963,7.722958,8.29671,8.08024,8.228063,8.455683
"PRPF38B",9.292604,9.209202,8.903084,9.257192,9.298472,9.351392,8.329242,9.090663,9.34294,8.59509,9.142608,8.056203,9.24444,9.398705,9.336513,9.258957,9.014996,9.234398,9.261226,8.914469,8.781645
"STXBP3",9.15233,9.297276,8.730749,8.986414,9.345977,9.370703,9.014949,8.988191,9.230205,8.777177,9.309172,8.408696,8.893534,9.27766,9.582742,9.317097,9.462068,9.420434,10.060766,9.523605,9.217005
"ELAPOR1",8.013504,9.630974,9.202647,8.185975,8.827519,7.791887,9.573655,8.093092,8.307079,7.139249,9.114907,7.23087,8.86437,6.991407,9.483196,7.180267,6.909328,8.258204,9.650139,8.259633,7.651263
"GNAI3",9.810027,9.821014,9.547335,9.766822,9.932728,10.241304,10.028159,9.646524,9.763381,9.125779,9.933818,8.883283,9.664733,9.732519,9.862335,9.859557,9.835971,9.835745,10.441883,9.933602,9.853472
"MIR197",8.243588,8.2467,8.341734,8.087919,8.547656,8.158327,8.833214,8.286221,8.333832,8.927901,8.438694,9.473109,8.271426,7.925718,8.224871,8.237585,8.393383,8.236601,8.487746,8.093122,8.132487
"GSTM1",6.558733,7.432628,6.727627,6.033802,6.042617,6.210434,6.006309,6.748878,6.94783,7.175045,5.772859,6.082822,6.394565,6.751265,5.89544,5.72957,5.65848,6.13602,7.709227,7.27226,5.768227
"GSTM5",5.118411,5.432488,4.88496,5.07897,5.235719,5.058373,4.929396,5.092969,5.066477,5.914749,4.964357,5.912889,4.969193,4.904365,5.022777,5.39866,5.429141,5.375666,5.278187,5.919689,4.862379
"AHCYL1",7.980992,8.445549,8.259601,8.419489,8.017604,8.081164,8.34445,8.207398,8.410818,7.835868,8.265539,7.610338,8.374781,7.86349,8.396684,8.191461,7.972772,8.664002,8.141077,8.288936,8.280381
"CEPT1",9.402423,9.062284,8.808627,9.638268,9.309266,9.372848,8.964207,8.940461,9.401716,8.730422,9.142285,7.767305,9.054038,9.730828,9.6216,9.689302,9.447137,9.520482,9.796482,9.737529,9.206787
"CHI3L2",8.126265,6.942808,7.360905,8.155044,6.778817,8.436473,6.529945,7.589036,7.442051,7.493651,7.510045,6.783504,7.887532,8.957291,7.793929,8.319303,7.622064,8.11444,7.268274,8.177545,7.48326
"CHIAP2",4.99454,4.943006,5.334593,4.63501,4.76757,4.450615,4.849841,4.841024,4.86911,5.897383,4.419912,6.257797,4.997252,4.92204,5.521967,4.981404,5.683955,4.973071,4.708938,4.537597,5.106795
"C1orf162",8.944856,10.098471,9.238745,9.999025,9.806965,9.778093,9.59671,9.542195,9.374104,9.581513,9.728627,9.183396,9.32903,9.319199,9.892893,9.906094,10.21604,10.313531,10.136323,10.143703,10.476369
"MOV10",7.92621,7.940258,8.069001,8.297491,7.875239,8.171366,7.74541,8.067397,8.085096,7.837149,8.094998,7.685117,8.381475,8.079754,8.003592,8.074951,7.87262,8.126113,7.823789,8.178659,8.996528
"SLC22A15",8.460364,8.637386,8.369847,7.849715,8.531712,8.423552,9.532938,8.247591,8.809289,8.070222,9.569697,7.901387,8.936386,7.910646,8.701263,8.424598,8.860044,8.885659,9.382927,8.961784,9.115791
"TENT5C",10.40549,10.695258,11.006758,11.634004,10.810796,10.415273,10.97649,10.382485,9.81781,8.984716,9.851849,10.54697,9.586067,9.596763,11.251015,10.51908,9.875771,11.300825,10.85011,11.931999,10.069623
"WDR3",6.945096,7.080509,6.751851,7.433553,6.839046,7.157143,6.618708,7.050793,7.039188,6.440396,6.829366,6.237265,7.107898,7.287493,7.152976,7.120308,6.790497,7.074166,7.286217,7.776216,7.067468
"HSD3BP4",6.406211,6.329468,6.253081,6.160242,6.00338,6.1472,6.734979,6.778808,6.595623,7.386339,6.576718,7.94644,6.81725,6.243056,6.527535,7.120044,7.518396,6.112555,6.80551,6.191582,6.410848
"LINC00328",9.573699,9.566831,9.908648,9.187714,9.69208,9.325956,9.751316,9.678061,10.012846,11.060473,9.504552,11.349632,9.869893,9.137769,9.042389,9.749183,10.412055,9.161381,9.367566,9.188457,9.780077
"RBM8A",7.082049,7.44777,7.462063,7.84719,7.20877,7.671743,7.286659,7.096555,7.255009,7.659283,7.182376,6.969091,7.342635,7.339455,7.324294,7.652669,7.808667,8.073203,8.083336,8.083759,7.681795
"PEX11B",8.300033,8.102383,7.564916,8.107028,7.881475,8.221619,7.95374,8.043302,8.001565,7.957868,8.053105,7.472984,8.197921,8.388884,8.15186,8.021862,8.018313,8.199253,8.236536,8.058399,7.951207
"RNF115",8.019117,8.034851,7.900051,8.132162,7.932209,7.921601,7.546426,7.825813,7.985629,7.368306,7.841271,6.954712,8.043029,7.956513,7.91028,8.342164,7.546648,7.996463,8.102534,8.238455,7.9041
"ABHD17A",7.723615,7.852557,8.064016,8.036847,7.791654,7.953323,7.915901,8.137161,7.586252,7.323266,7.992217,6.395305,7.586351,8.008021,7.809653,7.924329,7.883796,8.034795,7.823468,7.913339,7.838177
"RNVU1-3",6.641363,6.235832,6.202053,7.308075,6.317185,6.451817,6.221609,6.616703,6.476953,6.297604,6.551526,5.87378,6.016895,6.746217,6.418766,6.877417,6.324187,6.705829,6.503914,6.409818,6.463046
"RNVU1-19",7.484505,6.426837,6.492423,7.425012,7.022688,6.804098,6.730898,7.504577,7.021341,6.882101,7.117808,6.778734,7.392278,8.094137,6.719935,7.306778,6.837229,5.964471,7.324338,6.707818,6.643275
"PFN1P2",10.960065,11.113696,10.875217,10.999415,10.918067,11.052716,10.669837,10.839003,10.753253,11.057278,10.934165,10.948309,10.830782,10.919841,10.788546,10.924923,11.31658,10.926125,10.989601,10.618547,10.777444
"H2AC20",11.184648,10.909903,10.493441,10.82272,10.966061,11.105395,10.488194,11.048078,11.046977,10.507229,10.965793,9.976845,11.006689,11.592672,10.439373,10.689124,10.239929,10.118194,10.16346,10.545653,10.048334
"RPRD2",8.606512,8.75964,8.292753,9.05782,8.040151,8.676484,8.373749,8.51271,8.45497,8.331734,8.269898,7.838992,8.502334,8.546658,8.936675,8.808971,8.695751,9.23571,9.000204,8.885797,8.841987
"PRUNE1",7.364803,7.441095,7.320143,7.800629,7.505114,7.9145,7.67791,7.305893,7.742428,7.111412,7.440402,6.769267,7.541649,7.365646,7.6394,7.497384,7.466331,7.731107,7.856578,7.714694,7.987487
"MLLT11",7.194884,7.119489,7.0556,7.372649,6.95296,7.23626,7.105893,7.272418,6.778108,7.335703,6.989494,7.389444,7.22329,7.438457,7.199378,7.172447,7.141007,6.67562,7.095716,7.28269,7.240721
"PSMD4",8.155797,8.485264,8.153204,7.952561,8.308546,8.15942,7.441637,8.290125,8.160885,7.917133,8.106915,8.067011,8.186954,8.241504,7.881857,7.886956,7.81782,7.827622,7.444245,7.667689,7.843896
"LINC00302",4.901432,4.809211,5.379109,4.924613,4.963353,5.285772,5.100541,5.086255,4.95741,6.01275,4.754729,6.148694,5.036711,4.45125,5.088668,4.655099,5.014784,4.965975,4.751437,5.137207,5.068809
"LCE2C",5.302922,4.531096,5.603826,5.351321,6.054901,5.293884,5.763657,5.448011,5.505676,5.9101,4.966273,6.619644,5.368423,5.288146,5.501558,5.813911,6.392512,6.02422,5.527182,5.67739,4.691494
"LCE2B",7.327763,7.418468,7.742399,7.152876,7.314526,7.214785,7.549173,7.533742,7.429492,8.121905,7.32627,8.638921,7.603982,7.217367,7.172248,7.36151,7.744098,7.439841,7.273805,7.367675,7.410554
"KPRP",6.339144,6.131196,6.59351,5.993681,6.234147,6.205373,6.133241,5.912505,6.197557,6.959638,6.300474,7.684629,6.475186,6.453231,6.118214,6.154171,7.129005,6.235691,6.270558,6.067814,5.991636
"SPRR1A",6.784215,6.618795,6.857468,6.593111,7.083302,6.662252,6.990243,6.729478,6.846622,7.678372,6.763509,8.516261,6.90252,6.554371,6.418445,7.342878,7.567763,6.529543,6.528691,6.731028,6.801597
"LELP1",7.044794,6.90824,7.238283,6.847666,7.078199,6.887702,7.110482,6.958241,6.895581,7.87969,6.958818,8.51971,6.975355,6.948507,6.779608,7.139526,7.86165,6.717071,6.821637,6.945811,6.8812
"S100A9",10.997238,10.987527,11.035828,10.340664,11.834024,11.797267,11.540893,10.387295,11.092162,11.206128,11.882679,11.033376,11.098819,10.857042,10.090261,9.657083,10.473536,10.175857,10.812787,9.894639,10.40318
"SNAPIN",7.941485,8.136209,7.548973,7.857243,7.757734,7.940489,7.731466,7.890163,7.93743,7.581266,7.903059,7.187754,7.886652,8.449644,7.413167,7.494262,7.31364,7.246381,7.515031,7.695742,7.720783
"UBAP2L",8.878265,9.341132,9.059178,9.539015,8.843393,9.243806,9.107899,9.062626,9.111142,9.027126,9.041035,8.567021,9.118372,8.806315,9.304663,9.243846,9.286475,9.69503,9.302614,9.161813,9.514593
"HAX1",8.196193,7.937851,7.582929,8.322638,8.193369,8.323533,7.635871,7.984418,8.265607,7.588106,8.407015,7.171069,8.253071,8.810631,7.804696,7.882384,8.011173,7.92536,8.209355,7.967355,8.09509
"CKS1B",8.741787,8.496358,9.078689,8.576758,8.926902,8.251781,8.384439,8.87208,8.594965,8.82635,8.577826,9.192761,8.751229,8.596292,8.748812,8.472631,8.34586,8.531018,8.706557,8.440643,8.535343
"SLC50A1",7.988019,7.932163,7.853776,8.334663,8.121113,8.30457,7.851622,7.696162,8.148089,7.65253,7.993044,7.438355,8.182447,8.65767,8.062872,8.207291,8.301608,8.190332,7.871069,8.177264,8.243032
"DAP3",8.816837,8.723821,8.37834,8.691452,8.779057,8.795627,7.958379,8.496724,8.817478,8.452305,8.788925,7.772483,8.59475,9.383477,8.458939,8.704435,8.794975,8.561688,8.680496,8.734764,8.537861
"SYT11",7.322557,7.565812,7.348678,7.435393,7.013648,7.667614,7.461182,7.422326,6.922056,7.028962,7.612711,7.031461,7.369504,7.488651,7.119653,7.399569,7.105662,7.352162,7.413135,7.815682,7.985025
"SEMA4A",7.740652,8.373015,8.130256,8.249528,8.364511,8.093804,8.873657,7.78703,7.738807,7.872259,8.492094,8.2707,8.015776,7.249691,8.144292,7.854568,8.332071,8.632668,8.498841,7.461376,8.277064
"GPATCH4",6.907435,7.008189,7.189145,6.891859,6.735383,7.029705,7.006559,6.912615,6.967322,7.440453,6.799325,7.597937,6.861668,6.971504,6.725368,7.176182,7.269514,6.769893,7.035941,6.814105,6.736692
"CD1D",7.967985,7.955769,7.782115,7.676348,8.059844,7.747951,8.204621,7.758094,8.048963,7.862581,8.301845,7.967973,7.988767,7.958456,8.061485,7.979216,8.098448,7.778798,7.780541,7.972806,8.344232
"CD1C",7.638337,7.594274,7.147955,7.279626,7.657984,7.743954,6.777056,7.644174,7.606895,8.044417,7.02318,6.835967,7.499492,8.125502,7.818664,7.797304,7.984722,7.623744,7.369512,8.119488,6.180325
"OR10K1",5.398172,5.490728,6.026878,5.526737,5.675777,5.70451,5.949161,5.71718,5.462831,6.430017,5.711357,6.521589,5.49913,5.809756,5.795081,6.030623,6.166554,5.458384,5.250919,5.627022,5.488663
"MNDA",11.33414,11.443904,11.163262,11.114173,12.145543,11.780102,11.621476,10.876066,11.495532,11.580036,12.195577,11.457222,11.45875,10.980566,11.530563,11.395387,11.627987,11.384668,11.980617,11.162386,11.241906
"PYHIN1",9.458343,9.303306,8.176751,8.93242,8.706364,9.108346,8.526837,9.27195,8.836588,8.403871,8.296775,8.447021,9.300645,8.966734,8.572708,9.764182,8.891992,9.241834,9.291658,9.676129,9.301959
"IFI16",9.318337,9.2038,8.770164,9.284901,9.655018,9.452944,9.245613,9.404157,9.274315,8.814584,9.809579,8.54841,9.540168,9.232527,9.189951,9.498777,9.387714,9.714906,9.450853,9.647712,9.960341
"FCER1A",7.309765,6.960631,6.948243,7.130991,7.545437,6.928412,6.55002,7.233651,7.182502,7.37698,6.496884,6.434443,7.569092,7.820092,7.215737,7.179547,7.278353,6.818661,7.008275,7.648895,6.475505
"FCRL6",8.614102,8.852944,8.553474,7.941812,7.757672,8.519968,8.081434,8.764488,7.606064,6.925198,7.684089,8.014583,8.820418,8.427397,8.05342,9.582314,8.112939,9.186772,8.786489,9.161023,9.422524
"PEA15",8.256038,8.424707,8.276912,8.510848,8.488944,8.455793,8.328571,8.305621,8.466235,8.314089,8.666263,7.88851,8.524945,8.413333,8.156259,8.255552,8.266022,7.955291,8.332562,8.117495,8.630632
"SUMO1P3",4.269538,4.252404,3.857142,4.321848,4.190781,4.252469,4.189712,4.018096,4.398982,4.530157,4.471161,4.600628,4.969352,4.325361,4.389011,4.152218,4.803812,4.342379,4.901559,4.683025,4.33215
"NCSTN",7.863483,8.390328,8.112179,8.486516,8.059494,8.190978,8.920425,7.910069,8.182734,7.918388,8.712839,7.710832,8.23722,7.856162,8.162082,7.948816,8.350501,8.537854,8.4219,8.477718,8.640881
"SLAMF7",8.20575,8.345329,7.90631,8.01424,7.753937,8.285548,7.671108,8.309097,7.768747,7.020943,7.587507,7.285553,8.695528,8.300142,7.887001,8.768404,8.658654,8.559243,8.179281,8.662469,8.649144
"LY9",8.977755,8.802541,8.644059,9.059626,8.481227,8.95694,8.471884,8.956212,9.036765,8.7521,8.234059,8.187211,8.689242,8.993655,8.716696,9.065546,8.523001,9.084374,8.5433,8.946433,8.78272
"UFC1",9.104905,8.669459,7.965262,8.056012,8.974717,8.806053,7.312904,8.974289,8.972659,8.463523,9.155986,7.754176,8.904484,9.66087,8.912928,9.003336,8.84722,8.44048,8.46872,8.346331,8.725602
"FCER1G",9.506324,9.769939,8.846867,9.485591,10.171487,9.624436,9.920528,9.524752,9.601305,9.562063,10.351843,8.966637,9.779917,9.220069,9.630346,9.895907,10.12407,9.740484,9.904434,9.563117,10.582809
"FCGR2A",10.58245,10.945147,10.442836,10.243765,11.387299,11.095059,11.745625,10.612544,10.950102,10.543019,11.572081,10.290581,10.6757,10.015493,10.660216,10.076429,10.56803,10.959581,10.964538,10.349911,10.306865
"HSPA6",9.880054,9.681002,9.466806,9.371335,10.251162,10.249231,10.325223,9.721594,10.255846,9.506608,11.119372,9.132934,9.805443,9.12412,9.852481,9.224164,9.618668,9.849088,9.862011,9.337542,9.870118
"FCGR2B",7.343308,7.198601,6.367047,7.112928,7.134063,7.542986,7.465148,7.046313,7.627975,7.196881,7.615087,6.362786,7.274559,8.297597,7.510108,7.93926,7.45676,7.714342,7.485898,7.889227,7.333441
"FCRLA",8.440927,7.952435,7.399809,8.469726,7.719044,8.857235,7.270007,8.237426,8.331543,7.579448,8.088083,7.844181,8.01096,9.270077,8.668992,8.802679,8.779374,8.817316,8.475919,8.647199,7.967249
"UHMK1",9.829983,9.678494,9.572159,10.227093,9.650629,9.903959,9.817076,9.78434,9.855119,9.365081,9.724614,9.016973,9.920961,9.756747,9.669945,9.755119,9.602991,9.954144,9.809968,10.152913,10.065337
"MGST3",8.648067,8.463219,7.702524,8.308603,8.266698,8.367331,8.317637,8.353831,8.303002,8.242261,8.059772,7.94144,7.889362,8.857145,8.016039,7.723673,8.036886,7.852206,8.15132,8.010283,8.202093
"MPZL1",8.437994,9.26053,8.324358,7.950682,8.982648,8.686304,9.850793,9.062952,8.234458,8.499942,9.359421,8.010405,9.072313,8.355334,9.011131,8.801538,8.426214,8.703295,9.40889,9.000479,7.96079
"XCL1",5.594113,4.641219,5.323341,4.230077,4.90322,5.439346,4.991435,4.929519,5.257916,5.604386,4.90314,5.907698,4.886795,5.336154,5.671659,5.4512,5.286051,4.742147,5.132347,6.215771,4.726954
"BLZF1",8.350326,8.157411,8.063949,8.27261,8.455823,8.731719,7.991493,8.38151,8.141331,7.673917,8.354223,7.093667,7.878156,8.863284,8.625531,8.627282,8.647378,8.740943,9.134073,8.851888,8.757768
"DNM3",6.096505,6.498598,6.405542,6.493008,6.497884,6.467633,7.149484,6.369327,5.965402,5.917803,5.903992,6.096359,6.013152,5.853011,6.392803,6.447447,5.951413,6.681,6.609439,7.2498,6.156745
"SUCO",7.828626,7.581143,7.57255,8.130233,7.844775,7.935768,7.829345,7.75015,7.823557,7.089107,7.821734,6.63296,7.624109,8.244468,8.319392,7.997246,7.875151,8.012839,8.569481,8.826892,7.892435
"PRDX6",10.232979,10.391129,10.34452,10.682865,10.251558,10.770742,10.963166,9.919216,10.182929,9.570831,10.402572,9.470882,10.193755,9.532124,11.269219,9.872935,9.4818,9.754565,10.007311,11.360066,10.078895
"GPR52",8.171073,7.648768,7.673179,8.01255,7.604115,7.485642,8.353373,7.77458,8.280657,7.406214,7.933215,7.428899,8.389389,7.08994,7.563156,8.179109,7.995134,8.231596,8.342946,8.68783,8.16859
"RALGPS2",9.322158,8.674243,8.089255,9.75017,8.816599,9.600334,8.360653,8.976984,9.349135,8.096968,8.651188,7.968083,8.82874,10.087505,9.457815,9.674323,9.605767,9.857789,9.329469,9.703345,8.347033
"SOAT1",8.99651,9.11643,8.635453,9.190709,8.893788,9.113656,9.16154,8.91158,8.992104,8.495932,9.492529,8.091885,9.205428,8.57865,9.220914,8.904829,8.813148,9.270087,9.236386,9.001277,9.166075
"NPL",8.299078,8.775989,8.422556,8.200834,9.257688,8.69612,9.379887,8.340959,8.582733,8.322303,9.536175,7.941752,8.502117,7.913922,8.679294,8.373868,8.486297,8.933161,9.253459,8.293563,8.825933
"DHX9",9.266401,9.26851,8.991931,9.486063,9.106209,9.410067,8.792647,9.297929,9.131682,8.808032,9.130524,8.214819,9.173677,9.214279,9.202932,9.19408,9.19831,9.613328,9.478756,9.511875,9.290505
"TSEN15",8.28492,8.419726,7.604979,8.445915,8.23848,8.408476,8.034721,8.104159,8.492563,7.493058,7.976349,7.627178,8.094341,8.552119,8.33002,8.602284,8.171706,8.476027,8.547861,8.692924,8.398109
"SWT1",6.922222,6.814603,6.915002,7.456714,7.460936,7.449282,7.461479,6.683857,7.001901,6.11011,7.341699,6.063755,6.709957,7.320549,7.313092,7.120341,7.098159,7.213668,8.06373,8.373096,7.021701
"ODR4",7.713036,7.604762,6.869446,7.852143,7.470935,7.85044,7.622528,7.487583,7.812517,6.871527,7.43712,6.382234,7.402633,7.808287,7.952944,7.977,7.847579,7.962371,8.496761,8.097113,7.721927
"PLA2G4A",5.991862,6.124483,5.828425,6.243355,6.114517,6.57326,6.427133,5.703858,6.399845,5.981175,6.648195,5.527929,5.894205,5.575227,6.220273,6.070493,6.004096,5.850228,7.087387,6.037236,6.770927
"RGS18",8.50588,8.740106,9.056345,8.959548,9.483491,9.713869,9.381234,8.483643,8.374739,8.130973,8.870808,7.806717,8.470421,9.016759,9.138827,8.972601,9.0397,8.799471,9.822259,9.170882,8.43453
"RGS2",11.271728,11.26131,11.252191,10.619573,12.038412,11.844968,11.895739,11.549599,11.245597,11.152081,12.170126,10.878676,11.539489,11.178146,11.741035,11.016611,11.667402,11.599737,12.077726,11.597723,11.099364
"RO60",9.238162,8.985484,8.843144,9.399603,9.015541,9.336652,9.036624,9.084368,8.983726,8.271794,8.848022,7.715572,8.856021,9.156909,9.173677,9.212272,9.035883,9.42177,9.8108,9.893139,9.431245
"CFHR1",3.765304,3.848349,4.601381,4.279794,3.777794,5.051585,3.137118,4.253697,3.696492,3.755589,3.755958,4.07398,3.445148,3.234122,3.997436,3.54945,2.921468,3.707873,4.077329,4.719439,3.087325
"CFHR4",5.057671,5.402612,6.084534,5.21957,5.417486,5.293645,5.292548,5.29811,4.5242,5.60051,5.332164,5.910989,4.701067,4.789253,6.295326,4.954085,3.929777,4.742147,5.057636,4.757902,5.718737
"TIMM17A",7.038288,6.85788,6.447898,6.967371,7.068225,7.203481,6.527636,6.813967,7.092745,6.537098,7.07837,6.561624,6.980189,7.79153,6.936239,7.518617,7.031535,6.998364,7.42326,7.205831,6.9202
"OPTC",6.112402,6.289402,6.203487,5.823493,6.329899,6.031543,6.458609,6.335586,6.248471,6.993588,6.107542,7.393008,6.305408,6.294578,6.181841,5.933893,6.309358,6.07097,5.912423,5.897975,6.222592
"LINC00260",6.755379,6.925135,6.38728,6.560541,6.609341,6.615706,7.009089,6.567829,6.493948,6.276713,6.695803,6.440565,6.927219,5.942942,7.173115,7.096742,7.238612,7.027458,7.459946,6.687194,7.443052
"SNRPE",6.687652,6.670828,5.927951,6.421621,6.720294,6.968478,5.89532,6.767763,6.908247,6.28292,6.749211,6.357748,6.159347,7.228022,6.778062,6.93526,6.511316,6.827743,7.117437,6.44021,6.909514
"NUCKS1",7.052714,7.037042,6.890804,7.266289,6.910114,7.288083,6.388798,6.800992,7.021333,7.078373,6.496796,6.96302,6.495685,7.275908,6.37351,6.480705,7.061302,6.408167,6.873351,6.088729,6.17641
"LOC284581",6.9081,6.212562,6.483658,6.683207,6.624937,5.724462,6.872565,7.086745,6.508811,7.122941,6.752522,7.734568,7.094462,6.045335,5.929392,6.759054,7.125741,7.111832,6.238053,6.853873,6.190325
"AVPR1B",5.64056,5.604831,5.734621,5.492,5.655197,5.469998,5.470916,5.254905,5.417612,6.414058,5.500864,6.541064,5.530751,5.922861,5.046455,5.598983,6.279587,5.64048,5.195966,5.442205,5.38164
"IKBKE",8.098677,8.267469,7.887225,8.282889,7.60296,8.589539,7.897302,8.478052,8.47401,8.064249,8.147747,7.791073,8.120816,8.224743,7.783291,8.302987,8.003329,8.222321,7.920419,8.22985,8.585886
"C4BPA",4.59691,4.825081,4.914461,4.683926,8.508659,7.970078,5.076828,4.8824,5.011119,6.758754,4.804561,5.304273,4.82006,4.684801,4.981685,4.978141,8.449819,4.430296,4.881216,5.111301,4.420037
"CR2",6.918492,6.127005,5.95324,7.805313,5.868994,6.952616,5.789889,6.527735,6.641219,5.930792,6.203639,6.118417,6.896743,7.245833,7.138434,7.319581,6.763542,7.567788,6.633257,7.663449,6.437639
"CR1",8.406254,8.530335,8.679631,8.680181,9.271988,8.95145,9.743293,8.200762,8.563731,8.171616,9.136949,8.194094,8.789268,7.807939,9.02611,8.598516,8.753658,9.652741,9.551362,9.143382,9.126094
"CR1L",7.172846,7.490477,7.459386,7.844535,8.306039,7.590503,8.235611,7.166777,7.402595,6.965454,7.803157,6.894353,7.379446,7.611337,8.022818,7.252025,7.554681,7.857868,8.285949,8.224843,7.717304
"TRAF3IP3",10.456905,10.292163,9.993344,10.616534,10.224883,10.422913,9.765704,10.500629,10.444338,9.922001,10.108472,9.296725,10.523493,10.644585,10.297897,10.438464,9.989231,10.394468,10.178957,9.963715,10.242519
"TRAF5",8.623595,8.372878,7.809263,8.867893,8.15862,8.556213,7.802481,8.319683,8.657547,7.981242,7.891446,7.495368,8.620488,8.787452,8.391208,8.829333,8.552066,8.681405,8.47685,8.412435,8.289868
"DTL",5.42643,5.108365,5.19789,5.738334,5.288304,5.089636,5.114787,5.397246,4.998479,4.88755,5.206946,5.619753,5.231884,5.633222,5.514106,5.236855,5.874063,5.983154,5.420894,5.666399,6.066453
"PPP2R5A",9.947431,9.267888,9.297682,9.731207,9.751801,9.795689,10.243042,9.386414,9.45048,9.122371,10.076566,8.843419,9.425316,9.63126,9.576914,9.564077,9.593324,9.661759,10.145243,9.49484,9.582125
"SNORA16B",7.000279,7.257439,7.075477,7.68943,6.976365,7.318194,8.219343,6.828062,7.138085,6.802464,7.114303,6.539511,7.088606,6.31343,6.626629,7.092843,7.235613,7.680884,7.295607,6.833444,7.424743
"FLVCR1",7.303427,6.883798,6.555169,7.305866,6.995821,7.378098,7.319282,7.142389,7.010927,6.737244,7.563245,6.207809,7.416314,7.392791,7.840569,7.180171,7.309604,7.420608,8.280682,7.750271,7.214541
"KCTD3",5.929383,5.881295,5.187763,6.232234,5.896333,6.025152,5.762639,5.622995,5.885425,5.460585,6.448772,5.257318,5.750507,5.885233,5.837397,6.023713,6.031499,6.169295,6.393538,6.875439,6.208272
"LYPLAL1",6.347399,6.292852,5.75091,6.758306,6.568326,6.785105,6.484754,5.954803,6.501727,5.066435,5.815189,4.657512,5.871091,6.72922,6.542314,6.908288,6.225137,6.687777,7.482688,7.193151,5.905257
"IARS2",8.450731,8.445398,8.146632,8.75935,8.130419,8.298525,8.097489,8.224563,8.292392,8.013622,8.111007,7.76943,8.524017,8.170375,8.579911,8.402517,8.321092,8.748504,8.417809,8.607404,8.489682
"MTARC1",7.299324,8.00875,8.012248,7.314291,8.122035,7.979643,8.287555,7.351721,7.84051,7.553543,9.104152,7.616079,7.72779,7.171997,7.781812,7.794378,8.314641,7.478459,8.021699,7.37011,7.645978
"FAM177B",6.161778,5.625388,5.53847,6.07739,5.549823,5.892555,5.496887,5.687198,6.30964,5.596458,5.883934,6.445191,5.424366,6.325103,5.812857,6.078381,5.861692,6.173915,6.042508,5.881679,6.050366
"FBXO28",9.123637,9.182024,8.689229,9.346221,8.893406,9.301291,8.794973,9.064032,9.139535,8.55363,8.99844,7.958071,9.101839,9.351835,9.246763,9.096037,8.82289,9.389904,9.146289,9.075909,9.126509
"SRP9",6.540189,6.766184,6.365716,7.335774,7.410157,6.900307,6.660116,6.608946,7.527342,6.642897,6.409136,6.011947,6.502618,6.878728,6.72721,7.150136,6.75302,7.305205,7.772303,7.330361,6.637526
"ZNF678",6.697737,6.490578,6.070448,6.472673,6.040648,6.774709,5.411895,6.263967,6.115276,5.856644,5.80348,5.884015,5.906416,7.407285,6.705567,6.718829,6.540467,6.803461,7.218803,6.928174,6.020356
"GUK1",10.64846,10.31181,11.239872,11.290293,10.954919,10.78308,10.347596,10.555618,10.048326,9.545762,10.638984,9.710108,10.154938,10.140365,10.688824,10.134111,9.19277,9.909814,10.230906,10.921911,10.480487
"COG2",7.510665,7.842422,7.255632,7.956646,7.349526,7.890821,7.448373,7.400511,7.437377,7.283721,7.546988,6.545851,7.624867,7.722122,7.650386,7.701165,7.578007,7.788693,7.490909,7.84304,7.808866
"ARV1",7.687921,6.825993,6.614381,7.747676,7.638303,7.363644,6.835159,7.057937,7.342452,6.989608,7.510466,6.688556,7.404457,8.170142,7.792445,7.120904,7.727044,7.724066,8.108781,8.023516,7.608285
"GNPAT",9.020458,8.815378,8.435858,9.003793,8.63898,9.002049,8.727189,8.739595,8.829204,8.366294,8.925685,7.875132,9.005965,9.186043,9.074496,8.948571,9.215579,9.288875,9.270905,9.361584,9.010781
"COA6",6.939009,6.886093,6.084116,6.823078,6.962823,7.179716,6.569952,6.832299,6.812189,6.802044,6.884678,6.442328,6.675573,7.770111,6.833121,6.402985,6.361603,6.55008,6.738368,6.491385,6.787071
"GPR137B",8.265424,8.158039,7.649172,8.198293,7.692198,8.191973,7.816685,8.149201,8.245041,7.82474,8.062706,7.023457,8.297196,7.844467,7.841062,8.024867,7.78684,7.532905,8.453268,8.036441,8.430179
"KMO",7.402829,6.531296,6.275606,7.684262,7.247621,7.498892,6.610113,6.879634,7.749642,6.499328,7.203291,6.36856,7.006048,8.198738,7.503592,7.519419,7.297741,7.774292,7.67498,7.18386,7.404328
"OR2G2",5.043508,5.483609,5.736962,5.141826,5.279713,4.917599,5.425384,5.726965,5.364278,6.053759,5.40637,6.829279,5.434218,5.157899,5.010319,6.008337,5.929184,5.696267,5.307584,5.625569,5.167935
"OR2L8",6.599027,6.142556,5.99591,6.789045,6.769,6.761806,5.932657,5.080823,6.442165,6.843963,6.61412,8.225683,6.980115,6.137556,6.905842,6.899831,7.240036,7.004454,7.136646,6.46256,6.470523
"OR2AK2",5.656327,5.708936,5.552371,5.843223,5.300227,5.218539,5.588303,5.130101,5.519225,5.626831,5.886758,6.031191,5.65376,5.198117,5.891287,5.688969,5.573172,5.663861,5.761526,5.22654,5.691044
"OR2L2",5.964992,5.923363,5.84776,6.359654,6.133759,5.904502,5.747777,5.505992,6.048304,6.27165,6.398556,6.898534,6.359191,6.091709,6.746811,7.108536,6.205889,6.733567,6.851943,6.00721,5.911921
"OR2M4",5.746377,5.523615,5.789272,5.433575,5.634338,5.199811,5.717438,5.722543,5.413231,6.374321,5.513114,6.858267,5.572491,5.380984,5.494714,5.431009,6.124056,5.201753,5.37082,5.362866,5.613323
"OR2T4",5.26589,4.913129,4.767573,4.263955,4.940976,4.454859,4.764137,4.572779,4.885249,4.96924,4.472852,5.702311,4.530995,4.522849,4.580423,4.552468,4.912084,5.052614,4.783974,4.736314,4.704343
"OR2T1",6.343039,6.130034,5.942811,5.884096,6.052532,5.770062,5.995086,6.181135,6.106698,6.82695,6.005212,7.091225,6.173115,6.088797,6.350416,6.158801,6.430866,5.92271,6.262133,6.082858,6.122616
"OR2G6",5.983789,5.495717,6.171323,5.648741,6.055682,5.495875,6.021579,5.629599,5.969398,6.331304,5.735959,6.887795,6.096593,5.443819,6.08699,6.299643,5.998075,5.89451,5.985103,5.777867,6.069815
"PGBD2",7.125757,7.00603,6.492612,6.901719,6.737028,6.948627,6.913293,6.618866,6.949292,6.240026,7.042481,5.978175,6.970118,7.062859,6.985852,7.093993,6.907111,7.099385,7.277066,7.298889,6.941704
"NADK",9.288959,9.492458,9.588874,9.256383,9.699218,9.650016,10.150792,9.571123,9.614231,9.384748,10.319383,9.007015,9.765409,9.03034,9.570376,9.105453,9.447113,9.551552,9.124454,9.040799,9.783313
"PRDM16-DT",7.517102,7.787052,8.429929,7.932081,7.848806,8.098991,7.395155,7.43618,7.714457,7.088875,7.991397,7.510635,7.198616,8.283433,7.723874,8.092723,7.518868,7.308319,7.452949,7.969038,8.242809
"RPL22",7.360713,7.116158,6.916694,7.546861,6.980469,7.264451,6.288317,7.108636,7.290515,7.09166,6.74894,5.98044,6.878908,7.782747,7.230246,7.475747,7.139718,6.541671,7.061011,7.592728,6.616613
"UTS2",4.709638,4.701434,4.987445,4.680683,4.758553,4.800491,4.557832,4.802612,4.70729,5.787878,4.628,4.906274,4.972016,4.704643,4.786961,4.622935,4.725365,4.635506,7.063383,5.036343,4.322115
"TNFRSF9",7.160425,7.671944,7.308231,6.911197,7.583744,7.615268,8.359068,7.629039,7.527324,7.002558,8.090539,7.440854,7.609685,6.706692,7.607487,7.205328,7.197995,7.639752,7.816703,7.416083,6.309212
"CLSTN1",8.26794,8.658796,8.369359,8.881814,8.235061,8.287414,8.05791,8.645346,8.585088,8.203045,8.038278,7.967089,8.761844,8.070978,8.322505,8.539781,8.138686,8.687219,8.089883,8.279681,8.68488
"LZIC",8.05193,8.23613,7.848301,8.360408,8.135238,8.35408,7.845626,8.208189,7.813142,7.478233,7.813407,7.404688,7.909288,8.356368,8.485269,8.282863,8.048919,8.220018,8.45751,8.383655,8.251457
"SRM",8.468886,8.690226,8.787415,8.818237,8.683162,8.753171,8.662548,8.692019,8.548779,8.552868,8.500644,8.306484,8.560932,8.628704,8.748666,8.834384,9.245596,8.474355,8.684762,8.632265,8.802519
"MTHFR",7.232606,7.501762,7.153504,7.534606,7.245537,7.308616,7.246124,7.219924,7.680382,7.410912,7.429506,6.830079,7.440552,7.333782,7.459703,7.771841,7.068595,7.342293,7.122907,7.019901,7.744721
"EIF1AX",6.777147,6.828317,6.260877,7.131159,6.796943,7.139183,6.310519,6.64308,6.823521,6.066547,6.836957,5.865239,6.826608,7.832204,6.697458,7.304202,7.401016,7.763971,7.539039,7.624846,7.239198
"LINC01783",6.378356,6.169616,6.105003,6.268932,6.420774,6.161959,6.021241,6.295731,6.005111,7.189074,6.415463,7.564071,6.407824,6.232685,6.273258,6.042679,7.045059,6.123377,6.032826,5.867626,6.048336
"PADI2",8.494773,9.067902,8.590445,8.643731,9.283362,9.137043,9.415481,8.488324,9.007105,8.281694,9.764401,8.503267,8.757528,7.231096,8.714526,8.64996,8.396227,8.202919,8.822741,7.876335,8.551614
"LOC100506730",5.128272,5.186672,4.554688,4.782369,4.783985,5.177439,5.304682,4.723329,5.287541,5.771975,4.998031,5.536715,5.366882,4.821745,4.854166,4.934459,5.636154,4.979308,5.234948,5.187464,5.441818
"PINK1-AS",6.721779,7.324549,6.467053,6.99509,5.873016,6.937462,6.696668,6.222086,7.167463,6.798161,6.554067,6.914111,7.116396,6.738237,6.49671,6.988096,6.174624,5.837898,6.041133,6.504215,6.404053
"ECE1",9.103483,9.463747,9.346868,9.31659,9.321077,9.549075,9.763367,9.455543,9.263245,8.611455,9.8892,8.849909,9.521441,8.967494,9.711283,9.280501,9.561938,9.898649,9.696988,9.168878,9.943368
"USP48",8.747551,9.101645,8.753207,9.073595,8.739205,8.84432,8.507974,8.749827,8.868721,8.448042,8.799405,8.004385,8.75871,8.79937,8.99376,9.088471,8.897691,9.083986,9.233477,9.038845,8.577548
"HTR1D",6.283633,6.083966,6.65077,5.894517,6.769754,6.275518,6.463984,6.426803,6.246186,7.146419,6.515964,7.451911,6.564687,6.305621,5.791369,6.406718,6.754511,6.073717,6.072264,6.354593,6.51944
"HNRNPR",9.882835,9.801937,9.483747,9.91203,9.463022,9.81599,8.955411,9.862304,9.861098,9.412972,9.476474,8.822289,9.858602,9.841615,10.169285,10.283274,9.897226,10.053421,9.869412,10.031986,10.142577
"ID3",7.059628,7.203091,6.942149,7.368554,7.065777,7.245478,6.461181,7.165712,7.047734,6.952523,6.560548,6.059282,7.065777,7.66243,6.934756,7.238378,6.559503,7.256952,6.885317,7.006872,6.360609
"SRSF10",6.992042,7.072711,6.73709,7.694653,7.136562,7.674108,7.204301,6.890625,7.090314,6.379773,6.861863,5.636331,6.816836,8.429881,7.812049,7.864371,7.552199,7.586907,8.291413,7.433749,6.992689
"RUNX3",9.105087,9.267563,9.101746,8.886737,8.766269,9.136552,8.851559,9.299325,8.92072,8.962286,8.805888,8.634519,9.03886,8.923903,8.841151,9.094448,8.925869,8.85302,8.82152,9.063553,9.296483
"SYF2",7.967901,8.032079,7.41435,7.526029,8.308152,8.199307,6.944342,7.499907,7.885907,7.601599,8.095574,6.977595,7.815771,8.320165,8.112221,8.015468,7.858058,7.926015,8.144683,7.418028,7.997728
"RSRP1",10.36214,10.119872,9.957082,10.066692,10.268326,10.346212,10.360846,10.139608,10.494921,10.19995,10.638128,9.619046,10.463553,10.328622,10.223579,9.906832,10.200363,10.259724,10.441885,9.711604,10.09217
"SLC9A1",7.327168,7.671435,7.645166,7.575407,7.639379,7.579402,7.7906,7.483696,7.409776,7.559495,7.510405,7.544188,7.602743,7.080287,7.445852,7.276071,7.579541,7.655559,7.779064,7.25982,7.664555
"WASF2",8.841571,8.975585,8.987099,9.237663,8.870209,8.964596,8.895232,8.762325,8.940134,8.322195,9.011969,8.053493,8.829272,8.512023,8.894756,9.054896,8.724277,8.938419,9.120509,8.906203,9.012008
"FGR",10.024721,10.283685,10.264706,10.133293,10.154897,10.293879,10.500801,10.086075,10.104646,9.953639,10.578299,9.477106,10.253195,9.694544,10.057181,10.034338,10.128389,10.276055,10.345615,10.123303,10.589627
"IFI6",9.028099,8.759313,8.603096,10.190208,10.001182,9.764884,9.416503,9.772725,9.242675,8.621173,10.492041,7.4255,9.225891,9.620695,8.799454,8.848965,9.907174,8.696126,9.329345,9.597155,11.358427
"RPA2",8.158909,8.097693,8.038157,7.995814,8.237871,8.468746,8.092213,8.030741,8.186705,8.09979,8.442496,6.587078,8.324418,8.638211,7.600809,7.809039,7.612315,7.790523,7.812298,7.787269,7.523819
"EYA3",7.877691,8.094785,7.486526,8.272231,7.939622,7.888132,7.947807,8.003376,8.09155,7.591528,7.85192,7.333583,8.144196,7.937111,7.831418,8.106412,8.101636,8.18265,8.180637,8.032202,7.942049
"SPCS2",5.408319,5.666561,5.799667,5.078224,6.429544,4.049838,5.726529,5.208798,6.07552,6.293234,7.458181,4.640434,6.911906,6.393464,5.334497,7.029174,5.249422,6.439002,7.279783,6.002067,4.909833
"DNAJC8",7.024748,6.729931,6.083225,6.091609,7.164409,6.943776,5.849488,7.050891,7.054103,6.13777,6.939818,6.559894,7.076194,7.632579,7.327233,7.635488,7.383965,6.904063,7.211912,7.053308,7.397155
"SRSF4",9.683883,9.889031,9.63714,9.913243,9.353005,9.724463,9.527083,9.745101,9.654858,9.370085,9.567432,9.134452,9.751947,9.521696,9.758115,9.728913,9.662264,9.8611,9.521314,9.400644,10.005439
"PEF1",7.691855,7.820415,7.555112,7.680122,7.50006,7.782575,7.947021,7.632015,7.805161,7.579289,7.733733,6.914705,7.469991,7.632216,7.606473,7.622456,7.52573,7.788541,7.300917,7.705699,7.88726
"RNF19B",9.020984,9.586874,9.418723,9.185151,9.704873,9.642347,9.893973,9.311478,9.542895,9.286727,9.908152,9.214848,9.554318,8.862854,9.576065,9.185496,9.973452,9.829441,10.055973,9.349858,10.00836
"SFPQ",10.375771,10.256229,10.050037,10.457831,9.905423,10.282949,9.859242,10.324502,10.38043,10.064905,10.298361,9.507601,10.310858,10.3336,10.29747,10.467743,10.298176,10.483501,10.406586,10.237094,10.135035
"MRPS15",8.261436,7.872481,7.853297,8.212798,7.994658,8.309146,7.860139,8.116155,8.007507,7.461284,8.253262,7.260129,7.934994,8.885182,8.244437,8.311818,8.549407,8.131148,8.024232,8.130245,8.113927
"CSF3R",10.533905,11.296983,10.807688,10.16704,11.349807,11.125545,11.825186,10.681236,10.999185,10.957661,11.509566,10.884319,11.0602,10.268463,11.296581,10.798587,11.670009,11.698169,11.757989,11.0938,11.131572
"GNL2",8.428461,8.253944,8.033514,8.211094,8.092501,8.336759,7.351697,8.30251,8.187788,7.808232,8.308993,7.451949,8.297922,8.912924,8.395334,8.368406,8.577574,8.155059,8.433659,8.457763,8.674552
"MTF1",8.335778,8.738212,8.382174,8.921784,8.846388,8.866066,9.013036,8.534587,8.732942,8.479194,9.008395,7.907065,8.763705,8.259952,8.492616,8.790829,8.651779,8.989523,8.887617,8.279698,9.265366
"FHL3",7.520261,8.321338,8.402307,8.050326,8.302757,8.240454,8.141947,8.153635,8.008167,7.863569,8.097314,7.74464,8.14525,8.199948,7.939113,7.844383,8.116042,7.789295,8.25868,8.09484,8.182346
"PPT1",10.426734,10.974899,10.393008,10.616245,10.648045,9.793708,11.056965,10.554155,10.737445,10.407771,10.644907,9.554017,10.287577,10.533266,10.615966,10.465546,10.474839,10.689436,10.711891,10.452719,10.727363
"FOXJ3",9.217552,9.416037,9.028552,9.516086,8.94612,9.294691,9.522427,9.188787,9.372598,9.028503,9.06635,8.897755,9.452621,8.992839,9.160481,9.467622,9.510989,9.511386,9.634212,9.531143,9.55415
"SVBP",7.150155,6.879216,7.154897,6.882735,7.301524,7.456416,6.831628,6.670706,7.132211,6.656567,6.964833,6.505049,7.066398,7.508988,7.104895,6.564839,6.852853,6.809057,7.501106,7.122675,6.48442
"SLC2A1",8.780102,8.892748,8.906619,9.114254,8.736591,8.728651,8.415924,8.757834,8.582636,8.113093,8.770056,8.276964,8.603333,8.846021,8.906734,8.958388,8.489425,8.931223,8.525275,8.914676,8.954602
"ELOVL1",7.928646,8.538697,7.836218,8.466033,8.237912,8.327014,8.418013,8.209778,8.394127,7.872996,8.576183,7.513153,8.232557,8.131752,8.468883,8.315142,8.210778,8.393027,8.510444,8.287595,8.427995
"TMEM53",6.969204,6.791568,6.981289,6.553378,6.9664,6.756859,6.838395,6.668146,6.527071,7.255305,6.794456,7.070008,6.791377,6.659407,6.557303,6.665924,6.593895,6.42735,6.542888,6.542915,6.547974
"RNU5F-1",3.848773,2.875084,3.018233,3.380129,3.578334,3.560251,3.105249,3.244895,3.440801,2.782471,3.460732,3.035603,3.612516,4.1337,3.786128,4.047389,3.209636,3.859576,4.407026,4.248551,3.194071
"RNU5D-1",5.450854,3.159284,3.269093,3.553292,4.558349,3.517931,3.805259,3.102237,5.345366,3.36481,4.114225,3.53973,3.309255,3.386812,4.08233,6.478263,3.235441,4.440285,5.237051,6.272446,3.343777
"PTCH2",5.342339,3.048218,3.148166,3.934264,4.805656,3.808478,4.240563,4.114866,4.012975,3.394556,4.148766,4.154447,6.794921,5.481831,4.392427,6.090459,5.59704,5.355848,6.505134,5.559722,5.235419
"HECTD3",7.480026,7.517698,7.513152,7.833883,7.692908,7.562981,7.444916,7.632299,7.612596,7.495817,7.589434,7.482602,7.691139,7.568016,7.741741,7.381469,7.504223,7.672603,7.616899,7.847555,7.913229
"PRDX1",9.128098,8.97254,8.506044,8.803596,9.277351,9.061325,8.522473,9.079879,9.197016,8.935341,9.05468,8.118318,8.752659,9.475912,9.120846,8.922088,8.891696,8.428022,8.93137,9.14757,8.758806
"IPP",6.851489,7.312009,6.714731,7.759996,7.155207,7.078462,6.875978,7.303268,7.364789,6.695787,6.600243,6.29126,6.977728,7.301203,7.626366,7.201818,7.489687,7.732197,7.850035,7.426616,7.392236
"LRRC41",7.847199,8.164131,8.008011,8.341852,7.680195,8.081147,7.932974,8.100654,8.047126,7.866335,7.974456,7.577765,8.023914,8.03078,7.875546,8.225945,7.938828,8.227077,7.661346,8.037614,8.234115
"CYP4Z2P",3.696006,3.897222,3.517431,3.955796,3.832215,4.007144,4.166482,4.112679,4.125946,4.399359,3.96278,4.88956,4.023531,3.947834,4.421546,3.218744,3.770212,4.443714,3.84224,3.721964,3.702541
"CYP4A11",4.980693,5.316481,5.26037,4.932607,5.59639,5.329609,5.144189,5.556956,5.464062,6.404199,5.521146,7.274106,5.850799,5.435035,5.281202,5.922857,6.066222,5.305876,5.452871,5.420543,4.883857
"PDZK1IP1",8.494661,8.133781,8.154161,8.401866,9.303437,8.55627,8.606633,8.477009,8.194835,7.808857,9.012077,8.128407,8.10204,8.54456,9.288191,8.206698,7.961706,8.210428,8.333231,9.804997,7.999939
"STIL",5.838154,5.858982,5.91587,6.103413,6.204583,5.801155,5.820955,5.573736,5.585005,5.643909,5.86913,5.861813,5.767835,5.549879,6.531444,5.895093,6.20109,5.894528,6.677789,6.919745,6.515316
"EPS15",10.041897,10.259721,10.047446,10.431192,10.066662,10.368749,10.247747,10.116137,10.185806,9.904654,9.953897,9.260342,10.187946,10.03967,10.16178,10.212807,10.213447,10.29584,10.518145,10.459926,10.469205
"TXNDC12",9.195944,9.079867,8.656804,9.11921,9.501821,9.43505,9.03651,9.183234,9.202323,9.004849,9.267129,8.398665,9.269656,9.376575,9.716014,9.510649,9.584433,9.220699,9.766067,9.546035,9.474318
"MAGOH",7.993009,7.631994,7.345069,7.965963,7.828748,7.801127,7.407888,7.913361,7.92582,7.457336,8.042328,7.252228,7.995417,8.436706,8.104545,8.152021,7.625487,7.894628,8.098823,7.654257,7.989346
"USP24",9.018058,8.952778,8.584159,9.406712,8.530068,8.997428,8.940257,8.942701,9.023053,8.515013,8.786842,7.895043,9.256132,8.952164,9.176912,9.284605,8.725159,9.53706,9.234089,9.523754,9.107725
"OMA1",8.787742,8.413512,7.73508,8.799414,8.622207,8.560039,8.23278,8.518842,8.473486,7.953954,8.33832,7.659243,8.584113,8.961997,9.011244,8.588169,8.649363,8.895909,9.246147,9.215213,8.36606
"ITGB3BP",6.601605,6.792005,6.525309,7.055419,6.750319,6.860316,6.84168,6.170448,6.608604,6.054539,6.620617,6.269316,6.300303,8.145055,7.325255,7.121509,6.896597,6.934459,7.533669,7.756779,6.408324
"MIR101-1",6.060929,6.677449,5.911693,5.618971,6.707414,6.530849,7.194319,6.062375,6.520619,5.515664,6.63362,5.344864,6.458663,6.142035,6.803141,6.027654,6.405645,6.203771,7.42833,6.645393,5.858275
"SLC35D1",8.350254,8.358735,7.644422,8.982914,7.88418,8.407072,7.962005,8.489968,8.513654,8.076446,7.798679,7.008249,8.244138,8.703762,8.549539,8.92236,8.34501,8.933122,8.801602,8.885815,8.236592
"SERBP1",8.667184,8.409623,7.729421,8.897996,8.385413,8.715672,8.274726,8.792255,8.725987,8.060229,8.198674,7.672475,8.247668,9.046601,8.756267,8.557453,8.790605,8.517402,9.083269,8.624852,8.462203
"WLS",9.200682,10.277281,9.485545,8.953699,8.762403,8.981234,10.164945,8.636764,9.351783,9.212849,9.889541,9.022211,9.55598,7.714637,9.150398,8.041371,9.355386,9.912859,9.869463,7.736458,8.081575
"LRRC40",7.517959,6.931239,6.603795,7.666416,7.158694,7.660909,6.908843,7.183602,7.241392,6.564046,7.055077,5.834908,7.05774,8.131954,7.445148,7.687858,7.603064,7.661233,8.09944,7.945147,7.472536
"ANKRD13C",8.395548,8.128655,7.614765,8.622731,8.148724,8.479358,7.920456,8.26853,8.360723,7.758765,7.949508,6.973331,8.210632,8.774894,8.558312,8.948466,8.419097,8.719341,8.810682,8.722171,8.288344
"ZRANB2",9.578094,9.080781,8.761594,9.656016,9.404633,9.651831,8.485205,9.339029,9.574062,8.951411,9.024966,7.949092,9.075647,10.012933,9.721793,9.862119,9.57274,9.793753,10.131591,9.851992,9.486733
"MIR186",6.310606,6.321427,5.049958,6.843653,6.394,6.37714,6.259323,6.32548,6.883668,5.509939,6.315217,4.820406,5.805536,6.657945,6.210298,6.885466,5.852924,6.94605,7.296239,6.146258,6.224689
"CRYZ",8.233888,7.09893,7.602077,7.407074,8.069596,8.271339,7.557546,7.860851,8.100019,7.665431,7.738869,7.041816,8.077333,8.782814,7.933865,7.699988,8.501739,7.524568,8.704544,7.812162,7.651789
"SLC44A5",5.010072,4.971494,5.179425,5.050479,5.150279,5.16756,5.322767,5.451353,6.439912,5.15895,4.777821,5.700071,5.296566,4.95154,5.23718,4.87644,5.441298,6.382698,5.600943,5.346888,5.669676
"PIGK",7.572477,7.142005,6.797686,8.093472,7.382799,7.74706,7.062803,7.196084,7.39974,6.333255,6.955967,6.004193,6.927987,8.131467,7.754248,7.891951,7.37744,8.058439,8.651839,8.367371,7.332334
"ZZZ3",8.617498,8.357794,8.244576,8.917671,8.481167,8.613853,8.281054,8.443261,8.605757,8.021601,8.22747,7.365892,8.407331,8.928011,8.717909,8.689564,8.496836,8.935234,9.072387,9.042813,8.593988
"USP33",9.211692,9.026318,8.657815,9.46096,8.866789,9.225396,9.0417,8.97342,9.088399,8.651917,9.001759,8.072955,9.22264,9.021232,9.279051,9.488125,9.038256,9.440012,9.651353,9.548123,9.370261
"FUBP1",9.964584,9.750058,9.562917,10.382464,9.552307,10.040623,9.373493,9.860723,10.073882,9.470637,9.531388,8.791419,9.994758,9.83318,10.0496,10.23435,9.850539,10.317711,9.887861,10.316267,9.974694
"GNG5",8.819953,9.04196,8.501805,8.664785,9.306253,8.75829,9.070662,8.777573,8.671131,8.48804,9.152348,8.423653,9.014486,8.622076,9.042838,8.828465,8.860248,8.953374,8.941193,8.992172,9.18511
"CTBS",9.350008,9.850545,9.545743,9.555356,9.934011,10.098093,10.370656,9.286345,9.546933,9.196793,9.875476,9.031846,9.290024,8.913093,9.670772,9.193735,9.932711,10.015296,10.507291,9.840828,9.252933
"SSX2IP",6.417334,6.053673,6.007187,6.722465,6.019288,6.910589,6.398193,6.430291,5.698703,5.701494,5.788875,5.779964,5.932911,6.531,6.388396,6.911735,5.966189,6.830556,7.192513,7.52559,6.746822
"ZNHIT6",8.132029,7.829521,7.138664,8.353236,7.672762,7.929543,7.110693,8.055124,8.162922,7.653501,7.663314,6.502124,7.534994,8.199836,8.346018,8.435157,7.920079,8.795626,8.483252,8.452646,7.899435
"ODF2L",7.69104,7.574921,6.868421,7.719055,7.235924,7.488466,7.229393,7.079568,7.199376,6.542439,7.177315,5.991889,6.73379,7.716294,7.60635,7.867955,7.296202,7.993482,8.153256,8.278969,7.276516
"SELENOF",10.036441,9.530565,9.298681,9.661775,9.988389,9.844946,9.140244,9.746859,9.90325,9.660333,10.110886,8.941488,10.030573,10.352657,9.883105,10.198964,9.983913,9.650613,10.204631,9.825138,9.814287
"GTF2B",8.489988,7.718469,7.858431,8.102783,8.454794,8.593322,8.224299,8.288155,8.268932,7.996116,8.5839,7.157502,8.475534,8.990204,8.530447,8.659795,8.336615,8.292526,8.67085,8.744943,8.467919
"GBP3",7.537785,7.163919,7.0053,6.978029,7.431537,6.475029,6.337445,7.245131,7.173399,6.989913,7.21613,5.562439,7.243692,7.215224,7.546491,7.237963,6.273534,6.999443,7.442691,7.21304,7.621675
"GBP2",9.66768,9.112414,9.229119,9.722565,9.793908,10.120287,10.296928,9.582614,9.538799,9.15253,9.982941,8.597073,10.174348,9.448478,9.554223,9.570817,9.925764,9.960961,10.248096,10.344785,10.046773
"GBP4",9.010343,8.510179,8.204995,9.091563,8.443953,9.021808,8.204151,9.248664,8.459847,8.18823,8.861658,6.48494,9.673032,8.739367,8.797184,8.813779,7.93315,8.973764,8.732835,9.073305,9.611535
"GBP5",9.941888,9.725762,9.572329,9.80733,9.978965,10.148103,9.57836,10.339164,9.654555,9.353046,10.054276,7.575242,11.118402,9.849583,9.647003,9.447024,9.372857,9.477977,9.731013,10.309739,9.979837
"ZNF644",8.385298,8.181481,7.770664,8.620769,7.916256,8.675913,7.77569,8.131975,8.232185,7.517219,7.978173,6.488973,7.794715,9.07254,8.489552,8.752344,8.333454,8.6713,9.044516,8.742213,8.048635
"TGFBR3",8.193448,8.29497,8.0203,7.94315,7.523592,8.179097,8.33226,8.2027,7.70912,7.32031,7.531828,8.0229,8.632543,7.691326,7.631239,8.766109,7.902287,8.762635,8.124787,8.970033,8.958891
"GLMN",6.620314,6.606666,5.918082,7.086917,6.169163,6.549634,6.142302,6.166265,6.590566,5.791477,6.273395,5.39316,6.064579,6.908675,6.266892,6.690513,6.187706,7.075517,7.089132,7.12055,6.293045
"EVI5",6.731196,7.019566,6.565849,6.893418,6.948269,6.935262,7.482117,6.459008,6.904986,6.010098,7.21864,5.998053,7.13556,6.415096,7.191629,6.885478,6.951761,7.261236,8.021833,6.88676,6.993573
"DIPK1A",7.769562,7.543329,7.158748,8.145526,7.565941,7.906139,7.255413,7.28865,7.637374,7.188425,7.248988,6.804444,7.294614,8.065023,8.024988,7.817499,7.94996,8.291693,7.96508,8.01374,7.783336
"DNTTIP2",7.399074,6.863769,6.491936,6.833084,7.445599,7.448166,6.019708,6.809914,7.223939,6.780178,7.195447,6.244524,6.373531,8.134424,7.310383,7.511096,7.443799,7.18727,7.871475,7.660368,7.321681
"GCLM",6.257831,6.342139,5.815176,6.495619,6.07904,6.217735,6.368781,6.061955,6.224337,5.18076,6.251271,5.387886,6.153371,6.500828,6.499508,6.531175,5.74889,6.482176,7.025226,6.400438,6.292104
"RPL7",7.037714,6.582954,7.048164,6.506006,7.221633,7.768347,6.888234,6.775987,6.607135,7.074466,6.577445,7.157053,6.844159,8.632251,6.531569,6.983399,6.619818,6.532926,6.508309,6.674591,6.471676
"FRRS1",6.493236,6.729936,6.315018,6.912036,6.48401,7.417218,6.146496,6.556137,6.765386,6.566285,6.560436,6.332199,6.438109,6.469729,7.130788,6.912149,6.714066,6.561303,7.506388,6.764726,7.072116
"SASS6",6.282844,6.175203,5.95497,6.575763,6.335171,6.584347,6.381407,6.081458,6.232179,5.862692,6.351586,5.872881,6.177604,6.825015,6.258789,6.595838,6.28685,6.107724,6.623898,6.940686,6.227359
"DBT",7.767858,7.431293,7.079926,8.027712,7.357521,7.559856,7.247829,7.328265,7.677635,7.030882,7.195664,6.189312,7.43987,7.896686,7.662075,8.016801,7.652098,7.941492,8.003662,7.703072,7.985219
"DPH5",7.546211,6.615972,6.480748,7.144898,7.040521,7.332078,6.47683,6.993656,7.191905,6.664247,7.022233,6.300611,7.153812,8.452793,7.442261,7.492188,7.431383,7.443067,8.136213,7.995534,7.21015
"VAV3",8.781835,8.5566,8.121468,8.752689,8.543456,8.951432,8.978936,8.385543,8.883399,8.035853,8.993064,8.180165,8.893059,8.697544,8.581204,9.059519,8.931989,9.231507,9.565364,9.358617,8.832257
"SLC25A24",8.081834,7.996306,7.52492,8.025932,8.014579,7.830679,7.708399,7.686877,7.967333,7.028778,8.025329,6.912657,7.791197,8.177414,7.579956,7.889496,8.337886,7.986789,8.409904,8.352706,8.283379
"HENMT1",6.909764,6.730192,6.71712,6.767275,6.701759,7.40067,6.579978,6.968751,6.68228,6.523133,6.960886,6.267126,6.977167,7.297515,7.020091,7.147879,7.134934,6.923059,7.425849,7.312916,6.706933
"TAF13",5.974107,5.383138,5.563564,5.97382,6.0977,6.094639,5.480009,5.776904,5.933176,5.259075,6.130575,5.460482,5.646985,6.654184,6.258879,6.083826,6.05089,6.222353,6.513116,6.309326,6.306551
"PSMA5",8.460462,8.559621,7.733461,8.503561,8.265473,8.73809,7.548372,8.381506,8.506788,8.226615,8.35383,6.959849,8.651706,8.803419,8.369862,8.67242,8.564779,8.356926,8.610383,8.448002,8.672735
"KCNA10",7.127895,7.175378,7.302525,6.878967,6.977635,6.88737,7.454955,7.138605,7.11137,8.144068,6.952198,8.219195,7.27748,6.748166,7.232674,7.052591,7.450354,6.945574,7.10878,7.03551,7.336473
"KCNA3",9.363756,8.865945,8.685223,9.430959,8.993473,9.182348,8.924423,9.028132,9.203097,8.879385,8.534901,8.171432,9.23669,9.454432,9.279024,9.312448,9.42704,9.421019,9.521297,9.689082,9.339729
"LRIF1",7.105358,7.154759,6.200428,7.384291,7.223166,7.27079,6.85627,6.827912,6.85039,6.331938,7.218899,5.895616,6.610687,7.569562,7.657519,7.556067,7.033142,7.512124,7.982748,8.042349,7.022586
"DRAM2",9.28169,8.877659,8.193519,9.46232,9.087268,9.24245,9.084839,8.902276,9.406983,8.755715,8.983229,8.268482,9.069137,9.905514,9.109073,9.438493,9.316933,9.215116,9.747358,9.467957,9.223174
"WDR77",8.47921,8.524381,8.158136,8.884485,8.455958,8.563726,8.273958,8.425771,8.710307,8.327764,8.401607,7.80397,8.656885,8.757829,8.510821,8.719233,8.776529,8.837502,8.670687,8.816821,8.81134
"INKA2",7.565034,8.090911,7.549804,6.94597,8.067734,8.128818,8.368291,7.833597,7.744102,7.564273,8.441286,7.291682,7.802436,7.548445,7.653467,7.366345,7.716725,7.504399,7.502655,6.858883,7.167414
"RHOC",8.03562,8.530477,8.464957,8.369047,8.348058,8.326539,8.530802,8.267496,8.118694,7.827885,8.206844,8.033092,8.66513,8.399966,7.844446,8.643866,8.110508,7.939052,8.426994,8.23192,8.310561
"LINC01356",5.948952,6.310508,5.856625,5.740656,6.103762,4.873465,5.827287,5.862973,6.105435,5.769662,5.431694,5.957483,5.531677,5.54613,5.384372,5.532254,6.427492,5.520056,5.88519,5.480244,5.521361
"PHTF1",7.332409,7.485549,7.224576,7.118764,7.795252,7.4402,7.862331,7.15844,6.973817,6.916482,7.727188,6.787067,7.428555,6.649622,7.414711,7.60937,7.46872,7.550737,8.435334,7.297442,7.619122
"PTPN22",8.303253,7.485669,7.616992,8.342524,7.652213,8.44939,7.946493,8.0455,7.6966,7.147197,7.920439,6.762996,8.041024,8.603466,8.323551,8.468829,8.415054,8.187572,9.153297,8.88396,8.350889
"SIKE1",7.706302,7.268948,7.137805,7.848234,7.614213,7.918489,7.577327,7.510383,7.495022,6.988011,7.299313,6.364418,7.635368,8.164635,7.990858,7.74764,7.398369,7.830439,8.241858,7.743346,7.696241
"TSPAN2",8.568981,8.687204,8.331175,8.49425,8.770184,8.804565,8.746072,8.453416,8.16643,8.001487,8.957162,7.847557,8.867969,8.439233,9.195526,8.522853,9.202542,8.81117,9.294719,8.99947,8.431256
"CD58",8.668513,8.723267,8.553439,8.561147,9.187999,8.891775,9.041497,8.631582,8.927936,8.075809,9.313078,8.229845,8.964958,8.579717,8.647943,8.798744,8.860517,8.886268,9.488971,8.646635,8.9019
"NOTCH2",9.688174,9.98975,9.967989,10.073834,9.776926,9.789956,10.681417,9.685336,9.949797,9.837209,10.133783,9.595165,10.431655,9.088659,9.852412,9.732874,10.058401,10.457759,10.303517,10.029867,10.361523
"POLR3GL",7.023095,6.594563,6.746497,6.76168,7.205306,7.116807,5.937074,6.861211,6.935794,6.643937,7.032537,6.107806,6.844993,7.86314,6.727538,6.579627,6.794169,7.117789,6.756975,6.687508,7.066205
"CD160",6.187847,6.550495,5.938221,5.961667,6.44648,6.06521,6.030257,6.415398,5.952012,5.422074,5.502644,5.715724,6.903628,6.62744,6.016381,7.249163,6.476619,7.033931,6.488554,6.289368,5.932669
"RNVU1-8",5.537181,5.619316,5.530135,5.955523,5.404108,5.505773,5.292491,5.834541,5.172326,5.31937,5.285901,5.396242,5.209521,6.224375,5.568148,5.105498,4.7517,5.327447,4.726236,5.475962,5.195885
"LOC440570",6.999773,7.493015,7.730472,7.044721,7.520323,7.397807,7.639677,7.332972,7.76201,8.178239,7.513236,8.435338,7.254554,7.258245,7.102492,7.398462,7.828184,6.695863,6.600537,6.758038,7.380861
"H2AC21",9.647849,9.092406,8.702335,9.308075,9.072352,9.404006,8.639013,9.368336,9.16162,8.476364,9.113876,7.838792,9.188567,10.060596,8.870883,9.241662,9.321258,8.858663,8.66553,8.978956,8.84885
"ANP32E",7.615272,7.272563,6.852848,7.631371,7.646083,7.683907,6.610933,7.754596,7.46666,6.658088,7.059636,6.415303,7.650037,8.217379,7.938222,7.802378,7.67993,7.552881,7.78191,7.74897,7.667903
"ADAMTSL4-AS1",7.517387,7.61743,7.607918,7.023127,7.689868,7.429541,8.168237,7.52156,7.75818,7.429829,8.309228,7.684991,8.06816,7.070439,7.296144,7.021313,7.634272,8.008121,7.357838,7.049976,8.011509
"HORMAD1",6.922821,6.190865,6.265568,6.262445,7.016928,6.35158,7.573269,6.226308,6.551541,5.744329,8.670614,6.153649,6.685152,6.413581,7.446823,6.550838,7.62561,7.790161,8.202775,6.542414,6.798254
"CTSS",11.866663,12.148087,11.761038,11.925542,12.279121,12.231158,12.403522,11.995141,12.035445,11.678251,12.468427,11.648611,11.977443,11.857527,12.09968,11.896902,12.008783,11.942853,12.344086,11.671756,11.619701
"CTSK",6.323856,6.421045,6.530168,6.651477,6.326999,6.628718,6.366207,5.993262,6.423033,6.325522,6.705502,6.552991,7.019857,6.335306,6.693318,6.412387,7.163566,7.15176,7.131639,6.87078,6.388742
"MINDY1",8.294461,8.751208,8.536657,8.364423,8.707224,8.670818,9.259942,8.54083,8.549088,8.413408,9.137976,8.032742,8.917047,8.01222,8.831501,8.269561,8.678136,8.770642,8.488524,7.866834,8.359175
"VPS72",8.321831,8.479836,8.165429,8.697802,8.311802,8.63652,7.883124,8.408669,8.499307,8.329919,8.588024,8.097206,8.445813,8.556405,8.75641,8.661746,8.654788,8.604326,8.634093,8.371809,8.92412
"SELENBP1",10.057756,10.090392,10.697143,10.434923,10.881485,9.486361,9.843306,9.850461,9.601098,8.561689,9.826681,9.014238,8.994441,9.471878,10.506547,9.90277,7.700228,10.030917,9.971333,10.478162,9.526598
"POGZ",8.258359,8.497789,8.323589,8.763894,8.573137,8.506002,8.488241,8.472369,8.565069,8.319019,8.437854,7.686278,8.766375,8.312321,8.732359,8.599135,8.626578,8.986739,8.653037,8.581455,8.775288
"S100A10",11.703577,11.987349,11.415098,12.031193,11.680789,11.78446,11.421065,11.603944,11.604488,11.615469,11.770608,11.174448,11.348034,11.629414,12.222633,12.300659,12.44997,12.162019,12.464505,12.039349,12.14537
"S100A11",10.560819,11.251885,10.850188,10.719642,11.45561,11.102067,11.536178,10.688261,10.859287,11.055585,11.421811,11.021928,10.780147,10.274171,11.199384,11.066082,11.618083,11.290438,11.633628,10.714446,11.518457
"LCE1C",6.511254,6.156776,6.719803,6.13803,6.301958,6.205552,6.57667,6.367587,6.270743,7.191784,6.462264,7.451525,6.318254,5.917206,6.046928,6.169868,6.587459,6.306363,6.24727,6.345854,6.631887
"SPRR2D",4.75535,5.117227,5.203501,4.581625,4.644912,4.791024,4.93692,5.045911,4.862617,6.088334,4.865365,6.499114,5.05611,4.811543,4.943931,4.40077,4.979385,4.615137,4.978865,5.432984,4.539438
"SPRR2A",4.756759,5.315738,5.168973,4.72564,5.417964,4.959179,5.11554,4.887123,5.066239,5.596051,4.666452,6.021353,5.042365,4.768525,4.713108,5.463905,5.931847,5.06349,4.860307,4.800664,5.227086
"SPRR2E",4.465102,4.84768,5.220397,4.595646,5.029285,4.439691,4.774442,4.836136,4.682141,5.577853,4.924871,6.484607,5.152717,4.974431,4.212433,4.568553,5.236539,4.378733,5.179776,4.500354,5.045887
"S100A12",8.37298,7.681438,7.376672,7.862953,9.897778,9.482026,8.976028,7.915453,8.618032,8.22856,9.985843,7.725518,8.996762,8.400691,8.49094,7.933755,8.664213,8.307417,9.38743,8.071137,8.16928
"S100A8",11.057579,9.908172,10.618954,10.291198,11.995721,11.82092,11.532755,10.452114,10.424655,10.583116,12.00624,10.471392,11.215808,11.501405,10.600044,10.261698,11.519306,11.156241,11.985502,11.217248,11.159291
"S100A6",9.19473,9.305416,9.172541,9.040058,9.425081,9.25856,9.286931,9.024213,9.153298,9.39828,9.505751,8.867065,9.025134,9.340642,8.737604,8.364618,8.418544,8.138807,8.532265,8.537345,8.813327
"S100A4",9.790742,10.675545,10.324731,9.883958,10.112261,10.52137,10.093861,9.759305,10.288143,10.262624,10.587866,9.386593,9.775053,10.103831,9.007121,8.845907,8.892344,8.738378,9.184223,8.683341,9.319753
"S100A3",5.057126,4.649834,5.799419,4.65936,5.021311,4.882258,5.100277,5.0669,5.228578,5.618607,5.026397,6.12363,5.00276,5.285987,5.408795,4.649038,5.37959,5.093115,4.768757,4.858002,4.904662
"ILF2",9.653054,9.532157,9.376711,9.561499,9.338325,9.712537,8.710694,9.665239,9.590921,9.445458,9.544795,8.797837,9.691495,10.001979,9.729299,9.76508,10.002379,9.695461,9.761132,9.7073,9.778191
"GATAD2B",8.707266,9.250864,9.015161,9.331071,8.721424,9.005236,9.165345,8.902533,8.985827,8.967024,8.782286,8.505964,9.008323,8.312918,9.037515,8.953673,9.122125,9.542971,9.101672,8.787957,9.344472
"DENND4B",8.48782,8.642218,8.66704,8.758048,8.410158,8.494071,8.583224,8.536547,8.790992,8.54873,8.809438,8.838034,9.017345,8.44085,8.683997,8.73109,8.792999,8.946007,8.798708,8.523735,9.062625
"CRTC2",7.878262,8.121552,8.113966,8.148882,7.998634,8.180045,8.213541,7.998451,7.978055,7.964563,8.38813,7.835178,8.144754,7.970361,8.260096,8.126758,8.222422,8.10776,8.299596,7.971201,8.150991
"UBE2Q1",8.532732,8.532763,8.335906,8.610702,8.351915,8.678617,8.424764,8.540586,8.423395,8.302269,8.597,8.248937,8.656563,8.440984,8.477335,8.321094,8.710125,8.555243,8.586069,8.56415,8.739876
"KRTCAP2",8.086435,8.433006,8.304751,8.271232,8.018809,8.571287,7.852098,8.102712,8.042271,8.219971,8.042118,8.072871,8.03526,8.40793,7.991663,8.178258,8.59538,8.013921,8.219971,8.259329,8.357503
"GBAP1",6.012283,6.097051,5.890829,5.581541,5.938352,6.014393,5.843097,5.85921,5.790685,6.060498,6.120284,5.545632,5.89203,5.922093,5.762234,5.551551,5.887064,5.988354,6.301749,5.736021,5.867513
"GBA",7.273574,7.777307,7.329291,7.872216,7.745353,7.699111,8.194555,7.50345,7.838318,6.920135,8.235665,6.409853,7.778106,7.374869,7.593614,7.746166,7.519504,8.250741,7.677999,7.749021,8.467609
"RIT1",9.062401,9.370691,9.030094,8.984457,9.461582,9.204192,9.161021,9.014109,9.155366,8.656855,9.489948,8.250662,9.031465,8.96969,9.460927,9.118531,9.130298,9.402854,9.388093,8.827363,9.456585
"KHDC4",8.038942,8.106107,7.921313,8.418424,8.000013,8.222482,7.927633,8.11142,8.148667,8.0177,8.080797,7.328998,8.358942,8.115229,8.129672,8.201774,8.254803,8.454384,8.36635,8.238947,8.370996
"SSR2",10.881021,10.726778,10.631824,10.878253,10.799041,11.059152,10.714539,10.721308,10.791668,10.577201,10.913318,9.56112,10.823763,11.315562,10.890596,10.996947,11.133201,10.98538,11.070665,11.256206,10.745981
"GLMP",6.787639,7.562446,6.972943,7.082878,7.193938,7.267244,7.412194,7.001,7.116478,7.382177,7.634019,7.213297,7.129874,7.114854,6.944404,6.765882,7.379183,7.334359,7.105849,7.028121,7.485008
"MIR9-1",5.313665,5.035477,5.559033,5.122327,5.272223,5.135713,5.331025,5.206807,5.27227,6.001262,5.223685,6.596226,5.267388,4.91722,5.034846,5.692932,5.770812,4.845037,5.217941,5.413083,5.509555
"ISG20L2",8.312465,8.434515,8.009755,8.327146,8.121488,8.561312,8.252214,8.174719,8.411561,8.153942,8.535703,7.658305,8.364767,8.613144,8.566528,8.473549,8.684305,8.302259,8.758033,8.392967,8.692265
"MRPL24",8.215401,7.734214,7.779728,7.822344,8.204887,8.107003,7.169165,8.078501,7.992612,7.626449,8.301589,7.233173,7.99323,8.7218,8.250556,8.119397,8.098766,7.740005,8.273506,8.144495,8.113304
"FCRL5",9.135477,7.01393,7.331003,7.643261,6.723923,7.831543,6.902047,8.307271,7.869179,6.917614,7.397408,7.392159,8.621204,8.247914,7.887147,8.417618,8.977022,7.922355,7.461083,7.724811,7.644756
"FCRL3",9.251013,8.290921,8.309261,8.83974,7.728448,8.781632,7.857365,8.954337,8.668676,8.491873,7.258122,7.715155,9.168063,8.962913,8.390793,8.970317,8.520085,9.44496,8.600984,9.316426,8.041349
"FCRL2",8.508505,7.325599,7.097357,8.27654,7.22537,8.071861,6.951591,7.836203,8.289033,7.366122,7.94935,7.408733,8.202718,8.1053,7.908368,8.212149,8.136963,8.483781,7.79051,7.676123,7.193924
"FCRL1",9.836775,9.16543,8.743188,10.165251,9.065966,9.622297,8.717859,9.731761,10.251691,8.982923,9.316672,9.359717,9.86899,10.072002,9.72833,9.97035,9.58959,10.439488,9.564281,9.167772,8.971765
"OR6Y1",5.7813,5.473078,6.097539,5.537818,5.836394,5.691221,5.755471,5.735473,5.591659,6.450807,5.798787,7.122734,5.634936,5.488786,5.82432,5.786643,6.341452,5.781628,5.430485,5.897475,5.634382
"OR6K2",5.64193,5.476844,5.48369,5.414934,5.204269,5.389895,5.377244,5.531618,5.455389,5.904368,5.442819,6.807661,5.671951,5.384902,5.548682,5.040448,5.803748,5.404043,5.343536,5.396983,5.497634
"OR6N2",5.478964,5.608406,5.793211,5.395879,5.720101,5.181448,5.776998,5.486046,5.741564,6.278462,5.362067,6.643134,6.064991,5.555644,5.22753,5.286322,5.875519,5.356612,5.296671,5.610022,5.779049
"AIM2",6.806935,6.953957,6.051754,7.204984,7.9111,7.414894,6.954636,6.904985,6.691738,6.232032,6.933382,5.78078,7.054724,7.508944,7.194634,6.93873,7.738089,7.502629,7.1048,7.693572,8.884812
"TAGLN2",9.938601,10.107253,9.658812,9.813022,9.711284,10.175465,10.480393,9.787436,9.596783,9.470912,9.878276,9.30864,9.702013,9.902912,9.715176,9.367786,9.664757,9.678698,9.439618,9.244599,9.192912
"PIGM",7.951017,7.955605,7.357164,8.42697,8.102005,8.11179,7.803513,8.111695,8.060859,7.969877,8.057832,7.264294,8.052146,8.213751,8.304351,8.186777,7.816755,8.193856,8.109137,8.28545,7.672681
"SLAMF6",9.529729,9.429731,8.565407,9.784648,8.71482,9.673506,8.971251,9.474856,9.497227,8.566353,8.774046,8.098127,9.451807,9.801798,9.407467,9.658991,9.135789,9.822395,9.582772,9.910545,9.43761
"CD48",10.754015,10.043181,10.018887,10.607783,10.561994,10.894377,10.145895,10.337487,10.619406,10.200613,10.826914,10.011775,10.712396,11.115788,10.49513,10.671627,10.948861,10.551149,11.147943,10.836754,10.887405
"USF1",8.95549,9.291777,8.886061,9.07861,9.256071,9.256505,8.877116,9.138872,9.302332,8.39398,9.701527,7.554216,9.048958,9.295961,8.980799,8.792311,8.686698,8.91587,8.638229,8.641518,9.003
"DEDD",7.924713,7.927287,7.899569,8.064877,7.998135,8.000423,8.166835,7.899772,7.956492,7.836336,8.296757,7.577779,8.101311,7.879321,8.034229,8.149104,7.973382,8.17474,8.228462,8.143574,8.116537
"FCGR3A",9.265228,9.400277,9.443708,8.825545,9.830775,9.529681,10.075291,9.342735,9.602131,9.319583,9.96099,7.969,10.046184,8.264142,9.353841,8.570411,9.17248,9.247237,9.611272,8.719007,8.98365
"SH2D1B",7.346946,7.602188,6.942402,7.36386,7.320055,6.722151,7.695452,7.329834,6.372542,5.519151,7.244953,6.565605,8.229475,7.315965,6.965649,9.032368,7.024723,8.369293,7.813514,8.303987,8.13474
"TMCO1",8.019001,7.617741,7.27978,8.080628,8.028792,8.374767,7.47459,7.7306,7.890906,7.197457,8.243439,6.346496,7.652759,9.10839,8.269039,8.216141,8.276224,7.947971,8.670318,8.407749,7.892471
"GPA33",7.466293,7.308771,7.244092,8.262851,7.291395,7.679906,7.283592,8.023628,7.598118,7.6316,7.377704,7.483809,7.381784,8.20654,7.253682,7.907283,7.434112,7.834248,7.483801,7.788363,8.354828
"CD247",9.386076,9.36563,9.000976,9.444957,8.750962,9.209241,8.953666,9.438007,9.188427,8.831071,9.092658,8.450547,9.449694,9.555634,8.587759,9.592938,8.511523,9.124922,8.855148,9.072649,9.310703
"CREG1",8.291075,8.362676,8.712418,9.054964,8.96586,8.721739,9.203038,7.958031,8.235311,7.854276,8.858841,7.906408,8.362799,8.236831,8.684575,8.392201,8.648716,8.762433,9.526938,9.733347,9.1838
"F5",7.572918,7.771034,7.63911,7.926983,8.568011,8.121963,9.272527,7.285851,7.757084,7.357038,9.170427,7.359205,8.04297,7.237489,8.013537,7.418436,8.073728,9.002712,9.048284,8.154807,7.52537
"SELP",6.686464,7.415734,7.245791,8.238588,7.222125,7.717196,8.217306,7.133308,6.458936,6.714234,6.665352,7.0335,6.731503,6.086143,7.687652,7.512265,6.298658,7.645876,7.63959,7.733401,7.559148
"METTL18",5.812074,5.313789,5.434233,5.563127,5.456026,6.00962,5.124456,5.551558,5.48144,5.221287,5.305428,5.243965,5.310388,6.847514,5.964862,5.693351,5.853025,6.018736,6.056012,6.427032,5.165991
"KIFAP3",8.265254,8.03934,7.76881,8.526336,7.924105,8.395171,7.498573,7.882817,7.838616,7.212126,7.777942,6.945213,7.821818,8.323938,8.143992,8.40853,8.112578,8.436806,8.605431,8.773163,8.081959
"VAMP4",8.052098,7.58757,7.153754,8.104349,7.86872,8.021373,7.548746,7.650365,7.901464,6.95748,7.589128,6.110178,7.546246,8.288366,7.99907,8.163301,7.825112,8.310637,8.756092,8.450833,8.001619
"TNFSF4",6.449159,6.717411,6.267795,6.820628,6.642014,6.771619,7.360165,6.443403,5.729363,6.32025,6.441894,6.154994,6.263333,5.58932,7.31173,7.122771,5.587149,7.121351,6.786279,6.503499,6.436749
"SNORD81",7.385951,7.212172,6.695573,7.777613,7.737572,7.516733,7.112225,7.262098,7.937677,7.24907,7.224569,6.46981,7.470959,8.418313,7.359752,7.594054,7.777778,7.72684,8.316204,7.853263,7.225015
"SNORD79",6.091376,5.823604,5.145382,6.290295,5.5868,5.964567,5.345204,5.505136,6.142446,4.855259,5.655799,4.633638,5.483039,6.409251,6.189405,5.971567,5.737408,6.525504,6.590266,6.291977,5.60471
"SNORD78",7.639372,7.202319,6.074971,7.793683,6.68684,7.55576,6.666846,6.95114,7.782384,6.393645,6.765252,5.605612,7.194687,7.74349,8.193111,7.907522,7.794315,8.161143,8.030508,7.724809,7.461988
"SNORD44",8.897775,7.297405,6.754243,8.171432,8.010396,8.183123,7.845809,7.714974,8.219289,6.322399,7.762211,6.414376,8.386801,9.77892,7.472209,7.751039,7.570577,8.059543,8.328348,8.285042,6.819989
"SNORD77",3.985126,3.829838,3.707652,4.006487,3.701165,4.575265,4.06988,3.542572,4.092093,3.320089,3.41802,3.201707,3.665337,4.602452,5.022342,4.029822,3.886428,4.633548,4.747687,4.004825,3.543034
"SNORD75",7.300358,7.003896,6.527991,7.317356,6.901532,7.158987,6.787207,6.701926,7.163828,6.461479,6.703289,6.329922,6.78835,7.668841,7.231067,7.330189,7.316273,7.312227,7.572986,7.042674,6.962327
"SNORD74",8.358653,7.540979,7.560251,8.080391,8.035607,7.973911,7.531638,7.624536,8.249835,7.903666,7.772886,7.83452,7.923488,8.517372,7.732653,8.240538,8.158137,8.005053,7.8823,7.767787,7.977585
"MRPS14",8.156955,7.801085,7.102992,8.063134,7.618131,8.033591,7.270499,7.83004,8.139024,7.46367,7.847671,6.634636,7.896864,8.70954,8.237013,8.281507,7.849322,8.072669,8.275103,8.205997,7.794142
"KIAA0040",8.311211,8.34057,8.004898,8.27137,8.386772,8.697485,8.765768,8.129869,8.288151,8.031572,8.690782,7.56561,8.494086,8.68482,8.50569,8.594258,8.708298,9.022205,8.634138,8.526227,8.538137
"COP1",9.558117,9.732795,9.586221,9.472586,9.981419,9.862905,10.580646,9.579246,9.808934,9.539275,10.440947,8.722649,9.980861,9.22659,9.626818,9.665488,9.981109,10.104409,10.702904,9.696397,9.639125
"RNASEL",8.391617,8.384817,7.981672,8.291028,8.603748,8.476215,8.743318,8.406001,8.332435,8.199828,8.758406,7.874214,8.556228,8.374848,8.786209,8.348141,8.36665,8.615324,8.775367,8.495745,8.574795
"NCF2",11.498677,11.971636,11.773434,11.460066,12.080272,11.943555,12.15447,11.758329,11.94854,11.739876,12.419108,11.482182,11.97959,11.060971,11.922616,11.609399,11.818038,11.872948,11.933043,11.383757,11.822946
"EDEM3",9.22377,9.036481,8.9098,9.419102,9.172814,9.511035,9.678285,9.001329,9.355804,8.813963,9.388382,8.146986,9.298154,9.095607,9.49258,9.21273,9.39216,9.53839,9.845973,9.554973,9.270345
"NIBAN1",9.704842,10.63587,10.052778,9.713457,10.471348,9.972335,11.094557,10.05624,10.134571,9.802572,10.718075,9.973772,10.19893,8.639319,10.394008,9.659335,10.166719,10.98389,10.444947,9.770906,9.682979
"TRMT1L",8.572194,8.425732,8.287283,8.886239,8.678357,8.776776,8.697745,8.33514,8.521852,8.012915,8.410567,7.25147,8.079504,8.822664,8.663606,8.762757,8.505705,8.824036,9.164169,9.134965,9.037249
"IVNS1ABP",10.44565,10.314459,10.12212,10.594777,10.387897,10.48543,10.771055,10.193301,10.472767,10.021439,10.734484,9.446818,10.530674,10.257377,10.756069,10.828411,10.440579,11.008886,11.032381,10.926493,10.719808
"TPR",9.004959,8.98575,8.772385,9.11944,8.895539,9.044183,8.673252,8.827137,8.938621,8.407882,8.780081,8.066357,8.73659,8.86661,9.21518,9.013265,8.795119,9.421285,9.387289,9.360324,8.935112
"PTGS2",7.707169,8.265587,7.825085,7.202549,8.423812,8.80589,8.853412,7.883753,8.466084,7.388269,8.734622,7.193247,8.097123,7.510375,8.381691,7.20101,7.927428,8.088705,9.105645,8.330097,7.797164
"UCHL5",7.884234,7.653444,7.147784,7.902614,7.5801,7.879062,7.05699,7.515472,7.766849,7.238193,7.523357,6.622942,7.499804,8.089396,7.714945,8.222248,7.835176,7.916832,8.236262,8.065663,7.826732
"B3GALT2",5.137036,6.164757,5.646745,5.1944,5.459533,5.649258,5.801321,5.36082,5.70659,5.341926,5.735836,5.309022,5.329419,5.033944,5.551974,5.215507,5.606822,5.102355,5.893933,6.100632,5.262565
"ASPM",4.923315,4.561282,4.911271,5.128283,4.978633,5.241836,5.228853,5.001037,4.634837,4.775958,4.714696,5.324185,4.641878,5.119055,5.062065,5.077867,5.349462,5.736725,5.38374,5.677591,5.236883
"ZBTB41",8.239018,7.896524,7.878925,8.674419,8.182391,8.736835,7.665064,8.059554,8.063376,7.452815,7.76518,7.033401,7.667431,8.852274,8.525106,8.596361,8.501294,8.674509,9.210838,8.912584,8.365099
"DENND1B",7.382581,7.372754,6.898142,7.580851,7.4431,7.881956,7.043762,7.26458,7.391835,6.607482,7.04432,6.068051,7.101322,7.574804,7.314785,7.830746,7.507976,7.954369,7.991332,8.159689,7.701469
"MIR181B1",7.234193,6.942825,7.283316,7.34645,7.027191,7.515706,7.292569,7.202906,7.226694,6.828366,7.361674,7.242323,7.120983,7.473001,6.935863,7.128535,6.65536,7.478283,6.665216,7.583622,6.713475
"CSRP1",7.647181,7.768544,7.344772,7.747643,7.523694,7.762373,7.436473,7.55805,7.677815,7.654505,7.875624,7.372817,7.469127,7.403799,7.684865,7.761628,7.893317,7.728923,7.590399,7.69863,7.987487
"ARL8A",8.421558,8.782353,8.296807,8.517778,8.597212,8.737954,8.845398,8.411893,8.572918,8.577162,8.964607,8.382193,8.609104,8.358979,8.626329,8.744848,9.059738,8.755673,8.958043,8.481275,9.168585
"ADIPOR1",11.184433,11.327902,11.750821,11.937156,11.678592,11.112622,11.389087,11.173431,10.869688,10.015855,11.019068,11.211431,10.706688,10.277139,11.799224,11.226415,10.819951,11.551159,11.953709,12.032252,11.478615
"CHI3L1",9.871621,9.417892,10.216539,8.0407,9.931655,8.430508,10.976919,10.0515,8.714258,10.268845,8.704163,8.627472,10.116129,9.460959,10.359295,8.735762,9.668046,9.763784,10.441697,9.512378,9.145101
"NUAK2",8.827301,9.153021,8.720182,8.870997,9.20588,9.198571,9.566357,8.766497,9.215034,8.741432,9.460046,8.185983,9.024801,8.838816,8.800702,8.617227,8.903932,9.091539,9.073048,8.564093,8.39732
"FCMR",9.86,9.73594,9.47196,10.397992,9.341349,10.017124,9.1432,9.896616,9.985712,9.732756,9.150983,8.775352,9.692202,10.216523,9.528455,9.867692,9.786608,10.209688,9.695953,9.865704,9.731896
"YOD1",8.616102,8.468105,8.964485,10.333451,8.876008,9.146137,9.848245,8.122282,8.311904,7.918255,8.500769,8.316532,8.389266,8.473879,8.390267,8.277431,8.227871,8.806895,9.685521,10.274348,8.171276
"ANGEL2",8.781684,8.650053,7.983255,8.869116,8.456224,8.623482,8.221086,8.580374,8.751239,8.25787,8.354642,7.44242,8.586731,8.97889,8.644914,8.961465,8.592317,8.789979,8.974,8.994937,8.606377
"EPRS1",8.518384,8.697929,8.37956,8.977531,8.361304,8.849194,7.881848,8.495002,8.40624,7.948228,8.398586,7.327998,8.400978,8.644565,8.735914,8.761571,8.8401,8.913208,8.775971,9.189149,8.771452
"BPNT1",7.566284,6.995321,6.727335,7.43213,7.345734,7.361446,6.725681,7.409202,7.750606,6.974237,7.426116,6.26685,7.289867,7.779547,7.280252,7.556182,7.485989,7.119971,7.244922,7.262268,7.201742
"LINC02817",5.635151,5.687522,5.914187,5.485492,6.061416,5.74806,5.332093,5.654227,5.817579,6.476347,5.483145,7.512653,5.79387,5.486545,5.788523,5.770582,6.422845,5.760601,5.657008,5.78291,5.54
"TAF1A",6.123431,6.15353,5.777271,6.204365,5.602331,6.461208,5.787681,5.891826,6.227539,5.582668,5.799185,5.164814,6.075496,6.544369,6.489878,6.05635,5.959243,6.180093,6.274136,6.309522,6.282521
"TLR5",7.865146,7.895743,7.160081,8.206777,8.727998,7.668105,8.836034,7.370407,7.906277,7.6709,8.574828,7.589832,7.777842,7.131864,8.055517,8.045742,8.548226,8.42891,8.359272,8.6139,8.47304
"WDR26",9.509177,9.575733,9.277696,9.785399,9.7208,9.577759,10.096955,9.39051,9.681324,9.157411,9.636724,8.979722,9.697083,9.216685,9.89267,9.535508,9.495157,9.980935,10.256443,9.804333,9.524054
"LBR",11.265153,11.423218,11.351459,11.349207,11.452026,11.634979,11.954195,11.176627,11.205066,11.132229,11.857282,10.935809,11.290823,11.043894,11.628669,11.433506,11.416861,11.805419,11.683796,11.251603,11.492803
"TMEM63A",9.683504,9.747092,9.483914,10.107225,9.316683,9.725178,9.379142,9.77086,10.014321,9.640412,9.384368,8.988035,9.935007,9.612246,9.654417,9.812305,9.600624,9.95137,9.570378,9.458264,9.672764
"LEFTY2",7.943211,7.865226,8.371914,7.486514,7.917135,7.804221,8.180122,8.113509,8.039356,8.740434,7.915654,9.295334,8.024899,7.929491,7.575128,8.130796,8.452648,7.49065,7.810886,7.850813,8.08769
"PARP1",8.456906,8.478184,8.211938,9.156961,7.862139,8.511425,7.725177,8.753066,8.515504,7.987756,8.148186,7.52288,8.663517,8.464172,8.542773,8.491867,8.492344,9.002042,8.047273,8.456365,8.593415
"NUP133",7.515025,7.535386,7.283316,8.028465,7.352184,7.865886,7.51573,7.47766,7.614687,7.041554,7.377164,6.470784,7.536098,7.694269,7.720844,7.589243,7.407712,7.968719,7.681849,8.025293,7.662713
"TRIM67-AS1",5.198382,5.01314,5.194371,4.942803,3.970072,4.710043,4.754464,4.86755,4.572157,5.278228,4.664805,6.213677,5.111048,4.393058,4.201163,5.271654,5.219986,4.883011,4.54403,4.57845,4.898332
"SIPA1L2",7.540946,8.007426,7.492589,7.309986,8.270567,7.589479,9.233413,7.395585,7.395363,7.514308,8.731805,7.484811,7.836795,6.72789,7.964762,7.554061,8.035408,8.193299,7.907591,6.60318,7.425885
"TARBP1",8.205798,8.100423,7.674066,8.395061,7.992884,8.220283,7.852868,8.093644,8.013164,7.685277,7.635293,7.430408,8.129404,8.177665,8.13056,8.270187,8.024031,8.520657,8.47582,8.557907,8.186743
"TOMM20",7.674308,7.846763,7.7083,8.160347,7.622147,7.784485,7.420938,7.866206,8.007416,7.093505,7.486278,6.43894,7.525603,8.226441,7.949449,7.436327,7.306812,7.847866,7.684379,7.39935,7.537769
"RBM34",7.620089,7.517039,7.07458,7.225665,7.622819,7.689184,6.519848,7.573631,7.477515,7.012167,7.53492,6.613065,7.262594,8.132517,8.09367,8.165619,7.546873,7.662279,7.831801,7.653094,7.861491
"ARID4B",9.025649,9.002676,8.729699,9.198706,9.062918,8.9958,8.807046,9.12649,9.021532,8.39449,8.926709,7.987761,8.716906,9.124864,9.052808,8.923636,8.770283,9.255488,9.396418,8.859787,8.581919
"LYST",10.595054,10.856938,10.743762,10.719455,10.81778,11.061286,11.524585,10.525917,10.892933,10.562586,11.12741,10.437267,11.079276,10.178317,10.79647,10.707851,10.70064,11.18265,11.592302,11.213957,10.693976
"ERO1B",7.341723,7.102277,6.896924,7.365062,7.061877,7.19713,7.314882,7.066955,7.240579,6.490095,6.898194,5.991236,7.257536,7.397986,7.246908,7.188241,6.995255,7.255058,7.831376,7.40044,7.144059
"HEATR1",8.37557,8.341807,8.061074,9.035976,8.018535,8.323706,8.351445,8.458732,8.534839,7.876527,8.053497,7.551922,8.368806,8.433313,8.502656,8.64617,8.180893,9.069473,8.647341,9.126557,8.490153
"CHML",8.095591,7.665381,7.407853,8.3971,7.454752,8.573056,7.127009,7.715371,8.09322,7.05656,7.713363,6.855527,7.208351,8.855336,8.177878,8.584166,7.878897,8.620928,8.332551,8.317602,7.556793
"CEP170",8.698613,8.283155,8.049532,8.47211,8.700259,8.553496,8.877752,8.542001,8.796524,8.697907,9.148468,7.96534,8.62213,8.44309,8.903375,8.725229,9.015929,8.769633,9.701412,9.167866,8.777614
"AKT3",7.732082,7.527022,6.961427,7.684899,7.368333,7.578664,7.440868,7.605256,7.779612,6.981137,7.144785,6.801078,7.714369,7.830795,7.569392,8.033516,7.570678,7.719896,8.199577,8.328209,7.474197
"ADSS2",8.710434,8.879194,8.27888,8.890521,8.704855,8.742772,8.595144,8.574679,8.669257,8.245844,8.522769,7.17058,8.607666,9.088421,8.929827,8.973362,8.760515,8.775725,9.323914,9.164495,9.051092
"HNRNPU",9.841542,9.494336,9.285951,9.90995,9.517378,9.747435,9.693839,9.703042,9.923094,9.668191,9.549086,9.057146,9.492972,9.709655,9.862249,9.819606,9.928984,10.039152,10.534853,10.192997,9.492649
"ZNF124",7.636173,7.222278,6.74973,7.855485,7.370881,7.584888,7.396232,7.330792,7.716177,6.996309,7.539624,6.702673,7.431533,8.026065,7.878816,7.921612,7.674217,7.759991,8.078148,7.738112,7.73201
"OR1C1",4.911257,4.49407,4.971909,4.714842,4.736729,4.507779,5.163419,4.774553,5.05791,5.814604,5.186673,6.291627,4.845534,4.973467,5.015288,5.173521,5.347591,5.161117,4.840376,4.87889,5.138344
"OR14A16",4.986768,4.823836,5.022356,4.826464,4.759924,4.630681,4.819062,4.879521,5.317728,5.752496,4.73409,6.566541,5.237228,4.637049,4.883758,4.799884,5.660319,5.045482,5.123186,4.798534,4.801782
"OR2T11",5.032606,5.184106,5.496968,5.054951,5.494849,4.841507,5.373444,5.502615,5.004388,5.891795,5.100869,6.523499,5.430476,5.155247,5.200213,4.970081,5.841269,5.391004,5.249368,5.274248,5.177433
"OR2T27",5.429239,5.458818,5.523577,4.946704,5.299628,5.398459,5.444636,5.392049,4.729038,5.930737,5.50695,6.56459,5.12247,5.164294,5.307919,5.43992,6.35224,4.887683,4.870158,4.958551,5.084518
"OR14I1",5.567572,5.531107,5.868185,5.308428,5.918075,5.377283,5.828321,5.604569,5.3279,6.405414,5.494993,7.267322,5.642113,5.186792,4.679691,6.307858,6.374267,5.256006,5.56302,5.409672,5.303961
"ZMYND11",8.857047,8.748601,8.593324,8.996646,8.51088,8.843142,8.257305,8.906505,8.805585,8.427496,8.569933,7.752894,8.80557,8.930787,8.98781,9.044569,8.869127,9.074822,9.024068,9.048033,8.916737
"GTPBP4",7.950278,7.980638,7.601294,8.153456,7.789519,8.075803,7.133595,8.008164,7.938777,7.313268,7.688436,7.299098,7.937461,8.22532,8.161913,7.905892,7.752592,8.200543,7.792116,7.80661,7.801715
"AKR1C3",6.211109,6.595801,7.116308,6.782182,7.096104,6.23225,6.780058,6.385123,5.695555,5.746448,6.59051,6.385757,7.454794,7.144271,6.26923,6.978086,6.422932,7.048254,7.109414,7.284261,7.157241
"RBM17",8.007161,7.787378,7.39924,7.992497,7.770583,7.944377,7.403747,7.770485,7.927928,7.549982,8.007666,7.100362,7.902348,7.998048,8.181762,8.2133,8.036081,8.194707,8.091923,8.06435,7.958982
"PFKFB3",8.187381,8.346384,8.249729,8.287033,9.049157,8.486914,9.073665,8.197891,8.477403,8.029364,9.141739,7.856607,8.296528,7.72004,8.514787,8.267152,8.399492,9.013423,8.793457,7.988894,8.95671
"ATP5F1C",9.235093,8.424927,8.328062,9.156913,9.20388,9.232394,8.830986,8.747031,8.885207,8.671543,9.107938,8.425684,9.0473,10.001126,9.135639,9.012759,9.393443,9.177383,9.71583,9.471623,9.246159
"GATA3",7.834437,7.913079,7.728032,7.966807,7.802932,8.03981,7.486189,8.040411,7.820593,7.659804,7.424047,7.542187,7.446027,7.652278,7.88171,7.591117,7.947191,7.783173,7.751108,8.115458,7.868704
"OPTN",9.051961,8.701241,8.926872,9.009141,8.818612,8.873619,8.140549,8.66583,8.478346,8.053345,8.704442,8.251585,8.585474,8.809408,9.401931,8.634738,8.258771,8.567919,8.920124,9.333008,8.900591
"PRPF18",8.818939,8.80391,8.485634,8.711872,8.865822,8.618084,7.606109,8.557312,8.625404,8.014029,8.82427,7.595,8.369211,8.646461,8.939658,8.863152,8.324567,9.014978,8.794653,8.568681,8.328872
"RPP38",7.065601,7.041552,6.334235,6.893651,6.758892,6.974105,6.517453,7.074337,6.969251,6.689018,6.762072,6.155406,6.734153,7.335537,6.665896,7.051113,6.251367,6.781543,6.835183,6.733398,6.903742
"PTER",8.783908,8.236795,8.103782,8.615189,8.436711,8.112969,8.170014,7.938709,8.707749,8.148042,8.078047,7.709083,8.134319,8.468195,8.992904,9.016725,8.596715,8.914722,9.080107,9.167354,8.620895
"VIM",10.321765,10.701099,10.338577,10.724594,10.652058,10.487834,10.678668,10.481939,10.583924,10.451017,10.855537,9.935335,10.36144,10.260659,10.213556,10.307055,10.500273,10.230429,10.410843,9.847518,10.262114
"ARL5B",8.964218,8.818562,8.725779,9.168875,8.712255,9.119072,8.859696,8.812811,8.899595,8.154495,8.708366,8.112175,8.720281,9.132127,8.91582,8.976321,9.047058,9.049276,9.214617,9.412473,9.063278
"PLXDC2",8.714901,9.665409,9.391687,9.33231,9.798742,9.450504,10.263529,8.968994,9.647358,8.969595,9.940458,8.735925,9.545091,8.683808,9.400702,9.163132,9.553049,9.184377,9.441076,9.200204,9.477417
"THNSL1",5.70373,5.59319,5.342173,6.062158,5.411892,5.886498,5.167168,5.512474,5.430545,5.539068,5.139355,5.008882,5.268451,6.242927,5.882917,6.019877,5.270122,5.920809,5.827282,6.114536,5.588773
"MASTL",7.150212,7.216331,6.410456,7.247628,7.31905,7.254467,6.81892,6.711604,7.457034,6.242238,7.109656,6.285117,6.997156,7.013526,7.156144,7.256445,7.025705,7.185138,7.690125,7.533915,7.459088
"RAB18",9.287843,9.303797,8.941772,9.298257,9.529644,9.674877,9.51415,8.843955,9.183897,8.537796,9.175794,8.045247,9.056664,9.442534,9.685941,9.657296,9.637192,9.819001,10.395494,9.769441,9.308846
"LYZL1",3.760923,3.838221,4.179924,3.358592,4.008439,3.447134,4.079482,3.860839,3.960953,4.255488,4.034267,4.646157,4.236796,4.241299,3.497787,4.017196,4.54881,4.091304,3.602859,4.338546,4.165451
"ZNF37A",7.833932,7.514693,7.363523,8.107204,7.695356,8.004841,7.278546,7.615458,7.54357,7.23183,7.474934,7.055169,7.447018,7.869299,7.627853,8.074271,7.630208,7.806653,7.8968,7.689509,7.697238
"HSD17B7P2",8.252163,7.834781,7.203848,7.689457,7.699317,7.922719,7.975664,7.675058,7.986046,7.367217,7.772419,7.007332,8.191356,7.867447,8.207592,8.076739,7.761103,7.496621,8.378393,7.638192,8.074715
"BMS1",8.409677,8.393179,8.530288,8.524995,8.161078,8.365713,7.697179,8.536677,8.318663,8.476829,8.237934,7.967877,8.178038,8.233754,8.737073,8.325771,8.251284,8.958846,7.983009,8.629997,8.577434
"ZNF487",6.6432,7.321415,7.172066,7.01268,7.202134,7.266395,6.395308,6.589185,6.828058,6.850164,7.235326,6.978171,7.308307,6.951119,7.017362,7.557801,6.632596,7.386747,7.501839,7.40865,7.200747
"ZNF22",6.814402,6.433553,6.490998,7.023805,6.876508,7.347552,6.501591,6.862631,6.623276,6.531097,6.515948,6.200046,6.693109,8.330177,6.919522,6.943509,6.760136,6.877453,7.07064,7.531318,6.570945
"ALOX5",9.775856,10.138654,10.077847,9.945401,10.40743,10.161667,10.572496,9.870808,10.053492,9.992435,10.71379,9.773075,10.22141,9.607346,10.182763,9.829381,10.224631,10.412418,10.280244,9.441263,10.010851
"MAPK8",8.315786,8.196005,7.34147,8.494833,7.82907,8.246568,8.163147,7.643381,8.132685,7.49993,8.231664,6.87236,8.110066,8.284014,8.2415,8.272147,8.11808,8.653429,8.946991,8.983255,7.854628
"NCOA4",11.563963,12.195238,11.695594,11.933043,12.027493,12.055225,12.339543,11.783491,11.631246,11.431862,12.063324,11.42597,11.60665,11.164016,11.986689,11.76734,11.581288,11.896518,12.212895,12.175575,11.46542
"CISD1",7.401149,6.780033,6.777376,7.254424,7.154707,7.427339,6.728887,7.12501,6.950777,6.675144,7.378324,6.488773,7.006394,7.897537,7.318143,7.184234,7.092666,7.191519,7.384096,7.572301,7.159366
"UBE2D1",9.758246,9.278877,8.596697,9.346836,10.133086,9.533706,10.251865,9.303699,9.923515,9.276868,10.628491,9.170549,10.31499,9.053901,10.181732,9.759367,10.038463,10.126827,10.748575,9.951733,9.672773
"TFAM",8.244667,7.829167,7.463741,8.330925,8.089403,8.389613,7.662334,7.983672,7.910555,7.374942,8.126674,6.89865,7.842092,8.471412,8.588068,8.35213,8.155101,8.437321,8.761956,8.686042,7.608607
"NRBF2",9.113143,9.145856,9.139971,8.51199,9.464875,9.527126,9.55041,9.34276,9.252502,8.969812,10.017424,8.748669,9.135544,8.892277,9.246194,8.920112,9.361847,9.266096,9.295519,8.648797,8.943706
"REEP3",7.663191,7.790283,6.941115,7.882112,7.746118,7.853904,7.705424,7.444418,7.546504,6.719022,7.703351,6.815651,7.551004,7.898636,7.79491,7.986147,8.054172,7.607545,8.491695,7.944749,7.974395
"SIRT1",9.049334,9.024739,8.858361,9.127891,8.904306,9.149904,8.889935,8.897436,8.964746,8.716589,9.000319,7.955577,9.035153,9.164628,9.236018,9.165567,8.88558,9.209369,9.341163,9.093495,9.108228
"HNRNPH3",8.680833,8.95854,8.279935,8.792802,8.677004,8.713067,8.37221,8.740927,8.923692,8.283631,8.753341,7.6138,8.739947,8.666513,8.903879,8.816979,8.377701,8.986213,9.041656,8.508179,8.964349
"DDX50",8.78995,8.778683,8.486881,9.088576,8.649442,9.010722,8.244448,8.715786,8.793037,8.546044,8.572867,7.900943,8.794315,9.192051,8.978436,9.122984,8.800015,9.043488,9.207256,8.969347,8.951861
"DDX21",8.989236,9.176736,8.534362,9.206269,8.812275,9.259462,7.774345,8.901448,8.986513,8.714957,8.909275,8.086459,8.976204,8.966887,9.203622,8.928249,8.935937,9.299465,8.985422,8.994977,9.25862
"KIFBP",7.554123,7.962021,7.268997,8.069854,7.677413,8.011335,7.425751,7.597998,7.482468,7.390887,7.394201,7.18109,7.448705,7.823299,7.811443,7.859761,7.89812,8.304871,8.27188,8.389217,7.656354
"SRGN",12.743984,12.371439,12.639845,12.463746,13.168529,13.095722,13.054244,12.788606,12.627526,12.646211,13.234969,12.519455,12.972209,12.622614,12.950326,12.644226,12.89618,12.88279,13.350252,12.651681,12.809362
"VPS26A",8.303236,8.351095,7.986248,8.69896,8.249869,8.409492,8.191263,8.354934,8.123645,7.473606,8.278887,7.150955,8.059852,8.353088,8.903456,8.514074,8.330503,8.61263,9.0924,8.624321,8.33974
"ANAPC16",9.411989,9.200008,8.613792,9.453785,9.185651,9.402624,8.795374,9.28364,9.219062,8.770522,9.277503,7.924458,8.979289,9.845263,9.569562,9.210773,9.109536,9.369961,9.356539,9.079855,9.062806
"VCL",8.166956,8.562911,8.671906,9.104614,8.284402,8.661747,9.182854,8.324601,8.175188,7.71596,8.278105,8.215178,8.550531,7.634299,8.562346,8.684102,8.021014,8.889355,8.560657,8.242785,8.77973
"SAMD8",8.936353,8.785419,8.422416,8.76935,9.006882,9.061626,9.352014,8.717583,9.062556,8.363339,9.334275,8.455018,9.194281,8.82254,9.098815,8.996299,9.105768,8.957812,9.498893,8.808204,9.206475
"VDAC2",8.57006,8.355786,8.386854,8.890795,8.368696,8.35221,8.363821,8.561157,8.581991,8.385845,8.162889,7.765963,8.151954,8.353214,8.053546,8.027638,8.497268,8.121429,8.301448,7.948926,7.803137
"RPS24",8.28857,7.554428,7.472631,7.698041,8.462175,8.107253,7.552103,7.977615,7.901838,8.330539,8.294719,8.62653,8.25214,10.112842,8.311616,8.478767,8.655055,7.908992,8.216588,8.479894,7.526159
"TMEM254",7.057275,7.076057,6.531786,7.389935,6.996811,7.14024,6.83732,6.588318,6.953223,6.872068,6.606945,6.505969,6.857597,7.255949,7.109685,7.106733,7.356238,7.108795,7.261385,7.350147,7.46477
"PLAC9",7.44607,7.499012,7.906843,6.929022,7.407878,7.278596,7.539619,7.543067,7.142151,7.589719,7.45269,6.735243,7.188066,7.285781,7.242342,6.781811,6.970569,6.881293,7.150686,7.15625,7.399876
"GHITM",9.384345,9.679818,9.203355,9.234713,9.640992,9.716313,9.230875,9.524679,9.436394,9.04284,9.733836,8.332702,9.442362,9.7257,9.602237,9.3,9.316256,9.243278,9.576719,9.466192,9.108924
"SHLD2",6.885952,7.002793,7.189549,7.330108,7.251233,7.44408,6.810884,6.946715,7.174776,6.62411,7.092874,6.006657,7.344443,7.701883,7.657495,7.910829,7.334941,7.22235,7.966664,7.790516,7.164569
"MINPP1",7.849916,7.694928,7.161054,7.902069,7.581444,7.9739,7.465736,7.441193,7.517983,7.274105,7.706798,6.927796,7.412221,8.273665,7.854455,7.892805,7.653775,7.724499,8.451775,8.604608,7.710699
"LIPN",6.419728,6.287058,6.770286,6.355556,6.563881,6.336251,7.714653,6.922135,6.270108,5.87404,8.626567,5.091317,7.065062,6.489132,7.603628,6.72922,7.148206,6.220972,8.238722,7.736518,7.268095
"FAS",9.051129,9.141098,8.774848,8.512605,9.552426,9.520148,9.434149,8.921491,9.10772,8.945294,9.394877,8.764468,9.828782,8.856551,9.067009,8.917924,9.438551,9.030559,9.957254,9.4689,9.325112
"IFIT2",9.062338,9.248413,8.681637,8.995699,10.203961,10.035666,8.958673,9.70365,9.567602,8.887639,10.816303,8.074742,9.660985,9.62957,9.413904,8.645321,9.977974,8.779921,9.086609,8.817266,10.988148
"IFIT3",8.607837,8.278599,8.0177,9.264445,10.021959,9.714474,9.041335,9.304763,8.897827,8.448803,10.23651,7.423411,9.402645,9.347733,8.574629,8.427955,9.902881,8.27512,8.746454,8.421337,11.326248
"IFIT1B",7.338804,7.221103,7.631385,8.00858,8.693695,7.128206,8.250209,7.530526,6.633176,6.612382,7.051265,7.240093,6.788968,7.200577,8.329362,6.825706,6.579765,7.401008,8.460874,9.364777,8.25577
"IFIT1",8.070653,7.240515,7.304474,8.801031,10.014628,9.692006,8.031917,8.938397,8.749718,7.632339,10.48956,6.658175,8.939843,9.440871,8.114261,7.646473,10.034807,7.55912,8.557632,8.449899,11.497859
"IFIT5",8.20526,7.325559,7.358043,8.614117,8.89687,8.963935,8.20861,8.125444,8.151216,7.086493,9.102259,6.976134,8.149368,8.95984,8.326669,8.14569,8.968553,8.226719,8.778913,8.589453,9.622059
"KIF20B",5.351236,4.996679,4.942603,5.677237,5.12235,5.703227,4.708563,4.988106,5.511817,4.37738,4.907241,4.146292,4.475465,6.214899,5.493203,5.547284,5.321244,6.094557,5.989583,6.047709,5.244848
"PCGF5",9.750073,9.42399,9.449715,10.019231,9.759368,9.90043,9.49325,9.330471,9.463369,8.823746,9.519782,8.814103,9.279925,9.977114,9.906912,9.537392,9.181044,9.628735,10.071588,10.123745,9.713914
"TNKS2",9.702574,9.728023,9.311857,9.955378,9.456426,9.713593,9.856516,9.603729,9.835407,9.153846,9.709304,9.06636,9.85835,9.6762,9.867286,9.758194,9.78024,9.917478,9.948879,9.901629,9.962082
"BTAF1",9.561425,9.468541,9.118182,9.840397,9.356197,9.534338,9.45128,9.365828,9.635571,9.038176,9.266731,8.39953,9.540604,9.700559,9.72287,9.928929,9.530436,9.777489,9.791205,10.141827,9.505896
"KIF11",4.826855,4.563392,4.702295,4.956224,4.397353,4.957198,4.700183,4.96683,4.297899,4.66274,4.319003,4.370392,4.452522,5.108033,5.024338,5.15089,5.664599,4.975946,4.504237,4.9945,5.327853
"HHEX",9.122798,9.117779,8.984091,9.153354,9.458783,9.471852,9.290078,9.043506,9.407938,8.852111,9.578038,8.801444,9.541663,9.469067,9.415092,9.351449,9.622931,9.378145,9.712236,8.971532,9.385184
"EXOC6",8.202007,8.392128,7.791843,8.449219,8.41074,8.615242,8.761668,7.870878,8.288676,7.670709,8.638849,7.134123,7.896303,8.253042,8.413136,8.712139,8.71517,8.870742,9.414089,8.809467,8.276243
"HELLS",5.671572,5.254212,4.948007,5.928176,5.308419,6.118763,5.020527,5.884536,5.984111,4.708913,5.549542,5.055359,5.100821,6.057042,5.854326,5.703495,6.014694,6.204949,6.191595,6.269819,5.575349
"ENTPD1",9.446215,9.875986,9.329165,9.430002,10.359707,9.823494,10.447183,9.436275,9.616389,9.292124,10.371393,9.152832,9.847387,9.530514,9.768601,9.476009,9.78471,9.510314,10.034625,9.57322,9.093979
"ZNF518A",8.389786,8.283393,7.892228,8.888901,8.198074,8.812339,8.35892,7.832061,8.111938,7.47461,8.200762,6.800733,7.972245,8.882611,8.582491,8.474369,8.251871,8.765955,9.34082,9.106856,7.997828
"R3HCC1L",8.721284,8.73861,8.288892,8.885774,8.652782,8.848598,8.475878,8.662865,8.801838,8.077682,8.767741,7.816584,8.55079,8.702834,8.721586,9.000994,8.712783,8.981912,8.937516,8.951743,8.775614
"HIF1AN",8.079569,8.094457,7.621454,8.25476,8.034192,8.094296,7.920294,7.950587,8.286431,7.330931,8.275689,6.568305,7.941221,8.057032,8.080264,8.351014,7.823782,8.046617,7.973944,7.861391,8.306301
"SLF2",8.078393,7.914571,7.580046,8.202378,7.970996,8.057231,7.847312,7.888911,8.094846,7.635582,7.796971,6.997917,7.919427,8.055874,7.837618,8.158195,7.907275,8.166857,8.153201,8.414074,8.005778
"TRIM8",8.082406,8.535954,7.901145,8.352761,8.449319,8.275996,8.890109,8.337115,8.484302,7.98012,8.572326,7.899126,8.368004,8.019462,8.475414,8.277309,8.605565,8.844067,8.538988,8.209753,8.56038
"SFR1",5.907425,6.138741,6.055699,6.34374,6.220735,6.35377,5.916546,5.889763,6.120996,5.929905,5.907425,6.407871,5.910126,6.820822,6.302396,6.642505,6.57933,6.585289,6.997078,6.694539,6.19736
"GSTO1",7.461063,7.826222,7.363044,7.367049,7.985474,8.062193,7.658109,7.641369,7.416994,7.578709,8.252239,6.964797,7.658002,8.533158,7.276481,7.325985,7.295794,6.987532,7.830142,7.190582,7.352103
"SMC3",8.421531,8.172978,8.021998,8.481902,8.059716,8.468867,7.533479,8.369086,8.155382,7.637594,8.224705,6.945937,7.930881,8.652988,8.626406,8.743383,8.267264,8.637499,8.583067,8.718314,8.52462
"PDCD4",10.412411,10.493788,9.978331,10.806578,10.141369,10.496148,10.059599,10.314733,10.403883,10.022535,10.10807,9.166583,10.177218,10.490305,10.754255,10.675474,10.384621,10.774321,10.584199,10.535843,10.357137
"SHOC2",10.35688,10.484805,10.110627,10.431631,10.530005,10.622247,10.488217,10.257876,10.316794,9.947686,10.567553,9.591006,10.298305,10.368625,10.600643,10.598238,10.370948,10.679996,10.963659,10.628444,10.339237
"TCF7L2",7.787347,8.011419,7.740434,7.75873,7.580004,7.876874,8.157243,8.081458,7.809418,7.65454,7.94995,8.070981,8.154004,7.204405,7.636995,7.887769,8.034585,7.743292,8.394038,7.808265,8.734488
"PLEKHS1",5.356931,5.272812,5.464664,5.156804,5.616114,5.281911,4.98065,5.082367,5.194582,5.930317,4.978407,6.492322,5.383161,4.798778,4.782632,5.779275,5.65376,5.073175,5.299525,4.895302,5.304779
"NHLRC2",8.772132,8.453888,8.195235,8.732437,8.44192,8.839958,8.439284,8.403329,8.784413,8.127145,8.212607,7.546398,8.543543,8.710476,8.75538,9.081278,8.887702,8.898517,9.137045,9.184433,8.783468
"TRUB1",8.058813,7.656911,7.35118,8.180028,7.759864,7.832808,7.347428,7.655429,7.935732,7.136558,7.541238,6.797419,7.677745,8.343418,7.972281,8.354846,7.774317,8.077196,8.487302,8.470184,7.716743
"TOMM22",8.848969,8.718478,8.291978,8.925023,8.626923,8.404765,8.397704,8.644254,8.966635,8.329388,8.925841,7.744115,8.860172,9.575468,8.459558,9.397249,8.680795,8.809241,9.012131,8.87809,8.702432
"SEC23IP",8.964626,9.254054,8.768985,9.372789,8.789016,9.06195,8.944761,8.993244,9.064539,8.682105,8.837221,8.070715,9.133865,8.837042,9.35182,9.026763,9.145941,9.322599,9.084012,9.260048,9.387967
"WDR11",8.63325,8.616574,8.122066,8.905075,8.428115,8.523187,8.509628,8.38117,8.816881,8.133125,8.549563,7.779386,8.873108,8.530305,8.673791,8.941454,8.676048,9.065648,8.800857,9.054845,8.604949
"PLEKHA1",9.38071,9.05453,8.477701,9.522727,8.771579,9.145521,8.701415,9.156638,9.445015,8.594642,8.734721,8.04534,9.091505,9.350567,9.216062,9.623011,8.91194,9.714174,9.503273,9.479354,9.141283
"ACADSB",7.519477,7.391854,6.875085,7.95233,6.716756,7.444369,6.87066,7.385799,7.633577,6.931306,7.029753,6.447685,7.343277,7.454299,7.741916,7.553943,7.096125,7.731315,8.063304,7.927773,7.14864
"BUB3",9.700175,9.404543,9.057413,9.776317,9.239323,9.591381,9.032728,9.522058,9.521046,8.973667,9.191429,8.274205,9.45551,9.99298,9.804677,10.034565,9.730425,9.940196,9.994942,10.044005,9.545729
"ZRANB1",8.993571,9.037216,9.043008,9.395335,9.020367,9.065708,9.310752,8.802007,8.939322,8.552991,9.06136,8.531757,9.063572,8.79872,9.413237,9.091743,8.923159,9.600392,9.67041,9.689035,8.947133
"GLRX3",8.485895,8.357491,8.145757,8.486279,8.148896,8.686748,8.101571,8.561907,8.671732,8.174645,8.666992,7.89835,8.536353,8.884587,8.577934,8.799644,8.690119,8.46891,8.968592,8.514484,8.482564
"LARP4B",8.859562,9.17102,8.76174,9.365278,8.753971,8.981365,9.111593,9.041071,8.984728,8.597203,8.994276,8.196901,9.159847,8.783663,9.121097,9.204127,9.056362,9.411522,9.177371,9.061233,9.43423
"IDI1",7.934482,7.876365,7.602943,7.967715,8.031258,8.197266,7.889601,7.610943,7.823289,7.216314,7.944355,6.950786,7.754545,8.62301,8.313505,8.049113,7.952739,8.36074,8.928828,8.480352,7.729707
"AKR1C2",5.509386,4.687082,4.994882,4.9925,5.158578,4.522263,5.155144,4.983328,5.664107,5.189057,4.890034,5.980312,5.373384,4.575415,5.296354,5.468955,5.804375,5.299123,5.01264,5.117648,4.900962
"KIN",8.255195,8.329813,7.79707,8.288767,8.280944,8.363062,7.74199,8.078726,8.280349,7.639138,8.144724,6.989237,8.192774,8.426295,8.701377,8.619884,8.187248,8.514713,8.654692,8.329755,8.320123
"FAM107B",10.233087,9.781822,9.776497,10.303442,9.902684,10.143839,9.687846,10.252345,10.127868,9.878725,10.017504,9.614088,10.291668,10.572275,10.180387,10.208689,9.912929,10.086371,10.187189,10.268169,9.900009
"MINDY3",8.222067,7.773677,7.487067,8.176362,8.084692,8.236404,7.892516,7.67868,7.968284,7.329872,8.007837,6.927701,7.661005,8.362597,8.147358,8.471729,8.213523,8.372384,8.572244,8.771572,8.073621
"CUBN",7.074401,6.910534,6.790538,7.44848,6.962451,7.114317,7.320464,7.250523,7.544181,7.213654,6.998867,6.736173,7.43611,6.785897,7.665381,7.203741,7.083386,7.670906,7.66066,7.834437,6.937329
"TRDMT1",7.621376,7.384014,7.108098,7.979292,7.535609,7.467706,7.755015,7.273523,7.840027,7.359776,7.702077,6.588119,7.38327,7.646053,7.790741,7.720924,7.475472,7.755046,8.371718,8.114483,7.291727
"NSUN6",8.587714,7.893809,7.289761,8.330385,7.639923,8.16928,7.447916,7.888323,8.417995,7.545201,7.770119,6.838253,8.223145,8.580239,8.053959,8.777714,8.401948,8.336843,8.783682,8.82626,8.354476
"NEBL",6.573713,6.654634,5.852617,5.65648,6.96117,6.928715,5.728601,5.777135,6.456162,6.546089,5.821944,6.162451,5.553546,5.461074,5.645305,5.396322,5.672106,5.40465,5.605821,5.696352,5.635313
"ENKUR",5.124098,5.827086,5.811189,5.549297,5.654032,6.067032,5.453196,5.244183,5.235623,5.420462,5.402741,5.499642,5.657711,5.111471,6.764837,6.123301,5.215292,5.932691,5.654501,5.484306,5.232022
"ABI1",9.763777,9.859797,9.501058,9.912104,9.833675,10.127616,9.810033,9.703206,9.821585,9.349109,9.838572,8.970096,9.749735,9.913347,9.984541,9.977057,9.914348,10.100792,10.252012,9.941692,9.896952
"ANKRD26",6.276571,6.302423,5.787449,6.678094,6.04769,6.48853,5.248239,6.188819,6.072315,5.612639,5.689782,5.285469,5.780918,6.465998,6.687249,6.410673,6.040306,6.758715,6.576903,6.846365,6.192089
"ACBD5",8.058835,8.076322,7.826257,8.188387,7.728223,8.060659,7.880235,7.820117,7.928132,7.296487,8.012509,6.759808,7.967996,8.153554,8.331469,8.342537,7.847425,8.139399,8.377147,8.230048,8.137236
"LYZL2",3.781704,3.635186,4.309063,3.940431,4.29173,4.091068,4.236352,4.34009,4.062974,4.262773,4.06529,5.203682,4.086671,4.293929,4.575277,4.404973,4.684752,4.42577,3.63121,3.990451,3.575478
"ZNF438",7.288707,7.641142,7.048071,7.468786,8.277589,7.500567,8.21959,7.265208,7.701994,7.157146,8.486416,6.778341,7.612289,6.899392,7.687623,7.659862,7.707557,8.386009,8.049342,8.011735,8.10486
"ARHGAP12",8.791414,8.3928,8.192838,8.759098,8.271399,8.6434,8.113174,8.110665,8.424581,7.950881,8.234312,7.514359,8.242187,8.794984,8.951329,8.960892,8.651654,8.945101,8.980216,8.923292,8.70464
"ITGB1",9.319851,9.412408,9.055108,9.494047,9.15314,9.589034,9.13066,9.292559,9.459059,8.589081,8.984854,8.433402,9.148874,9.261099,9.355482,9.509947,9.723261,9.28541,9.551263,9.459101,9.380932
"CUL2",7.785173,7.714028,7.385951,8.075647,7.657364,8.028013,7.468098,7.713056,7.957483,7.156727,7.67277,6.397363,7.845822,8.306041,8.156109,7.846933,7.81575,8.204636,8.528102,8.256429,7.96751
"NAMPT",12.307549,12.277007,12.007661,11.526059,12.892745,12.393157,12.746858,12.043507,12.241911,11.90354,12.85536,12.177653,12.348435,11.460516,12.469289,11.983865,12.382281,12.637793,12.709835,11.892226,12.140642
"ZNF248",6.899305,6.714349,6.152881,7.189902,6.543972,6.551792,6.21524,6.633882,6.887993,6.13016,6.059539,5.772482,6.418964,6.898024,6.809626,7.38248,6.553544,6.868383,7.087969,7.455761,6.506155
"ZNF33B",7.977215,7.477535,7.398049,8.02626,7.483921,7.769599,7.433286,7.791159,8.00197,7.240928,7.45554,6.676339,7.715459,8.566656,7.98432,7.995586,7.610448,8.087108,8.410035,8.118272,7.705596
"HNRNPF",10.056254,10.144565,9.984774,10.308869,9.811313,10.188471,9.837931,10.090695,9.93924,9.915958,10.061232,9.165001,9.80567,10.019247,10.064082,10.062314,9.859397,10.008395,9.628281,9.734671,9.914709
"MARCHF8",10.04534,10.09715,10.373408,10.696121,10.449234,9.693963,10.230628,9.889172,9.504483,8.951952,9.782693,9.729299,9.523836,9.288935,10.697618,10.063009,9.319827,10.801107,10.60486,10.640901,10.158464
"IPMK",8.701794,8.339808,7.995568,8.19725,8.906702,8.529898,9.275509,8.341196,8.614776,7.998271,9.167241,7.721065,8.931888,8.15238,8.821712,8.430567,8.818027,8.706039,9.056688,8.375526,8.710053
"CCDC6",8.439606,8.50147,8.028969,8.922571,8.339749,8.738876,8.343709,8.505293,8.563363,8.229382,8.625128,7.891785,8.449075,8.714665,8.795507,8.669538,8.969516,8.846614,8.742803,8.832179,8.842232
"ANK3",7.209196,6.404864,5.948096,6.932812,6.816523,7.10888,6.583707,6.455888,6.765646,6.573984,6.626509,6.306271,6.848509,6.361963,7.017092,5.622774,6.800684,6.96314,6.950296,7.042113,6.995146
"RTKN2",6.36427,6.333837,6.473586,6.665497,5.907409,7.2243,5.862613,6.063376,6.639122,6.028177,6.134611,5.47067,6.258212,6.357196,6.776608,6.436354,6.528708,6.591428,6.885582,7.403588,6.427726
"HERC4",9.496802,9.425295,9.149221,9.750924,9.32743,9.537971,9.634186,9.243023,9.522149,8.889905,9.373609,8.470463,9.45865,9.294731,9.699877,9.614908,9.401857,9.955232,10.033608,9.806045,9.42603
"PPA1",7.732047,7.413849,7.541736,7.133541,7.591273,7.501798,6.612461,7.764861,7.51638,7.40779,7.498263,6.84173,7.500187,8.531829,7.758866,7.93946,7.689965,7.319739,7.504975,7.646605,7.726635
"PRF1",9.336132,10.046541,10.105293,9.730903,8.927028,9.517151,9.891351,9.948511,8.856804,8.45233,9.098128,9.203016,10.13756,9.355853,9.334813,10.311837,8.944282,10.445778,9.154962,10.014073,10.683214
"VSIR",9.322044,9.863077,9.592638,9.338592,9.744778,9.734994,10.023023,9.536453,9.701956,9.551719,10.214796,9.259745,9.584903,9.455793,9.617431,9.405335,9.385821,9.330535,9.658298,9.374119,9.748156
"SPOCK2",9.236529,9.532143,9.286129,9.729667,8.683251,9.286123,9.113491,9.349161,9.227938,8.92471,8.962651,8.399583,9.217534,9.346815,9.307519,9.257284,8.778901,9.41696,8.735391,9.216156,9.209586
"P4HA1",8.197691,8.400802,7.980247,8.518004,8.219571,8.638315,8.243096,8.239407,8.343135,7.731543,8.530947,7.137038,8.322081,8.564521,8.718677,8.61062,8.199453,8.541619,8.980685,8.692599,8.370508
"ECD",8.568697,8.676145,8.375742,8.784591,8.391604,8.693576,8.306786,8.55435,8.708972,8.14894,8.508424,7.632536,8.615685,8.509253,8.686374,8.679302,8.576658,8.633621,8.614291,8.688584,8.606875
"PPP3CB",9.695166,9.417377,9.267003,9.961743,9.37423,9.607999,9.395772,9.371624,9.700621,9.039539,9.311732,8.544224,9.558932,9.532103,9.857104,9.816604,9.818558,9.984728,10.283507,10.039697,9.679203
"C1D",3.521047,3.999965,3.472794,3.313265,3.785184,3.844062,4.141344,3.77136,3.459867,4.374556,3.575753,4.009573,3.547247,3.498007,3.942678,4.559976,5.158707,4.488813,4.60784,4.353082,3.737832
"WAPL",9.340544,9.257661,9.152679,9.558352,9.275112,9.379725,9.24343,9.38507,9.426927,8.872937,9.49951,8.445599,9.23639,9.326353,9.420005,9.294317,9.140488,9.497125,9.419689,9.356709,9.231704
"ATAD1",9.293106,8.974741,8.623432,9.447389,8.994929,9.461414,8.646027,9.168449,9.317653,8.69153,8.668716,8.017866,8.887156,9.809545,9.343825,9.72775,9.457525,9.572987,9.726645,9.778707,9.20758
"ANKRD22",5.509843,5.325634,5.710632,6.112113,6.680313,6.679914,5.962586,5.924535,5.347729,5.265264,7.781956,5.855257,6.470673,6.012864,6.416586,6.472056,6.371711,6.00485,7.539111,5.946588,7.071191
"MIR107",6.667022,6.841641,6.777377,6.481479,6.950593,6.691853,7.101556,6.84211,6.914594,7.329095,6.728879,8.359868,7.127169,6.120813,6.7816,7.283239,7.050654,6.716496,6.894108,7.105292,6.756897
"FLJ37201",5.074711,4.660589,4.897064,5.407094,5.027986,5.609822,4.555643,5.233648,5.382985,5.056827,4.881655,4.958196,4.83467,5.900427,5.667964,5.694547,4.93099,5.516513,5.222008,5.891756,5.044617
"MYOF",7.030138,7.11858,6.92086,7.608997,7.125823,6.852877,7.625313,7.098256,7.327041,7.228684,7.183892,7.11152,8.101138,6.568454,7.387245,7.111659,7.335251,7.481662,6.98974,7.418756,8.309559
"FRA10AC1",6.473084,6.420239,5.744854,6.357179,6.20964,6.197216,5.9086,5.93077,6.413172,5.502206,5.704434,5.168472,6.022042,6.615236,6.607322,6.773265,6.131031,6.657367,7.258929,6.990704,6.220879
"NOC3L",7.058948,6.688931,6.304187,7.419341,6.785772,7.485785,6.439714,6.853307,7.043533,6.332675,6.699296,5.686764,6.777805,7.907897,7.462197,7.293,6.790278,7.72389,7.7162,7.784497,7.041033
"PDLIM1",7.904589,7.72989,7.716287,8.317713,7.785539,8.334585,7.837315,7.843505,7.724564,7.817957,7.484236,7.929591,7.728721,8.186188,8.113664,8.487782,8.344657,8.124603,8.105964,7.648655,7.79721
"ALDH18A1",7.470003,7.552412,7.201519,8.143248,7.103558,7.749471,7.145926,7.60174,7.254502,6.980253,7.051564,6.844338,7.594178,7.3879,8.040563,7.75551,7.513018,8.296475,7.346152,8.032023,7.611105
"BLNK",8.224548,7.788911,7.191179,8.487508,7.879955,8.491549,7.228314,7.89456,8.481641,7.46194,7.782175,7.534071,8.028322,8.777027,8.015887,8.491118,8.480167,8.448893,7.990509,8.028258,7.800273
"TM9SF3",10.073996,10.145739,9.845041,10.384065,9.939341,10.292811,9.956167,9.951835,9.938189,9.560726,9.905696,8.893949,9.781273,10.188683,10.396707,10.400697,10.392283,10.357714,10.577005,10.533071,10.143799
"ERLIN1",7.86559,8.193827,7.426281,8.262121,8.002898,7.997704,8.48186,8.011024,8.053365,7.764596,8.616466,6.76866,8.052502,8.115682,8.643923,8.261391,7.749991,8.179444,8.603761,8.081096,8.347139
"CHUK",8.388619,8.360063,7.948523,8.386896,8.728555,8.83543,8.558955,8.203736,8.4382,7.798848,8.64286,7.358763,8.370297,8.710388,8.909381,8.672142,8.701305,8.92618,9.339975,8.878662,8.892273
"CWF19L1",8.467317,8.460408,7.938311,8.707544,8.680152,8.568715,8.075533,8.237081,8.461934,7.990784,8.627502,7.58757,8.340713,8.624909,8.570724,8.59495,8.556935,8.711794,8.760954,8.73167,8.641063
"LDB1",9.070185,9.326386,8.932072,9.252754,9.090865,9.233785,9.129473,9.089308,9.370267,9.028839,9.262257,8.521277,9.241248,9.072791,8.922454,9.285755,9.213974,9.124243,9.085914,8.838723,9.217619
"PCGF6",7.673198,7.629372,7.633676,7.460411,7.415988,7.569381,7.71208,7.899623,7.117152,7.387894,7.154738,7.7943,7.667196,7.872599,7.700913,7.350752,7.86647,7.413022,7.634158,7.607496,7.501158
"ZDHHC6",8.391104,8.37967,8.214948,8.753319,8.415266,8.709733,8.43642,8.069671,8.568738,8.181267,8.462617,7.502326,8.343257,8.647648,8.942393,8.724684,8.829527,8.948891,9.427723,9.449537,8.97804
"SHTN1",6.637319,7.537877,6.865216,6.868214,7.210142,6.483559,7.956106,6.512824,7.147169,6.933247,7.659956,6.832937,6.912763,5.98731,7.153688,6.742662,7.553001,7.088252,6.975284,6.803938,7.140739
"EIF3A",10.100365,10.502493,10.075304,10.547837,9.914545,10.38878,9.548264,10.264519,9.955588,9.821027,10.273731,9.318771,10.240696,9.923393,10.308332,10.278348,10.003462,10.302097,10.035419,9.928135,10.107602
"SNORA19",5.825336,5.799074,5.479537,6.103744,5.589697,5.98136,5.738015,5.497816,6.03583,5.325915,5.461983,5.183872,5.632735,5.744144,5.856271,6.241774,5.532397,6.483369,6.489126,6.591256,5.904834
"PRDX3",9.986283,9.885239,9.333376,9.787432,9.97502,9.916775,9.830841,9.742826,10.070013,9.683898,10.12747,9.076442,10.082556,10.160856,10.159944,10.010828,9.874484,9.523664,10.225126,9.873983,9.939608
"RGS10",9.472517,9.034386,9.104867,9.359228,9.776823,9.088947,9.082061,9.283866,9.105658,8.978454,9.166022,9.043219,9.142943,9.510055,9.387603,9.51929,8.90368,9.063408,9.17051,9.868418,9.094928
"TIAL1",9.038417,8.962194,8.588768,9.209209,8.700712,9.054226,9.030707,8.728078,9.045137,8.61417,8.650719,8.117685,9.102926,9.063905,9.097564,8.908788,8.903371,9.386306,9.597202,9.463614,9.029678
"CHST15",9.363087,9.692596,9.642149,9.051371,9.792549,9.628456,10.270192,9.325284,9.327392,9.08317,10.244857,9.392797,9.714861,8.940437,9.766114,9.322273,9.829345,10.043748,9.8369,9.288034,9.744772
"OAT",9.026269,8.157784,7.996024,8.258921,8.573424,8.993046,8.163907,8.323653,8.37957,8.016226,8.828397,8.079931,8.606938,8.453206,8.598085,8.161668,8.285907,8.21868,8.838781,8.660988,8.244211
"EEF1AKMT2",7.722825,7.868877,7.061758,8.097847,7.455138,7.657749,7.085329,7.476288,7.616813,7.131228,7.162412,6.449445,7.466364,7.769393,7.742254,7.796357,7.322621,8.058207,8.063037,7.428753,7.77443
"LINC01165",5.738587,5.766834,6.484434,5.919236,6.291256,5.750518,5.864418,5.97951,6.140584,6.942779,5.686378,7.131035,6.357783,5.797534,6.163085,5.670588,5.973414,5.901835,5.734769,5.695171,6.317986
"ADAM8",8.646738,8.836291,8.914782,8.570583,8.784832,8.837508,9.267978,8.628883,8.771974,8.519354,9.207048,8.282418,8.863554,8.195861,8.641043,8.161681,8.493528,8.920194,8.841042,8.242971,8.739158
"ECHS1",8.802248,9.150259,8.971654,9.24169,8.803727,9.051001,8.710352,9.125175,8.759802,8.890016,8.704213,8.504032,8.987081,9.128997,8.690147,8.635613,8.779644,8.535547,8.428467,8.602059,8.671857
"IFITM1",11.037779,10.855202,10.459708,11.068201,10.998465,11.239422,11.028073,10.904581,10.849335,10.798416,11.191755,9.909084,10.975507,11.216799,10.680677,10.839127,10.761131,10.863401,10.664797,11.062171,11.897877
"TALDO1",10.420274,11.484087,11.026566,10.794239,11.205984,11.172782,11.248631,10.814318,10.747619,10.824332,11.386612,10.492075,10.710067,10.346224,10.690375,10.359606,10.224261,10.621654,10.631511,10.07931,10.069852
"PNPLA2",8.291313,8.521765,8.812628,9.129125,8.382906,8.37868,8.519048,8.41106,8.285943,8.042955,8.581659,8.35655,8.099798,8.086694,8.360133,7.940584,8.138351,8.488583,8.2489,8.65331,8.595916
"CD151",7.249948,7.34344,7.571976,7.578553,7.185484,6.865154,7.536847,7.152019,7.282431,7.226622,7.651653,7.589033,6.699728,6.455563,7.348878,7.046133,7.159312,6.886531,7.178934,6.625288,7.184013
"KRTAP5-AS1",6.713506,6.559855,6.764771,5.898394,6.719446,6.422857,6.797784,6.519192,6.704175,7.251911,6.622597,7.435407,6.797714,5.995113,6.325661,6.474107,6.496292,5.99076,6.312736,6.213353,6.743197
"KRTAP5-5",7.176371,7.047097,7.21402,6.759719,6.786581,6.697376,7.450296,7.091139,7.009319,7.849741,6.867977,8.725738,7.089915,6.758449,7.165673,7.012623,7.987079,6.972497,7.03551,6.970216,6.474585
"FAM99A",6.047234,6.166957,7.051509,6.449629,6.404996,6.520449,6.780122,6.970496,6.306548,7.173709,6.499513,7.238606,6.436479,6.328702,6.933353,6.54234,6.517368,6.185042,5.975165,5.70491,5.939005
"KRTAP5-6",6.968251,6.756184,6.838553,6.769442,6.825795,6.580055,6.956558,6.726673,7.035266,7.885088,6.835171,8.192909,6.829164,6.514217,6.551065,6.930648,7.367868,6.795895,6.816902,6.87002,6.888897
"TSPAN32",8.120999,8.182823,8.318522,8.162891,8.075703,8.104456,8.030885,8.473549,8.307656,8.138959,8.106982,8.202673,8.344684,8.122905,7.914735,8.203743,8.14085,8.165733,8.12131,8.23414,8.180584
"CD81",9.025791,9.13233,8.710578,9.278887,8.589543,9.344899,8.665051,9.195217,8.885371,8.312765,8.67647,8.531816,8.892491,9.306898,9.252316,9.474439,9.178501,9.449409,8.94795,9.215989,9.363438
"PGAP2",7.32932,7.482889,7.540152,7.607788,7.440243,7.580049,7.493229,7.387052,7.389927,7.345593,7.679936,7.408169,7.423406,7.504178,7.359918,7.606397,7.234536,7.373367,7.228857,7.77873,7.524483
"RRM1",7.489374,7.742536,7.051016,8.107928,7.384648,7.85065,7.042586,7.785849,7.341986,6.991055,7.24501,6.995107,7.41465,7.931408,7.959754,7.603405,7.626951,7.997919,7.57625,7.929548,7.827113
"OR52K2",6.193421,6.355043,6.887209,6.50545,6.51978,6.674455,7.63238,6.199026,6.760931,6.590624,7.071022,6.580552,7.118972,6.236872,6.156173,6.186207,6.6353,6.897353,7.182885,5.874551,7.128148
"OR52K3P",7.717312,7.876111,8.289503,7.905381,8.203179,8.025181,9.194793,7.877907,8.177247,7.551674,8.589294,7.451549,7.894284,7.285272,7.688618,7.824872,7.9043,7.879698,8.242296,7.239512,8.52062
"OR52K1",6.346367,6.63587,6.598958,6.534313,6.913759,6.911906,7.833212,6.5035,7.135825,6.875303,7.183821,7.211535,7.023047,6.171005,6.761997,6.690391,7.375675,7.165687,7.401244,7.187329,7.650474
"OR52I1",5.367684,4.763912,5.254856,5.296878,5.286257,4.805364,5.276097,5.128777,5.156624,5.630673,4.82246,6.134045,5.03759,4.968485,4.682113,5.167673,5.891849,5.2582,5.583735,4.903765,5.12161
"OR51L1",5.152549,4.511456,5.274414,4.554282,5.013949,5.016762,5.141798,5.123568,5.053787,5.837348,5.254978,6.23224,5.092022,4.699448,4.668,5.214835,5.75614,4.628303,5.120919,4.830515,5.506094
"OR52J3",5.233443,5.225426,5.533673,5.012718,5.325312,5.469883,5.011001,5.394062,5.056836,5.233036,5.208173,6.603794,5.332434,4.985759,5.112125,5.248743,5.675939,5.34491,5.126035,5.297479,5.38989
"OR51B6",4.329504,4.401143,4.529048,4.446618,4.486372,4.177732,4.491786,4.429527,4.616715,5.062371,4.509885,5.344895,4.479182,4.56427,4.271389,4.585602,5.172454,4.010148,4.376071,4.270945,4.143476
"OR52B6",5.521227,5.853191,6.237287,5.553794,5.784077,5.418296,5.657503,5.631853,5.738816,6.384309,6.127274,6.952544,5.914137,5.808062,5.461023,5.936932,6.609415,5.643368,5.731746,5.584937,5.602051
"TRIM22",10.360501,9.97282,9.715278,10.524737,10.337626,10.445773,9.843018,10.282799,10.34117,9.721384,10.585272,8.998723,10.368568,10.613247,10.327597,10.494761,10.598941,10.32052,10.558136,10.601867,11.292626
"OR52N4",4.563004,4.798892,4.244608,5.502352,5.055653,4.55367,5.033035,4.904253,4.722009,4.994979,4.498998,5.381172,5.018382,4.740897,4.719025,4.836889,5.140333,4.866756,4.998749,5.603062,4.93331
"OR56B4",5.159644,4.948256,5.522811,5.144146,5.045981,4.662763,5.344583,5.463765,5.180077,6.061638,5.151291,6.289899,4.979074,5.423703,4.669587,5.450185,5.627908,4.719654,4.830292,4.779785,5.612054
"OR52W1",6.492804,6.470093,6.675087,6.378221,6.820566,6.414933,6.804506,6.406475,6.769215,7.219037,6.658463,7.69273,6.543889,6.268343,6.220998,6.483214,6.938091,6.318051,6.283887,6.401003,6.473618
"TIMM10B",8.643769,8.673346,8.649042,8.886533,8.459046,8.656502,8.540347,8.67973,8.802445,8.513878,8.237937,8.058326,8.467324,8.418915,8.177002,8.509176,8.418915,8.500416,8.452594,8.693931,8.347302
"EIF3F",7.111224,7.418835,7.116644,7.634721,6.96266,7.585631,6.337566,7.312593,7.518654,6.567635,7.275088,5.785082,6.752332,7.778623,7.60802,7.362663,7.228364,8.142152,6.96257,7.930706,7.054048
"RPL27A",7.625058,7.604446,8.227232,7.841515,7.926953,8.324839,7.448192,7.70848,7.759362,7.574329,7.888398,6.683899,7.166966,8.205357,7.557641,8.383743,8.343691,7.845418,8.282574,8.036193,7.965581
"SNORA3A",9.295435,8.242111,8.153331,8.664187,8.655756,8.446341,8.846686,8.565231,8.926725,8.14573,8.72662,8.283104,9.620081,9.193423,8.277497,8.885548,8.213045,9.115035,9.107838,9.3951,8.567375
"IPO7",8.911142,8.496448,8.279479,9.125917,8.219594,8.866019,8.109372,8.80123,8.827851,8.172933,8.683846,7.305143,8.542588,8.883262,8.592792,8.880419,8.347697,8.653457,8.794709,8.654598,8.598427
"SNORA23",7.806767,6.985118,6.617628,7.341582,7.236007,6.550037,7.203594,7.225513,7.564993,6.972138,7.024694,6.708044,7.81998,7.653151,7.108345,8.106028,7.044431,7.889224,7.652202,7.671097,7.130513
"ADM",8.336675,8.500109,8.633854,8.584288,9.120146,8.869027,9.00108,8.315882,8.281467,7.979517,9.193469,8.300263,8.660618,8.072213,8.67843,8.202719,8.454408,8.899491,8.468497,8.191306,8.887469
"CTR9",9.312258,9.420786,9.130647,9.379258,9.145921,9.536425,8.698841,9.55108,9.282257,9.027523,9.360482,8.436863,9.361931,9.241732,9.751004,9.793752,9.322722,9.597951,9.49418,9.879263,9.635587
"USP47",8.764697,8.514781,8.353371,9.120686,8.333605,9.000123,8.09748,8.517672,8.602078,7.828914,8.312993,7.228989,8.414212,8.742684,8.945889,9.040737,8.572209,9.039542,9.312797,9.449382,8.756873
"MICAL2",8.688749,9.268471,9.31207,9.090221,9.022421,8.807259,9.400916,9.033093,8.886447,8.40244,9.476284,8.777617,9.018379,7.755599,9.415501,8.553396,8.855335,9.107915,9.254773,9.284178,8.485136
"FAR1",9.565898,9.566485,9.356669,9.793825,9.932132,9.97285,9.787852,9.34734,9.715444,9.116158,10.134348,8.858967,9.439673,9.491872,9.810648,9.926234,9.764822,9.969224,10.523103,10.034114,9.559645
"PDE3B",9.285947,9.191713,8.739951,9.271221,9.053216,9.440528,9.473539,9.195464,9.489009,9.098988,9.580705,7.877485,9.09605,9.342901,9.279964,9.29915,8.757697,9.219167,9.587787,9.385504,9.076933
"C11orf58",10.015495,9.498142,9.187641,10.056855,9.820002,9.851798,8.924512,9.645985,9.789845,9.23799,9.71346,8.475465,9.584574,10.407746,10.09655,10.103305,9.855218,9.756595,10.424912,10.222914,9.925629
"NUCB2",8.643293,8.023119,7.863158,8.827676,7.952377,8.668582,7.175592,8.441726,8.379615,7.89335,7.953699,6.73364,8.139847,9.225317,8.830147,9.078557,8.701842,8.578101,8.871082,9.091946,8.551794
"MRGPRX4",5.474207,4.958375,5.561705,5.095113,5.314137,5.057058,5.119652,5.2515,5.256467,5.892432,5.296672,7.126511,5.24096,4.953877,5.391876,5.326949,6.304342,4.764095,5.441976,5.527939,5.171691
"LDHA",9.501211,9.953928,9.279249,9.564819,9.506263,9.790939,9.193933,9.54448,9.481317,9.304883,9.685931,8.737966,9.276738,9.592069,9.7295,9.996279,10.092305,9.622971,9.898318,10.01759,9.80157
"ZDHHC13",8.108371,8.021141,7.66561,8.260623,7.921386,8.35813,8.250966,7.902496,8.192818,7.323056,7.966011,7.169859,8.135547,8.307858,8.369145,8.261491,8.261328,8.493237,8.894556,8.927249,8.399534
"HTATIP2",8.380902,8.708531,8.34829,8.207216,9.107792,8.854751,8.352648,8.169401,8.591189,8.315328,8.982392,7.816353,8.531163,8.648635,8.783502,8.251943,8.616171,8.374248,8.931917,8.621308,8.745908
"PRMT3",7.437489,7.144241,6.925711,7.673794,7.30735,7.409516,6.928876,7.168332,7.575764,6.76898,7.013802,5.881967,7.316409,7.687791,7.281174,7.404527,6.960092,7.401422,7.704104,7.613784,7.541247
"RPS25",10.135221,9.398117,8.945604,8.955098,9.993354,9.356846,8.353468,9.705284,9.650103,9.898181,9.736189,9.008178,9.643452,11.065973,9.012337,9.198342,8.964359,8.40361,8.845336,8.796729,8.514255
"METTL15",7.67423,7.380432,6.799235,8.008744,7.442013,7.918888,7.179098,7.326771,7.588602,7.065612,6.921341,6.688372,6.903369,7.619292,7.871171,7.771505,7.741731,7.335982,8.09279,8.362344,7.519744
"DNAJC24",7.075537,7.102423,6.403769,7.070252,6.81337,7.103226,6.353438,6.704355,6.992331,6.414759,6.615878,6.565025,6.5178,7.52897,7.060999,7.440268,7.002535,7.323313,7.751227,7.933569,6.853685
"ELP4",7.345925,7.067143,6.619675,7.677757,7.043851,7.514712,7.004334,7.252483,7.409796,6.843369,7.054008,5.928816,7.338261,7.499119,7.254582,7.281962,7.244079,7.480998,7.678439,7.749471,6.982788
"EIF3M",10.224196,10.052085,9.195566,9.764755,10.006399,9.98564,8.950381,9.851363,10.110817,9.590835,9.986862,8.826665,9.828821,10.855043,10.223046,10.580462,10.298108,10.014277,10.156042,10.167091,9.860914
"PRRG4",7.827459,7.141044,6.804467,7.188933,7.814122,7.461018,8.258754,7.316231,7.772318,7.439819,8.034144,7.246171,7.823805,7.167377,7.229985,7.009441,7.269129,7.60112,7.469752,6.683002,7.454258
"QSER1",7.593679,7.371476,6.865544,7.96011,7.36729,7.688837,7.870354,7.409965,7.6269,7.213832,7.599783,6.57025,7.709154,7.538989,7.679799,7.531315,7.491206,7.92044,8.19468,8.265687,7.68371
"HIPK3",9.694019,10.120764,9.61936,9.801323,9.983523,9.921986,10.57575,9.720303,9.958388,9.642491,10.23669,9.211027,10.136375,9.208831,10.004239,9.813346,10.253644,10.353988,10.459007,10.142475,9.792118
"CAT",9.511235,10.088422,10.212929,10.139174,9.877242,10.533566,10.357636,9.524867,9.986498,10.118071,9.816442,9.259544,9.708895,9.715105,9.830312,9.426698,9.288877,9.444616,10.24631,9.574978,8.995515
"MIR129-2",4.313055,4.741332,4.514133,4.666525,4.921599,4.772496,4.86565,4.204343,4.436938,5.609872,4.678268,5.763091,4.555287,4.614186,4.696727,4.909285,5.367277,4.116888,4.387505,4.694953,4.405132
"SLC35C1",7.200919,7.208552,7.234248,7.139763,7.372859,7.262737,7.087749,7.343542,7.301311,7.239026,7.51641,6.637354,7.13211,7.380526,7.287863,7.025925,7.084202,7.355004,6.994628,7.475051,7.731629
"OR4X2",4.836027,5.084595,5.109039,4.786595,4.919101,4.932098,4.747949,4.748452,5.158077,5.555722,4.964255,6.231219,4.913973,5.111618,4.88871,5.002781,5.915169,4.470585,4.892787,4.690512,4.684534
"OR4X1",5.346887,5.243527,5.552528,5.315318,5.389261,5.210953,5.789284,5.466339,5.565576,6.295338,5.460503,6.885913,5.621965,4.830691,5.858161,5.613407,6.112638,5.701991,5.334763,5.527225,5.185074
"OR4C3",4.946465,4.741001,4.625577,4.487213,5.265139,4.883307,4.884582,4.814148,4.765681,6.057284,4.950068,6.428401,4.939408,4.977435,4.985251,5.253127,5.652011,4.803719,4.654945,4.688002,4.887696
"OR4C13",4.967158,4.986962,5.040727,5.414479,5.219442,5.071403,4.922396,4.808094,5.645963,5.885944,5.108315,6.927945,4.896148,4.745294,5.109001,5.817461,6.018466,4.931171,4.538416,5.042456,5.604455
"OR4C16",4.511508,4.850904,4.902853,4.610421,4.70792,4.74067,4.547628,4.541333,4.598951,5.845491,4.737005,6.237976,4.873408,4.642937,4.753814,5.055279,5.699614,4.382305,4.3706,4.637397,4.882329
"OR4C6",5.557327,5.188992,5.872539,5.407784,5.484197,5.111755,5.549954,5.536425,5.143987,6.2164,5.590761,6.899526,5.64397,5.118101,5.468887,5.429059,6.198275,5.328279,5.055263,5.534431,5.403165
"TRIM51",6.279013,5.437327,6.142233,6.037963,5.942349,5.021657,5.879271,5.869339,5.499917,6.586815,5.64444,7.571679,6.442538,5.779509,5.357818,6.833093,7.265935,5.754832,5.854329,5.322981,5.659281
"OR8H2",3.716062,3.738721,3.579263,3.605083,4.038431,3.591756,3.67426,3.68516,3.733432,4.231332,3.522859,4.069845,3.873837,3.690426,3.691975,4.313647,4.216506,4.006653,3.877755,3.658215,4.074864
"OR8K1",4.540649,4.49358,4.532733,4.479241,4.619618,4.742699,4.48448,4.559912,4.205396,5.061744,4.146026,5.38624,4.655818,4.191316,4.616351,4.850676,4.965408,4.491551,4.484007,4.378595,4.400299
"OR5AK2",4.016204,4.366204,4.584471,4.014821,4.484963,4.329341,4.601255,4.401021,4.383708,5.012703,3.879675,5.693617,4.476156,4.128021,4.822379,4.52716,5.46774,4.322517,4.674141,4.612966,4.378823
"SERPING1",7.217042,7.057511,7.161748,7.380712,7.542526,7.587601,7.486044,7.465055,6.80159,7.31445,8.051436,7.277044,7.780688,7.107398,7.382314,7.015005,7.529903,7.283951,7.078637,7.680612,9.203302
"OR9Q2",6.241386,6.196039,6.556442,6.225548,6.804699,6.231051,6.531317,5.789469,5.986146,7.06444,6.023516,7.425555,6.050907,5.801042,6.005232,6.093371,6.55937,5.962403,5.870108,6.033354,6.25073
"OR1S1",3.574568,3.309819,3.610952,3.539205,3.601818,3.386046,3.657937,3.597031,3.556115,4.875645,3.701056,5.755147,3.575328,3.725074,3.709826,3.656514,4.443084,3.664472,3.487922,4.068336,3.742738
"FAM111B",6.645425,5.657549,5.761676,6.794937,5.635126,6.238683,5.40036,6.718584,5.984121,5.480256,5.893852,5.756898,6.385674,7.479199,6.572102,7.234565,6.942745,7.242738,6.312032,6.558606,5.834097
"FAM111A",9.340903,9.10295,8.353489,9.227243,9.042326,9.163986,9.292137,9.157622,9.454662,8.949279,9.267129,8.357153,9.697906,9.285741,9.463297,9.492853,9.467776,9.51474,9.67589,9.623855,9.501695
"OR4D6",5.350604,5.391393,5.843696,5.325634,5.668039,5.422733,5.597724,5.582721,5.374529,6.383912,5.455707,6.954892,5.672271,5.468144,5.579245,5.484997,6.144396,5.338153,5.084863,5.280365,5.804315
"OR4D10",5.010914,5.074334,5.377728,5.119879,5.551513,4.951126,5.096219,5.551677,4.79771,5.917643,5.28928,6.420782,5.362751,5.451961,5.422889,5.644805,5.980151,4.868903,5.175639,5.196013,5.153273
"STX3",8.926981,9.255042,9.109807,8.327378,9.555447,9.337551,9.710299,8.859509,9.206119,9.009056,9.834311,9.106992,9.488101,8.607077,9.32321,8.803232,9.3027,9.196047,9.496114,8.659944,8.99234
"MS4A3",6.251131,6.095863,6.30817,6.685903,6.779875,5.731086,6.229983,6.075462,6.258544,5.836793,6.151288,5.929813,6.231292,6.357261,6.133776,5.80458,5.432449,5.513626,6.294349,6.652521,6.968248
"MS4A2",5.277763,6.12791,6.088212,5.815579,6.097297,5.318777,5.216914,5.250256,5.724901,5.367633,5.125958,5.126177,5.493769,5.756721,6.254975,5.668384,5.006959,5.287197,5.163082,6.3326,5.013031
"MS4A4A",5.204639,5.07762,4.769038,5.010103,5.21079,5.027692,5.056603,5.03528,4.959049,4.913837,5.790055,4.992427,4.894801,5.158676,5.079723,4.958821,5.5694,5.273248,5.719812,5.576833,6.639815
"MS4A1",10.329012,9.625105,9.069062,10.613356,9.905207,10.665654,9.273582,10.096042,10.663131,9.387974,9.609206,9.377054,10.06144,11.356004,10.238386,10.601414,10.430761,10.696861,10.403443,10.547096,9.457068
"TMEM109",8.906152,9.313654,8.918449,9.370767,8.738667,9.28905,8.882971,9.179493,9.089043,8.800381,8.898925,8.2147,9.039123,9.160298,9.246861,9.377669,9.183335,9.414999,8.82298,9.241882,9.387027
"CD6",8.771703,8.696715,8.588906,8.926039,8.639897,8.932453,8.187075,8.971695,8.73833,8.736776,8.392248,8.099039,8.436574,8.859325,8.698555,8.655785,8.485303,9.00524,8.467128,8.581069,8.709422
"CD5",9.191551,8.987161,8.823972,9.418236,8.659725,9.184394,8.812353,9.450936,9.062439,9.0346,8.662254,8.157113,8.973748,9.228503,9.050456,9.195173,9.066638,9.383926,8.77432,9.059528,9.153783
"TMEM138",8.019246,8.220854,7.804014,8.240545,8.152499,8.211944,7.912083,8.185096,8.295013,7.843467,7.990733,7.264171,8.301398,8.442871,8.405544,8.073206,8.351784,8.246315,8.489006,8.345228,8.318271
"SDHAF2",9.6493,9.814172,9.346261,9.64957,9.725805,9.779969,9.450691,9.704629,9.742244,9.489015,9.748199,8.869138,9.811008,9.824894,9.812756,9.820011,9.840274,9.700398,9.831538,9.626964,9.895219
"FADS2",7.01208,8.226371,7.295178,7.621475,8.000491,6.934552,6.939475,7.185537,6.864822,7.119515,7.064003,7.997111,7.161887,6.731722,7.720891,7.554181,8.363304,8.13451,7.196638,6.875845,7.237344
"BEST1",7.568926,8.151687,7.650012,7.235317,8.296981,8.164737,8.485061,7.687624,7.97731,7.565479,8.338921,7.389309,7.855686,7.331238,7.924202,7.153614,7.960805,8.022945,8.123364,7.734604,7.740906
"TMEM179B",8.560306,9.11183,8.710506,8.932362,8.837453,8.977513,8.829769,8.740905,8.710501,8.677231,8.747475,8.380199,8.695212,8.895443,8.746052,8.812923,9.019833,8.810488,8.810146,9.062127,8.959554
"LGALS12",7.229731,7.166213,7.410977,7.633454,7.038559,7.799424,7.1942,7.214223,7.11028,7.735083,7.098865,7.431382,7.151713,7.070741,7.145236,6.887023,7.143488,6.786528,7.44456,6.992688,6.961342
"RTN3",8.599166,9.266845,8.985881,8.938774,9.230619,9.173224,9.633355,8.914668,8.747892,8.644196,9.635745,8.734198,9.133425,8.424323,9.241052,8.95386,8.740576,9.392411,9.519905,8.679517,8.559879
"NAA40",7.371331,7.430288,6.961625,7.357931,6.982151,7.372423,6.629807,7.025112,7.343273,6.894175,6.782699,6.619771,7.486678,7.317247,7.012081,7.421839,7.595161,7.511849,7.452199,7.268859,7.616177
"COX8A",8.916385,9.316298,8.914651,9.136399,9.134698,9.210661,9.041813,8.91355,8.895797,9.088643,9.122563,8.562317,8.854269,9.125041,8.094627,8.140992,8.246304,7.708938,8.093307,8.281868,8.32277
"OTUB1",8.71452,9.047088,8.932295,9.029238,9.051656,8.926759,8.846122,8.971192,8.941042,8.731975,9.047071,8.127532,8.898022,8.961805,8.973619,8.939576,8.795376,9.024539,8.869377,8.778112,8.9736
"FERMT3",9.263407,9.761843,9.545249,9.830318,9.456146,9.637964,9.73598,9.528475,9.468691,9.000214,9.653602,8.769448,9.506219,9.000758,9.600235,9.705084,9.147353,9.757982,9.432405,9.046332,10.02834
"PRDX5",9.790857,9.86244,9.729377,9.516522,9.849898,9.735477,9.533596,9.664194,9.536935,9.494331,10.132543,9.462966,9.559152,9.717606,9.773831,9.48831,9.424698,9.14054,9.39591,10.245194,9.657725
"VPS51",8.779462,8.864726,8.814246,8.951615,8.6813,8.877691,8.527666,8.911509,8.709796,8.617428,8.746359,8.13957,8.520486,9.088041,8.484435,8.571381,8.392101,8.738856,8.36736,8.692036,8.357768
"MRPL49",7.618702,7.905876,7.546449,7.8344,7.581667,7.839462,7.542447,7.825733,7.819129,7.453664,7.798241,6.786335,7.627062,7.890581,7.48064,7.803365,7.349732,7.81204,7.32923,7.705396,7.946563
"SCYL1",8.093259,8.332237,8.215666,8.040064,7.861572,8.133283,8.444012,8.243185,8.027066,8.059189,8.251597,8.202178,8.197182,7.795941,8.253385,8.108786,8.100423,8.157263,8.070226,8.111851,8.186503
"FAM89B",7.676155,7.998452,8.156562,7.66138,7.894927,7.915588,7.934489,8.042728,7.780613,7.663712,7.924211,7.406118,7.838974,7.856727,8.031111,7.812957,7.417883,7.632868,7.605558,7.859773,7.834694
"CTSW",8.785651,9.760352,8.935286,9.178946,8.18533,8.733779,8.762733,9.31645,8.752074,8.630304,8.787546,8.263883,9.273793,8.871595,8.666334,9.783521,9.119147,9.274834,8.768406,9.673447,9.793578
"DRAP1",9.332685,9.634416,9.321241,9.802633,9.797946,9.757264,9.190062,9.736505,9.494096,9.605619,9.581685,8.832123,9.352066,9.795071,9.446126,8.933214,8.963262,8.751066,9.225603,9.422013,9.749656
"BANF1",13.223496,13.330751,13.248328,13.387441,13.399328,13.380925,13.209112,13.33859,13.318935,13.267512,13.405705,13.140157,13.136718,13.255804,13.639757,12.993742,12.808084,12.860349,13.095878,13.250151,13.375598
"PACS1",9.023478,9.369184,9.084166,9.277964,8.919584,9.25079,9.320389,9.248314,9.22864,9.07895,9.348179,8.927495,9.356879,8.930517,9.126472,9.008585,9.198707,9.3958,8.872604,8.588041,9.053457
"RAB1B",9.513185,10.292611,9.828527,10.059736,9.819946,10.284788,10.21106,9.767458,9.685998,9.531337,9.774597,9.200784,9.607571,9.513966,10.236105,10.152427,10.1025,10.385168,10.00335,10.36691,10.43289
"DPP3",7.383115,7.369966,7.501451,7.485047,7.120043,7.278959,7.136252,7.469921,7.304749,7.162443,7.554232,7.051394,7.298652,7.232105,7.093702,7.248342,6.981299,7.123804,6.710252,7.028128,7.67953
"RBM14",9.013687,9.116896,9.014103,9.524838,8.488109,9.093201,9.022127,9.362753,9.444371,8.698204,8.911287,8.728431,9.392891,8.564439,9.316583,9.211283,9.136679,9.298381,8.878954,8.583374,9.348025
"TBC1D10C",9.32821,9.350981,9.327727,9.390708,9.007544,9.491546,9.291223,9.39739,9.529857,8.911006,9.416066,8.500441,9.368217,9.595502,9.038577,9.145293,9.052988,9.196117,8.990341,8.939945,9.123457
"GSTP1",9.3215,10.083919,9.559075,9.605756,9.495688,9.697375,9.47255,9.445365,9.577537,9.414048,9.809236,8.726841,9.578237,9.47428,9.49147,9.574931,9.387263,9.277678,9.201163,9.249498,9.432141
"TCIRG1",8.653436,8.922133,8.84889,8.589608,9.036952,9.038084,9.241559,8.813545,8.982316,8.759643,9.487261,8.620141,9.199214,8.575851,9.032976,8.840856,8.975211,9.015884,9.235705,8.64737,9.149734
"KRTAP5-9",6.964243,6.544866,7.393114,6.628133,7.01869,6.911139,7.026997,7.159072,7.054105,7.734949,7.122348,8.006991,7.015061,6.780316,6.456823,7.334694,7.485111,6.791712,6.964606,6.833555,6.849138
"KRTAP5-10",8.300598,8.228164,8.31173,7.888787,8.310088,8.015358,8.418579,8.317091,8.38566,9.441614,8.126307,10.117818,8.459604,8.145001,8.184907,8.4885,9.176489,8.033957,8.274299,8.014389,8.528514
"FOLR3",7.929426,7.687669,7.898832,7.427279,8.617945,7.868107,8.331768,7.674447,7.725283,7.55038,8.805756,7.394855,7.101941,8.522154,7.131243,7.437702,7.28575,7.278306,7.211752,6.88231,7.508177
"RPS3",12.731705,12.551484,12.40813,12.5908,12.61062,12.705626,11.517702,12.506126,12.486184,12.540383,12.38251,12.194175,12.602868,13.008864,12.040271,12.093907,11.9879,11.997029,12.185002,12.088563,11.684868
"SNORD15A",7.743358,7.679724,6.876123,7.578637,7.577514,7.361109,7.236234,7.365236,7.540215,7.318945,7.392916,7.066857,7.933486,8.36721,7.567293,7.706187,7.233793,7.845589,7.937106,7.49897,7.709985
"SNORD15B",10.266446,7.674955,7.765965,8.827079,9.972948,8.692515,9.197693,8.807768,9.62314,8.84869,9.500051,8.916965,10.201478,10.853837,8.463409,10.045418,9.552169,9.818898,10.340147,10.357127,8.953889
"ACER3",7.002589,7.350173,6.886199,7.275113,6.776424,7.267159,7.435515,6.771523,7.412465,6.986667,7.359119,6.696081,7.473672,6.512365,7.368286,7.506325,7.579166,7.613367,7.775871,7.302791,7.501811
"RPS28",12.953776,12.925135,13.35895,12.679472,12.82663,13.079284,13.044637,13.080467,12.821732,13.171111,12.687888,13.326382,12.734208,12.91789,12.600583,12.694946,12.950143,12.477819,12.245766,12.491992,12.493024
"TMEM126B",7.046476,6.684141,6.49915,7.218823,7.079074,7.097467,6.746778,6.647876,7.080492,6.408813,6.790247,6.094591,7.011089,7.699223,6.894398,7.140515,7.113318,7.390889,7.88043,7.330862,7.089015
"TMEM126A",6.501241,6.098896,6.120602,6.341609,6.505446,6.228769,6.242921,6.243817,6.294616,5.75269,6.428277,5.333503,6.444393,7.573591,6.535702,6.006962,6.171467,6.236435,6.806064,6.689502,5.939211
"PRSS23",6.52717,6.732569,6.602738,6.278561,5.8928,6.284347,6.337135,6.356669,5.79216,5.702728,5.897093,6.075353,5.929402,6.512497,5.671762,6.380496,5.729326,6.110354,6.112768,6.355154,6.642324
"SCARNA9",9.406503,8.603332,8.498054,8.893666,9.166872,8.860715,7.676766,9.163424,9.508183,8.014525,9.135311,7.078685,9.109871,10.129652,8.423849,8.80563,8.291435,8.76774,8.488538,8.25127,7.991058
"C11orf54",8.628746,8.514956,8.36367,8.890483,8.955872,9.184706,8.907286,8.554088,8.703521,8.205027,8.940982,7.814702,8.577066,9.23457,8.777452,8.706151,8.583862,8.775214,9.181124,8.822577,8.474201
"MED17",8.550414,8.58604,7.958064,8.749655,8.19588,8.654634,8.506303,8.339316,8.572965,8.109019,8.470143,7.274319,8.668709,8.684182,8.666252,9.006523,8.751813,8.846838,8.859343,8.476444,8.733123
"ANKRD49",8.199647,7.490257,7.397068,8.042638,8.062464,8.634383,7.517026,7.800552,7.639707,7.222945,8.05818,7.099401,7.310904,9.172194,8.0234,7.87405,8.04629,8.049805,8.916227,8.442226,7.797521
"SRSF8",8.871657,8.667496,8.502393,8.755401,8.633089,8.756988,8.433998,8.698879,8.692855,8.530039,8.706163,7.893386,8.71301,8.952287,8.671798,8.831258,8.395555,8.585578,8.732207,8.721446,8.588417
"ENDOD1",8.008492,7.639457,7.772656,8.458784,7.998371,8.347742,8.024901,7.84262,7.752073,7.49362,7.63983,7.224467,7.699205,8.122033,8.203658,8.105805,7.302087,7.769476,7.921242,8.093304,7.867581
"CEP57",8.176591,7.788321,7.462339,8.262504,7.853065,8.614589,7.398907,7.89708,8.003346,7.482537,7.761684,6.703732,7.64243,8.839142,8.452364,8.566138,8.469269,8.199518,8.767868,8.573211,7.847901
"JRKL",7.282377,6.945209,6.707314,7.871132,7.027915,7.41913,6.587906,7.103176,7.188256,6.558513,7.225937,6.522035,6.818453,8.132396,7.668347,7.864796,7.277511,7.843086,7.945961,7.840198,7.593373
"BIRC3",9.779227,9.313576,9.023401,10.461834,9.654439,10.086153,8.814522,9.578543,9.685569,9.094132,9.184122,8.455259,8.925657,10.710903,9.987851,9.895074,9.624328,10.26652,10.35838,9.967613,9.437152
"BIRC2",9.276989,9.121586,9.203191,10.311571,9.222958,9.735593,9.643357,9.007642,9.088362,8.531109,9.165678,8.161162,9.028428,9.469339,9.557219,9.603706,9.696748,9.632823,10.565485,10.398445,9.514055
"CUL5",7.903479,7.820811,7.46068,8.392302,7.745265,8.187043,7.271731,7.631459,7.724245,7.075543,7.420488,6.669538,7.387278,8.19656,8.110006,8.314806,7.680373,8.33788,8.650389,8.319472,7.860954
"ACAT1",6.903649,6.419123,6.496371,6.744581,6.665511,6.935355,6.441859,6.575618,6.594825,6.400936,6.609482,6.039808,6.555449,7.421796,7.484824,6.92799,6.876917,7.048647,7.021302,7.179727,7.009505
"ATM",11.204195,10.760232,10.775626,11.515598,10.586293,11.0798,10.865854,10.927771,11.248448,10.8257,10.631138,10.035975,11.014675,11.067618,10.983284,11.308506,10.828916,11.378092,11.297171,11.298715,10.865709
"MIR34B",5.549182,5.160449,5.72996,5.061188,5.533242,5.555841,5.477444,5.332164,5.353681,5.736316,4.907468,6.129965,5.289038,5.156883,5.096112,5.739225,5.590421,5.209407,5.620883,5.639739,5.675446
"PTS",7.052232,7.139709,7.138478,7.083974,6.974931,7.073025,6.806224,7.023618,7.17612,6.455958,7.031127,6.05753,6.962479,7.496476,7.111666,7.40558,6.913578,7.423802,7.556918,7.507555,7.10917
"RBM7",7.300717,6.991408,6.710063,7.090548,7.497948,7.313428,7.073563,7.199662,7.242948,6.391376,7.33815,5.820998,7.211499,7.764594,7.391401,7.351756,7.076188,7.235134,7.505774,7.473914,7.292667
"REXO2",8.45076,7.778624,7.710049,8.341201,8.035512,7.789046,7.51572,7.898747,7.938082,7.265705,7.927231,6.758245,8.026287,8.341013,8.22168,7.92044,7.967017,7.97496,8.375909,8.414177,8.329088
"APOC3",6.339211,7.009716,6.160314,7.003608,6.003849,6.763311,5.764515,6.195054,6.51159,7.096535,6.068971,7.392711,6.492292,6.798798,5.208798,6.853762,5.901185,5.87618,6.602556,6.2612,6.20182
"SIDT2",8.026934,8.77547,7.827114,8.897911,8.29981,8.244717,8.705795,8.289442,8.770827,8.330039,8.855421,7.896481,8.488989,7.381625,8.195823,8.459427,8.793583,8.676005,8.688426,8.079308,8.254411
"IL10RA",10.114868,10.158985,9.868297,10.240718,9.916333,9.978003,10.025719,10.105317,10.294496,9.668862,10.243571,9.161244,10.074887,9.971654,9.906541,10.044982,9.80884,9.773501,9.879327,10.238471,10.305873
"CD3E",10.127089,9.6849,9.489758,10.082636,9.548724,9.844767,9.158333,9.998333,10.08478,9.759303,9.352376,8.761099,10.116136,10.289125,9.980341,10.128801,10.05289,10.238416,10.074018,10.335678,10.220163
"CD3G",10.802798,10.451415,10.10836,11.032193,9.854727,10.783937,9.8203,10.649757,10.381536,10.47627,9.644563,9.260311,10.142197,11.018848,10.762365,10.621708,10.570592,10.798786,10.544321,10.990078,10.404448
"ATP5MG",10.387012,9.900163,9.740444,10.283434,10.478342,10.504778,9.828353,10.138815,10.032927,10.038338,10.403743,9.523396,10.259382,11.128928,10.460561,10.102531,10.47412,10.104886,10.667978,10.935523,9.936908
"CXCR5",7.376201,7.153861,6.713352,7.645435,7.39066,7.495263,6.609294,7.160483,7.518495,6.843787,6.884598,6.630642,7.107763,7.79537,7.226967,7.480588,6.906838,7.595603,6.913581,6.535899,6.739409
"TRAPPC4",8.531562,8.370998,8.107508,8.306191,8.586109,8.51578,7.747599,8.499551,8.569004,8.440541,8.418487,7.426228,8.731522,9.134447,8.734611,8.565624,8.938831,8.566311,8.784236,8.62974,8.759164
"HMBS",7.533997,7.39652,7.790604,7.47114,7.760274,7.234266,7.46203,7.454978,7.299534,7.243685,7.509561,7.378473,7.339651,7.388887,7.117991,7.180847,7.185161,7.412709,7.100432,7.567611,7.295126
"HINFP",7.840947,7.744933,7.454498,7.950524,7.571082,7.855739,7.748204,7.98633,7.897669,7.528337,7.692466,7.283049,7.906544,7.925909,7.744204,7.674943,7.777813,8.065782,7.712215,7.849723,7.874248
"CBL",9.235014,9.485171,9.441233,9.390745,9.277215,9.351823,10.247675,9.042169,9.49972,9.084385,9.836032,8.903933,9.896921,8.813897,9.420651,9.251931,9.601789,9.89446,9.717828,9.169952,9.730828
"RNF26",7.523628,7.667282,7.769244,7.760682,7.780814,7.832281,7.899096,7.63489,7.531071,7.675126,7.590035,7.846415,7.602416,7.826799,7.896272,7.432834,7.663142,7.72946,7.53024,7.828662,7.933814
"ARHGEF12",7.562491,7.244983,7.689287,8.198644,7.606985,7.214548,7.821731,7.35478,6.887942,6.276153,7.257322,7.281254,7.175377,6.890993,8.055,7.625831,6.570363,7.88219,7.898362,8.883816,7.617868
"TBCEL",8.814332,8.727818,8.716785,9.732399,9.016708,9.286482,10.3694,8.801611,8.399279,8.083853,8.698242,8.263267,8.753263,8.849647,8.868293,8.928381,8.66912,9.116593,9.876463,11.103847,8.950172
"SC5D",7.129637,6.617273,6.410922,7.524498,7.087458,7.17524,6.723044,6.886742,6.939843,6.505446,6.572501,5.834651,6.951029,7.669344,7.399534,7.417173,7.006649,7.739583,7.763681,7.732357,7.15662
"SORL1",10.968475,11.26536,11.318176,10.92471,11.28134,11.179521,12.269982,11.040272,11.198464,11.013961,11.695243,11.005242,11.646211,10.343524,11.214626,10.945177,11.189243,11.800394,11.251123,10.807915,10.761973
"CRTAM",7.499514,6.748975,6.674798,7.065033,6.630615,7.246228,6.323158,7.229868,7.239231,6.497856,6.460175,6.080199,6.729114,8.093976,7.158625,6.873959,6.450844,6.899444,7.38221,7.441211,6.552109
"OR8A1",5.377565,5.397662,5.637449,5.307582,5.531512,5.192027,5.543136,5.272811,5.424685,6.451994,5.609509,6.877271,5.592949,5.280319,5.624897,5.640331,5.857057,5.15182,5.103678,5.082036,5.405605
"TBRG1",9.366068,9.314669,8.956504,9.569503,9.184305,9.385107,9.476779,8.999918,9.505649,8.755248,9.38306,8.359272,9.648037,9.257799,9.334315,9.474689,9.394022,9.409356,9.616148,9.58444,9.481266
"NRGN",9.292533,9.537613,9.60369,9.529321,9.658634,9.569215,10.013607,9.605386,9.017636,8.699049,9.212901,9.399092,9.286176,8.425869,9.454919,9.713804,8.574501,8.961688,9.429429,8.933844,9.843053
"EI24",8.065102,7.915115,7.589807,8.239616,7.890364,8.037205,7.651113,7.814959,8.066527,7.85279,7.840089,7.544213,8.175066,8.155128,8.118606,8.341709,8.635217,8.04249,8.141535,8.165615,8.386918
"HYLS1",4.847963,4.761523,4.651169,4.498357,4.948604,5.279325,4.555898,4.890139,4.861719,4.44826,4.995429,4.317443,4.745661,5.797867,5.024159,5.224803,4.911358,4.737145,5.015446,4.954439,4.54109
"TMEM45B",7.766849,8.045296,7.427417,7.425342,8.24279,7.873519,8.551994,7.138464,8.293161,7.717028,8.825069,7.881274,7.798163,7.197164,7.730973,7.470782,6.922684,8.067794,7.816443,7.181299,7.495651
"APLP2",10.131418,10.852825,10.450749,10.893888,10.504758,10.708214,10.864045,10.443831,10.514336,10.328451,11.019123,10.153302,10.558587,9.907896,10.846406,10.499703,10.244859,11.03288,10.549714,10.385451,10.917816
"ST14",6.626268,7.01937,6.868902,7.024236,7.027807,6.723124,6.769649,6.919845,7.013876,7.110221,7.210233,6.698704,6.837467,7.02497,6.481615,6.635039,6.69198,6.825609,6.541052,6.270456,7.14114
"IFITM3",8.885724,8.085321,7.573776,9.488289,9.514613,8.385227,8.147775,9.395473,9.171462,8.022671,9.310238,7.85738,9.253049,8.808007,8.133306,7.651919,8.506984,8.146977,8.458425,8.782317,10.19738
"SIGIRR",8.77142,8.787663,8.958606,9.146381,8.554677,8.951899,8.657561,9.046445,8.818126,8.231604,8.756686,8.187889,8.815588,8.866027,8.69157,8.569582,8.220104,8.654013,8.395389,8.538669,8.918662
"POLR2L",8.948651,9.01723,8.850402,8.84648,8.935825,8.919474,8.821642,8.889686,8.954291,9.223114,8.960885,9.071023,8.869039,9.069749,8.457746,8.536844,8.591089,8.260904,8.345833,8.473805,8.66075
"KRTAP5-1",9.054669,8.808629,9.360271,8.64529,9.086963,8.635871,9.023124,9.182136,9.043468,9.851978,8.911891,10.277069,9.128065,8.803419,8.692123,8.941399,9.41523,8.76445,8.707125,8.554133,9.007834
"KRTAP5-2",8.009039,7.881603,7.916127,7.467082,7.80412,7.571686,8.033616,7.93598,7.953802,8.94613,7.794421,9.791401,7.965356,7.719908,7.579797,8.19613,8.968235,7.866441,8.307428,7.736177,7.979056
"KRTAP5-3",8.924747,8.732729,8.971098,8.195021,8.715984,8.37902,8.910458,8.795241,8.671631,9.483325,8.707716,10.023385,8.90684,8.419725,8.444963,8.750561,8.978867,8.589782,8.402934,8.387482,8.731876
"KRTAP5-4",6.967591,6.900929,6.777104,6.719403,6.79924,6.672867,7.322341,7.203287,6.872075,8.093682,6.575406,8.870537,6.978677,6.684456,6.676173,7.449308,7.793823,6.698522,6.866258,7.073394,7.311761
"CTSD",9.215717,9.963142,9.851053,10.077274,9.704392,9.82002,10.064584,9.642147,9.500794,9.345614,10.186514,9.106635,9.521755,9.146903,9.740033,9.813579,9.549042,9.830996,9.49106,9.62878,10.715024
"SNORA54",9.39234,8.003065,8.182795,8.988277,8.840107,8.924927,8.699909,8.506378,8.765684,8.131166,8.41921,7.929565,9.14963,10.120921,8.030975,8.449439,7.949249,8.677427,8.614838,8.479029,8.030586
"RHOG",9.631621,10.327402,9.920125,9.933934,10.176392,10.196049,10.32559,9.883477,10.014699,10.039437,10.22945,10.013223,9.794886,9.593605,10.038701,9.841874,10.266767,10.255843,10.251152,10.026619,10.308839
"TRIM21",8.03781,8.38574,8.034431,8.464252,8.440643,8.929684,8.361753,8.33078,8.36001,8.082375,8.936428,7.516892,8.613484,8.353199,8.881938,8.456619,8.614894,8.517616,8.815992,8.671322,9.239804
"OR51G2",5.525052,5.193867,5.620195,5.392189,5.359393,5.41945,5.84464,5.635759,5.619045,6.095225,5.420859,6.814775,5.833409,5.105232,4.994269,5.622596,6.523676,4.976226,5.171871,5.354258,5.675446
"OR51G1",5.120669,5.464224,5.452129,5.560991,5.115807,5.270359,5.406402,5.250563,5.184183,5.999462,5.145127,6.725243,5.460314,5.23586,4.92705,5.341315,6.083128,4.777256,5.488868,5.224638,5.233556
"OR51A4",4.996681,5.295151,5.835007,5.103776,4.82018,5.902038,5.216539,5.356781,4.439221,5.87953,5.061161,5.713631,5.26175,5.038359,5.191385,5.011172,6.171203,5.420983,5.023192,5.399357,5.293898
"OR52E2",4.679008,4.782697,5.012631,4.593306,5.210857,4.616786,4.77971,4.634172,4.918598,5.708225,5.004003,6.276911,5.050021,4.640355,4.909568,4.944904,5.375809,4.813714,4.699749,4.821968,4.945589
"OR52A5",4.8873,4.646646,4.637458,4.402429,4.896784,4.42884,4.805379,4.590782,4.535407,4.911717,4.998904,6.347261,4.485304,4.525766,5.402037,4.846198,5.662886,4.742753,4.725718,4.836371,4.858811
"OR51V1",5.647205,5.504288,6.114223,5.660865,5.921381,5.611079,5.661209,5.72438,5.710669,6.58762,5.729227,7.336694,5.671473,5.633883,5.381719,5.642669,6.070411,5.740791,5.351055,5.765644,5.669089
"OR51B4",4.638384,4.863113,5.029906,4.514035,4.952152,4.568342,5.105362,4.74093,4.779639,5.257809,4.814212,6.092405,5.04089,4.587527,4.856639,4.525718,4.965697,4.862881,4.960009,4.503831,4.926756
"TRIM5",8.058171,8.54217,8.074979,8.51562,8.260967,8.432334,8.166725,8.254557,8.349502,7.70762,8.232065,7.335632,8.287792,8.257178,8.403638,8.539849,8.287868,8.751111,8.031255,8.44523,9.172069
"TPP1",8.390409,9.291726,9.125947,9.625264,8.802766,9.017505,9.605113,8.8761,8.806986,8.703929,9.053803,8.084035,8.846135,8.470372,8.830531,8.614784,8.71237,9.427355,8.800443,9.246898,9.506099
"MRPL17",8.01159,7.756376,7.99594,7.856778,7.999538,7.822257,7.949365,7.988163,8.039448,8.052291,7.58875,7.687233,7.757844,8.238051,7.724675,7.676351,7.634868,7.5412,7.715945,7.715457,7.618436
"GVINP1",9.356813,9.174404,8.95766,9.633456,9.088339,9.635781,8.616766,9.520901,9.341592,8.865063,9.045728,7.867832,9.158895,9.851403,9.23981,9.667355,9.199404,9.621524,9.450683,9.615818,9.042079
"OR2D2",5.043004,5.319734,5.913875,5.75696,5.249675,5.512445,5.534212,5.606161,5.5085,6.465635,5.288857,6.891079,5.521716,5.327974,5.222756,5.553835,6.280521,5.546508,5.207771,5.403832,5.741759
"TMEM9B",8.253292,8.175146,7.589877,8.269196,8.230503,8.384841,8.103812,7.852881,8.107043,7.698366,8.178677,7.378276,8.1241,8.644011,8.157413,8.20488,8.410889,8.14948,8.750098,8.476923,8.249601
"RNF141",8.652236,8.566582,8.113915,8.472948,9.030595,8.792328,8.928629,8.237566,8.757641,8.090884,8.995123,7.481044,8.161869,8.908335,8.889797,8.457915,8.591922,8.945395,9.310701,8.982541,8.482309
"ZBED5",9.35051,9.284119,8.945117,9.82367,9.176939,9.64815,9.085111,9.397164,9.442542,8.852818,8.825999,8.113437,8.873253,9.956038,9.604557,9.666939,9.436571,9.809842,9.836287,9.823945,8.997036
"COPB1",9.699306,9.834177,9.458495,10.120877,9.808684,10.105847,9.486424,9.786743,9.761452,9.253437,9.658135,8.254058,9.620425,9.976823,9.942275,9.946928,10.013728,10.011066,10.178817,10.003795,9.807382
"CYP2R1",8.349346,8.342547,7.848716,8.479531,8.086331,8.312756,8.047554,7.852411,8.31784,8.00248,8.230235,7.676322,8.049856,8.794615,8.653185,8.408942,8.61018,8.691449,9.204184,9.360758,8.323331
"RPS13",11.547519,10.824127,10.290004,11.176536,11.154079,11.033682,10.73073,10.988748,11.239308,11.131077,11.202383,10.437503,11.10495,12.177264,10.972084,11.002016,10.697183,10.66171,10.834364,11.179287,10.20822
"PIK3C2A",8.424158,8.269204,7.696558,8.63797,8.03276,8.489386,8.412833,8.092668,8.469442,7.807579,8.14095,7.244229,8.498523,8.236652,8.339067,8.565555,8.437933,8.780237,8.938764,8.712911,8.743454
"SPTY2D1",7.033437,7.383883,6.982565,7.297188,7.160401,7.474875,7.335965,7.189516,7.13811,6.751097,7.340878,6.547615,7.477187,6.935008,7.548103,7.072059,7.183335,7.293853,7.720321,7.151224,7.573789
"MRGPRX1",5.659066,5.854235,5.825394,5.492783,5.62461,5.616798,5.76392,6.124592,5.63253,6.132528,5.403247,6.901031,5.830305,5.874112,5.39473,5.555224,6.902248,5.740575,5.729188,5.664959,5.824438
"FANCF",7.735623,7.647776,7.243004,7.958069,7.379944,8.009288,6.988673,7.687568,7.646387,7.484777,7.218503,6.907157,7.541081,8.368681,8.088567,8.100089,7.769641,8.124229,8.052264,8.075109,7.801533
"SVIP",7.572035,7.0985,7.036406,7.539148,7.467098,7.76454,6.964092,7.368167,7.195052,7.123962,6.995291,6.730294,7.319377,8.086175,7.553327,7.423933,7.572933,7.896396,8.355179,7.639516,7.443705
"LIN7C",8.026378,7.676968,7.248907,8.27767,7.61641,8.230975,7.019614,7.713513,7.645746,7.101605,7.574153,6.667132,7.347871,8.339271,8.046142,8.088909,8.064572,8.225366,8.267634,8.08186,7.740332
"HSP90AA2P",6.937473,6.146423,5.673204,5.810799,6.261917,6.417538,5.311097,6.34137,6.342183,5.967494,6.939103,5.292171,6.621802,7.49607,6.77726,7.141731,6.738638,5.812733,6.516236,6.727659,6.9892
"IMMP1L",6.542455,6.515281,6.292311,7.073466,6.142577,6.914511,6.147689,6.402969,6.699748,5.937852,6.380388,5.549925,6.219267,6.772897,7.277367,6.364736,6.439364,6.471878,7.17056,7.307766,6.008062
"CSTF3",7.35907,7.511224,6.979976,7.680394,7.171281,7.355326,6.737348,7.597757,7.218509,6.901071,7.106421,6.037524,7.083905,7.408221,7.724322,7.806483,7.363779,7.888256,7.897182,7.858902,7.61261
"FBXO3",8.653584,8.279028,7.970408,8.720481,8.478719,8.492987,8.365222,8.48267,8.626774,7.739406,8.358168,7.116312,8.52263,8.727802,8.705817,8.63577,8.488526,8.617607,8.961931,8.762851,8.444318
"ELF5",5.609446,5.523235,5.63301,5.441136,5.793939,5.441425,5.7409,5.776476,5.605082,6.506022,5.518273,7.033472,5.824749,5.27067,5.564258,5.446412,5.812211,5.715039,5.483283,5.57274,5.684126
"PHF21A",9.223304,9.341321,9.191808,9.297527,9.553512,9.386317,9.899213,9.285223,9.446598,9.019402,9.739948,9.113127,9.616033,8.593728,9.346361,9.43452,9.911216,9.892009,9.908371,9.321742,9.474143
"AMBRA1",7.691846,7.636434,7.526101,7.801305,7.494888,7.620141,7.49304,7.832593,7.756356,7.522066,7.566496,7.423728,7.68709,7.376908,7.616791,7.730222,7.603657,7.817734,7.483259,7.416116,8.191339
"RPS10P19",6.114722,5.690025,4.846709,5.786812,6.806049,5.822202,5.035783,5.761312,6.004644,5.822141,5.770588,4.597159,5.769229,8.899138,5.225853,5.570673,5.750146,5.265373,5.744803,5.836129,5.242521
"ARHGAP1",8.446971,9.111031,8.903762,9.262332,8.557833,8.990803,9.239475,8.867966,8.760298,8.453938,9.201492,8.001371,8.736591,8.302721,8.847961,8.566329,8.690969,9.219362,8.773464,8.532828,8.898932
"CKAP5",7.297358,7.777396,7.586313,8.357499,7.251289,7.789857,7.395791,7.79712,7.467989,7.236432,7.403314,7.098727,7.840211,7.398103,7.974296,7.95296,7.825274,8.299512,7.485615,8.384211,8.153224
"ACP2",7.231349,7.512071,7.725727,7.672992,7.428875,7.355185,7.607202,7.442899,7.374655,7.215222,7.383541,7.008927,7.40872,7.561625,7.344748,7.492312,7.157818,7.327732,7.272558,7.220402,8.218389
"SPI1",8.972121,9.506183,9.297256,9.00744,9.611132,9.415616,9.76373,9.153381,9.486191,9.000679,9.910549,8.877219,9.419962,8.707318,9.389868,8.988679,9.50276,9.587013,9.558356,8.891981,9.654076
"FNBP4",8.931673,8.858143,8.568067,9.155647,8.884525,8.728865,8.491994,8.922143,9.111624,8.632769,8.713931,8.255401,9.189247,8.818965,8.940311,9.1366,8.954188,9.098676,9.199198,8.876679,8.982533
"NUP160",8.723815,8.691282,8.550563,9.230727,8.260698,8.666501,8.418879,8.689785,8.860618,8.297718,8.497644,7.663121,8.885979,8.691438,8.656711,8.921159,8.376163,9.147841,8.591396,8.988612,8.718341
"OR4C45",3.949085,3.74982,3.963446,3.826001,3.630021,3.861026,4.001433,3.895192,3.788903,4.624853,3.883083,5.276717,4.159209,3.648557,3.698353,4.20858,4.954572,3.705992,3.714405,3.546281,3.764468
"OR5I1",5.837385,5.817427,5.703662,5.508206,5.625147,5.505213,5.639532,5.583302,5.773452,6.479665,5.615372,6.938292,5.942135,5.69803,5.450991,6.020655,5.99303,5.47862,5.451077,5.449188,5.169542
"OR8U3",5.647918,5.717854,5.604193,5.498521,5.381031,5.495913,5.696834,5.361802,5.452628,6.448881,5.367868,6.758227,5.722691,5.191361,5.557823,5.614168,6.270102,5.566379,5.45631,5.68385,5.178327
"OR5M3",4.95575,4.604541,4.887216,4.595246,4.732444,4.930864,5.009264,5.125459,4.906982,5.986476,4.742777,6.261437,4.990387,4.887772,5.024011,5.204286,5.839971,4.883501,4.809748,5.199543,4.790381
"OR5M10",5.323951,4.985724,5.101551,4.906447,5.134387,5.157989,5.015633,5.328404,5.124309,6.074687,5.270606,6.676977,5.417486,5.337831,5.054268,5.362278,5.777598,5.109162,5.567209,5.233151,5.652039
"OR5AP2",5.098775,4.754369,5.323341,4.514066,4.56198,4.412228,4.912086,4.666547,4.437826,5.677806,4.765783,6.545644,5.133797,4.382388,4.965468,4.982796,5.306514,4.798876,4.916357,4.704999,5.02052
"UBE2L6",9.170957,9.266573,9.138457,9.3606,9.360673,9.616351,8.962656,9.566465,9.111754,9.06219,9.804871,8.16124,9.275899,9.302792,9.119271,8.63836,8.535421,8.710638,8.478933,9.179443,9.646815
"OR1S2",4.160123,4.400756,4.607465,4.170728,3.831995,3.969837,4.440197,4.348255,3.919209,5.145317,4.191567,5.490366,4.177292,4.075304,4.453328,4.213677,4.771717,4.008916,4.093716,4.354771,4.834714
"OR5B21",5.411704,5.619111,5.646913,5.951587,5.882123,5.429534,6.436188,5.724875,5.711024,6.157431,5.951179,6.109164,5.803677,5.167554,5.727614,6.046302,6.168444,6.265036,6.298504,6.283783,6.273584
"LPXN",9.546184,9.793709,9.24736,10.008498,9.181104,9.614381,9.465393,9.458816,9.640816,9.318354,9.591949,8.588568,9.686737,9.412012,9.4887,9.602172,9.210783,9.83835,9.449824,9.824297,9.536589
"MPEG1",10.421749,11.175661,10.793349,11.218045,10.515977,11.075239,11.462736,10.700916,10.919176,10.851238,11.301596,10.212867,11.082052,10.737762,10.961873,10.995256,10.890709,10.925559,11.235748,11.344639,11.264975
"OR5A2",5.346103,5.64501,6.131209,5.270078,5.683697,5.298669,5.458837,5.553504,5.431534,6.544483,5.438595,6.921827,5.697369,5.356669,5.487244,5.936766,6.271421,5.315206,5.126679,5.460413,5.574125
"PATL1",8.831618,9.008928,9.047688,9.185318,9.067153,9.172355,9.423467,8.794658,9.034581,8.860471,9.112921,8.852225,9.372679,8.677256,9.441752,9.307163,9.515283,9.55187,9.579455,9.346456,10.144518
"TCN1",5.926383,6.559578,5.896874,5.830862,6.885448,6.559356,6.72618,6.016442,6.255642,6.411726,7.016044,6.661109,6.404396,6.421759,6.496408,6.314726,6.46158,5.969439,6.844237,7.263436,7.647846
"MS4A6A",9.54515,9.486788,9.030736,9.349691,9.896325,9.49426,9.802192,8.717605,9.477461,9.435009,10.2167,9.08378,9.619006,9.434859,9.424598,9.404205,9.907616,9.293259,10.107051,9.665826,9.533758
"FTH1",9.949265,10.302106,9.96594,10.171696,10.456921,10.373445,10.395622,10.204031,10.092623,10.021453,10.547569,9.748686,10.05884,9.732186,10.168544,9.949487,10.348759,10.184324,10.278538,9.788819,10.213036
"AHNAK",10.449704,10.503875,10.300227,10.433152,10.313414,10.3243,10.521435,10.347803,10.557529,10.135587,10.407745,10.428758,10.647073,10.369672,10.470339,10.633376,10.659762,10.589241,10.334545,10.620009,10.34764
"B3GAT3",6.871932,7.037708,7.1083,7.434091,6.621957,7.018528,6.288775,6.634754,6.865551,6.547104,6.999773,6.131924,7.209316,7.015738,6.798184,7.406724,6.49045,7.374198,6.688544,6.966931,7.390309
"GANAB",8.609689,9.224904,9.010176,9.523613,8.407554,9.011717,9.118269,8.956332,8.902431,8.68465,8.702429,8.1636,9.141362,8.589635,8.902973,9.015292,8.685148,9.469386,8.680372,9.338762,9.294954
"TMEM223",8.165627,7.790027,8.055308,7.990067,7.719267,8.122241,8.057233,8.078235,8.029482,7.831098,7.783722,7.516872,8.070918,8.357252,7.874515,7.779329,7.763011,7.870067,7.7275,7.898266,7.94433
"WDR74",7.965403,8.233658,7.788825,8.42041,7.959925,8.163011,7.426533,8.086837,7.984443,7.686589,7.954878,7.073076,8.026571,8.174117,8.258189,7.912725,7.845775,8.233151,7.805838,8.100934,8.256203
"SNORD30",8.043242,8.020631,7.686558,8.422028,7.543923,7.791943,7.844457,7.776033,8.246278,7.61068,7.597591,7.480486,8.103599,8.345609,8.247936,7.839407,7.738188,8.386843,8.0472,8.402095,7.834153
"SNORD28",11.781336,9.142735,8.539119,10.704018,11.073493,10.430353,10.821128,10.28043,11.447765,9.999005,11.266569,9.314388,11.545676,11.974528,10.470669,10.818592,10.447645,10.679071,11.056483,10.942931,9.830434
"MEN1",6.888644,6.779884,6.947897,6.828809,6.47079,6.8298,6.749363,6.843837,6.791137,6.86034,6.880358,7.045399,6.969992,6.70927,6.69783,7.029666,6.912827,6.769113,6.642801,6.73348,6.973767
"FAU",9.563919,9.1268,9.239914,9.339484,9.377446,9.729748,9.089807,9.354525,9.337807,9.123468,9.564849,8.938389,9.34764,10.366631,9.287629,8.931975,9.066654,8.771065,9.24907,9.358463,9.03935
"SYVN1",7.858688,8.069467,8.117978,7.966884,7.785885,7.973279,7.818809,7.944053,8.067645,7.785518,7.814087,7.712748,7.993389,7.891098,7.899239,8.000386,8.109646,8.110632,7.773427,7.768739,7.865631
"MAP3K11",7.780828,8.206775,8.100487,7.949882,8.249776,8.189299,8.511397,7.886904,8.23527,7.842823,8.453374,7.718992,8.10116,7.888167,7.992724,7.959173,8.268973,7.89107,8.24528,7.727331,8.366707
"CFL1",10.54317,11.222517,10.794614,11.1959,10.537485,10.99356,10.875323,10.785926,10.499365,10.664214,10.913516,10.331928,10.569484,10.416834,10.87325,10.948888,10.984972,11.117488,10.940246,10.717142,11.056427
"C11orf68",7.144952,7.717619,7.903688,7.515694,7.607919,7.65674,7.555694,7.746387,7.334329,7.1824,7.888954,7.116788,7.363983,7.623587,7.502911,7.542218,7.399875,7.62721,7.314859,7.517413,7.805681
"EIF1AD",7.413856,7.615969,7.578407,7.716655,7.657989,7.594128,7.417642,7.722474,7.420305,7.555701,7.404208,7.174173,7.642003,7.343575,7.368327,7.272399,7.494608,7.174309,7.171626,7.139831,7.430003
"YIF1A",7.789046,8.010933,7.806312,8.020581,7.652113,8.054989,7.559471,7.986889,7.86655,7.667184,7.862215,7.902335,7.868437,7.998864,7.62171,7.970806,8.182023,7.817693,7.825283,8.071672,7.933712
"MRPL11",8.342195,8.166039,8.553159,8.068458,8.140925,8.052716,8.145055,8.327645,8.115171,7.954558,8.289522,7.931008,8.055888,8.549406,8.227135,7.726338,7.857403,7.766029,7.733878,8.033508,8.024828
"ZDHHC24",8.330306,8.266506,8.560919,8.163597,8.197704,8.206131,8.063105,8.349349,8.316176,8.481325,8.273738,8.56648,8.310471,8.209627,8.255849,8.071699,8.01783,8.034975,7.832954,8.00294,8.082657
"PTPRCAP",9.187176,9.207511,8.996774,9.146525,8.891166,9.343494,8.849119,9.348289,9.208954,9.055704,8.875006,9.108063,9.061294,9.583354,8.788229,9.095255,8.909426,8.680442,8.50107,8.962183,9.115475
"PITPNM1",7.548939,7.809599,7.714294,7.70909,7.579023,7.849267,7.724708,7.800844,7.773866,7.16014,7.725206,7.535379,7.774093,7.64503,7.804157,7.697781,7.567534,7.573977,7.55126,7.488411,7.95261
"CDK2AP2",8.088973,8.211475,8.57651,8.175283,7.965505,8.29734,7.966063,8.317155,7.674437,8.105237,8.285085,7.48932,7.74821,8.01756,8.172259,7.866419,7.766257,7.818348,7.837228,7.757176,8.070263
"C11orf72",5.239957,4.899194,5.237889,5.099446,5.127435,5.157752,5.381554,5.055489,5.338253,6.156552,5.472434,6.813305,5.319775,4.999665,5.29737,5.200046,5.825644,5.044145,4.915924,5.258505,4.932825
"OR7E14P",6.393929,6.397455,6.275039,5.990532,6.450302,5.740134,6.268067,6.190787,7.012963,7.825757,6.466828,8.146321,6.198752,6.017533,5.930058,6.342604,7.698249,6.289664,6.793581,6.749909,6.559936
"UNC93B1",7.791805,8.393015,8.120513,8.436904,8.468584,8.399852,8.395623,8.305208,8.336257,7.76761,8.749687,7.223088,8.246231,8.347791,7.913333,8.022123,7.984482,8.00242,7.809058,7.707368,8.738557
"C11orf24",7.179468,7.193124,6.717244,7.378069,6.798889,7.228158,6.999353,7.257202,7.356141,7.293284,7.105881,7.141337,7.273835,7.451116,7.064196,7.452097,7.691241,7.637482,7.192793,6.981198,7.203671
"CPT1A",7.473441,8.356167,8.090855,8.614986,8.224331,8.314929,7.917736,8.264411,7.883808,7.585294,8.242617,7.217226,7.993693,7.309286,7.874256,7.625947,7.952392,8.187783,7.86394,7.682914,8.363433
"MRPL21",7.346516,7.33419,6.809353,7.233931,7.540016,7.034888,6.70084,7.13683,7.481478,7.29559,7.254104,7.219695,7.28086,7.918382,7.551654,7.358438,7.13937,7.202862,7.300575,7.385385,7.166356
"KRTAP5-11",7.758458,7.538839,7.864065,7.245997,7.556563,7.460445,7.759625,7.532895,7.521057,8.382753,7.584742,9.096242,7.695568,7.220483,6.991662,7.573209,8.107848,7.475209,7.271466,7.296229,7.644874
"LOC100133315",7.819168,7.994184,7.346968,8.274969,7.765434,7.858524,7.197692,7.773045,7.961098,7.243834,7.306351,6.867297,7.374568,7.736201,8.098491,8.302221,7.320342,8.06163,7.48299,7.707677,7.802669
"UCP2",10.086165,10.359961,10.116127,10.592515,9.847544,10.246169,9.830297,10.086074,10.284097,10.045778,9.712709,9.658502,9.956843,10.321798,9.858312,10.114669,10.597646,10.372377,10.328788,10.195336,10.372303
"PGM2L1",7.306091,6.927341,7.06644,7.811442,7.052447,7.352532,6.835907,7.153521,7.13989,6.81103,7.051061,6.55859,7.092277,7.360101,7.391252,7.238378,7.307724,7.957039,7.665996,7.625031,7.42781
"KCNE3",7.602404,7.82725,7.68426,7.583556,8.467483,8.035778,8.447867,7.662647,8.084139,7.419026,8.585436,7.322609,7.699484,7.680568,8.083019,7.724236,7.654431,7.651162,8.003353,7.352574,8.071393
"XRRA1",7.497467,6.591733,7.126664,7.726827,6.886601,6.679738,6.60458,6.731803,6.978468,6.426921,7.598325,6.447036,7.71194,6.692114,6.731226,6.881399,6.869816,7.795567,6.672608,8.124197,8.025517
"OR2AT4",6.619875,6.376233,6.569584,6.312906,6.363304,6.531809,6.570212,6.572809,6.453436,7.261277,6.664053,7.883718,6.492938,6.330739,6.437191,6.305631,7.103768,6.614025,6.450153,6.603109,6.339177
"ARRB1",9.107206,9.833074,9.45261,9.606063,9.321108,9.445094,9.458524,9.588307,9.670787,9.266521,9.627486,8.537192,9.645585,9.252859,9.440666,9.489031,9.291448,9.044498,9.485318,9.103027,9.563745
"THAP12",8.33191,7.690087,7.284149,8.277251,8.142745,8.479473,7.843032,7.946195,8.038147,7.604289,8.177646,7.077864,8.000387,9.200902,8.28686,8.361411,8.282836,8.291088,8.944263,8.591743,7.815168
"PAK1",9.780113,10.385421,10.006858,10.020303,10.293211,10.396739,10.450793,9.915006,10.156328,10.099861,10.72422,9.585528,10.585095,9.292748,10.269222,9.979236,10.073442,10.107731,10.39385,9.902967,10.45475
"CLNS1A",7.716028,7.623982,7.346652,8.04161,7.831191,7.916514,7.20165,7.813053,7.886679,7.483525,7.694706,6.371709,7.815996,8.41881,8.093298,8.141117,7.961067,8.247273,8.395438,8.402143,7.762852
"RSF1",8.671555,8.628387,8.407883,8.700998,8.533426,9.038236,8.030405,8.644117,8.60209,8.078713,8.445878,7.847951,8.406427,8.826608,8.91996,8.796596,8.671323,8.94375,9.050839,9.004335,8.69493
"ALG8",7.383189,7.45174,6.805033,7.884303,7.177223,7.424307,7.141616,7.413053,7.357119,6.947981,7.259799,6.61206,7.530686,7.703171,7.647959,7.462617,7.697323,7.514566,7.975452,7.760505,7.428792
"GAB2",7.992016,8.654793,8.262003,7.955089,8.870635,8.757558,9.24832,8.456194,8.550978,8.154294,9.468531,8.37366,8.741626,7.775599,8.410329,8.213983,8.776222,8.627095,8.771589,8.105166,8.591339
"PRCP",8.694964,9.123007,8.672917,9.249282,9.078461,9.149918,9.320184,8.921734,8.867254,8.336654,9.647152,7.982403,9.055726,8.964801,9.446872,9.094769,9.051996,9.561496,9.690021,9.469113,9.015146
"RAB30",7.996452,7.435787,6.991172,8.709956,7.116384,7.942189,7.384887,7.737383,7.946839,7.328425,7.30369,7.062447,7.897888,8.133171,7.698044,8.105717,7.998083,8.472417,7.872664,7.781127,7.648313
"SNORA70E",7.271041,7.137812,7.006022,7.910587,6.757759,6.974571,6.780383,7.205585,7.616701,7.419594,6.913427,7.377892,7.156711,6.730661,6.894261,7.420741,7.489329,7.591364,7.069456,6.645805,7.117907
"CREBZF",9.359075,9.024982,8.61041,9.439654,8.904911,9.334373,8.915097,9.144756,9.389989,8.615407,8.840697,7.937235,9.243706,9.482732,9.441197,9.558491,9.401747,9.619241,9.940691,9.921278,9.27638
"CHORDC1",8.358873,7.85756,7.539783,8.480468,7.351492,7.797385,7.560326,8.07729,7.969642,7.445872,7.786441,6.243907,7.59472,8.242436,8.658054,8.559587,7.935686,8.438697,9.045509,8.089334,7.916483
"SLC36A4",7.823415,7.828142,7.355416,8.066167,7.72883,7.84458,7.657618,7.544402,7.865612,7.336791,8.293802,6.364861,7.509138,8.100392,8.278303,8.024137,7.752006,7.981278,8.625348,8.232071,8.029674
"SMCO4",7.242179,7.63948,7.033102,7.557812,7.594701,7.444807,7.534552,7.164784,7.383602,7.020842,7.477768,7.061649,7.501968,7.108682,7.290104,6.924501,6.858033,7.042093,7.08968,7.144672,7.581496
"MRE11",7.653462,7.512566,6.939562,8.09272,7.472081,7.776786,7.517478,7.350423,7.507348,6.944364,7.181091,6.498104,7.414628,7.720041,7.716292,7.789045,7.237034,8.061289,8.099091,8.138458,7.841114
"CWC15",6.257404,5.891304,5.524028,5.689088,5.977708,6.072023,5.249399,5.862073,6.073586,5.554537,6.074357,5.245649,5.987925,7.015091,6.159286,6.172115,6.172597,5.73375,6.521559,6.034454,5.654146
"SESN3",10.13947,9.836956,10.404079,11.053145,10.178726,10.440218,10.177503,9.84779,9.990505,9.523262,9.69088,9.099532,9.565037,9.939772,10.157797,10.062945,10.102195,10.509829,10.728774,10.942739,9.855645
"FAM76B",7.983116,7.866514,7.693231,8.135534,7.859575,8.143178,7.784432,7.704654,8.059095,7.372852,8.021405,7.130512,7.75689,8.610179,8.21106,8.05007,7.909224,8.103073,9.01881,8.569531,7.762655
"MAML2",8.552522,8.513275,8.286899,9.124877,8.524893,8.582788,8.879753,8.683017,8.697794,8.556188,8.319684,7.586777,8.621528,8.548109,8.411787,8.602445,8.572669,8.911957,8.842877,8.928609,8.869086
"CCDC82",7.732039,7.355873,7.486937,7.828211,7.683485,8.099169,7.18642,7.471039,7.339358,7.15049,7.281768,6.611924,7.156165,8.654314,8.239314,8.106619,7.802633,7.996003,8.629721,8.420273,7.743312
"MMP8",4.633299,4.250634,4.241609,5.826321,6.061686,4.555687,5.666967,4.120621,4.077739,4.252439,5.425348,4.904083,4.358987,3.822917,4.580423,4.046625,4.749706,4.874515,7.392198,4.891351,9.200125
"DCUN1D5",7.351818,7.173313,6.70239,7.439311,7.377692,7.465477,6.774504,7.084419,7.289035,6.624303,6.993454,6.020547,7.160781,8.14237,7.53585,7.562486,7.839661,7.868108,8.233325,8.170907,7.178353
"PDGFD",6.511664,6.448355,6.317644,6.067311,5.794933,6.230348,6.564259,6.511195,5.542275,5.649636,5.917,6.050017,6.685149,6.504115,5.494728,7.094897,6.287717,6.882261,6.010397,6.891448,6.290785
"CASP4",9.799936,9.981332,9.446848,9.255516,10.468464,9.971746,9.864547,9.769782,10.183879,9.604138,10.692693,9.510797,10.081771,9.907188,9.958584,9.730211,10.015478,9.905614,10.132172,9.795025,9.841408
"CASP5",6.795412,7.138014,6.474695,6.610245,7.82544,7.154136,8.672965,7.113199,7.096047,6.45359,7.863312,6.736712,7.546651,6.265279,7.3454,6.382281,8.091578,7.399012,8.786307,8.232787,8.13798
"CASP1",9.336375,9.427316,9.096705,8.939607,9.826146,9.702083,9.440105,9.375073,9.384695,9.094401,10.084117,8.757439,9.640287,9.496283,9.653064,9.378341,9.960656,9.26556,10.027286,9.727732,9.997831
"CARD16",8.200462,8.360195,7.947654,7.757319,8.728726,8.431059,8.654384,7.997017,8.232415,7.857422,8.866368,7.673187,8.683105,8.519682,8.537714,8.352942,8.902998,8.271986,9.509478,9.075686,8.982213
"CARD17",7.016388,6.883639,6.654001,6.889182,7.220686,6.942265,6.912749,7.165364,6.928162,6.994237,7.17073,6.888234,7.206659,7.236519,7.154778,6.863848,7.440971,6.697737,7.567969,7.936187,9.792825
"MSANTD4",7.964989,7.833417,7.239219,8.18437,7.812126,8.151909,6.729601,7.745589,7.87329,7.464591,7.801483,7.175944,7.678996,8.081678,8.250306,8.255089,7.979289,8.052975,8.01824,7.890498,8.076017
"CWF19L2",7.906823,7.885618,7.381973,7.988318,7.670934,8.082147,6.646927,7.9128,8.070558,7.388913,7.484595,6.730322,7.38561,8.004473,8.173386,8.221959,7.825662,8.081935,7.99973,8.278275,7.93582
"ALKBH8",7.09928,7.089736,6.621247,7.202154,6.764877,6.893095,6.408865,6.924837,7.277074,6.358784,6.653985,5.978178,6.792185,7.182217,7.38571,7.426784,6.866715,7.394377,7.164692,7.622089,7.075645
"NPAT",9.71139,9.358883,9.192315,10.246,9.281573,9.580763,9.409066,9.458758,9.7327,9.126503,9.154609,8.596031,9.543557,9.610245,9.690301,9.750966,9.569314,10.292895,10.097479,10.018484,9.67308
"RDX",7.083551,6.953641,6.896646,7.381887,6.790171,7.301872,6.75659,7.051751,6.80473,6.537128,7.189402,6.419045,7.010185,6.909336,7.406302,7.651605,7.809897,7.546966,7.611256,7.693445,7.145228
"POU2AF1",7.860153,7.57843,7.850215,7.76678,7.760757,8.018364,7.562617,8.088733,7.759424,7.730757,7.912124,7.645988,7.662654,7.957603,7.957137,7.528315,8.406449,7.993358,7.465325,7.952317,7.829183
"IL18",4.36762,4.768844,4.183793,4.80247,5.20335,4.872301,5.072471,4.622537,4.61975,4.294596,5.141935,4.058023,4.89426,4.774745,5.367374,5.060931,4.784463,4.850509,5.574763,5.802151,5.090189
"PLET1",5.719674,5.514742,5.503154,5.480204,5.723425,5.391135,5.534192,5.660459,5.653466,6.452502,5.548183,6.300645,5.763308,5.176661,5.383833,5.464003,5.855114,5.707047,5.548533,5.38061,5.321342
"ZW10",7.008053,6.864317,6.673214,7.116952,6.465174,6.807787,6.739389,6.837749,6.855433,6.413692,6.800068,6.529223,6.863528,7.001306,6.833797,7.231607,6.872799,7.163505,7.201817,7.463713,7.000194
"C11orf71",6.785221,6.707962,6.644843,6.724017,6.999986,6.836289,6.478937,6.732258,6.753417,6.534324,6.694462,6.49164,6.789559,7.354541,6.689857,6.726342,6.743341,6.528239,6.698242,6.907514,6.629637
"APOA4",6.374186,5.825514,6.345288,5.600312,6.086726,5.728603,5.904815,5.760869,5.673204,6.006188,5.757785,5.712312,6.335404,6.299033,6.19269,6.140663,5.488194,5.35488,5.471798,5.692889,5.241723
"APOA1",5.536315,5.851784,5.933193,6.042412,5.829389,5.847786,6.726152,5.899264,5.524843,5.256797,5.340394,5.719312,5.357548,4.902133,4.762826,5.729833,6.098325,5.397571,6.856468,5.873255,5.450896
"SIK3",8.336651,8.578877,8.481359,8.710205,8.623679,8.565626,8.909937,8.407033,8.580941,8.148684,8.605423,8.003642,8.992644,8.036992,8.662991,8.583438,8.866034,8.816087,8.838943,8.623463,8.905557
"PCSK7",8.531068,8.648384,8.399179,8.807286,8.294887,8.613341,8.130085,8.627799,8.78506,8.236323,8.430848,8.08914,8.784101,8.725581,8.384312,8.681067,8.432024,8.56622,8.197243,8.064506,8.497276
"JAML",11.297589,11.841557,11.772945,11.337592,11.854218,11.9779,11.83526,11.548504,11.555104,11.658097,12.226228,11.202037,11.741225,11.173455,11.833974,11.568246,11.639849,11.990779,11.915776,11.459725,11.282109
"MPZL3",9.414136,9.672479,9.508693,9.00089,9.716338,9.95497,10.115911,9.530971,9.660065,9.162856,10.146408,9.034737,9.619961,9.142906,9.772373,9.329561,9.389522,9.729966,9.818563,8.767845,8.801651
"MPZL2",6.063291,6.847274,6.419428,6.526121,6.87144,7.033499,7.360321,6.63528,6.96145,6.137566,6.993702,6.273269,6.554524,6.164608,6.666635,6.468676,6.165803,6.551395,6.751765,6.579093,6.357256
"CD3D",10.058763,9.397899,9.321787,9.657253,9.155192,10.192279,8.589684,9.776907,9.718728,9.481171,9.229407,8.744917,9.563411,10.626184,9.10304,9.016278,9.047345,9.104594,8.998019,9.416503,9.141848
"DPAGT1",7.128434,7.491169,7.187871,7.680354,7.095319,7.488866,7.242604,7.154641,7.297336,7.295807,7.279337,7.010494,7.361772,7.229159,7.519498,7.501991,7.276809,7.377714,7.176895,7.342782,7.434411
"MIR125B1",5.250644,5.227086,5.700556,5.105535,5.684787,5.352165,5.448122,5.632343,5.759485,5.139471,5.629768,5.103931,5.434088,5.918952,5.203584,4.952088,5.039083,4.585726,5.006769,5.368212,5.334497
"SNORD14E",8.175969,7.634251,7.423533,8.395913,7.757711,8.183241,7.843535,8.127091,8.295038,7.463551,7.908213,6.517888,8.191578,8.503621,7.928057,8.21315,7.951224,8.324708,8.2464,8.37973,7.736756
"SNORD14C",11.204316,9.167203,9.138829,10.260608,10.748781,10.111961,9.840794,10.542499,10.690319,9.739978,10.635299,8.805705,10.737395,11.726622,9.376204,10.07171,10.23392,9.683465,10.235214,9.96956,9.442798
"OR8D2",5.361046,5.048522,5.635755,5.136606,5.335614,5.516914,5.205436,5.462125,5.150728,6.419369,5.487278,7.050359,5.572275,5.250742,5.232162,5.360949,6.119313,4.880302,5.527692,5.129462,5.251555
"OR8B8",5.942347,6.067063,6.259944,5.599278,5.932833,5.923274,5.743639,6.348235,5.734724,6.916591,5.778216,7.763062,5.891992,5.866614,5.760447,5.667691,6.896489,5.569062,5.762634,5.432997,6.138014
"ETS1",11.432329,11.350145,11.21368,11.957206,10.759538,11.289048,10.830367,11.566006,11.268844,11.160191,10.840139,10.499551,11.472053,11.352141,11.279341,11.331211,10.972401,11.418969,10.853684,11.265229,11.222568
"LOC399975",4.846265,4.804732,5.029742,4.633424,4.975411,4.946483,4.448268,4.813284,4.805516,4.279448,4.387313,4.353156,4.754338,4.551956,5.058077,5.813911,4.500364,5.581638,5.071857,4.779768,4.336293
"IGSF9B",6.74149,7.503694,7.942345,7.831314,7.290533,7.400238,6.630225,7.348095,7.524145,7.124525,6.964152,7.745189,7.443913,7.715399,7.038602,7.153479,6.394474,7.623016,7.102515,7.945395,7.213901
"NINJ2-AS1",6.617433,7.083449,6.988715,6.885337,7.157646,6.777445,7.333884,6.819749,6.93521,6.550017,7.501724,6.356003,7.201059,7.108864,7.136247,6.9536,7.229013,6.778064,7.269247,6.801124,6.939428
"RHNO1",7.8037,7.673303,7.40046,7.744765,7.562126,7.524865,7.375317,7.344433,7.748553,7.536833,7.772641,7.787138,7.596215,7.993764,7.484506,7.407202,7.747109,7.372199,7.478068,7.431316,7.642032
"TULP3",6.141776,6.422495,6.289069,6.224229,6.022229,6.193209,5.902867,6.077386,5.851294,5.96959,6.010622,6.241506,6.410543,6.247546,6.300051,6.087103,6.357626,6.288878,6.110182,6.630244,6.317533
"TIGAR",7.444592,7.312086,6.594075,7.425659,7.421571,7.43348,7.10202,7.239632,7.200461,6.795654,7.382055,6.251064,7.004899,7.359519,7.649919,7.226489,7.610403,7.702158,7.93743,7.101177,7.883676
"CD9",8.10582,9.560231,8.364309,8.655332,9.380348,9.140766,9.469477,8.371611,8.050315,7.901602,7.714412,7.85114,9.054237,8.197786,9.298987,8.872907,8.504631,8.674057,9.301844,9.442519,8.656705
"CD27",9.338497,9.538004,9.347302,9.965002,9.006266,9.770948,8.702826,9.646762,9.37157,9.44946,8.950385,8.45631,9.071593,9.875009,9.435246,9.468934,9.418698,9.561558,9.080219,9.302078,8.99615
"TAPBPL",8.16977,8.685443,8.638754,8.752887,8.53966,8.455476,8.569209,8.58029,8.519469,8.035672,8.738777,7.820793,8.623101,8.555012,8.617805,8.567898,8.400313,8.45055,8.518286,8.491365,8.625444
"SCARNA10",9.419224,6.379833,6.935041,7.810365,8.983246,8.132188,8.644823,7.789829,8.636004,7.684512,8.817642,7.46798,10.233668,9.995979,7.661447,8.581481,8.019418,8.662487,9.807459,9.281709,8.166628
"COPS7A",7.632863,7.915106,7.778966,7.870375,7.726225,7.726315,7.933164,8.019771,7.864298,7.530769,8.14428,7.550702,7.743534,7.775808,8.122328,7.85951,7.783317,7.853014,7.93087,7.788543,8.189171
"CD4",9.031627,9.666204,9.150147,10.076072,8.839894,9.323043,9.557337,9.29363,9.219258,9.142861,9.172639,8.486801,9.097463,8.75804,9.175036,8.990916,8.771069,9.494322,9.049109,9.291384,9.209018
"GPR162",7.014083,7.290417,7.722107,6.905899,6.997097,7.023055,7.108582,7.578725,7.178107,7.386908,7.385326,7.393907,7.305987,7.002083,7.338701,6.889774,6.821443,6.391499,7.477804,7.199492,6.793001
"DSTNP2",6.700813,6.805869,6.196641,6.665694,6.799241,6.738242,6.278433,6.418053,6.66631,6.378132,6.231364,5.998637,6.945726,6.964309,6.825134,7.001405,7.000228,7.300931,7.327743,7.00815,7.233276
"C12orf57",9.147279,8.716802,8.485587,9.34911,8.557427,9.403106,8.480388,8.932568,8.981455,8.936523,8.802504,7.994061,8.983021,10.244128,9.001146,8.76271,8.679174,9.049782,8.657231,9.211202,8.134596
"MIR200C",5.790579,5.679622,6.081667,5.702172,5.681673,5.704856,5.949819,5.996792,5.825955,6.543845,5.696199,7.430013,6.009199,5.367714,5.557615,5.632374,6.25485,5.692345,5.697816,5.987818,6.101549
"EMG1",7.918418,7.678017,7.531861,8.15101,7.711608,7.855875,7.149746,7.799695,8.025665,7.484237,7.59751,6.90046,7.772019,8.596955,7.510342,7.786191,6.939331,7.651523,7.503504,7.551445,7.532743
"DPPA3",5.973479,5.663349,5.679927,5.465223,5.654049,4.802201,5.415203,5.185777,5.418653,5.282795,5.857978,5.793689,5.22184,4.789935,6.23528,4.75825,5.559179,5.425009,5.238313,5.62012,5.674146
"CLEC4A",8.360826,8.767838,8.296768,8.651947,9.073671,9.07035,9.274167,8.4474,8.598841,8.212429,9.516588,8.284311,9.060999,8.545667,9.002568,8.57274,8.815947,8.260995,9.744297,9.150406,8.895814
"CLEC6A",5.956105,6.281287,5.98387,5.840819,6.253884,6.161965,6.867501,5.868221,6.129772,6.019009,6.784776,6.236547,6.443081,6.057102,5.611894,5.946814,5.87857,6.654221,6.578494,5.732457,5.560484
"CLEC4D",6.499813,7.574247,6.916101,7.645019,8.273576,8.168763,8.642108,6.994402,6.643778,6.139109,8.257806,6.898307,7.083735,6.29185,7.597346,7.682931,7.395215,7.587294,8.421191,8.790072,6.872787
"PHC1",6.449629,5.666561,6.299033,6.384323,7.242907,6.228769,5.825548,4.482817,7.118785,7.144646,6.570619,7.668079,7.145132,6.77693,4.580423,3.316617,7.680354,7.654591,6.762362,6.46256,7.029174
"KLRG1",9.938567,9.987872,9.408338,9.498353,8.661529,9.829531,8.603268,9.345673,9.845775,8.740537,8.84846,8.601259,9.800739,9.093605,9.559744,9.274831,9.464838,9.021411,10.04757,10.44487,9.250227
"CLEC2D",10.834602,10.362411,10.018474,10.94564,10.230367,10.593009,9.829074,10.525332,10.737587,10.247095,9.929252,9.554338,10.300485,11.143928,10.595642,11.081733,10.783505,11.047947,10.943773,10.999412,10.362894
"KLRF1",6.894783,7.228358,6.373102,6.496505,6.675709,6.431279,7.585134,6.19156,6.202247,4.773985,5.966002,5.708593,7.715794,7.022993,6.65717,8.546343,6.203413,8.231628,8.330258,8.437378,7.615554
"CLEC12A",8.474795,10.210452,9.225666,8.567916,8.782352,8.593296,10.405627,7.863979,10.042619,9.549135,8.998703,8.907866,9.673967,9.599753,9.669598,8.247215,8.899078,9.894647,9.567138,9.185935,8.827707
"CLEC12B",5.100029,6.889926,6.212245,5.670762,5.213969,5.012808,7.403509,5.177196,6.40344,5.76624,5.832834,5.384024,6.195929,6.319347,6.299165,5.063518,5.629467,6.95887,6.600383,6.339794,5.655878
"GABARAPL1",8.090928,8.078337,7.697953,7.220495,8.023444,8.132482,8.272813,7.905756,8.137254,7.930045,8.324189,7.630967,7.954914,7.690316,7.694416,7.853246,8.044438,7.510664,8.208292,7.883826,8.015426
"KLRD1",9.541092,10.027282,8.780925,8.857478,8.300391,9.143149,9.387221,9.500845,8.591329,7.803732,8.511283,9.00769,9.722596,9.403462,8.719154,10.172133,9.08482,9.77159,9.632838,10.030707,9.667351
"EIF2S3B",5.851864,5.582059,5.389183,5.784018,5.758808,5.471456,5.829992,6.23944,5.762008,5.43326,6.101211,5.527466,5.989932,6.798008,6.415883,6.054402,6.423084,6.182275,6.108937,6.091442,5.654651
"ETV6",8.64623,8.961899,8.348232,8.726041,9.031302,8.812418,9.304607,8.665568,8.901118,8.641861,9.42328,8.321223,9.080702,8.396092,8.686795,8.801226,8.989862,9.016521,9.197882,8.898888,9.065847
"CDKN1B",9.436938,9.246416,8.916684,9.302736,9.356691,9.487591,9.423933,9.449143,9.397806,8.949455,9.397179,8.455762,9.494986,9.652646,9.371248,9.143585,9.223045,9.252001,9.368709,9.196352,8.892892
"RPL13AP20",10.26528,9.827104,9.62018,9.912865,10.098441,10.131001,8.891127,10.1399,10.025489,9.705174,10.029753,8.811357,10.049203,11.268378,9.744769,9.992662,9.663959,9.881987,9.83912,10.159541,9.344868
"STRAP",8.722891,8.482077,8.371393,8.806731,8.501473,8.68976,8.325338,8.543542,8.386671,7.969445,8.356426,7.265239,8.406161,8.86838,8.608454,8.772819,8.512991,8.692895,9.079029,8.827633,8.361629
"MGST1",5.147275,5.557599,4.844541,5.398554,5.525701,5.455509,5.49332,5.001642,5.789255,5.19823,5.96442,5.254467,5.280144,5.072729,5.666656,5.951555,5.650058,5.027444,5.827197,5.547809,5.715249
"PYROXD1",7.576504,7.169263,6.670387,7.740667,7.028283,7.838478,7.495335,7.377306,7.517438,6.401514,7.264382,6.053938,6.438629,8.051484,7.588681,7.866419,7.706,7.725974,8.306351,7.666963,7.97812
"GOLT1B",8.33489,7.962622,7.370631,8.604663,8.02116,8.293955,7.700629,8.1927,8.080057,7.307648,7.916114,6.612767,7.982679,8.769649,8.607956,8.986748,8.623533,8.697322,9.228389,8.940586,8.619751
"ETNK1",9.208726,8.926628,8.478178,9.459308,8.877323,9.330054,8.840997,8.960654,9.106632,8.546002,8.914524,8.100381,8.932506,9.177831,9.199937,9.280461,8.963552,9.469958,9.708458,9.388571,9.142219
"ETFRF1",8.377398,7.920906,7.32663,7.951585,8.150258,8.30387,7.77555,7.975375,8.021409,7.673123,7.963928,6.97991,8.092086,8.813071,7.970891,8.419344,8.003419,8.153654,8.749713,8.436876,7.939807
"FGFR1OP2",8.867418,8.794788,8.70635,9.156597,8.931391,9.082538,8.777123,8.787372,8.816589,7.905492,8.79935,7.958398,8.701625,9.199043,9.700094,9.340139,9.015275,9.192938,9.767563,9.647841,8.998677
"MED21",8.834561,8.635359,8.326691,9.131376,8.872259,9.154028,8.946076,8.781134,8.649584,7.874341,8.806954,7.384283,8.827562,9.434132,8.879377,8.448127,8.404501,8.826783,9.204987,8.961178,8.142699
"MRPS35",8.120171,7.608009,7.285222,8.112136,7.884853,8.15593,7.137143,7.811251,8.190241,7.477343,7.777651,7.030681,7.838407,8.650134,7.697961,7.988176,7.767699,7.864202,7.824686,7.690329,7.706579
"CCDC91",8.499747,8.190118,7.579933,8.580364,8.192261,8.38704,7.606342,8.058204,8.449857,7.753265,7.919972,7.297801,8.174108,8.958479,8.23758,8.629724,8.294155,8.450151,8.807804,8.882447,8.454233
"FAR2",7.513777,8.248058,7.579243,7.62623,8.055658,8.022692,8.661667,7.857827,7.698923,7.509583,8.576837,7.307128,8.456261,7.562791,8.0617,7.541471,8.415827,7.980639,8.631254,8.635014,8.27345
"FGD4",7.391731,7.838459,7.413078,7.49748,7.78623,8.094461,8.680299,7.403664,7.627738,7.066376,8.74744,7.219677,7.655349,7.293456,7.930875,7.413145,7.487712,7.60413,8.217937,7.776836,8.252373
"LRRK2",10.619019,10.775111,10.77727,10.53993,11.136974,11.173761,11.696799,10.422547,10.993208,10.547939,11.463054,10.255439,11.317893,10.088967,10.836005,10.52732,10.891898,11.200427,11.759901,10.967274,10.860509
"ANO6",8.224504,8.250361,8.031022,8.824508,7.979535,8.529019,8.868738,8.078566,8.205479,7.715585,8.167518,7.533667,8.617098,7.914522,8.516138,8.513009,8.103532,8.630498,8.711644,8.643037,8.675864
"ARID2",8.296712,8.497205,7.98343,8.854826,8.125057,8.337497,8.512537,8.29157,8.426961,7.896533,8.025982,7.295112,8.560653,8.199661,8.514783,8.653824,8.296113,8.933724,8.999045,8.946573,8.391821
"PCED1B",8.453868,8.138397,7.836428,8.534644,7.959383,7.889392,7.738217,7.985413,8.252597,7.878715,7.565971,7.214288,8.14662,7.996209,8.297285,8.158733,8.115735,8.560878,8.447408,8.365314,8.507998
"LARP4",7.931002,7.949809,7.716211,8.550082,7.774366,8.321694,7.54859,8.038287,7.904382,7.141658,7.854015,6.666282,7.682032,8.160265,8.242665,8.21216,8.035204,8.467785,8.348083,8.500765,8.304729
"DIP2B",9.558794,9.753079,9.556057,9.771157,9.703435,9.686022,10.2666,9.534317,9.889534,9.398232,10.152646,8.986982,10.009427,9.140141,9.904839,9.634434,9.627438,10.067606,9.603268,9.304185,9.851223
"ATF1",8.926733,8.857134,8.487532,9.196053,8.830099,9.094687,8.692208,8.91864,9.0682,8.577482,8.725105,7.977012,8.725669,9.19484,8.939189,9.111085,8.873897,8.957165,9.223042,9.192888,8.99018
"METTL7A",8.53668,8.611718,8.164253,9.128695,8.517425,8.988619,8.489159,8.469062,8.647307,8.406453,8.369097,7.770613,8.481921,8.827055,8.594899,8.530319,9.096546,9.029557,8.621125,8.500345,9.012978
"ARL2BP",4.984826,5.193586,4.935482,4.772803,4.961087,5.169539,5.178633,5.029621,5.117706,5.631643,4.984049,5.927687,4.985508,5.030196,4.578586,4.818083,5.278313,4.758841,5.065488,4.918228,4.87252
"PFDN5",8.156731,7.456749,7.482607,7.708783,8.347883,8.221756,7.221026,7.512151,7.675605,7.444282,8.176596,6.776823,7.830244,9.701804,7.604028,7.200134,7.382222,6.97957,7.989382,8.042152,7.157102
"MYG1",7.915673,8.243864,8.0701,8.113212,8.203669,8.05253,7.889419,8.16398,7.8517,8.181869,7.971256,7.888005,7.883814,7.972674,7.918504,7.854575,8.050926,7.742494,7.881755,8.073973,8.035891
"PRR13",5.930055,7.777313,6.570619,6.587218,6.920872,7.96388,7.694682,7.102183,7.429121,6.293234,7.264474,7.00334,6.736443,6.472455,6.920872,5.695255,5.803592,6.942434,7.677352,6.62086,6.715996
"HNRNPA1",7.511329,7.641756,7.077406,7.966485,7.426081,7.458796,7.122538,7.438915,7.688565,7.488864,7.383769,6.729045,7.496347,8.161651,7.125297,6.971471,7.246382,7.350873,7.296841,7.176392,6.872087
"COPZ1",9.13989,9.228129,8.676864,9.402527,9.206735,9.355801,8.834934,9.14339,9.081464,8.797472,9.371156,8.002549,9.181254,9.633951,9.871697,9.719443,9.894781,9.431127,9.742574,10.013924,9.470672
"MIR148B",6.67754,6.829414,6.003553,6.983578,6.632862,6.424585,6.061988,6.464027,7.064459,6.794191,6.440305,6.880156,6.985202,6.28976,6.720776,6.949409,7.3651,6.630409,6.756852,6.757,6.665315
"OR10A7",5.328011,5.094099,5.582982,5.115909,5.172048,5.002473,5.452294,5.351889,5.306938,6.220568,4.965875,6.802345,5.476655,5.228917,5.263584,5.495899,5.507923,5.023655,5.183666,5.420086,5.182159
"OR6C3",4.320665,4.477934,4.575689,4.302019,4.47521,4.069927,4.520242,4.315069,4.540711,5.427525,4.501862,6.204052,4.423258,4.038813,4.808818,4.81482,5.122874,4.335621,4.142621,3.948091,4.365599
"OR6C76",4.796121,4.772197,4.69014,4.339272,4.819494,4.913863,4.785566,4.559344,5.081477,5.654418,4.697137,5.53919,4.848414,5.193659,4.386043,4.95015,5.533006,4.614365,4.998951,4.647963,4.520849
"OR10P1",6.748829,7.017653,7.054827,6.76023,6.872873,6.743446,6.915201,7.253121,6.893966,7.582979,6.75183,8.115724,7.146602,6.729895,7.056331,7.128831,6.900874,6.48684,6.671494,6.845718,7.000652
"ORMDL2",8.490898,8.778257,8.548507,8.577142,8.677719,8.856648,8.231381,8.510839,8.571315,8.324743,8.557916,7.755311,8.624715,8.885708,8.39314,8.483565,8.27026,8.333597,8.32115,8.022921,8.398829
"DGKA",10.231495,10.10593,9.709941,10.673406,9.652085,10.018813,9.56865,10.025287,10.360849,10.023491,9.86922,9.007942,10.409748,10.098298,10.272451,10.193694,9.847574,10.786656,10.122516,10.086874,10.224201
"RAB5B",8.801739,9.080647,8.589081,9.003663,9.117693,9.346685,9.511044,8.886613,8.765145,8.892154,9.262955,8.757173,9.127519,8.733848,9.04835,8.899641,9.06417,9.081104,9.26229,9.566252,9.037578
"PA2G4",8.998106,8.828218,8.714152,9.163793,8.73266,8.811944,8.398636,9.019122,9.057438,8.730119,8.892228,8.345716,8.876476,9.234209,9.191934,9.240462,9.596784,9.167344,9.513011,9.376311,9.293048
"RPL41",6.819043,6.256193,6.770853,7.236349,7.072709,6.943453,6.338297,6.648594,6.546393,6.307664,6.697765,6.187633,6.781696,7.502854,6.555973,6.210977,6.559089,6.529129,6.510081,7.773827,6.611328
"ESYT1",8.83972,9.235354,9.19506,9.942695,8.492752,9.309242,8.732596,9.188236,9.100421,8.629888,8.804839,8.041105,9.267069,9.105451,9.316505,9.454776,8.73826,9.805803,8.938465,9.180442,9.252249
"MYL6",11.360224,10.752274,11.202668,10.454871,11.716775,11.588906,10.393991,10.944961,11.065176,11.299138,11.624068,10.36801,11.139094,11.839856,10.667979,10.396685,10.630055,10.227891,10.914014,10.869902,10.577252
"NABP2",7.784465,7.687637,7.63611,7.357978,7.513302,7.725929,7.407097,7.535316,7.483525,8.071045,7.728209,8.409636,7.639769,7.617889,7.345114,7.614935,8.45864,7.497871,7.477249,7.400102,7.845192
"SPRYD4",7.456185,7.529379,7.770649,7.668357,7.406637,7.547868,7.47775,7.48477,7.458043,7.883869,7.60827,7.306816,7.539677,7.886639,7.660852,7.707146,7.679371,7.435187,7.647579,7.397716,7.485827
"RBMS2",7.058487,7.015687,7.512612,7.131854,6.728779,7.182626,7.640385,6.90684,6.786456,7.455452,7.374907,7.439607,7.13644,6.953696,7.264213,7.437932,7.127377,7.883274,7.017786,7.749526,7.51165
"LRP1",7.219357,7.507593,7.461448,7.509664,7.397797,7.167693,7.815003,7.450668,7.749752,7.412219,8.101518,7.562196,7.873659,7.038411,7.390531,7.450567,7.494103,7.731614,7.330488,7.228401,8.022209
"SHMT2",8.319041,8.418372,8.018329,8.882796,8.17006,8.654768,7.93993,8.512702,8.542448,8.109859,8.207721,7.567548,8.282493,8.749308,8.49024,8.681708,8.274766,8.63801,7.827866,8.41767,8.224555
"MBD6",8.137544,8.350742,8.394285,8.041091,8.293678,8.293106,8.715733,8.053351,8.124209,8.229145,8.490447,8.553205,8.224025,7.79433,8.108046,8.153926,8.737944,8.519501,8.745741,8.062414,8.230016
"ATP23",6.386865,5.897436,6.182065,6.341539,6.823103,6.553505,6.354448,6.419898,6.458195,6.388492,6.715363,6.566776,6.516489,7.062689,6.704308,6.93499,6.514866,6.503992,6.927113,6.766345,6.651808
"SLC16A7",9.04628,8.856161,8.449849,9.457058,8.722844,9.255504,8.362778,9.035639,9.017403,8.446173,8.524687,7.685884,8.902739,9.214623,9.044771,9.259584,8.611112,9.41503,9.536242,9.53882,8.825584
"USP15",10.406396,10.431185,10.326566,10.451989,10.782588,10.946811,11.056445,10.151132,10.626721,10.223676,10.705173,9.719029,10.359918,10.548109,10.521642,10.435728,10.758024,10.673472,11.435611,11.124224,10.313377
"TBK1",7.851961,7.937189,7.523463,7.769765,8.209388,8.238751,7.970127,7.667554,7.900818,6.835837,8.137806,6.840435,7.873458,8.115793,8.401037,7.943176,8.022045,8.203419,8.948348,8.191444,8.046801
"LLPH",5.432126,5.561893,5.640566,5.020828,5.136943,5.21236,5.584635,5.369877,5.549161,6.019001,5.499185,6.644033,5.136259,6.005389,5.256092,5.743076,5.979562,5.110681,5.32755,4.961877,5.47619
"IRAK3",8.829366,9.153519,8.365456,9.022084,9.204727,8.440953,10.03901,8.553554,8.813008,8.317567,10.043994,8.088608,8.900168,7.919453,9.01028,9.030434,9.062616,9.249177,9.679749,9.238392,9.08206
"HELB",8.501879,8.178956,8.06905,8.862909,8.194742,8.34553,7.97041,8.367624,8.313196,7.891314,7.846199,6.949168,8.119264,8.31728,8.377359,8.399581,8.04512,8.719524,8.288712,8.3393,8.075052
"CAND1",9.376928,9.196298,8.876557,9.793309,8.954886,9.669566,9.099068,9.210096,9.138837,8.541979,8.933582,7.890333,9.098825,9.668537,9.313858,9.443583,9.183034,9.372351,9.61976,9.674009,9.22338
"RAP1B",7.971185,8.13485,7.052101,8.093143,7.626104,7.623947,7.897953,7.557846,7.901704,6.361766,7.431578,6.258551,6.986799,7.769355,7.432827,7.281405,6.489413,8.183762,8.170357,7.76624,7.175313
"NUP107",7.832496,7.879747,7.631981,8.249884,7.584375,8.116588,7.371942,7.991041,7.941621,7.39937,7.506935,6.718078,7.569649,8.482015,8.312308,8.091863,7.861704,8.314262,8.407354,8.495215,7.804622
"YEATS4",7.326447,6.855264,6.566328,7.084016,7.464751,7.42356,6.487802,7.060514,7.087035,6.522282,6.816004,5.801586,7.036893,8.015672,7.611689,7.394694,7.589881,7.372173,8.141978,7.599771,7.35348
"CCT2",8.767183,8.144788,8.369081,8.590088,8.294607,8.928393,7.893485,8.318454,8.536176,8.178658,8.289659,7.615111,8.489858,9.505373,8.627769,8.644521,9.097848,8.435212,8.77322,8.938475,8.456785
"CNOT2",8.959716,8.952854,8.523832,9.109916,8.871327,9.017601,8.729614,8.845523,9.070813,8.588727,8.823376,7.892645,8.957797,9.004042,9.037376,9.0759,8.901046,9.119038,9.147542,9.26211,8.777835
"TBC1D15",9.451017,9.08551,8.661248,9.487294,9.526071,9.481622,9.190111,9.156033,9.203648,8.878326,9.431869,7.921926,8.885929,9.797178,9.524271,9.573637,9.444799,9.66666,9.947224,9.737958,9.363567
"ATXN7L3B",9.269334,9.116235,8.971547,9.589226,9.069099,9.414658,8.972313,9.287973,9.352292,8.953511,9.055121,8.27943,9.164479,9.507139,9.144278,9.314081,8.968728,9.334359,9.462716,9.463443,9.287896
"ZDHHC17",9.149937,8.982395,8.777324,9.230993,8.985727,9.150718,9.092734,8.795205,9.072415,8.463107,8.994019,7.854001,8.965185,9.125133,9.351869,9.351505,9.007404,9.252627,9.540868,9.385924,8.884614
"METTL25",8.399486,8.16073,8.037961,8.238587,8.134025,8.454096,8.172284,7.879361,8.256025,7.844234,8.281848,7.359185,7.985987,8.459907,8.363741,8.197374,8.173729,8.527407,8.94945,8.619989,7.765105
"C12orf29",7.343986,6.928512,6.689653,7.381574,6.996218,7.114491,7.125777,6.76698,7.167868,6.644712,6.870082,6.492909,7.061991,7.577739,7.446566,7.322152,7.331541,7.149474,7.830166,8.08809,7.267831
"TMTC3",7.391386,7.285981,6.884246,7.762478,7.1245,7.784351,7.253224,7.307528,7.355186,6.667442,7.113964,6.130386,6.971732,7.920152,7.682877,7.85982,7.631667,8.099443,8.474335,8.422654,7.503676
"MRPL42",8.028916,7.885434,7.737902,8.744222,8.014376,8.562712,7.802038,8.025554,7.848017,7.299435,7.518227,6.570578,7.844356,8.751699,8.517107,8.621625,8.470156,8.578834,8.892761,9.183825,8.116451
"PLXNC1",10.184321,10.657694,10.451394,10.146565,10.843967,10.606586,11.398668,10.269376,10.460448,10.180768,11.084761,10.327703,10.647558,9.609015,10.611213,10.076873,10.564272,10.895097,10.751895,10.348471,10.641068
"METAP2",7.60945,7.309758,6.997064,7.690948,7.442634,7.748052,6.685296,7.404174,7.502579,7.002376,7.453982,6.691318,7.338863,8.206753,7.609012,7.929158,7.782034,7.762783,7.849284,7.756224,7.896392
"SNRPF",6.184427,6.15514,5.607916,6.2157,6.228556,6.660776,5.487058,6.23386,6.009897,5.719801,6.087163,5.176776,5.813896,6.968486,6.106797,5.949417,5.895296,5.484711,6.140532,5.98968,5.595759
"NEDD1",8.327862,7.970625,7.750137,8.599165,8.126031,8.717671,8.13518,8.22619,8.051868,7.760975,7.971227,7.208751,8.060542,8.582783,8.616799,8.542865,8.144162,8.539527,8.989946,9.115574,8.534021
"TMPO",10.161422,9.928981,9.546996,10.268498,9.674869,10.113855,9.595041,9.949807,10.173498,9.590818,9.713255,8.891512,9.843736,10.216926,9.800473,9.90376,9.923535,10.020792,9.990078,9.825412,10.041525
"APAF1",9.886261,10.086565,9.966304,9.798239,10.158253,10.166862,10.709647,9.766246,9.978503,9.69311,10.421419,9.703601,10.263389,9.32558,10.150991,9.921074,10.083542,10.209013,10.310209,9.73223,10.155941
"ACTR6",6.876069,6.649069,6.217695,7.056412,6.513292,6.968057,6.170552,6.500828,6.459191,6.112006,6.447217,5.261141,6.549864,7.769541,6.895936,6.843552,6.740718,6.765681,7.526676,7.065723,6.547054
"SCYL2",8.721989,8.4875,8.130571,9.045034,8.8884,9.016403,8.992611,8.513328,8.672054,8.324989,8.874188,7.571771,8.814889,8.66942,9.203184,8.948354,8.976768,9.148497,9.645886,9.219987,9.050784
"CHPT1",9.57968,9.286501,9.020777,9.871735,9.864797,9.648661,9.436938,9.289974,9.701764,8.98825,9.47935,8.965944,9.384623,9.561106,9.863534,9.4547,8.975177,9.516782,10.030797,10.135299,9.628487
"HCFC2",7.32694,7.121581,6.625363,7.40537,6.999846,7.595488,6.889769,7.062503,7.183271,6.512612,7.080975,6.208958,7.286764,7.638342,7.244325,7.425355,7.210048,7.617989,7.693292,7.68549,7.433078
"TXNRD1",8.761648,9.197022,8.95869,8.834918,9.12236,9.094927,9.038143,8.892808,8.950265,8.634115,9.332744,8.572889,8.913278,8.479471,9.215027,8.815243,8.85231,9.576452,9.492608,8.809668,9.145765
"RPL18A",12.825468,12.679707,12.633866,12.930713,12.628463,12.933272,12.315624,12.841697,12.846339,12.745154,12.773974,12.142215,12.682527,13.167947,11.978652,12.247858,11.887302,12.263658,11.843567,12.111941,11.246759
"CHST11",9.680198,10.450533,10.136987,9.892985,9.883238,10.265328,10.644226,9.747923,10.026378,9.87119,10.319265,9.349362,10.102607,9.385382,10.040015,9.704183,9.471179,10.006795,9.548813,9.292251,9.736516
"WASHC4",10.006031,9.994593,9.690277,10.256643,10.040924,10.168068,10.470711,9.825145,10.121178,9.466462,10.336412,9.027847,9.897776,10.125266,10.195794,10.082822,9.896673,10.433098,10.795934,10.26264,9.828826
"C12orf75",8.413685,8.215471,7.565076,7.921447,7.723156,8.27919,7.986106,8.009376,7.362744,7.205954,7.676207,7.199354,8.363076,8.427644,7.983037,8.399541,8.107568,8.106382,8.527792,8.265358,8.269611
"PWP1",8.073945,7.95806,7.557514,8.041859,7.936595,8.150004,7.123389,8.023808,8.131613,7.424922,7.825921,6.726812,7.913181,8.460899,8.261964,8.190144,8.006389,8.251849,8.093642,8.272591,8.156491
"USP30",7.209932,7.348868,7.066519,7.241909,7.419494,7.27919,7.349014,7.394779,7.458765,7.307391,7.13734,7.389413,7.428078,7.251715,7.371574,7.3406,7.241043,7.536453,7.433991,7.502492,7.221122
"ALDH2",8.189169,8.589339,8.171527,8.563618,8.163177,8.270178,8.733091,8.258117,8.127945,8.052354,9.087937,7.925155,8.213637,7.691769,8.651173,8.312916,8.508331,8.291328,8.246557,8.045832,8.196476
"PTPN11",8.913044,8.986116,8.743352,9.172975,8.576837,9.00208,8.457425,9.210253,8.999209,8.65168,8.881001,8.425476,8.890131,8.982579,8.918648,9.018799,8.763791,9.146835,9.038244,8.741454,8.923016
"OAS1",9.253452,9.263482,8.593064,9.802349,9.250525,9.522646,9.033412,9.480298,9.180845,8.54403,9.906224,7.974859,9.228229,9.171686,9.240175,8.877816,9.704928,9.038253,8.911305,9.282631,11.522944
"OAS3",7.53807,7.534467,7.344319,8.561383,7.883017,8.384052,7.80799,8.262532,7.970147,7.510196,9.185101,7.24254,8.357373,7.714009,7.583168,7.370192,8.901652,7.219637,7.466701,7.67915,10.946519
"OAS2",8.960355,8.978988,8.809574,9.85532,8.872275,9.248164,9.047861,9.464658,9.061506,8.489647,9.426199,8.055581,9.168983,9.090161,9.006126,9.130705,9.436648,9.376842,8.932518,9.588387,11.294384
"TPCN1",7.526213,7.417957,7.542442,7.911699,7.475389,7.342204,7.283966,7.334042,7.749401,7.285259,7.815432,7.063432,7.793768,7.64046,7.680265,7.672499,7.397609,7.944472,7.494512,7.333162,7.600841
"HSPB8",5.209752,5.233655,5.989724,5.548243,5.955608,5.766132,5.460339,5.923619,5.220586,5.983612,5.581623,6.57183,5.338575,5.31905,5.338575,5.302353,5.795601,5.53015,5.500924,5.089673,5.43654
"COX6A1",10.118861,9.550769,9.68712,9.574975,9.903298,10.515018,9.667463,9.782918,9.809298,10.215061,10.469256,9.448556,10.19452,10.636143,9.40449,9.234908,9.447287,9.500501,9.476494,9.206532,9.678654
"RNF10",11.024179,10.847939,11.269998,11.609649,11.186442,10.515534,10.605349,10.992457,10.402782,9.821402,10.754706,10.648538,10.526909,9.98517,11.456675,10.601462,10.048041,10.961883,11.027486,11.103648,10.879299
"RNF34",8.695458,8.809251,8.521807,9.105554,8.735159,8.976854,8.478834,8.720582,8.684667,8.333703,8.739242,7.637792,8.855473,8.892524,8.930645,8.877834,8.437383,8.981017,8.860239,8.758099,8.831279
"MLXIP",7.988915,8.36818,8.047405,8.45785,7.596994,7.862459,8.063224,8.030994,8.139161,8.186707,8.20375,8.049911,7.891961,7.773237,8.12272,8.095625,8.092455,8.464357,8.10378,8.123731,8.313444
"KNTC1",7.007014,6.993342,6.790151,7.466474,7.087385,7.196886,6.815904,6.838795,7.078968,6.512895,6.861279,6.19809,7.036287,7.24496,7.158013,7.36551,7.299396,7.534506,7.749916,7.721598,7.50406
"DENR",8.082507,8.223619,7.753097,8.182152,8.138381,8.26694,7.731026,7.812592,8.020509,7.641713,7.947127,6.946612,8.190573,8.427864,8.573148,8.605528,8.533008,8.397857,8.344564,8.167776,8.42228
"ARL6IP4",8.483796,8.413632,8.611916,8.131358,8.356902,8.528193,8.044779,8.294674,8.229508,8.249235,8.303754,8.155017,8.218299,8.443793,8.32021,8.076459,7.84897,7.868408,8.146299,8.036193,8.183287
"TMED2",9.597093,9.663845,9.353314,9.718964,9.61263,9.851488,9.361911,9.453863,9.582686,9.007801,9.824723,8.841882,9.485536,9.958227,9.655856,9.753057,9.777629,9.545222,9.572859,9.548022,9.349335
"GTF2H3",7.75208,7.36458,7.030886,7.919705,7.207976,7.807446,7.180707,7.433893,7.540933,6.827788,7.445388,6.215344,7.396666,8.073287,7.759063,7.711361,7.58536,8.034684,7.947838,7.871492,7.620634
"GLT1D1",9.492147,10.033081,9.422022,9.021101,10.139376,9.555199,10.380545,9.397536,9.731876,9.098115,10.429791,9.428871,9.875941,8.448681,9.684893,9.276612,9.936876,10.17674,10.177567,9.008992,9.659658
"RAN",9.104223,8.712136,8.602044,8.400991,8.847352,8.81339,7.754078,8.80565,8.842514,8.687004,8.826172,8.166852,8.783801,9.229167,8.885099,8.880476,9.149272,8.504323,8.819614,8.861449,8.777831
"SNORA49",8.762705,6.831719,6.947824,8.289772,8.400025,7.938037,8.009131,7.80202,7.96584,7.397694,7.726099,6.913308,8.597445,9.687791,7.55324,8.11617,7.330441,8.215157,8.351408,8.604206,7.5365
"ZNF26",7.100346,7.39191,6.887265,7.600461,7.117475,7.380833,6.616275,6.986021,7.353856,6.475623,6.748317,6.058201,6.858316,7.761092,7.449286,7.473877,7.086592,7.368547,7.508983,7.40138,6.919435
"ZNF84",7.829101,7.497796,7.292929,8.112976,7.304479,7.902298,7.008084,7.936698,7.796362,6.926375,7.386633,6.675557,7.377189,8.298558,7.814286,8.243959,7.605256,7.722754,7.667072,7.839713,7.159788
"ZNF10",6.046376,5.440464,5.484398,6.128602,5.342853,5.852206,5.589524,5.530754,6.055767,5.343036,5.48788,5.147021,5.563132,6.066901,5.935818,5.981778,5.199592,6.594525,6.271068,6.404986,5.737481
"FAM138D",3.508309,3.641452,3.222766,3.306134,3.781745,3.382461,3.363772,3.505554,3.521628,4.42937,3.426113,4.990122,3.640933,3.347487,3.494885,3.949822,4.286712,3.589299,3.270826,3.582541,3.370877
"KDM5A",9.720728,9.722156,9.531124,9.854574,9.597258,9.730538,9.822906,9.610421,9.863175,9.420579,9.791841,8.965377,9.996429,9.399789,9.92299,9.806915,9.631785,10.036042,9.870334,9.867053,9.910732
"DCP1B",6.962184,7.300598,6.929336,7.418494,7.059383,7.173122,6.852923,6.951425,7.143417,7.010447,6.76929,6.944522,6.889537,7.275792,7.299632,7.17797,7.376785,7.257596,7.487435,7.553796,7.40958
"CRACR2A",7.080536,7.461373,7.455172,7.562376,7.06094,7.258699,7.032273,7.533024,7.536902,5.351272,7.305331,6.96947,6.70071,7.219639,6.924052,8.061608,7.870132,8.266965,7.194095,7.778962,7.693952
"PARP11",7.443698,7.087143,6.890536,7.701125,7.143124,7.530019,7.024021,7.14921,7.411092,6.584961,7.171216,5.926104,7.371971,7.395495,7.427635,7.495513,7.103399,7.523038,7.700247,7.655222,8.02256
"C12orf4",7.681539,7.001055,6.765354,7.584245,7.278134,7.46782,7.081863,7.111481,7.393714,6.786406,7.364611,6.253767,7.268946,7.896243,7.416117,7.54112,7.730073,7.905559,8.250908,8.171478,7.646697
"TNFRSF1A",9.521923,10.139324,9.723718,9.527167,9.921701,9.95829,10.537158,9.677747,9.691768,9.547209,10.261349,9.669552,9.807721,9.247726,9.818706,9.541653,9.841532,9.851901,9.829379,9.503512,9.663029
"VAMP1",8.739036,8.499677,8.693273,8.649067,8.421921,8.82109,8.717133,8.676778,8.972912,8.789532,8.713101,8.293996,8.898986,8.619829,8.781526,8.789612,9.068113,9.023948,9.063552,8.834321,9.196698
"MRPL51",8.432035,7.788636,6.964455,6.991459,8.473015,7.75028,6.412214,8.224113,8.381901,7.94163,8.453802,7.323305,8.251545,9.051132,8.867304,8.818581,8.815389,7.679238,8.253258,8.091133,8.468596
"CHD4",9.155721,9.46714,9.348975,9.916267,8.988525,9.39439,9.283804,9.410962,9.355435,8.969626,9.290076,8.720868,9.727253,9.038131,9.446241,9.418846,9.022092,9.949767,9.00481,9.188504,9.59082
"MLF2",8.801272,9.373577,9.005373,9.171574,9.007954,9.355094,9.329238,8.977137,8.987794,8.748444,9.439551,8.513164,8.879042,8.655766,9.480759,9.131228,8.970567,9.182558,9.311159,9.363161,9.328379
"PHB2",9.203815,9.191881,8.777591,9.323739,8.984077,9.317532,8.852907,8.992703,9.124338,8.877779,9.065232,8.063647,9.010967,9.657846,9.336436,9.678166,9.839772,9.46079,9.48696,9.596392,9.084087
"SCARNA12",9.063043,8.182694,8.182207,8.468655,8.598154,8.628584,8.597557,8.294262,8.730535,8.494809,8.594074,8.469725,9.028367,9.774779,8.539319,8.759349,9.137527,8.892526,8.956795,8.48836,8.655658
"LPCAT3",8.467927,9.298307,8.706934,9.210732,9.057371,8.940988,9.183214,8.890936,8.798175,8.69562,8.869497,8.027767,8.74863,8.414505,9.149504,8.879983,9.097326,9.609634,9.115901,8.836277,9.277576
"C1RL",7.916287,8.212762,8.25401,7.777044,8.177701,8.229547,8.575606,7.869501,8.289098,7.669155,8.654467,7.32514,8.067339,7.81187,7.912932,7.838778,8.011032,8.197132,8.181579,7.77463,7.847905
"RBP5",7.795552,7.477126,7.781492,7.374691,7.736074,7.494099,7.586255,7.799229,7.762366,8.483119,7.409102,8.96597,7.696859,7.307244,7.361547,7.770148,8.142364,7.334374,7.341687,7.426293,7.655703
"CD163",7.340418,8.693795,7.936855,8.089603,7.86357,7.812676,8.44641,7.465795,7.849161,7.74038,8.549935,7.217179,7.933705,6.850601,7.875882,7.58022,7.459193,8.253846,7.820827,8.118103,7.63624
"SLC2A3",11.353542,11.508584,11.4846,11.710278,11.977123,11.786616,12.256717,11.231309,11.500503,11.235307,11.864826,11.480342,11.365987,10.900914,11.816908,11.358074,11.289757,12.217933,11.827845,11.422612,11.720886
"C3AR1",8.089152,8.645588,8.412724,8.601614,8.715722,9.18999,8.706369,8.954886,8.2142,8.18596,8.84187,7.869834,8.738932,8.118437,8.562061,8.208133,9.037668,8.374507,9.150805,8.536294,10.143646
"POU5F1P3",7.98137,8.218485,8.57103,7.71623,8.161743,8.045667,8.476007,8.145147,8.140176,8.360586,8.12394,8.034554,7.911485,8.002008,8.05209,7.427587,7.732534,7.754628,7.67298,7.886598,8.032481
"FAM90A1",6.963853,6.788634,6.893792,6.606105,6.675508,6.475782,6.493869,6.431493,6.668308,7.600418,6.60474,8.295883,6.758836,6.520181,6.641304,7.068425,7.617777,6.227222,6.197292,6.335521,6.566815
"CLEC4E",8.510608,9.24785,7.946269,7.499507,9.370123,9.317262,9.688224,9.059588,8.377975,8.252017,10.066595,8.027714,8.822914,8.438815,8.742866,8.29287,9.543355,8.249886,9.254052,8.157434,8.283678
"KLRB1",7.600579,7.977116,7.569342,7.416126,8.052833,8.115743,8.521453,7.508136,7.568568,6.756651,7.450823,7.378112,8.247766,8.946517,7.97693,8.681556,8.034675,8.316812,8.770391,9.255057,7.253286
"CLECL1",6.089875,6.034865,5.278443,5.937198,6.112039,6.530915,5.457692,5.947749,6.41875,5.707495,6.037749,5.496044,5.408662,7.133806,6.319491,5.732296,5.882832,6.269289,5.779709,7.084322,5.708704
"CD69",8.26542,7.229435,7.652463,7.933996,7.895754,8.407167,7.681613,7.734628,7.756688,6.886476,7.942809,6.4802,8.233043,9.312256,8.177462,8.108585,7.94057,8.271143,8.566276,9.158948,8.218642
"CLEC2B",8.030639,7.66003,7.625746,7.600516,8.164363,8.591341,8.063933,7.878691,7.853098,7.488957,8.102664,6.823321,7.668502,8.686176,8.131987,8.171503,8.397924,8.50318,9.351367,8.511383,7.921688
"CLEC12A-AS1",6.588972,6.39871,7.165065,6.29926,6.658412,6.236222,6.246672,6.68103,6.545468,7.413547,6.718825,7.592066,6.726748,6.241742,6.162782,6.308817,6.62827,6.432096,6.428927,5.788418,6.250139
"CLEC7A",9.563459,10.024247,9.555486,9.043983,10.231444,9.996605,10.670431,9.371044,9.683838,9.077653,10.342257,8.705127,9.887421,9.45946,9.957793,9.20561,9.826714,9.624017,10.453391,9.835604,9.573931
"KLRC4-KLRK1",9.209373,9.333766,7.927659,7.54032,7.301594,8.538488,7.327309,7.627387,7.731355,7.366069,6.690337,7.359053,7.854786,8.306141,8.383444,8.944186,7.695618,8.691525,9.474185,9.447189,8.947676
"KLRC3",8.237187,8.08083,7.55544,7.46116,6.652666,8.099693,6.65074,7.164474,7.073775,6.057973,6.453358,5.69734,7.299466,7.871813,7.387374,8.128567,7.336932,7.881309,8.785136,8.616882,8.554227
"KLRC1",6.70976,6.746897,6.170368,6.188638,5.930932,6.17885,6.522185,6.376926,6.126388,5.689651,6.131641,6.084459,6.630263,6.816569,6.703111,7.034875,6.449953,7.031404,7.33165,7.943194,6.463359
"KLRA1P",6.167365,5.95827,4.873171,5.804426,5.365193,5.853956,5.300217,5.628158,5.831685,4.924089,5.428292,4.529964,5.648688,5.948802,5.8711,5.590338,5.371483,6.266942,6.843401,6.315976,5.614159
"MAGOHB",7.797215,7.725666,7.228094,8.016045,7.68374,7.762399,7.376095,7.794026,7.829226,7.435113,7.517189,6.82573,7.659246,8.33211,8.074692,7.983254,7.836105,8.242916,8.249935,8.190539,7.594794
"YBX3",11.441069,11.594706,11.821384,12.058814,11.860551,11.109316,10.970838,11.750549,11.083024,10.087816,11.224205,11.08903,10.793588,10.664297,12.075895,11.307683,9.987927,11.195964,11.665353,11.248472,11.174102
"TAS2R13",6.401552,6.410599,6.219772,7.108397,5.596454,5.774506,6.269671,5.827185,7.00489,6.039197,6.083769,5.452217,6.179484,5.806663,6.278319,6.087563,5.546733,6.694314,6.185602,6.78912,6.577587
"TAS2R50",6.473984,6.147555,5.833361,6.904621,5.972028,6.182204,5.741234,5.7876,6.821194,5.753296,6.116562,5.102194,6.169012,6.273977,6.433207,5.614374,6.004001,6.430923,6.907513,6.768874,6.357438
"TAS2R20",7.649866,7.369503,7.103238,7.965849,7.323115,7.006798,6.933996,6.600272,8.022179,7.110771,7.165528,6.01504,7.176451,6.581952,7.426909,7.235635,6.913392,7.609847,7.6373,7.372045,7.571316
"TAS2R19",7.382644,7.257998,6.822334,7.88402,6.790836,7.277901,7.074754,6.856004,7.813507,6.434848,7.293656,5.322613,7.062565,6.744304,7.366586,7.442191,6.969606,7.688011,7.688346,8.015323,7.41045
"TAS2R31",7.763588,7.509751,7.384723,8.43075,7.335807,7.585283,7.356693,7.068901,8.316174,7.201835,7.198419,6.224876,7.366154,7.131452,8.212237,7.565878,7.729394,8.189291,7.742387,8.239349,8.164669
"TAS2R46",5.49669,4.042988,4.089866,5.280112,5.478713,4.989125,4.78538,4.677747,5.989773,4.688013,4.95698,3.93522,5.275913,5.33101,5.106413,4.977873,4.475468,5.882568,6.154029,4.934263,5.489558
"TAS2R43",6.853311,4.177913,5.843149,6.339024,5.116613,6.120234,6.473541,6.24415,6.475705,4.961976,6.33814,4.466743,6.951446,4.968006,4.473141,6.766323,5.493496,5.879474,7.410615,6.139206,6.670307
"MANSC1",7.349302,7.94988,7.820768,7.665968,8.402799,8.235101,9.002675,7.532588,7.431857,7.295513,8.574677,7.369288,7.44446,6.847588,8.165025,7.540081,8.354965,8.570842,8.83368,7.12665,7.999353
"GPRC5D",6.264774,5.96533,6.223688,6.179308,5.987074,6.064792,5.976016,6.18887,6.1008,6.79294,6.427464,7.306033,6.095218,6.149004,6.074187,6.304621,7.958272,6.928261,6.059723,5.88072,6.072128
"PLBD1",9.479337,10.538518,10.153779,10.074419,10.597731,10.147102,10.834912,9.838532,10.038096,9.860914,11.404109,9.55866,10.313269,9.468694,10.04002,10.13478,10.196418,9.991433,10.945334,9.588924,10.43753
"WBP11",8.210069,8.744124,7.957529,8.826976,8.109067,8.565612,8.138157,8.217019,8.119695,7.863768,7.978722,7.767267,8.329417,8.203912,8.550959,8.569302,8.492712,9.010352,8.862521,8.640049,8.682773
"ERP27",7.694338,7.713566,7.07356,8.00166,7.541672,7.651366,8.013597,7.650915,8.091934,7.9034,7.89688,7.273869,7.996073,7.773873,7.761461,7.931278,7.840497,8.262405,8.297366,7.929027,7.316923
"RECQL",8.282475,8.06482,7.807473,8.429849,8.13951,8.692287,7.798743,8.117119,8.306541,7.37761,8.130234,6.914251,8.026987,8.857074,8.708049,8.871358,8.363483,8.553793,8.866242,8.629533,8.155502
"LDHB",11.047441,10.41847,9.949563,10.152282,10.687074,10.600435,9.166772,10.874842,10.827959,11.04998,10.453846,10.097827,10.645941,11.286183,10.696136,10.974914,10.994437,10.178829,10.706554,10.695927,10.553384
"KRAS",8.830187,8.75128,8.527922,9.106821,9.005214,9.246405,9.140672,8.852452,8.897541,8.438287,8.912033,8.175536,8.806682,8.811261,9.079515,9.18305,9.174816,9.548777,9.810186,9.145229,9.172142
"ITPR2",8.937301,8.836442,8.650873,9.214295,8.752349,8.910883,9.097761,8.765412,8.903036,8.357904,8.776181,8.064626,9.198194,8.546754,8.946669,9.219282,8.992234,9.447609,9.348631,9.58175,9.044583
"INTS13",7.537581,7.483814,7.109719,7.781894,7.437836,7.765813,7.187672,7.559821,7.646216,6.942044,7.39949,6.549703,7.309746,7.884401,8.006074,7.965721,7.782456,8.011704,8.113261,7.86366,7.721559
"ERGIC2",8.185408,7.949761,7.852475,8.450455,8.363539,8.800553,7.905402,8.123347,7.899368,7.195804,7.977645,6.715534,7.600598,8.865511,8.586676,8.412167,8.447429,8.770301,9.1367,8.700698,7.794202
"TMTC1",5.231143,5.558189,5.498231,5.170856,5.284329,5.137277,6.727591,5.747417,6.093955,5.480582,5.005165,5.95626,5.498031,5.286117,5.556832,5.388161,5.518242,5.4891,6.320919,4.911471,5.341527
"IPO8",8.561554,8.678584,8.349776,8.865045,8.380491,8.595138,8.475691,8.416605,8.649025,8.00315,8.658586,7.371059,8.670661,8.507588,8.741326,8.663349,8.450226,8.967081,8.82212,9.088734,8.878474
"CAPRIN2",7.477602,7.114573,6.965156,7.712898,7.674699,7.357852,7.392476,7.300101,7.460544,7.171999,7.135087,6.695778,7.511707,7.4276,7.586906,7.873203,7.49475,7.796979,8.106594,8.242645,7.563062
"OVOS2",4.616889,4.434971,4.617297,4.238734,4.65228,4.007422,3.537182,4.057469,4.199517,4.417673,4.176573,4.190971,4.121768,3.874207,5.147765,4.620422,3.806335,4.053475,4.126936,4.335483,5.601367
"SINHCAF",5.615546,4.858333,4.846249,6.47168,4.475722,5.804682,5.263643,5.65838,5.186792,4.934744,5.199863,4.373665,5.794729,5.478422,5.208798,5.123114,4.201368,5.687845,5.077649,5.121435,5.604674
"DENND5B",6.395778,6.176507,5.950176,6.903004,6.387152,6.440542,5.888765,6.430494,6.661709,6.187302,6.256262,6.231622,6.445101,7.081017,6.563023,6.590887,7.558951,7.339476,6.407573,6.40175,6.350585
"AMN1",8.131008,7.684375,7.572193,8.216797,8.300723,7.937159,8.220253,7.702262,8.007425,7.822528,8.250016,7.269975,8.098491,8.359543,8.334736,8.147344,8.175531,8.681056,8.599936,8.073741,8.091454
"H3-5",9.576928,9.697747,9.090205,9.638059,10.104546,9.788781,9.861968,9.475116,9.581916,9.240857,10.021597,8.936687,9.641178,9.891833,9.648167,9.45215,9.021258,9.648666,9.541571,9.277315,9.688798
"ABCD2",8.913438,8.253883,7.963105,9.114388,8.209762,8.847585,7.855967,8.494734,8.75799,8.151775,7.765819,7.188624,7.975341,9.070403,8.869516,8.702385,7.789196,8.80518,8.934346,8.978245,7.944288
"GXYLT1",7.495248,7.609677,7.464346,7.57203,7.675987,7.739962,7.699824,7.511939,7.656492,6.714655,7.454227,6.398612,7.658771,8.060403,8.024399,7.511682,7.558947,8.04443,8.215417,8.333876,7.814094
"YAF2",7.942784,7.825452,7.371944,7.790949,7.969052,7.932273,7.653829,7.572485,7.79276,7.315351,7.683699,6.868273,7.488336,8.020747,7.916011,7.916027,7.827331,7.811434,8.375534,7.941615,7.729378
"ZCRB1",7.715782,7.067419,6.700089,7.09092,7.373473,7.239149,6.132292,7.285433,7.485682,7.052864,7.403698,6.848244,7.379713,8.584911,7.671928,8.055852,8.133644,7.328631,8.164072,7.540301,7.297341
"PUS7L",7.92914,7.580034,7.263878,8.347169,7.828585,8.136709,7.291553,7.527049,7.774845,7.120175,7.376891,6.244322,7.2741,8.644577,8.305924,8.202481,7.846741,8.42165,8.805246,8.630313,7.911111
"NELL2",9.228371,9.211665,8.623922,9.586122,8.357847,9.197838,8.800493,9.241424,9.401201,9.023643,8.804851,7.506475,9.008997,8.932307,9.182674,9.276178,8.410559,8.842815,9.508027,9.482776,8.777046
"SLC38A2",10.843334,10.809435,10.624835,10.943452,10.329756,11.114613,11.01065,10.548433,10.891114,10.660295,10.763126,9.78297,10.846955,10.792372,10.824285,10.858449,11.014578,11.321292,11.242591,10.922922,10.846488
"RPAP3",7.328849,7.094096,6.866318,7.617345,7.254692,7.630317,6.927399,7.202544,7.43177,6.8281,7.244186,5.834289,7.080018,7.801499,7.716157,7.704259,7.467691,7.840026,8.135377,7.755996,7.350532
"SENP1",8.092259,8.160364,8.256171,8.635267,8.113502,8.384692,8.258529,8.128421,8.203125,7.875324,8.228221,7.519463,8.401752,8.487361,8.365261,8.424776,8.335256,8.465624,8.821868,8.632805,8.574267
"ZNF641",7.967839,7.957526,7.80438,7.754668,8.088459,8.306472,8.25501,7.396705,7.953795,7.457822,8.21267,7.435826,8.231629,7.713706,7.947865,7.792414,7.958028,7.710999,7.855038,7.419637,7.755958
"SNORA2B",6.978983,7.051781,6.058826,6.897579,6.758357,6.876661,6.82401,6.739669,7.014987,6.227685,6.809855,5.753689,7.288516,6.695452,7.482173,7.178992,6.906838,7.375704,7.704998,6.995714,7.389763
"DDX23",8.611112,8.742475,8.301808,8.725208,8.408933,8.812465,7.762604,8.791886,8.649395,8.33956,8.717958,7.661092,8.725966,8.366897,8.685258,8.789796,8.101775,8.787457,8.319499,8.30984,8.838749
"ARF3",9.10693,9.755215,9.342038,9.387384,9.358635,9.456944,9.663386,9.570421,9.360284,9.348592,9.53189,9.073426,9.298037,8.870295,9.242416,9.149351,9.247227,9.270507,8.829686,8.872155,9.335201
"CERS5",8.0806,8.748555,8.055165,8.519359,8.544347,8.365421,8.348497,8.409332,8.548902,8.089424,8.715405,7.622266,8.645147,8.353344,8.439621,8.298962,8.013239,8.647263,8.441669,8.517394,8.296932
"PHBP19",7.339145,7.849683,7.615244,8.151467,7.366707,7.174254,7.384279,7.539504,7.668389,7.349873,7.258565,7.309811,7.609633,6.823417,7.564227,7.666187,7.116423,8.077606,7.258931,7.373773,7.562366
"SP7",7.903272,7.670229,8.100673,7.673012,7.748079,7.573679,8.077167,7.922293,7.744417,8.597688,7.874212,9.213212,7.507288,7.464639,7.637743,7.797545,8.173579,7.356178,7.625896,7.418447,7.698733
"ATP5MC2",9.760083,10.106721,10.073315,10.133692,9.869152,10.082935,9.637692,9.901224,10.031894,9.983042,9.845873,9.703012,9.860852,10.200621,9.574731,9.5786,9.547054,9.614509,9.330975,9.66549,9.568765
"CBX5",8.423884,8.340339,8.019387,9.181345,7.893325,8.511237,7.676253,8.439289,8.27453,7.802443,7.892874,7.270537,8.150368,8.372673,8.296166,8.118734,8.152002,8.761465,8.049059,8.275659,8.257425
"NFE2",8.77135,8.894201,9.055727,8.838821,9.236503,8.754361,9.104687,8.545874,8.803237,7.865132,9.348886,8.017419,8.640972,8.021852,9.108308,8.680774,8.404496,8.789439,8.904883,8.850173,9.072149
"ZNF385A",7.912296,8.385363,8.248845,8.203862,8.247254,7.859505,8.382845,8.089424,8.17223,8.422954,8.487385,8.320315,8.09431,7.93074,8.03697,8.080305,8.654863,7.928596,8.229765,8.111008,8.498198
"ITGA5",8.840884,9.250966,9.026655,8.875826,8.760075,9.196319,9.680604,8.935614,9.353681,8.916066,9.395358,8.724705,9.258709,8.769641,9.104887,8.867974,9.170158,9.269343,9.125013,8.749176,9.188212
"TESPA1",9.18856,9.137794,8.624908,9.835451,8.944152,9.104128,8.613311,9.321673,9.192243,9.12917,8.899693,7.88326,8.991412,9.47435,9.1251,9.576559,9.224354,9.658489,9.60928,9.473343,9.529385
"CD63",9.181465,10.003289,9.654834,9.421088,9.664657,9.7436,9.778206,9.279267,9.325868,9.438978,9.92333,8.862619,9.490346,9.294066,9.003444,9.031974,8.787312,8.782526,9.031805,8.887722,9.284125
"CS",8.819386,9.118949,8.822198,9.236446,8.769744,9.081334,8.87389,8.990908,9.125038,8.997254,8.9472,8.348571,9.133766,8.666624,8.861521,9.089806,8.911266,9.087093,9.017746,9.015454,9.028526
"STAT2",8.815068,8.917371,8.760526,9.476232,8.93621,9.114173,8.85618,9.15267,9.148023,8.75046,9.697771,8.056593,9.529707,9.062549,8.876343,8.955573,9.032615,8.989534,8.572591,8.800187,9.961826
"BAZ2A",8.418254,8.842856,8.657105,8.89414,8.598745,8.771294,9.04888,8.68131,8.70965,8.477348,8.893615,8.348647,9.187979,8.101157,8.895562,8.663916,8.831794,9.367642,8.926148,8.558003,9.173539
"SNORD59B",7.243063,7.104238,6.642512,7.781059,7.224394,7.166822,7.383843,6.676697,7.9311,6.470273,7.102643,6.414657,6.926404,7.657008,7.428673,7.300349,7.35311,7.91454,7.873324,7.681479,7.660708
"SNORD59A",5.253456,4.773683,4.479768,5.59835,4.947898,5.160536,5.185893,4.46886,5.565298,4.532361,5.359593,4.086962,5.482505,5.623166,5.394892,5.483962,5.404699,6.019198,6.027868,5.410981,5.207096
"PTGES3",10.211094,10.087698,9.682473,10.630444,10.101414,10.321027,10.094951,9.915232,10.125922,9.622813,10.059469,9.223897,9.937715,10.502283,10.238734,10.235978,10.012656,10.111415,10.360398,10.410785,9.999044
"NACA",11.206019,10.95859,10.512758,9.86885,11.024243,10.579651,9.12809,11.093711,11.137829,11.270088,10.837529,10.640608,11.048697,11.29823,10.798202,11.113613,10.778038,10.470764,10.363405,10.190864,10.587337
"PRIM1",7.97546,7.687152,7.239482,8.0553,7.591141,7.96109,7.221478,7.697373,7.718707,7.084218,7.393783,6.933777,7.728124,8.305693,8.104452,8.320458,7.903123,8.072353,8.102356,7.989116,7.707031
"ARHGAP9",8.625688,8.633694,8.518576,8.668241,8.86891,8.651136,9.240777,8.507354,8.878226,8.544615,9.196456,8.590588,8.933924,8.408138,8.757214,8.670104,8.977846,9.054057,9.00664,8.241118,8.654207
"CDK4",7.925931,8.015597,7.945758,8.227222,7.847223,8.131254,7.773165,8.082379,8.08695,7.668171,7.760044,7.44119,7.996803,8.185975,7.750934,7.840627,7.726852,8.171997,7.826502,8.118159,8.189284
"AVIL",7.526843,7.408455,7.449963,6.844296,7.423858,7.201264,8.227093,7.253069,7.715273,7.588803,8.662506,7.437679,7.574878,6.392111,7.72528,7.031916,7.788549,8.131033,7.498227,7.109109,7.008897
"GNS",9.374714,9.849238,9.350563,10.02403,9.732736,9.583529,10.602118,9.408162,9.66098,9.328476,10.272492,8.8283,10.077374,8.913636,9.505196,9.432203,9.533198,9.903572,9.579496,9.479264,10.067878
"MDM1",6.912187,6.865091,6.493705,7.1515,6.480364,6.950178,6.935301,6.789563,6.862248,6.614219,6.940428,5.744412,6.360002,7.045721,7.188977,7.098053,6.748403,6.962635,7.474266,7.655565,6.878034
"ZFC3H1",9.397486,9.228675,8.981553,9.792206,9.327508,9.51795,9.903972,9.174854,9.415938,9.028122,9.316411,8.389155,9.514656,9.2596,9.516786,9.514559,9.562915,9.979549,10.284415,10.183974,9.489297
"KRR1",7.983829,7.848484,7.452527,8.316554,7.467695,8.493193,7.462793,7.83843,7.959134,7.125862,7.524243,6.226999,7.274121,8.726634,8.069681,8.151468,7.805376,8.2464,8.466514,8.731731,7.810837
"NAP1L1",10.516312,10.256193,10.030375,10.641986,10.378499,10.62119,9.68563,10.332008,10.635479,10.365237,10.207508,9.711906,10.15469,10.920799,10.568585,10.8795,10.661538,10.632462,11.033206,10.722416,10.276647
"BBS10",7.357585,7.035847,6.468502,7.575327,7.391324,7.562705,7.116726,6.9832,7.308657,6.323059,7.120752,5.92695,6.901355,8.040182,7.325372,7.35568,7.34059,7.406377,8.000716,7.891383,6.832327
"OSBPL8",10.062797,9.935981,9.822233,10.071879,10.339476,10.242174,10.325589,9.776858,10.14125,9.405739,10.0464,8.938529,9.677149,9.993577,10.164015,10.201569,10.0287,10.446164,10.590905,9.959925,9.688303
"LIN7A",7.351109,7.826325,7.329258,7.001512,8.083366,8.154104,8.058594,7.401192,7.745896,6.938195,8.391,7.049463,7.711572,6.937318,7.695241,7.255199,7.457451,7.635211,8.396638,7.493374,7.523265
"CCDC59",6.595855,6.301687,5.998525,6.531382,7.062998,7.082092,6.463826,6.013174,6.312703,6.117441,6.791913,5.809456,6.448328,7.990085,7.553141,6.798594,7.180569,7.460521,7.549083,7.311219,6.719123
"CEP290",5.992566,5.713262,5.692465,6.353835,5.399013,6.013489,5.309457,5.767193,5.689548,5.025496,5.398463,5.051842,5.238448,6.207766,6.273598,6.481824,5.750346,6.553871,6.710443,6.660779,5.74642
"DUSP6",9.806801,10.230316,9.918157,9.825673,9.859959,10.261485,10.259124,10.147998,10.21056,9.852223,10.310793,8.998506,10.335327,9.388267,10.244511,9.933943,10.128533,9.797156,10.170312,10.169628,10.010918
"ATP2B1",9.872503,10.075611,9.725774,10.170453,10.084047,10.022056,10.008813,9.838579,9.960024,9.534194,10.119265,9.144673,9.939065,9.834937,10.278924,10.025636,10.235828,10.624045,10.550619,10.325703,9.96605
"EEA1",7.465429,7.189178,6.681893,7.820223,6.949521,7.321509,6.606726,6.996961,7.24508,6.681773,7.07553,5.792989,6.874977,7.470872,7.330468,7.44449,7.212346,7.535047,7.847021,7.426901,7.330636
"CEP83",5.631005,5.491469,4.993417,5.831952,5.052944,5.717776,4.972675,5.619067,5.582121,5.189592,5.139901,4.681286,5.120809,5.713995,5.673868,6.383927,5.543707,5.660441,6.104228,6.585579,5.662375
"TMCC3",8.200154,8.544812,8.565849,8.068399,8.87421,8.541041,9.00599,8.479095,8.613939,8.119193,8.971386,8.214129,8.545171,7.95467,8.58205,8.119357,8.28051,8.410424,8.480787,8.433929,8.570571
"NDUFA12",8.53177,8.338713,7.84337,8.44974,8.407236,8.4655,7.795672,8.539844,8.619694,8.297696,8.397256,7.669052,8.660373,9.245326,8.613129,8.763214,8.483498,8.593527,8.371386,8.237695,8.559176
"USP44",6.724128,5.911499,6.190075,6.497607,6.374649,6.591131,6.169314,6.061375,6.241283,6.066652,5.777001,6.193006,6.181531,6.830841,5.938298,6.314586,5.839341,6.809986,6.790209,6.646294,5.863627
"HAL",8.68501,9.32992,8.872967,8.191985,9.327123,9.036246,9.958028,8.530627,9.285258,8.840355,9.636539,8.309479,9.122453,8.406299,8.975555,8.263285,8.832674,8.984886,9.033731,8.391352,8.787821
"IKBIP",6.634704,7.149291,6.408071,6.445039,6.965214,7.121904,7.04038,6.893536,6.823988,6.104261,7.395651,6.156001,6.467889,6.384635,7.298099,6.281414,6.834114,7.030888,7.27448,6.385652,5.99406
"UHRF1BP1L",8.457536,8.606248,7.981163,8.337825,8.532164,8.373863,9.057088,8.191496,8.454823,7.979524,8.973085,7.807207,8.563353,8.229025,8.414632,8.380919,8.626346,8.761968,9.389337,8.597226,8.458981
"ARL1",7.341139,7.169833,6.907438,7.531969,7.55645,7.261724,7.014278,7.300263,7.482812,6.600722,6.979635,6.117321,7.280775,7.809566,7.531433,7.460954,7.277466,7.638336,7.612215,7.840151,7.317413
"GNPTAB",8.473118,8.463262,8.173234,8.750302,8.316011,8.529033,8.576842,8.390494,8.46895,7.951688,8.402608,7.681176,9.113931,8.681555,8.381836,8.911409,8.546564,9.058731,8.804427,8.938698,9.144592
"WASHC3",7.612949,7.120893,7.185167,7.709194,7.612195,7.543394,7.314856,7.580351,7.650954,6.820918,7.319565,6.44241,7.641065,7.915537,7.435367,7.678579,7.206397,7.760546,8.233423,8.068666,7.265985
"NUP37",7.786685,7.460809,7.000839,7.756342,7.567415,7.963417,7.167992,7.325442,7.678279,7.141304,7.483431,6.801562,7.527359,8.388238,7.632451,7.659992,7.664636,7.893596,8.072697,7.859091,7.553299
"NFYB",6.523997,6.380408,6.205106,7.079758,6.611499,7.332171,6.019996,6.038301,6.491234,6.031163,6.473678,5.460835,5.969588,7.936698,7.382008,7.372826,7.160812,7.231685,7.62357,7.718945,6.309459
"CMKLR1",7.330846,7.309426,6.797654,6.929892,6.575973,6.629445,6.995339,7.049976,6.92375,6.697888,7.051794,6.997266,7.5683,6.759671,6.93003,8.071137,6.657909,7.706306,7.236125,7.641771,9.022139
"SART3",8.73882,8.84663,8.718806,8.992923,8.48584,8.767996,8.322435,8.824907,8.817347,8.422798,8.66317,8.10705,8.821597,8.612531,8.889109,8.706569,8.343528,9.02045,8.390241,8.400735,8.8312
"SELPLG",9.781132,10.731869,10.307555,10.476914,10.203465,10.491956,10.819659,10.355256,10.119074,10.045201,10.576804,9.466729,9.959442,9.846635,9.849614,9.927532,9.83827,10.304845,9.808724,9.788744,9.941296
"ARPC3",10.799941,10.54232,9.917024,10.157579,10.930127,10.711942,10.39428,10.574095,10.735727,10.707948,11.048243,10.026506,11.060918,11.206318,11.007301,10.949044,11.067624,10.634469,11.145482,10.657366,10.878914
"VPS29",8.423967,8.219195,7.718268,8.382704,8.513115,8.293609,8.368812,8.01531,8.401767,7.702768,8.408445,7.737784,8.549334,8.831572,8.702112,8.331665,8.704272,8.723283,9.088327,8.761041,8.421773
"MAPKAPK5-AS1",6.725986,6.617927,6.497084,6.813488,6.824146,6.592308,6.346918,6.570159,6.271364,6.266098,6.611912,5.982513,6.375414,7.34659,6.870432,6.379793,6.450283,6.701666,7.042514,7.302047,6.031315
"TESC",9.059728,8.911059,9.267073,8.618999,9.460523,8.828813,8.683514,8.733027,8.455867,7.888514,8.822228,7.880647,8.386012,8.392875,8.947433,8.312808,7.822129,7.941881,8.20009,9.107256,8.436428
"WSB2",8.442387,8.516981,8.156671,8.586328,8.499535,8.614796,8.643618,8.391299,8.567726,8.328375,8.872004,8.627895,9.15062,8.233265,8.277239,8.5168,8.697482,8.738465,8.765944,8.08956,8.715137
"RAB35",8.378594,8.807929,8.332703,8.272713,8.496579,8.626311,8.681439,8.569417,8.422258,8.147974,8.861091,8.088938,8.554481,8.271328,8.521064,8.359071,8.359376,8.371816,8.364211,8.03262,8.451848
"RPLP0",10.113071,9.849063,9.867909,10.099922,9.7925,10.300469,9.357244,9.859894,10.135562,9.912026,10.006734,8.991717,10.042224,10.502496,9.340914,9.432991,9.336363,9.482619,9.271892,9.504873,8.593441
"PXN",8.460075,9.141267,8.841184,8.638355,9.046298,8.835826,9.501302,8.884573,8.881329,8.735901,9.421072,8.654291,9.002352,8.213789,9.202942,8.829344,9.248569,9.39195,9.242285,8.56841,9.441052
"RNU4-2",6.130363,5.794006,5.192755,5.715512,6.362875,5.311787,6.33964,5.535321,6.476063,5.029671,5.633775,5.241434,7.657123,5.808115,5.178449,6.646395,5.527814,6.714662,7.502663,7.915449,6.319317
"RNU4-1",9.404207,8.119791,8.542531,8.356372,8.912736,8.797116,8.946713,8.794585,8.822818,8.49611,8.819386,8.112402,9.505044,8.995893,7.939092,8.804395,8.188733,8.76455,8.605997,8.708554,8.693573
"POP5",7.068939,7.005515,6.796703,7.270163,7.313362,7.160696,6.492973,7.165903,7.107876,6.970192,7.111254,6.509852,7.327772,7.901061,6.495396,7.255147,7.143363,7.129793,7.089034,6.997827,7.062745
"HNF1A-AS1",5.054028,5.289936,5.376602,5.080933,5.633491,5.109618,5.363546,5.003989,4.973564,5.902997,5.137442,6.981323,5.383765,5.299429,5.241271,5.768545,5.69794,5.418239,5.02707,5.360738,5.090771
"OASL",7.347167,7.48181,7.193293,7.809812,7.939814,8.055696,7.694634,7.666343,7.543624,7.418777,8.549422,7.432043,7.528479,7.314818,6.978791,6.838153,7.367815,7.367712,7.458676,7.249973,9.650371
"RHOF",8.371835,8.479658,8.416379,8.439949,8.125618,8.399458,8.239385,8.382036,8.402921,8.051593,8.255196,7.4468,8.31352,8.393324,8.188943,8.33744,8.073086,8.274482,8.148548,8.068219,8.238703
"LINC01089",7.857934,7.508956,7.692272,7.966763,7.513341,7.711995,7.646435,7.728263,7.799923,7.974563,7.709743,7.713803,7.774937,7.867401,7.339227,7.819276,7.89194,7.863717,8.145469,7.538672,7.949263
"RSRC2",8.559428,8.515546,8.209265,8.568442,8.470695,8.59914,7.584292,8.430356,8.590062,7.960237,8.35962,7.276923,8.257346,8.740333,8.680979,8.659587,8.376089,8.706518,8.782419,8.250911,8.410771
"HCAR2",8.203506,8.710841,8.486493,7.956759,9.478401,9.380876,9.426612,8.751128,9.005771,8.108182,9.027882,8.004917,9.003665,8.051957,8.873235,9.200169,8.966031,9.350952,9.196066,8.302666,8.534756
"HCAR3",8.326728,8.894931,7.593536,8.215168,9.881674,8.937111,9.30589,8.512253,9.248301,8.194129,8.906647,8.063548,9.09858,7.968751,8.709144,8.753155,9.187213,9.384763,9.285169,8.17409,8.742829
"CDK2AP1",8.165596,8.308491,8.611583,8.42463,8.471101,8.398561,8.376873,8.33369,8.191185,7.94539,8.048546,7.995197,8.190108,7.98857,8.369424,8.441309,8.143883,8.13332,8.348849,8.090305,8.200987
"SBNO1",8.942183,8.892588,8.656617,9.23396,8.797119,9.049065,8.765514,8.855158,9.022411,8.350768,8.961773,7.95691,8.970553,8.862612,9.371277,9.256261,8.864608,9.61919,9.289419,9.167243,9.054592
"CCDC92",7.031198,7.091523,6.694328,7.310529,6.948758,7.227849,6.954532,7.356495,7.292082,6.525051,7.051321,6.771687,7.195636,6.982933,7.265152,7.819806,7.343999,7.536406,7.411534,7.265941,7.550843
"LOC101928697",4.781055,5.068257,5.194727,4.382798,5.52858,4.80933,5.299869,5.210824,4.944671,5.694401,5.130394,5.479362,5.173542,4.733346,4.987503,4.548708,4.783844,4.708521,4.778978,4.441537,4.767569
"IFT88",6.446905,6.619987,6.434664,6.639809,6.769432,6.525694,6.125772,6.49328,6.62892,6.06264,6.08323,5.683005,6.341605,6.958427,6.708371,6.464761,6.508158,7.207252,7.09971,7.149629,6.587553
"SAP18",9.202062,9.447752,8.907572,9.262204,9.396748,9.578155,8.121564,9.253372,9.294236,9.160286,9.38648,8.466911,9.217928,9.580008,9.434784,9.139936,8.917372,8.910637,9.041814,8.974893,9.296817
"MRPL57",7.728912,7.549247,7.742038,7.827897,7.735631,7.858188,7.741597,7.517786,7.61667,7.487263,7.614411,7.07017,7.482907,8.216231,7.609482,7.534252,7.516531,7.629996,7.487331,7.843651,7.599343
"C1QTNF9",4.581632,4.286833,4.206167,3.907926,3.6066,3.822819,4.75261,3.937303,4.353282,5.095758,4.304193,5.808985,3.821463,4.338672,4.200985,4.083824,4.600543,4.336779,4.930473,3.657997,5.007688
"NUP58",8.68613,8.768715,8.396662,8.858272,8.698581,8.834605,9.014427,8.483546,8.706203,8.114752,9.091004,7.617149,8.749442,8.428307,8.763415,8.421527,8.503629,8.821829,9.102682,8.737726,8.614576
"CDK8",8.13388,7.938474,7.385713,8.232486,8.007672,8.003186,7.625621,7.954553,8.319417,7.145651,8.022993,7.123459,8.096583,8.072946,8.281863,8.45672,8.198999,8.412985,8.569143,8.736975,8.411282
"SNORD102",5.032951,5.570576,4.716984,5.867419,5.067144,5.456303,5.199598,5.17066,5.756661,4.481612,5.219999,4.486932,5.179829,5.51384,5.448591,5.54552,5.141025,5.807708,5.728271,5.384725,5.121523
"SNORA27",7.176167,6.887836,6.93825,7.422071,7.235277,7.001587,6.896303,6.932788,7.468072,7.156101,6.906154,6.439066,7.024738,7.716114,7.190476,7.280446,7.335344,7.819072,7.384381,7.322198,7.208909
"GTF3A",9.103427,8.905341,8.867347,9.482351,9.19159,9.038865,8.852269,8.894777,8.982181,8.79653,9.147736,8.123562,8.992687,9.814982,9.117985,9.320497,9.284407,9.16479,9.4967,9.287297,8.809495
"ATP5F1EP2",7.857703,7.403671,7.171889,7.612945,8.431511,7.939994,7.053242,7.439592,7.659754,7.605137,8.086301,6.709954,7.629354,8.768289,7.668509,7.510376,7.749324,7.613619,7.938942,8.112716,7.330904
"POMP",8.298868,8.042155,7.675327,7.510733,8.427783,8.168615,7.410082,8.050053,8.247109,7.775435,8.3572,7.579916,8.075107,8.653689,8.341243,8.338198,8.03025,8.043824,8.380412,7.789391,8.183113
"USPL1",8.879985,8.686141,8.162068,9.103762,8.639083,8.820835,8.733376,8.717935,8.734409,8.39517,8.534421,7.542501,8.582257,8.980578,9.126044,9.166257,9.092152,9.223455,9.455992,9.360444,8.794545
"ALOX5AP",10.590361,11.241103,10.874732,10.44104,11.478459,11.320292,11.504481,11.026524,10.851178,10.818697,11.603757,10.690654,10.836831,10.63686,11.207119,10.98166,10.597761,11.498422,10.989327,10.660446,11.120965
"FRY",8.785401,9.147318,9.181568,8.756531,9.223035,9.175474,9.989548,8.896576,9.210987,8.826981,9.542231,8.6774,9.499001,8.300096,9.140715,8.740839,9.04401,9.294477,9.732911,9.050099,8.597686
"PDS5B",8.769462,8.80123,8.431971,8.992938,8.6102,8.962466,8.572581,8.608297,8.687442,8.204899,8.579439,7.574287,8.606712,8.715666,8.821098,8.929457,8.769021,9.19427,9.42493,9.251332,8.761444
"RFXAP",7.618471,7.273986,7.117506,7.844111,7.36615,7.433122,7.031593,7.659828,7.925815,7.189593,7.05744,6.498656,7.266368,7.762055,7.775429,7.83136,7.57519,7.764064,7.966268,7.66878,7.338518
"EXOSC8",7.368362,7.002424,6.257935,7.294573,7.112109,7.333515,6.395245,7.036202,7.388129,7.007764,7.058939,6.001981,7.116124,8.012759,7.511423,7.481077,7.646544,7.825965,7.872448,7.503628,7.399855
"UFM1",8.526262,8.485638,8.06732,8.798667,8.553519,8.776152,7.845674,8.316581,8.292061,7.931489,8.310418,7.046536,8.051358,9.134954,8.691055,9.006608,8.508356,8.761048,9.193449,9.246046,8.123451
"COG6",8.428206,8.384998,7.754388,8.587373,8.424998,8.610989,7.753453,8.22427,8.355902,7.38881,8.028994,6.692932,8.108419,9.029019,8.650046,8.51675,8.4995,8.764644,9.021198,9.161777,8.402012
"WBP4",6.425906,6.110837,5.777953,6.059046,6.251025,6.440162,5.729771,6.044952,6.133011,5.721559,6.515943,5.505212,6.287803,6.413001,6.931121,6.521943,6.039442,6.382525,6.717171,6.306991,6.61003
"NAA16",8.546967,8.326793,7.695971,8.949128,7.947086,8.286605,8.29004,8.263402,8.697074,7.861828,8.121328,7.135029,8.358272,8.327771,8.690722,8.565646,8.390171,9.088666,8.785963,8.743454,8.331087
"AKAP11",8.527074,8.352573,7.983197,8.995417,8.229186,8.528155,8.292101,8.309296,8.543156,7.962735,8.016395,7.120762,8.412702,8.570098,8.468637,8.514049,8.429001,8.965793,8.830554,9.115559,8.410622
"DNAJC15",7.608168,6.765373,6.280068,7.452013,7.117719,7.521216,6.624846,7.344908,7.364442,6.964329,7.365633,6.544289,7.2967,7.897902,7.407828,7.513109,7.255649,7.543894,8.17654,7.779961,7.396248
"GPALPP1",8.093178,8.024416,7.397457,8.067468,7.713513,7.908424,7.348115,7.914,7.907576,7.406542,7.52875,7.142992,7.704156,8.313995,8.23563,8.165543,7.893378,8.034792,8.135583,8.371348,8.067612
"TPT1-AS1",7.639615,7.480104,7.234573,7.746163,7.261597,7.276114,7.11585,7.620204,7.55302,7.194364,7.532408,6.922755,7.83976,7.41109,7.655933,7.313861,7.390288,7.846362,7.578006,7.79585,7.573916
"CYSLTR2",7.176751,6.90486,6.949669,7.715267,6.598862,7.891676,6.709247,7.415239,6.898777,7.305791,6.810669,6.205082,6.938766,7.284945,7.593881,6.819691,6.930709,6.716713,8.189977,7.566997,6.967708
"SETDB2",7.790791,7.857093,7.440362,8.359915,7.897138,8.144416,7.484324,7.872174,8.04838,7.219235,7.510797,6.70184,7.621785,8.228761,8.372928,8.323948,8.244286,8.575986,8.684135,8.488371,8.113466
"PHF11",8.154255,8.080228,7.124477,8.373453,8.325251,8.221433,8.203786,7.856928,8.328096,7.537806,8.399053,6.910336,8.350174,8.466842,8.46392,8.393401,8.478267,8.447755,9.089548,8.521073,8.942459
"RNASEH2B",8.567284,8.115808,7.863713,8.580801,8.103608,8.412301,7.523723,8.245158,8.351845,7.853692,7.912614,7.124519,8.033754,8.782409,8.56146,8.674291,8.495185,8.583426,8.516409,8.992079,8.371144
"CKAP2",7.602737,7.642591,7.292752,8.014738,7.328523,8.056338,7.450509,7.573565,7.693039,6.772631,7.540665,6.999212,7.745537,8.017476,8.161205,7.651768,8.00883,8.106796,8.307354,7.862731,7.548211
"SUGT1",8.461813,8.321574,7.838601,8.350561,8.206984,8.343338,7.522802,8.163118,8.424586,7.524697,8.216216,7.421335,8.207885,8.56359,8.507744,8.751789,8.282794,8.440465,8.711015,8.501886,8.211
"OLFM4",5.63039,5.53904,5.55013,5.977121,5.735502,5.302848,6.434633,5.53259,5.494708,5.441328,5.928727,5.352258,5.710514,5.135783,5.367878,5.257944,5.496359,5.564493,6.592601,5.506679,7.407756
"BORA",6.63714,6.286853,6.028581,6.869416,6.391553,6.658276,5.702565,6.554721,6.608399,5.878163,6.456738,5.93178,6.351573,6.992462,6.654132,6.531993,6.585935,6.791593,7.0695,6.862467,6.592755
"PIBF1",6.987413,7.025029,6.513465,7.203297,7.095098,7.296093,6.411001,7.077112,7.133819,6.062142,6.872886,5.52723,6.245893,7.54245,7.230735,7.43039,6.928731,7.427643,7.431011,7.277186,6.456347
"UCHL3",8.549883,8.090172,7.958601,8.484314,8.522214,8.303252,7.934587,8.31981,8.659329,7.871312,8.305956,7.410146,8.354605,9.00581,8.603612,8.739993,8.908102,8.720413,8.892118,8.567531,8.644875
"CLN5",6.97245,6.957501,6.535939,7.254719,7.205102,7.379035,6.995324,7.100876,7.164783,6.726864,7.145026,5.97453,7.003237,7.747673,7.187401,7.284615,6.652288,7.481528,7.681376,7.394385,7.315446
"SLAIN1",8.259029,7.659573,7.260741,8.00903,7.761454,7.982806,7.707041,8.039708,8.089289,7.476218,7.772519,7.114094,8.135808,8.524898,8.211326,8.122657,8.227994,8.223438,8.463028,8.60151,8.126357
"DNAJC3",8.407632,8.709473,8.354159,8.596422,8.992599,8.849122,9.241423,8.364349,8.488215,7.944364,9.174731,7.923118,8.742242,8.059677,8.822197,8.708188,8.834597,9.327353,9.163685,8.437755,8.242452
"RAP2A",8.3495,8.225996,7.892725,8.614339,8.204319,8.616979,7.757883,8.248705,8.124373,7.624684,8.097298,7.080854,8.026082,8.715048,8.353274,8.207997,8.258521,8.229862,8.678034,8.658565,8.448704
"TM9SF2",10.305134,10.932923,10.333832,10.690595,10.495002,10.843921,11.20319,10.378305,10.45429,10.348065,10.852921,9.971148,10.676008,10.327937,10.794666,10.782914,10.955908,10.870237,11.426574,10.90605,10.605606
"TPP2",9.650085,9.561898,9.289087,9.990534,9.116806,9.670309,9.408838,9.444938,9.67842,9.406031,9.081711,8.474295,9.737234,9.380194,9.691075,9.934363,9.741451,10.10433,10.024244,10.260614,9.817306
"BIVM",7.696454,7.643712,7.750249,8.028797,7.724759,7.632498,7.745481,7.937721,7.932111,7.614916,7.639847,6.612558,7.32558,8.150461,7.448393,7.779025,6.73937,8.466029,7.162707,7.343555,7.474519
"ABHD13",9.597186,9.224824,8.903008,9.318212,9.494057,9.573838,9.403276,9.328115,9.362525,8.656358,9.480106,8.370509,9.307534,9.71363,9.479313,9.397713,9.350641,9.506422,10.056481,9.746161,9.15436
"TNFSF13B",8.807109,9.133816,8.677701,9.033846,9.875332,9.339699,9.849072,9.112471,9.323485,8.698084,10.163269,8.196841,9.206138,8.794125,9.073818,8.901524,9.223811,9.037115,9.588267,9.547441,9.428939
"TFDP1",8.820649,8.405318,8.515039,9.362206,9.233016,8.88758,9.0148,8.792127,8.852199,8.203963,9.055578,8.146953,8.761776,8.741687,9.329641,9.077822,8.998253,9.24414,9.302888,8.832708,8.983538
"UPF3A",9.485317,9.366226,9.201677,9.279613,9.303085,9.252869,8.953677,9.588202,9.460599,9.074569,9.209495,9.427212,9.563808,9.180322,10.028333,9.659334,9.222701,9.740192,9.530416,9.870266,9.639422
"TPTE2",6.324567,5.72265,6.079521,4.55996,5.917456,5.256514,5.21262,6.249378,5.911035,5.336982,4.938263,6.574193,4.264811,5.731489,3.254277,3.058717,5.249422,5.842845,4.811384,6.726941,6.396478
"ZMYM5",7.131047,6.932693,6.651142,7.141146,6.883562,6.874059,6.869993,6.940267,7.051634,6.559965,6.568447,5.901173,6.866509,6.828735,7.102849,7.292559,7.475143,7.005851,7.452839,7.299215,7.135641
"XPO4",7.855503,7.704026,7.487004,8.549654,7.529302,7.988662,7.696493,7.774399,8.088347,7.429509,7.616765,6.87723,7.906292,7.828382,7.692435,8.128978,7.560466,8.327704,8.264253,8.309728,8.051312
"SKA3",5.105956,5.047174,5.496726,5.105923,5.713584,5.439388,5.178255,5.162123,5.202294,4.934401,5.187647,4.970117,4.9355,5.345716,6.008588,5.588697,5.238611,5.151756,6.195239,6.548542,5.525108
"MICU2",8.011104,7.943612,7.113653,8.278052,8.111854,8.08036,7.670669,7.864107,8.108641,7.098156,7.906758,6.565142,7.779047,8.546454,8.19745,8.131794,7.944497,8.171827,8.785299,8.189748,8.063205
"SACS",7.284286,6.93628,6.888149,7.515953,7.112396,7.682303,6.707971,7.093903,7.285311,6.48062,6.790572,5.819036,6.755544,7.922858,7.33905,7.528212,7.116197,7.151325,7.601565,7.915009,7.129702
"MIPEP",7.252801,7.33996,6.847653,7.52352,7.049346,7.238205,6.734631,7.33636,7.190757,6.818598,6.986903,6.353549,7.23365,7.263773,7.392152,7.458591,7.295417,7.625136,7.298201,7.483073,7.25213
"C1QTNF9B",4.852489,4.535513,5.027734,4.964592,4.616384,4.550373,4.852001,4.372442,4.694839,5.449569,5.362176,5.5911,4.685,4.731725,4.564268,4.769668,4.376187,4.742779,4.656503,4.565656,3.999064
"RNF6",7.710964,7.521008,7.451562,7.463126,7.654505,7.812197,6.845276,7.591968,7.621317,7.165121,7.726804,6.797851,7.642824,8.153389,7.729243,7.957119,7.617528,7.941091,7.918778,7.799289,7.82363
"GPR12",5.544271,5.472904,5.858982,5.717936,5.782638,5.506145,5.531351,5.51323,5.500866,6.505234,5.50393,6.722299,5.517908,5.568059,5.772219,5.703271,6.392719,5.332871,5.628532,5.217318,5.571774
"USP12",7.829596,7.904703,6.973114,8.429312,7.83903,7.849231,8.411166,7.560488,7.379958,7.319866,7.619386,6.970496,7.663802,8.387884,7.962091,8.120681,7.70473,8.828207,9.432946,9.408641,7.84732
"SLC46A3",8.464251,8.163325,7.744801,8.458036,8.469717,8.486518,8.309354,7.955535,8.334107,7.69859,8.117882,7.328097,8.523066,8.246305,8.273031,8.410704,8.350171,8.790376,9.115408,8.753767,8.312886
"UBL3",8.735846,8.660814,8.066332,8.65706,8.781191,8.694306,8.653017,8.604506,8.783868,7.863778,8.750225,7.383555,8.677518,8.979558,8.909879,8.741811,8.450086,8.62164,9.022087,8.517887,8.43943
"HMGB1",8.47922,8.204459,7.758166,8.247,8.28329,8.49905,7.65544,8.174706,8.249998,7.830609,8.059804,7.459165,7.916923,9.052759,8.757372,8.56174,8.790958,8.770544,9.41796,8.97258,8.123643
"HSPH1",8.96495,8.567768,8.645095,9.263245,8.300549,9.130161,8.037756,8.964841,8.747269,8.240214,9.096927,7.731846,8.572265,9.269562,9.255782,9.355503,8.484461,9.002278,9.057112,8.913239,9.036027
"SPART",7.563092,8.013406,7.615055,8.029255,8.056657,7.932986,7.822958,7.955092,7.794653,7.338339,8.037026,6.799611,7.642146,7.514778,8.163608,7.88311,7.280261,8.316282,8.416266,8.161982,8.298322
"SUPT20H",9.213465,8.878405,8.479961,9.32609,9.382131,9.285033,9.748901,8.968746,9.340441,8.807523,9.357793,8.139312,9.422085,9.206917,9.299757,9.279323,9.125255,9.347911,10.139184,9.675067,9.405218
"PROSER1",7.5965,7.799514,7.481343,8.029661,7.525505,7.733166,7.612102,7.60528,7.763869,6.950801,7.463168,7.204438,7.758339,7.614352,7.859345,7.979447,7.993323,7.951095,8.200256,8.20495,8.389431
"MRPS31",7.758575,7.496417,7.237657,7.858629,7.376013,7.991877,6.879954,7.510373,7.491878,6.988984,7.244519,6.835038,7.404133,8.10639,7.696204,7.776529,7.55634,7.767954,7.525446,7.845275,7.291265
"ELF1",11.07552,11.2945,10.964736,11.409571,10.988071,11.244897,11.130852,11.249561,11.153056,10.88702,11.330585,10.594103,11.064409,11.039543,11.350886,11.264423,11.109448,11.405059,11.127031,11.010542,11.413074
"KBTBD7",8.065562,7.821741,7.650724,7.698915,8.028056,8.708994,8.425517,8.055134,8.06267,7.223095,8.556037,7.051763,8.009998,8.371577,8.390152,7.923469,8.024755,8.104626,7.866661,7.836962,7.399644
"MTRF1",7.545747,7.340498,7.154012,7.790845,7.327135,7.446364,7.017155,7.220426,7.553058,6.819609,7.361013,6.441141,7.498248,7.526963,7.747695,7.570476,7.369335,8.318891,7.972976,7.817154,7.588894
"EPSTI1",7.137885,6.553159,6.204728,8.024882,7.157771,7.749179,6.258834,7.511844,6.861606,6.104444,7.748385,5.523586,7.677217,7.464095,6.779016,7.325065,7.593656,7.280603,6.803244,7.884039,9.503569
"TPT1",7.822799,7.523997,7.3032,7.685737,7.778018,7.308007,7.659832,7.099712,7.184018,6.827904,7.185104,7.051738,7.570383,8.476045,7.811213,7.671933,8.067316,8.103891,8.125427,7.884664,7.618146
"SLC25A30",7.561906,7.663173,7.041312,7.944578,7.277454,7.386603,7.100076,7.404329,7.44314,6.799491,7.090777,6.269565,7.508824,7.493531,7.757621,7.745309,7.426826,7.952917,7.433185,7.498905,7.584256
"ZC3H13",8.356453,8.577209,8.178925,8.753627,8.115254,8.517119,7.465301,8.414503,8.362564,7.935762,8.428876,7.50637,8.330032,8.308724,8.574886,8.456027,8.050405,8.769857,8.382954,8.505448,8.492772
"RUBCNL",9.000399,8.673388,8.704496,9.003019,9.276167,9.051679,9.220952,8.651683,9.082397,8.105054,9.477767,8.158059,8.867557,8.912505,9.321634,9.101736,9.128087,9.789772,9.382748,8.342428,8.827977
"ESD",8.127373,8.043712,7.099641,7.941825,7.972044,8.224572,7.56764,7.984484,8.019824,7.814084,7.864407,7.038486,7.741607,8.590994,8.136953,8.181769,7.834336,7.840179,8.368028,8.247391,7.686198
"SUCLA2",8.50523,7.983587,7.595608,8.422523,7.786434,8.413315,7.321737,8.3846,7.95353,7.747961,8.346958,7.444815,8.09006,8.6882,8.325734,8.545,8.59325,8.318119,9.018813,8.740689,8.364924
"MED4",7.990542,7.647691,7.016013,7.674813,7.500934,7.768066,6.67983,7.392272,7.741988,6.549998,7.697134,6.026807,7.475204,8.063873,8.08669,8.185762,7.76139,8.047396,8.216215,7.850982,7.595737
"PCNP",9.474078,9.114113,8.768668,9.605373,9.517038,9.505596,8.863704,9.249604,9.537759,8.965874,9.173344,8.487692,9.110306,9.795779,9.26351,9.365606,9.154736,9.257277,9.361767,9.137331,8.883707
"LPAR6",8.995292,8.076771,8.303509,8.831338,9.389993,9.279047,8.693058,8.17969,8.881971,8.323535,8.6684,7.879168,8.569906,9.46988,8.852681,8.81972,9.6727,9.05452,9.86262,9.547502,9.136715
"RCBTB2",8.379276,8.757385,8.439671,8.417185,8.878426,8.692362,9.211984,8.031491,8.742707,8.287172,9.133139,8.119552,8.688517,7.771518,8.513285,8.516272,8.407907,8.744278,9.130795,8.80205,8.618157
"KPNA3",8.189317,8.095078,7.707713,8.372667,8.051737,8.238611,7.896393,8.046425,8.06425,7.767414,8.148612,7.016961,8.080159,8.124065,8.49167,8.550641,8.433215,8.306205,8.50637,8.441977,8.646983
"DLEU2",10.027637,9.466222,9.383847,9.658244,9.729474,9.641852,9.922615,9.518135,9.875762,9.32514,9.820672,8.363363,9.771889,9.927846,9.67642,9.908162,10.121009,9.974902,10.372421,9.886325,9.494611
"MIR16-1",5.347842,5.678386,5.064612,5.427605,5.743323,5.384927,5.553546,5.412815,5.431858,4.781415,5.510162,4.380356,4.874985,5.294806,6.043902,5.495445,5.317594,6.305119,5.993704,5.197205,5.168398
"MIR15A",9.871072,9.370069,9.136224,9.439318,9.887375,9.79506,9.439012,9.197009,9.677136,8.814438,9.745612,8.440192,9.547436,10.212424,9.561283,9.491266,9.880505,9.774225,10.292682,9.454694,9.281159
"TMEM272",9.729115,8.714083,8.584042,8.74832,9.283523,8.869693,8.792693,8.907534,9.302239,8.941078,9.606135,8.271202,9.186279,8.958042,8.619374,8.734585,8.732571,9.392579,8.85608,8.468428,8.402947
"VPS36",8.736592,8.441619,8.166773,8.855507,8.520877,8.771689,8.110581,8.419422,8.599236,7.912487,8.508052,7.567503,8.705822,8.904363,8.657182,8.859702,8.819632,8.859339,9.150313,8.904613,8.668541
"DIS3",8.219079,8.067878,7.655062,8.106288,8.01918,8.425326,7.979851,8.021427,8.15696,7.698999,8.008072,6.841587,7.861313,8.582678,8.413014,8.308395,8.390225,8.3293,8.990196,8.549225,8.449533
"COMMD6",7.77892,7.234855,7.369381,7.41403,7.317016,7.857374,7.680632,7.315911,7.406811,7.418148,7.525334,6.840486,7.484449,8.65594,7.405071,7.169377,7.228134,7.143164,7.834914,7.589293,7.273944
"KCTD12",8.494254,8.765367,8.673685,8.73741,8.834166,8.495079,8.832374,8.399921,8.311328,8.699265,9.001535,8.361828,8.537313,8.382251,8.500438,8.288933,8.42114,8.471839,8.111583,8.296949,8.6546
"FBXL3",10.436802,10.359034,10.033785,10.499954,10.402755,10.437229,10.340073,10.292347,10.344863,10.036532,10.307908,9.665204,10.331208,10.552879,10.445943,10.351702,10.262175,10.43037,10.693878,10.28557,10.317444
"MYCBP2",9.483014,9.28231,9.294079,10.031095,9.190665,9.398888,9.84733,9.442757,9.593196,9.121924,9.383639,8.662793,9.929293,9.144845,9.581909,9.723174,9.330941,10.126359,9.772855,10.2662,9.83874
"OBI1",7.879152,7.218706,7.370013,7.944576,7.505737,8.119475,7.191333,7.625293,7.57097,7.201955,7.468121,7.008515,7.501884,8.690676,8.165102,8.170157,7.5807,7.838497,8.501966,8.326932,7.780873
"TGDS",6.975914,6.679339,5.834108,7.311638,6.615458,6.800395,6.456717,6.68333,6.869513,5.864007,6.53599,5.807058,6.838495,7.383457,6.808605,7.127555,6.865146,6.768472,7.290499,7.57704,6.820061
"GPR18",8.536983,8.039554,7.66266,8.454067,8.093488,8.637406,7.881913,8.345014,8.474422,8.303107,7.967706,7.770016,8.137643,9.49803,8.326258,8.738311,8.631031,8.70688,8.737816,8.597847,7.988293
"GPR183",8.910577,8.569754,8.347288,8.77819,9.133122,9.026071,8.277518,8.694855,8.794241,8.411163,8.25116,7.757839,8.426553,9.757889,8.961147,8.552545,8.944192,8.809813,9.084966,8.860701,8.222809
"TEX30",5.709036,5.679171,5.361802,5.423649,5.486184,6.14834,5.374288,5.343647,5.555021,5.400166,5.347176,4.839267,5.688705,6.63788,6.291412,5.522113,5.66396,6.203648,6.986806,6.017288,5.747003
"ARGLU1",9.828087,9.608402,9.367058,9.951051,9.703432,10.035911,9.409836,9.724552,9.812381,9.485323,9.599386,8.692613,9.604594,10.274614,9.972048,10.0728,9.815046,10.081891,10.488897,10.143367,9.610744
"DCUN1D2",8.072262,8.06789,7.667092,8.087511,7.86656,7.810971,7.879474,7.857631,8.266893,7.572123,7.863671,7.39617,8.100755,7.832395,8.372422,8.444453,7.953472,8.406065,8.425238,8.11059,8.169674
"GAS6-AS1",5.757321,5.623903,5.93182,7.032959,6.177422,6.324277,5.597406,6.291783,5.25483,6.413405,5.590316,6.53871,6.369789,6.157762,6.389932,6.55335,5.898327,6.739299,6.038664,6.438243,6.560411
"OR4N2",5.072259,5.022682,4.954252,4.993093,5.000544,4.818384,4.983598,4.91162,4.762541,6.191289,4.999934,6.732674,4.648851,4.839797,4.808569,4.732141,4.972006,4.388416,4.767242,4.924625,4.901841
"OR4K2",4.753183,4.510918,4.84746,4.650338,4.554806,4.577112,4.398638,4.918335,4.822247,5.948992,4.75911,6.848008,4.69344,4.494275,5.065859,4.78042,5.560747,4.637364,4.852649,4.854492,4.855403
"OR4K5",4.76591,4.835083,4.876108,4.75279,4.880976,4.619068,4.811702,4.338521,4.96605,6.094181,5.010803,7.477255,4.751456,4.897502,4.585475,5.328942,5.941072,4.825268,5.102528,4.996477,4.760537
"OR4K1",5.360967,4.924308,5.261963,4.727991,5.190176,4.987877,5.23967,5.105386,5.259263,6.335018,4.95743,6.832852,5.443328,5.494722,5.043876,5.215805,6.004434,4.876976,5.238813,4.968167,5.152491
"APEX1",9.129336,9.318408,8.877795,9.376223,9.030258,9.239478,8.257955,9.123532,9.031524,9.250862,9.082705,8.244294,9.248641,9.715274,9.352424,9.532521,9.39246,9.516384,9.435562,9.338308,9.139925
"RNASE6",9.177398,9.10096,8.591873,9.050442,9.975614,9.582186,9.228723,9.026355,9.374045,9.293851,9.900447,8.815089,9.081112,9.838736,9.70681,9.272947,9.902891,9.467729,10.448584,9.557661,9.531558
"RNASE3",7.542029,7.334442,7.459559,7.206157,7.723125,8.770995,7.359268,7.198425,7.152643,8.45241,7.5509,8.378667,7.435106,7.248277,6.670794,7.157164,7.494297,7.411361,8.870107,7.6527,8.741561
"ECRP",7.01949,6.939311,7.140171,6.429625,7.283933,6.929137,7.102695,6.955717,6.96375,7.608059,7.38012,8.115805,6.858637,6.202746,7.365656,7.432187,7.412626,6.784307,7.754087,7.333553,7.065784
"RNASE2",7.987422,8.04126,7.080702,7.377726,8.450228,9.768435,7.637926,7.501348,7.879901,8.754444,9.064286,6.900486,7.465177,8.595486,8.14565,7.51388,8.074932,8.02626,9.947678,8.398549,9.073225
"TOX4",8.583194,8.777864,8.29517,8.769045,8.657616,8.853474,8.726994,8.60282,8.67247,8.303693,8.653149,8.264842,8.902224,8.389197,8.942151,8.674185,8.975749,8.865457,8.848394,8.498269,8.862489
"OR4E2",5.639716,5.220084,5.655315,5.371337,5.455351,5.03791,5.569035,5.226107,5.402332,6.079096,5.409091,6.870249,5.331627,5.429966,5.6502,5.866167,6.156635,5.593112,5.430448,5.290901,5.44159
"OXA1L",9.67268,10.118837,9.711682,10.307094,9.748374,10.098889,9.870316,10.011087,10.150201,9.929069,9.849984,9.371897,9.91734,10.114989,9.885203,9.986243,10.116782,10.243302,9.907645,10.019695,9.980417
"LRP10",8.997051,9.422038,9.190075,9.092534,9.540558,9.348631,9.726096,9.054286,9.268764,8.760373,9.73551,8.541836,9.231337,8.801132,9.36981,8.98353,9.367911,9.489705,9.364386,8.764361,9.281493
"CMTM5",6.527482,6.524943,7.042847,6.520327,6.939178,6.491996,7.117894,6.493552,6.360647,6.800138,6.374615,7.004667,6.491417,6.308318,6.273449,6.80292,6.276795,6.161447,6.316856,6.478607,7.045585
"NGDN",7.154818,7.041694,6.676153,7.076936,6.985289,7.005697,6.479198,6.910057,7.302832,6.732569,6.989439,6.560105,7.410251,8.13408,7.021529,7.248469,7.204626,7.401144,7.289404,7.450646,7.205007
"PSME1",9.555265,10.096986,9.771273,10.051499,9.749987,10.167538,9.684394,9.635662,9.471714,9.69524,9.894616,8.536358,9.817848,9.860782,9.654373,9.297737,9.332989,9.417767,9.336246,9.15377,9.528745
"IRF9",8.841223,8.916581,8.942976,9.194563,9.200811,9.328753,9.106801,9.257863,8.983689,8.7092,9.625992,8.4149,9.278075,8.902806,9.091032,9.10625,9.274276,9.157779,9.258012,8.986961,9.854878
"TSSK4",6.035702,5.94331,6.005162,6.003174,6.128747,6.040081,5.996438,6.090039,6.153437,6.26141,6.292665,6.438301,6.107109,6.18362,6.017644,6.127462,5.851127,5.831159,5.895181,5.660251,5.950952
"G2E3",7.724437,7.501598,7.133486,8.051204,7.764122,7.606633,7.446632,7.408361,7.718578,7.109169,7.31078,5.982803,7.268975,7.897601,8.000253,8.111171,7.940744,7.917591,8.711877,8.283134,7.632215
"SCFD1",7.892981,7.860778,7.22743,8.24183,7.89299,7.816876,7.541603,7.759289,8.005445,7.214082,7.927767,6.786023,7.769201,8.249668,8.178743,8.374159,8.096659,8.051572,8.53779,8.223735,8.050284
"ARHGAP5",7.880694,7.877255,7.382212,8.270235,7.961944,8.123733,7.720102,7.338857,7.91652,7.427289,7.655031,7.163063,7.3891,8.333002,7.99426,8.000785,7.547977,8.124895,8.71557,8.759167,7.724081
"IGBP1P1",4.520397,4.154735,4.56305,3.995591,4.789326,4.34499,4.798629,4.664564,4.768178,3.988163,4.836124,4.132031,4.729393,4.980714,5.519259,4.790819,4.48474,4.956761,4.687291,4.645258,4.437625
"SRP54",8.322507,8.219277,7.928162,8.410378,8.130849,8.513942,7.832695,8.133012,8.215447,7.673924,8.356379,7.008843,8.213967,8.480739,8.69379,8.70933,8.553429,8.703261,8.729538,8.690153,8.316459
"PSMA6",8.890903,8.072111,8.093247,8.52141,8.913078,8.879158,8.22002,8.087949,8.44367,8.370519,8.86983,7.53552,8.577993,9.876303,8.719548,8.561945,9.13369,8.845247,9.344869,8.863985,8.872607
"DPPA3P2",4.990018,5.463689,5.075098,5.179881,5.222567,5.067764,5.100235,5.328288,4.967233,5.487622,5.192211,7.091122,5.067747,4.826691,4.908401,5.01759,5.838344,5.136795,5.016354,4.696909,4.701934
"PNN",9.636915,9.659485,9.13835,9.641899,9.361638,9.495745,8.001588,9.522064,9.692247,9.220217,9.308489,8.610457,9.373323,9.632585,9.788079,9.839423,9.573165,9.871967,9.486772,9.240768,9.701062
"C14orf28",6.765223,6.562874,6.240897,6.876497,6.97715,6.502253,6.566478,6.672336,6.692788,6.483969,6.5284,6.3094,6.566571,7.274131,7.285157,7.141953,7.129555,6.949055,7.719159,7.475396,6.818477
"TOGARAM1",7.012849,6.824978,6.483608,7.660037,7.005168,7.483745,7.196945,6.923699,7.311221,6.977945,7.212245,6.60795,6.888338,7.180595,7.613972,7.62396,7.799685,7.674045,7.751638,7.909455,7.394732
"PRPF39",8.296456,8.160662,7.637188,8.760305,7.974529,8.324554,7.975617,7.864999,8.343525,7.502431,7.669455,6.564556,8.044587,8.527654,8.562431,8.391411,8.178289,8.632651,8.879775,8.965652,8.236581
"FANCM",6.05069,6.264617,6.079521,6.902654,6.126721,6.421237,5.800254,6.195274,6.342531,5.429268,5.822444,5.177331,5.83508,6.234206,6.091829,6.740049,6.069818,6.974379,6.965369,6.539954,5.984617
"DNAJC19",8.199255,7.295927,6.80551,7.895894,7.815367,7.87106,6.939374,7.639518,8.098608,7.204079,7.854844,6.540012,7.927106,8.727635,7.760076,7.928874,8.035897,7.95976,8.306746,8.337124,7.81297
"MGAT2",7.80957,7.945014,7.133238,7.582832,7.699317,7.855418,7.565572,7.558055,7.654005,7.182471,7.692009,6.801202,7.466327,8.200699,7.919543,8.037662,8.335652,7.77866,8.216972,7.86473,7.87994
"KLHDC1",6.825516,6.940755,6.278165,7.432543,6.567696,6.761419,6.393924,6.60188,6.808234,5.779094,6.341086,5.785487,6.295428,6.947346,6.919509,7.059357,6.430002,7.42617,7.162862,7.402878,6.489137
"KLHDC2",8.892829,8.514245,8.170517,8.991671,8.743547,8.795012,8.565728,8.482208,8.846694,8.268547,8.560139,7.748119,9.009012,9.323693,8.77676,9.028732,8.893861,8.914506,9.624587,9.209709,8.463808
"ARF6",9.22581,9.383922,9.514439,9.510875,9.093126,9.643634,9.217551,9.321717,9.357221,9.094129,9.204214,8.825618,9.305703,9.339996,9.35086,9.432062,8.920414,9.1501,8.966956,9.344779,9.395895
"DMAC2L",7.734378,7.675504,7.345943,7.956039,7.566433,7.677213,7.623135,7.698913,8.084092,7.351514,7.423094,7.03045,7.700968,7.644104,7.817396,7.636317,7.675051,8.051468,7.67465,7.98385,7.75162
"TMX1",9.370796,8.758766,8.694613,9.380838,9.397259,9.568364,8.663345,9.256293,9.402673,8.734213,9.34242,7.747218,8.908715,10.246861,9.434849,9.565852,9.633007,9.218722,9.824083,9.386973,9.434597
"GNG2",8.976803,8.875237,8.737529,8.880247,8.956327,9.288548,9.127115,8.858085,8.723325,8.743452,9.187162,8.53512,8.940769,8.778589,9.306907,9.257618,9.233495,9.092364,9.402943,9.398925,9.394407
"RTRAF",8.506145,8.211189,7.930032,8.488215,8.646407,8.888528,8.040887,8.199913,8.388834,7.975245,8.450061,7.213606,8.201905,9.348949,8.431324,8.579989,8.383226,8.412488,8.903218,8.832628,8.270628
"PTGDR",9.0853,8.938078,9.116864,8.689539,8.846581,9.036671,9.306089,9.304427,8.852781,8.173116,8.397058,8.96082,9.829975,8.27795,8.995411,10.384033,9.077953,9.54635,9.451743,9.289019,9.264125
"PTGER2",8.860118,8.882788,8.215119,8.456531,8.900042,8.44352,8.847592,8.21242,8.816323,8.175948,8.573944,8.152395,9.061064,8.330536,8.885012,9.022973,8.904759,8.940759,9.22855,9.205295,9.359447
"PSMC6",7.848602,7.563028,7.324393,7.784131,7.628082,8.293854,7.269586,7.227245,7.261658,6.90823,7.555008,6.668537,7.408776,8.85456,7.988639,7.663095,7.59437,7.467691,8.033969,7.670238,7.638162
"STYX",9.548938,9.145261,8.812544,9.788923,9.216512,9.41593,9.002336,9.182631,9.449933,8.751077,8.949118,7.894402,9.238797,9.685348,9.430494,9.824265,9.522048,9.731938,9.789757,9.5186,9.508132
"SOCS4",7.442172,7.485699,7.09329,7.868705,7.075063,7.772487,7.130534,7.29397,7.43863,6.78921,7.455351,6.238764,7.104564,8.072798,7.643333,7.766627,7.552325,7.573541,8.236797,7.856819,7.280531
"KTN1",7.676168,7.313717,7.080338,7.868674,7.488007,8.112289,6.727972,7.441791,7.496678,6.690673,7.396646,6.358526,7.267641,8.312013,7.894472,8.058708,7.741354,7.901891,8.20766,8.314081,7.655869
"AP5M1",8.546962,8.284718,8.069204,8.665378,8.417948,8.741832,8.314271,8.456451,8.485188,7.957244,8.312166,7.23213,8.291343,8.883788,8.947961,8.769079,8.664964,8.738194,9.370989,9.051954,8.728969
"NAA30",8.407296,8.203387,8.351443,8.676163,7.920409,8.451837,8.103006,8.491116,8.246063,7.791952,8.220878,7.12127,8.20471,8.534917,8.349022,8.315945,8.076864,8.326252,8.42301,8.372681,8.353401
"ACTR10",8.147796,7.974537,7.665897,8.321496,8.309763,8.545346,8.200144,7.951023,8.04752,7.589021,8.157463,7.159675,7.885916,8.339762,8.689009,8.417299,8.364443,8.451778,9.28092,8.767139,8.34512
"PSMA3",7.90434,7.486501,6.746928,7.498455,7.712687,7.792679,7.302534,7.382415,7.67142,6.930096,7.477724,6.292152,7.423632,8.463367,7.844115,8.206201,8.301043,7.885434,8.447216,8.16145,7.799532
"ARID4A",8.536707,8.692508,8.098887,8.750851,8.844753,8.723029,8.393208,8.576978,8.34372,7.553079,8.598524,7.138431,8.237011,8.608688,8.922439,8.727851,8.534322,8.922067,9.298136,8.73743,8.472784
"JKAMP",8.74438,8.688533,8.19526,9.012814,8.890806,8.991794,8.951327,8.532205,8.677046,7.950995,8.915599,7.501921,8.890288,8.90679,9.011588,9.033775,8.968445,8.961393,9.690139,9.140364,8.863912
"PCNX4",8.39922,8.483306,7.768993,8.731811,8.29451,8.384144,8.492048,8.085686,8.569049,8.083949,8.25895,7.228425,8.483755,8.582203,8.392523,8.942024,8.249083,8.921544,9.350243,9.300599,8.550599
"PPM1A",8.590239,8.289626,8.537938,9.050837,8.851528,8.657377,8.718541,8.236704,8.320486,7.689697,8.488576,7.827022,8.364016,8.202663,9.111327,8.44214,8.141575,8.697533,9.29272,9.328511,8.657089
"MNAT1",6.458751,6.515256,6.077073,6.784491,6.266525,6.18397,5.922617,6.424388,6.63515,5.948266,6.182005,5.823428,6.085378,6.491332,6.496689,6.598428,6.202547,7.015047,6.400894,7.166246,6.374007
"SLC38A6",7.397037,7.269408,6.693052,7.607685,7.230455,7.215158,7.350017,7.294728,7.491373,6.896095,7.243659,6.677511,7.365545,7.383093,7.435234,7.33935,7.309929,7.90837,8.334957,8.223144,7.543872
"PRKCH",10.541011,10.334377,10.165454,10.67465,9.82048,10.377982,9.976113,10.481137,10.423562,10.028165,9.889368,9.584001,10.613036,10.34864,10.437667,10.654916,9.993875,10.399722,10.06397,10.737349,10.40979
"HIF1A",9.405339,9.710061,9.096717,9.985192,9.515083,9.692548,9.878122,9.518346,9.568812,9.101348,9.907578,8.490939,9.639258,9.337782,10.102835,9.74454,9.551495,10.162568,10.352407,10.195329,10.154626
"SNAPC1",6.990937,6.833734,6.578022,7.076368,7.093695,7.279736,6.762787,6.723203,6.879234,6.531411,7.442674,6.425593,6.825614,7.958909,7.572114,7.169864,7.03261,7.289232,7.526781,7.309018,6.934749
"SYNE2",9.129465,9.141557,9.090424,9.172215,9.055189,9.129686,9.267934,9.013207,9.086817,8.542229,9.342972,8.383496,9.59972,8.466099,8.978552,9.032998,8.900387,9.452085,9.383901,9.464916,8.757838
"ZBTB1",9.131899,8.738171,8.515103,9.292375,8.556473,8.994016,8.296454,8.819857,9.012895,8.150721,8.742029,7.915347,8.470916,9.442076,9.25626,9.354776,9.156173,9.28484,9.27247,9.17436,8.802051
"SRSF5",11.598993,11.67668,11.428525,11.821794,11.321992,11.5126,11.353976,11.644699,11.726028,11.453666,11.299727,11.041187,11.786575,11.272438,11.765478,11.767628,11.646527,11.981321,11.818345,11.695826,11.516636
"ADAM21",4.079065,4.087518,4.44036,4.502881,3.987823,4.283527,4.133823,4.052333,4.402324,4.509728,4.686445,4.844925,4.277337,4.180463,4.25686,5.291488,4.366218,3.956179,4.434391,4.80879,4.168648
"PCNX1",9.950473,10.014857,9.609293,9.950336,10.071809,10.021431,10.851803,9.688254,10.143662,9.441372,10.399696,9.204114,10.148411,9.285767,10.085776,9.972415,9.909022,10.520676,10.548494,10.036119,10.203912
"SNORD56B",5.340733,5.800284,5.228917,6.396629,5.92744,5.298149,6.581582,5.725962,6.171478,4.926863,6.468786,4.942025,6.943318,4.991863,6.016728,6.071957,5.583368,6.826664,6.346356,4.797299,5.756773
"SIPA1L1",9.104399,9.221871,9.062229,9.12783,9.339401,9.218056,9.865008,9.353912,9.173171,8.942479,10.022278,8.472319,9.813895,8.528465,9.441747,9.208164,9.434007,9.739422,9.519113,9.337762,9.261945
"RBM25",9.653527,9.79877,9.279432,9.741579,9.402116,9.755087,9.50681,9.504196,9.749096,9.268532,9.592135,8.826722,9.689093,9.512494,9.78051,9.894491,9.457974,9.988243,10.282181,10.117126,9.71815
"BBOF1",5.616269,5.45166,5.515557,5.615113,6.09114,5.341239,5.638113,5.328326,5.103517,5.220679,5.32826,5.400496,5.319752,5.452936,5.687729,5.436266,5.309475,5.522033,6.30846,6.268743,5.242686
"FCF1",8.105806,7.866174,7.687356,8.205851,7.989982,8.573173,7.70334,7.907353,8.082666,7.874623,8.062605,7.512461,7.694957,8.766962,8.097155,8.290216,8.170461,7.816917,8.373371,7.803471,8.115741
"YLPM1",8.873173,8.856056,8.628515,9.332605,8.492119,8.719479,8.541534,8.849459,9.031085,8.698023,8.529576,8.201302,8.985032,8.385299,8.979611,8.941231,8.689327,9.359739,8.90756,8.941804,8.80505
"FOS",9.00976,9.041354,9.108475,8.645129,9.548108,9.486723,9.874153,9.270471,9.17535,8.9202,10.646376,8.197501,9.360336,8.80368,9.223077,8.683665,8.919552,9.50795,8.872014,8.686022,9.147507
"AHSA1",8.691169,8.626896,8.397356,8.543325,8.436136,8.895102,7.640158,8.683347,8.668219,8.557632,8.743607,7.872024,8.646227,8.973738,8.55871,8.755172,8.469464,8.289202,8.244478,8.274983,8.488441
"SLIRP",7.683495,7.359997,6.520665,7.645669,7.600587,7.577151,6.8943,7.50765,7.412832,7.212541,7.684929,6.855015,7.661643,8.644387,8.130158,8.019102,8.171517,8.133892,8.644778,8.298676,7.995927
"GPR65",8.677097,8.682187,8.364367,8.925426,8.877263,9.338563,8.734941,8.57517,8.493399,7.970021,8.869144,7.549748,8.157411,9.157658,8.744338,8.879296,8.663508,8.829768,9.671666,9.254538,8.701814
"CPSF2",9.009964,8.959001,8.853182,9.294127,8.930243,9.207905,8.83322,9.044005,9.098223,8.579677,8.984312,7.992438,8.912349,8.958314,9.56828,9.371007,9.123135,9.380545,9.637415,9.498856,9.360243
"UBR7",6.764046,6.816323,6.231102,6.978602,6.412865,7.162611,6.555301,6.943815,6.926927,5.965383,6.585075,5.491612,6.895493,7.154527,6.764492,6.951227,6.818408,6.986665,7.081457,7.108296,7.22667
"IFI27",6.781561,6.946611,7.102203,7.666863,7.533255,7.77638,6.84515,7.247779,6.776239,6.931509,6.746145,6.823849,6.881075,6.637811,6.954556,6.475066,6.848196,6.628573,6.437671,6.641926,10.969802
"GLRX5",10.116974,9.925261,10.208735,10.492882,10.643825,9.760235,10.156375,10.006511,9.735789,9.402155,9.852567,10.047361,9.725899,10.046954,10.074988,9.596934,9.514774,9.77776,9.913376,10.589299,9.98024
"BDKRB1",5.50036,5.537162,5.96434,5.605405,6.048744,5.627948,5.613471,5.912016,5.602224,6.185222,5.459484,6.869241,5.67155,5.058635,5.123443,5.486657,6.163811,5.468666,5.305262,4.940403,5.465345
"GSKIP",6.460649,6.215052,6.363831,7.270589,7.07813,7.210026,6.582142,6.323057,6.703808,6.14431,6.850518,5.444073,5.982891,7.809687,6.855517,6.831797,6.610656,7.220744,7.503661,7.207316,6.697355
"VRK1",8.311048,7.843108,7.51878,7.926082,8.287793,8.224468,7.440164,7.611572,7.993518,6.850405,7.772339,6.679986,7.545983,8.889895,8.459705,8.308116,8.260077,8.09098,8.692299,9.515139,7.782082
"ERVH-4",7.136524,7.20467,7.225889,7.007571,7.197702,6.734204,7.040212,7.301722,7.204112,8.884805,7.427734,9.645201,7.265476,6.93233,6.818282,7.708766,9.281865,6.393239,6.426101,6.703575,6.872762
"CCNK",8.472332,8.753072,8.227276,8.755662,8.36745,8.629215,8.689816,8.365811,8.530347,8.445292,8.438115,7.91291,8.434126,8.543736,8.483311,8.594102,8.821744,8.639405,8.804783,8.494969,8.850418
"MIR382",3.671052,3.776563,3.778391,3.695958,4.013113,3.710377,3.675314,3.626994,3.62591,4.355839,3.789076,5.310746,3.589496,3.712192,4.423712,3.887194,4.732997,3.887909,3.68597,4.020474,3.692929
"TECPR2",7.693309,8.368912,7.641997,7.643194,8.531485,7.934432,8.607696,7.783906,8.248983,7.760947,8.751726,7.498561,8.141297,7.163798,8.215095,7.524386,8.044798,8.572771,8.340007,7.462186,7.988558
"TNFAIP2",8.530437,8.996767,8.739872,8.487828,8.989098,8.92656,9.398009,8.911068,9.020463,8.798219,9.341966,8.382547,9.346471,8.357389,9.025882,8.512268,8.918286,8.959823,9.272751,8.868465,9.206102
"EIF5",9.181207,9.184496,8.734338,9.592843,9.14636,9.229314,9.096419,8.827467,9.21927,8.642064,9.334342,7.743926,9.230089,9.683313,9.227735,9.49396,9.481947,9.494012,9.634838,9.700691,9.066589
"SNORA28",6.411731,6.057446,5.593249,6.205658,5.656654,6.017246,6.016216,5.597683,6.443729,5.124208,5.901728,5.004317,6.582319,6.633724,6.294007,6.497136,6.221863,6.531324,7.06518,6.093417,5.872923
"MARK3",9.236284,9.184571,9.173537,9.682947,9.280604,9.240233,9.096363,9.167823,9.210645,8.469441,9.118669,8.658053,9.490316,9.084362,9.540763,9.336492,9.214728,9.691645,9.610475,9.385113,9.404857
"TDRD9",5.097523,5.653104,5.241267,5.297849,5.243005,5.32737,5.817989,5.521765,6.334024,5.763515,6.953948,5.489981,5.995584,7.628122,5.976999,5.663774,5.423977,5.675566,5.174533,5.925555,6.554201
"PLD4",7.731626,7.893846,8.17494,7.842081,7.571391,7.855784,7.44538,7.934241,7.905566,7.878189,7.554805,7.97221,7.692817,8.031457,7.479534,7.606735,7.452874,7.78959,7.437117,7.230522,7.54323
"FAM30A",7.721386,7.841709,7.943837,7.840009,7.738228,7.752397,7.66271,8.025705,7.778941,8.019167,7.354479,8.306089,7.924036,7.819699,7.494345,7.894822,7.86209,7.709088,7.340237,7.444872,7.821234
"RPPH1",9.91631,8.737355,8.716118,9.167973,9.922045,9.530765,9.59863,9.129793,9.336826,8.40502,9.722677,8.799679,9.781717,10.021029,8.893262,9.167844,8.84366,9.590867,9.767011,9.934638,9.168642
"OSGEP",7.418771,7.728373,7.218363,7.902137,7.291208,7.794749,7.189858,7.689639,7.738599,7.244597,7.561773,6.802369,7.696888,8.021455,7.633932,7.634614,7.160106,8.044421,7.677306,7.341342,7.535626
"SUPT16H",8.873455,9.112308,8.905259,9.000044,8.671483,9.31091,7.879977,9.103128,8.889241,8.455328,8.895297,8.069898,9.024188,9.105141,9.355023,9.258109,9.069602,8.966687,9.212893,9.235136,9.238169
"CHD8",8.097277,8.25734,8.185367,8.740477,8.031376,8.318525,8.393006,8.1634,8.264743,7.772616,8.343344,7.592403,8.613228,8.089395,8.474073,8.490881,8.393194,8.92723,8.476192,8.476503,8.655432
"SNORD8",10.336755,8.072528,8.236921,9.472201,10.15071,9.520179,9.444626,9.257918,9.903305,9.02207,9.526938,8.677983,10.349214,11.165217,8.555731,9.620888,9.240142,9.776517,10.012598,10.24867,8.82062
"RAB2B",8.729666,8.585028,8.779724,9.610555,9.199335,8.544965,9.329534,8.481746,8.29659,7.456058,8.407313,7.524719,8.089766,8.231984,9.034539,8.735129,7.794198,8.790858,8.964058,9.995131,8.323258
"OR10G2",6.481633,6.289151,6.666263,5.717739,6.269962,6.025556,6.266944,6.265291,6.126352,7.182624,6.025159,7.595977,6.101313,6.490967,6.641419,6.589829,7.107311,6.199809,5.918697,6.070798,5.723198
"DAD1",11.090245,11.022326,10.759141,10.983591,11.125402,11.044078,10.652834,11.116371,10.995592,10.581997,11.153696,9.926755,10.869731,11.373342,11.494512,11.720024,11.764891,11.4387,11.446967,11.833862,11.529975
"SLC7A7",8.966866,9.398834,8.754855,9.474103,9.074769,9.073453,9.485652,8.834398,9.319907,8.775471,9.940963,8.408174,9.219267,8.657188,9.119532,9.108864,8.917084,8.93574,9.014141,9.121798,9.496574
"RBM23",8.884267,9.506488,9.053457,9.353983,8.774618,9.375007,9.45593,9.123646,9.3233,9.010721,9.596696,8.546212,9.502827,8.91896,9.569765,9.084719,8.956836,9.456726,9.33822,8.87195,9.211869
"PRMT5",7.782799,8.028063,7.549658,8.157033,7.833232,7.969945,7.530979,7.810202,7.728304,7.514623,8.06514,7.139204,7.924252,7.896583,7.94482,8.028463,7.8526,7.981896,7.648018,8.006458,8.027878
"AP1G2",8.091696,8.238087,8.191262,8.663819,8.220533,8.295073,7.995928,8.132924,8.340423,8.177837,8.386258,7.584963,8.399745,8.453635,8.336319,8.361457,8.310609,8.897806,8.417776,8.301517,8.575896
"PSME2",8.543763,7.977805,8.154339,7.836856,8.516063,8.269208,7.125419,8.65562,8.560418,8.430712,8.901108,7.244418,9.034521,8.956967,7.88242,7.85766,8.026527,7.27448,7.545451,6.97946,7.945338
"IPO4",7.115466,7.021998,7.265691,7.303567,6.963768,7.052178,7.056719,7.223721,7.22922,7.361612,7.376668,7.360047,7.290047,7.046092,7.069342,7.280759,7.024195,7.030298,7.094477,7.115655,7.50175
"RABGGTA",7.27991,7.41488,7.359006,7.461171,7.356537,7.30051,7.242048,7.58392,7.368879,7.265901,7.575502,7.419891,7.147018,7.153175,7.058819,7.180547,7.398623,7.141831,7.266818,6.982213,7.744128
"CIDEB",7.251885,7.723465,7.22327,7.648512,7.730872,7.417586,7.706469,7.337156,7.533537,7.30084,7.989814,7.396714,7.513611,7.101864,7.593003,7.382346,8.002141,7.405776,7.697568,7.390812,7.760311
"GZMH",8.110155,8.030489,7.399046,7.397239,7.223997,7.922667,7.034993,8.25856,7.262964,7.463546,7.330829,7.314245,7.441876,8.654931,7.044986,7.893839,6.982658,7.225849,7.319511,7.514314,7.871893
"GZMB",9.107275,9.334249,8.871531,8.822281,8.683089,8.725333,8.834005,9.49142,8.462035,7.86372,8.977762,8.640263,9.246414,9.365721,8.630418,9.680835,8.619008,9.16389,8.881107,9.445936,10.060534
"STRN3",8.678839,8.523851,8.121295,8.735377,8.628038,8.731712,8.590792,8.30471,8.769861,8.107562,8.563687,7.775909,8.706449,8.774956,8.708271,8.886427,8.836325,9.11065,9.15292,9.156631,8.431308
"HECTD1",8.763385,8.773551,8.476073,9.239413,8.55275,8.793648,8.632752,8.718878,8.881656,8.362323,8.671291,7.815228,8.911502,8.688656,9.087599,8.920307,8.722802,9.28425,9.154521,9.254131,8.738667
"HEATR5A",7.618181,8.261662,7.70363,8.075773,8.061073,7.931329,8.33612,7.780869,7.957683,7.276722,7.947697,7.001217,8.002151,7.493746,8.07643,7.821171,7.587852,8.180065,8.246854,8.147108,7.605918
"EAPP",7.812098,7.841119,7.109891,7.693162,8.268235,7.845407,7.362824,7.67159,7.81978,7.238518,8.053755,6.771574,7.609975,8.59425,8.09921,8.17282,7.964523,7.46102,8.353285,7.847913,7.662692
"CFL2",6.481467,6.595139,6.15923,7.360341,6.466466,6.866926,6.154099,6.599546,6.339451,6.249508,5.563584,6.098773,6.333603,7.200993,6.976444,6.829719,6.867782,7.389167,7.420608,6.953842,6.666824
"RALGAPA1",6.307348,6.479089,5.215655,5.544916,5.275683,6.871087,4.990702,4.570764,6.087951,4.468285,4.015739,6.133594,5.936314,5.729665,6.011688,5.651422,4.427377,5.903408,6.366327,6.756581,5.916347
"MBIP",8.13301,7.510615,7.210298,7.887087,7.825267,8.114261,7.396421,7.38863,7.706786,7.441914,7.57956,6.919358,7.428881,8.403939,8.062376,8.122585,7.672314,8.27907,8.507618,8.451926,7.703012
"TRAPPC6B",7.964235,7.791612,7.386059,8.254896,7.953492,8.265107,7.709039,7.653895,7.939648,6.981042,7.717302,6.587979,7.427177,8.463987,8.218921,8.33204,7.834512,8.258255,8.511583,8.257882,8.024264
"FKBP3",6.978472,6.415348,6.281789,6.765458,7.259996,6.91114,6.397065,6.79713,6.820662,6.555975,6.683535,6.380702,6.720587,7.738931,7.059033,7.299733,6.804634,7.125976,7.597371,7.409519,6.977121
"MIS18BP1",7.826848,7.994366,7.173233,8.109104,7.948777,7.992447,7.967607,7.814198,7.982361,7.172946,8.020567,6.641707,7.551427,8.114362,8.257416,8.06418,8.219426,8.036897,8.556735,8.124583,7.729737
"RPS29",7.722443,7.004611,7.290826,7.363629,7.939665,7.467358,7.183648,7.469691,7.438635,7.333519,7.637189,6.707269,7.424564,8.373465,6.37442,6.616327,7.091036,6.904029,7.004957,6.864623,6.759077
"RPL36AL",9.839628,9.414521,8.702546,7.805739,10.153274,8.69592,6.593157,10.12895,9.465494,9.372135,10.01207,8.981705,9.46857,10.664331,9.718911,9.837579,9.47436,8.894775,8.796465,8.391762,9.157904
"DNAAF2",7.001868,6.743471,6.766406,6.51417,6.29011,6.588246,6.128606,6.633288,6.620922,6.42686,6.555156,5.979543,6.401217,7.126694,6.68357,6.900002,6.388848,6.706903,7.070586,6.984702,6.698109
"POLE2",5.412672,4.8234,5.033268,5.52491,5.848071,5.435841,5.241833,5.056066,5.223391,5.053158,5.433822,5.015394,5.236936,5.962215,5.559104,5.918652,5.713656,5.223718,6.560727,6.33943,5.387517
"NEMF",8.513909,8.586078,8.095788,8.750083,8.297196,8.453702,7.973524,8.327091,8.6715,7.953033,8.212859,7.52943,8.413556,8.720054,8.737701,8.833547,8.42619,8.912569,9.037159,8.878659,8.749505
"VCPKMT",7.617759,7.587029,7.386926,7.505891,7.853991,8.032217,8.268992,7.627765,7.715945,7.156121,8.313015,7.125694,8.007582,7.768972,7.962422,7.409764,7.955637,8.229143,8.44471,7.353881,7.262898
"SOS2",9.651742,9.831565,9.774878,9.725593,10.080505,10.007607,10.516379,9.438388,9.809567,9.459965,10.23001,9.125735,9.923258,9.466133,9.974746,9.772145,10.111188,10.320363,10.727941,9.880505,9.933071
"MAP4K5",8.393364,8.040292,7.731432,8.549527,7.848517,8.237433,8.215765,8.076057,8.078373,7.394793,7.781729,7.102296,8.049589,8.27418,8.442306,8.40207,8.073221,8.471606,8.958268,9.20279,8.333687
"SAV1",6.703428,6.747446,6.484698,7.501967,6.703841,7.094282,6.808258,6.946259,6.999003,6.262084,6.643331,6.473498,6.737085,7.35934,7.275273,7.548138,6.550855,7.807616,7.52867,6.830968,7.099399
"PYGL",10.089621,10.61474,10.388471,10.196615,11.054612,10.745721,11.018304,10.159751,10.354792,10.246396,11.244161,10.212977,10.50298,9.429359,10.576772,10.397437,10.406575,10.963762,11.01059,9.905368,10.195932
"TXNDC16",6.309261,6.28305,5.878413,6.566856,5.876274,6.003746,6.326147,5.953046,6.082413,5.551682,6.23356,5.498287,6.098144,6.382954,6.556688,6.164619,6.128296,6.481928,7.296734,7.299809,5.706147
"DDHD1",8.942583,8.466689,8.162479,8.905001,8.486588,8.658053,8.164857,8.628799,8.820012,8.165654,8.467932,7.429147,8.752757,8.758002,8.702435,9.041806,8.790786,8.984424,9.057995,9.160584,8.894443
"GMFB",8.04672,7.903338,7.495373,8.21298,7.971169,8.318385,7.939589,7.7713,7.81158,7.306529,7.929155,6.563625,7.420233,8.734274,8.20628,8.210605,7.881321,8.373604,8.972903,8.409871,7.860255
"GCH1",8.238831,8.079841,7.396531,8.433043,7.910407,8.22579,7.869906,7.913427,8.016125,7.583561,8.342703,6.91131,8.648452,8.220453,8.537024,8.28414,8.081207,8.397851,8.167601,8.257672,8.999856
"DLGAP5",5.322037,4.670995,4.765287,5.113356,4.927456,5.157664,4.686902,5.309247,4.637758,4.751092,4.761058,5.427573,4.837561,5.633015,5.378998,5.422068,6.182765,5.458468,4.740487,4.817548,5.250445
"ATG14",7.862237,7.757687,7.49317,8.224643,7.649702,7.897747,7.471722,7.792881,7.931854,7.252562,7.578448,6.825379,7.743999,8.005614,7.824716,8.135301,7.640769,7.937645,8.037128,7.933163,7.884328
"EXOC5",8.579119,8.458733,8.040499,8.765244,8.344008,8.714573,8.424982,8.169519,8.489435,8.09068,8.444873,7.596443,8.098974,8.993837,8.445939,8.924793,8.937461,9.061442,9.259953,8.920487,9.044752
"DHRS7",8.879764,9.466044,8.979802,8.988784,9.591725,9.436588,9.180483,8.85911,9.016262,8.373182,9.68566,8.232931,8.879565,8.869759,9.190179,9.192684,9.277118,8.993571,9.652012,8.930713,9.078258
"WDR89",8.177592,7.919637,7.817468,8.909904,7.819326,8.684361,7.385118,8.038999,7.863231,7.453751,7.658954,7.38871,7.827815,8.990807,8.40688,8.342963,8.061968,8.310863,8.447684,8.660993,7.787769
"MAX",8.725725,8.800497,8.580397,8.99592,8.728852,9.059167,8.781016,8.84743,8.777305,8.389553,8.909964,8.094188,8.97094,8.531915,8.677624,8.796504,8.286326,8.660125,8.686076,8.704708,8.6785
"ATP6V1D",7.605579,7.392755,6.821787,7.30412,7.772086,7.869454,7.156359,7.705708,7.591086,6.823401,8.095877,6.185737,7.182332,8.014457,8.252259,7.946654,7.712823,7.686618,8.044132,7.848705,7.536856
"PLEK2",7.336577,7.383525,7.504462,7.620066,7.754545,7.237579,7.295733,7.215184,7.222601,6.656356,7.320191,7.310629,7.009172,6.959034,7.585127,6.860501,6.562436,6.735022,7.303514,8.090934,7.090989
"TMEM229B",7.09911,7.301443,7.283888,7.30456,6.845104,7.3884,6.943471,7.232259,7.061688,6.875714,6.835052,6.096811,6.883719,7.22745,7.078669,7.605661,6.413147,7.202079,6.884466,7.111327,7.857793
"VTI1B",7.610307,7.786591,7.383602,7.970854,7.767431,7.725,7.334163,7.483163,7.712051,7.300169,7.442254,6.658021,7.489266,7.870347,7.867843,7.480845,7.270628,7.862784,8.169493,8.14038,7.943458
"ZFP36L1",9.741603,10.186332,10.092064,10.173473,10.17986,10.150451,10.368845,9.872407,10.068559,9.93869,10.054127,10.042511,9.84598,9.757256,10.018459,9.915854,10.493072,10.333881,10.408316,9.885229,9.985326
"ACTN1",9.986117,10.659397,10.436483,10.510626,10.354403,10.342921,10.855363,10.393183,10.272981,10.291745,10.664169,9.921565,10.41865,9.79172,10.27614,10.151818,9.953748,10.777453,10.104065,9.558526,10.228008
"ERH",9.398064,7.970067,7.873003,8.453734,9.094159,8.909772,8.380591,8.584573,8.837125,8.573137,9.170653,8.013515,9.056808,10.14758,8.972605,8.902872,9.46108,8.727853,9.270749,9.098642,9.056476
"ADAM20P1",4.737139,4.78556,4.635307,4.968566,4.468002,4.571287,4.577485,4.640179,4.933648,4.462589,5.171656,5.065105,4.965951,4.389246,4.915425,5.122159,4.960337,5.453,5.376508,5.091668,4.909833
"MED6",8.551814,8.437937,7.923345,8.408266,8.201268,8.335848,7.735591,8.460449,8.476548,7.682929,8.283728,6.879713,8.314931,8.727477,8.680018,8.6434,8.261255,8.590828,8.586778,8.553933,8.376052
"TMED10",9.893005,10.068483,9.683317,10.238004,9.801994,10.234261,9.886694,9.869729,9.851375,9.809443,9.922137,9.268499,10.012382,10.054587,9.776214,10.076182,10.029719,10.115745,9.634421,9.921,9.612151
"ERG28",8.356332,8.312066,8.092193,8.486943,8.122925,8.504512,8.191955,8.343158,8.213636,8.203151,8.009332,8.377195,8.430961,8.405756,8.457864,8.748412,8.83879,8.654359,8.479004,8.739224,8.55496
"SNW1",8.863225,8.937046,8.324519,8.565109,8.967149,8.861232,7.828705,8.751903,8.824879,8.490422,8.90964,8.252764,8.645184,9.102442,8.915564,8.944901,8.753149,8.543671,8.765513,8.563802,8.992369
"CEP128",7.356639,7.190812,6.467658,7.589026,6.93119,7.169651,6.301407,7.018328,6.987595,6.421207,6.893431,6.619807,6.85733,6.740851,6.95108,7.36605,7.348573,7.849542,7.503857,7.484683,6.844722
"SEL1L",9.160111,9.562445,9.144235,9.403136,9.105226,9.574615,9.852634,9.039166,9.336973,8.85153,9.582541,8.680595,9.464494,8.934134,9.231269,9.101632,9.214592,9.679383,9.644968,9.456778,9.105417
"RPS6KA5",8.618498,8.980346,8.113865,8.306821,8.492129,8.592273,9.126268,8.259336,8.751955,8.082824,9.037657,7.406855,8.881204,8.312311,8.728555,8.434859,8.352686,8.957223,9.444559,8.24338,7.722359
"PPP4R3A",8.751652,8.935855,8.799529,8.883287,8.643846,8.922981,8.801396,8.785993,8.928782,8.441237,8.894014,7.922703,8.937317,8.96906,9.078225,8.983959,8.852434,9.228054,9.298609,8.907831,9.017998
"TC2N",11.020057,10.831215,10.607819,11.282948,10.403999,11.00238,10.575624,10.859466,10.769665,10.4846,10.053926,9.621776,10.742047,10.943335,10.861058,10.698197,10.775837,10.997969,11.135749,11.398137,10.398294
"TRIP11",8.050977,8.067726,7.703267,8.454358,7.804964,8.313731,7.40067,8.010009,7.845512,7.225731,7.621783,6.660676,7.678398,8.380989,8.766421,8.630896,8.198592,8.58897,8.373823,8.46684,7.90888
"ATXN3",9.060997,8.846306,8.335334,9.09939,8.75932,8.822119,8.334916,8.771009,8.948592,8.454119,8.586819,7.570323,8.473848,9.000551,9.056374,9.275805,8.751242,9.083369,8.975129,9.026221,8.80996
"NDUFB1",7.765785,7.461718,7.522298,7.213918,7.476625,7.4495,7.379198,7.353621,7.591345,7.738092,7.648306,7.365977,7.691221,7.954139,7.172617,7.383512,7.497149,6.940284,7.023979,7.132307,7.459662
"ITPK1",8.812324,9.361849,8.88634,8.598831,9.063915,9.181068,9.656065,9.140576,9.032762,9.027239,9.613297,8.487118,9.289995,8.548851,9.066881,8.693317,8.82621,8.838681,8.773664,8.438766,8.964693
"IFI27L2",8.056661,7.794681,7.72842,8.042328,8.519896,7.937197,8.127951,7.770629,7.810729,8.36999,8.101677,8.287214,7.784523,8.309911,7.613092,7.799615,7.964584,7.498355,7.588221,7.582257,8.066452
"SERPINA1",10.070659,10.775654,10.20062,10.301311,10.558653,10.689548,10.852723,10.350785,10.357158,10.238162,10.726829,10.069466,10.402319,9.251374,10.148996,10.152946,10.810322,10.777805,10.918537,10.53202,10.84375
"TCL1A",9.430423,8.574093,8.520375,9.876678,8.61699,9.599043,7.987739,9.100184,9.700056,8.591562,8.9259,8.979151,9.24658,10.375923,9.187254,9.341891,9.249387,10.01024,9.166035,9.212345,8.658159
"ATG2B",8.668961,8.694083,8.467122,9.131772,8.488877,8.606931,9.321718,8.486812,8.703144,8.122193,8.442515,7.874179,9.118346,8.2954,8.925971,8.899102,8.766176,9.454723,9.433726,9.685523,8.947864
"WARS1",9.061547,9.621564,9.434246,9.523802,8.645806,9.537975,9.164611,9.099622,8.676118,9.211827,10.385438,7.98814,10.195431,8.903791,9.710253,9.183644,8.896433,8.95947,8.863472,9.226764,9.540667
"HSP90AA1",9.905824,8.761135,9.256653,9.141612,9.63306,10.085388,8.037436,9.472613,9.642802,9.298519,10.002613,8.832687,9.519039,10.703402,10.125828,10.391425,10.173935,9.164819,10.01883,10.0501,9.860831
"BAG5",8.256376,8.232106,8.127522,8.666072,8.216983,8.496451,7.958508,8.646309,8.17557,7.899029,8.169435,7.604647,7.997801,8.949244,8.529094,8.592855,8.221884,8.436002,8.295379,8.408547,8.063993
"ATP5MPL",7.936251,6.720725,7.033095,7.405726,7.699572,7.776297,7.461899,7.162251,7.530676,7.265609,8.267221,6.889234,7.656952,9.028086,7.3121,7.215919,7.697836,7.354126,8.026518,7.724918,7.241151
"AKT1",8.733421,8.927502,8.809431,8.625272,8.637487,8.790118,8.946931,8.766603,8.883383,8.566766,9.080401,8.440394,8.961664,8.63206,8.928868,8.641626,8.677229,8.784477,8.753259,8.69125,8.675152
"GPR132",8.436588,8.729095,8.232943,8.506337,8.247857,8.345583,8.215655,8.425324,8.657568,8.170636,8.823773,7.876622,8.411642,8.582037,8.64549,8.598214,8.230941,8.442234,8.272081,7.939698,8.557456
"IGHA1",6.356716,6.8627,5.933739,6.288939,5.513008,6.00146,6.46147,6.058543,6.239105,6.754536,5.914381,7.460899,6.498646,5.888664,6.537911,6.582732,6.977489,6.842701,6.034423,6.666022,6.324958
"IGH",6.369881,6.194378,6.710129,6.600647,5.785774,5.754063,5.19719,5.851614,6.831626,6.44139,6.514371,6.394159,5.905727,6.614384,6.95985,6.216434,7.453944,7.391415,5.053292,7.449741,5.531771
"LINC02203",3.714491,3.658694,3.774315,3.507313,3.774315,3.706047,3.575308,4.249412,3.619488,3.831346,3.765263,5.001579,3.083044,3.437333,3.485792,3.631467,5.410086,3.779635,3.230919,3.96963,3.499434
"OR4N3P",3.890179,3.713406,3.860397,3.863922,4.206117,3.488718,3.818308,3.416157,3.671913,3.710534,3.59014,5.005904,3.667705,4.010988,4.399927,3.803538,4.513677,4.328997,3.904878,4.526435,4.284257
"PWAR6",4.998261,5.700211,4.668751,6.526374,4.949625,6.329656,5.026855,5.025888,5.098417,4.344514,4.80093,3.728691,4.618282,5.840782,5.188295,4.971989,4.511809,6.231487,6.132999,5.737043,5.022489
"SNORD116-1",7.859837,4.845214,5.131486,6.9338,7.204122,6.967505,6.149124,6.688596,7.001729,5.603912,6.765465,5.700145,7.430105,9.197279,6.228862,6.898594,6.996361,7.026058,7.785067,7.239848,5.892177
"SNORD116-2",6.023924,6.357608,7.099657,6.469518,6.15876,6.920367,6.088491,6.515236,6.609383,6.845272,6.848271,7.262928,6.593958,6.824163,6.00835,6.598624,6.525828,5.588913,5.974156,5.963413,6.462208
"SNORD116-6",6.503173,4.951405,4.267999,4.865626,6.062457,5.157843,5.759244,5.524918,6.186109,5.892236,5.507792,8.218717,6.426543,7.165675,5.225288,6.035277,7.22735,5.315058,6.688402,5.146558,5.476577
"SNORD116-11",5.252415,4.380776,5.112422,5.21902,5.327838,4.891248,4.787985,5.048532,4.911614,4.658603,4.558017,4.384396,4.856134,6.22854,4.753607,5.322016,5.125751,5.334287,5.482538,5.324022,4.944333
"SNORD116-12",4.425238,3.599509,3.648004,4.919014,4.605821,3.911769,3.860978,3.956489,4.750037,4.316622,4.352365,4.204384,4.519547,5.473557,4.248822,4.170948,4.668288,4.423194,5.06777,4.3811,4.295373
"SNORD116-13",3.90777,3.181769,3.179219,3.856911,4.509305,3.497625,3.447881,3.703406,3.730045,3.117902,3.387877,3.194988,3.60594,5.488066,3.372335,3.69401,3.853437,3.965252,4.577004,4.267808,3.629211
"SNORD116-14",11.616153,8.514312,9.272877,10.58154,11.024542,10.364033,9.893535,10.520639,10.808252,10.086531,10.392683,9.295339,11.284528,12.338667,10.111339,10.66148,10.951624,10.803588,11.392951,10.898873,9.780772
"SNORD116-15",12.919986,10.375876,11.023136,12.140407,12.493535,12.184547,11.661593,12.02104,12.253615,11.660573,11.892415,11.472812,12.688104,13.388954,11.564813,12.340653,12.323173,12.391364,12.445374,12.512285,11.478793
"SNORD116-16",3.65456,2.988298,3.020759,3.561641,4.268156,3.367091,3.300527,3.473958,3.436766,2.969849,3.016538,2.828638,3.203335,5.337831,3.416157,3.849235,3.606323,3.963895,3.601504,3.672467,3.338829
"SNORD116-18",4.422602,3.414094,3.099828,3.00577,3.085977,3.221195,2.777086,3.251588,3.026573,2.888753,3.7244,2.973378,3.116491,6.10219,3.448186,3.586444,3.547155,4.252543,4.874682,3.499812,4.156906
"SNORD116-22",4.047041,3.3337,2.997864,3.875495,4.055544,3.393263,3.598399,3.59083,3.575254,3.33399,3.71147,3.189152,3.622592,5.684525,3.592013,3.599829,4.282279,4.518259,3.99701,3.815727,3.346203
"SNORD116-23",5.472747,3.894311,3.506457,4.60486,5.296049,4.823121,4.435422,4.713865,5.034842,4.258743,4.664443,4.021361,5.393191,6.767162,4.529246,5.068704,5.333648,5.175733,5.75543,5.562111,4.634897
"SNORD116-24",11.186659,7.864247,8.116044,10.337059,10.407696,9.777073,9.458126,9.638119,10.221122,8.87221,9.563002,8.732872,10.906549,11.966956,9.159228,10.680551,10.323586,10.864703,10.973412,10.962565,9.253654
"SNORD116-25",5.805311,4.770778,4.863127,5.444544,5.501139,4.965251,4.881531,5.177196,5.604498,4.72197,5.347118,4.782187,5.186109,6.838789,4.729282,5.427275,5.101748,5.332031,5.769895,5.036197,4.832499
"SNORD116-26",5.246254,4.235503,4.180446,4.74058,4.773502,4.573221,4.585313,5.010504,5.052817,4.47102,4.905419,4.376755,5.447635,6.623397,3.852185,4.705647,4.55843,5.07032,4.924385,5.080267,4.374799
"SNORD116-27",6.251144,5.043484,4.958008,5.377387,5.506193,5.313328,5.145865,5.34504,5.520737,4.894703,5.588528,5.083107,5.369543,7.716613,5.133238,5.481936,5.572956,5.663071,5.669119,5.535612,5.083045
"SNORD116-29",6.383074,4.597977,4.280291,5.543195,6.01504,5.409976,5.430214,5.35437,6.004712,5.116209,5.38196,5.67737,6.073144,7.699754,5.236578,5.518553,6.093559,5.835507,6.331805,6.213649,5.321389
"SNORD115-24",4.227855,3.840968,4.13699,3.857023,4.130677,3.960202,3.903126,4.251298,4.229981,5.982984,3.928946,6.728669,4.170252,4.148894,4.097303,4.805322,6.055244,4.430229,4.279033,4.286681,3.673974
"SNORD115-25",4.664387,3.800465,3.471804,3.351745,4.100768,3.155662,3.406102,3.460147,3.855274,6.177226,4.277962,6.735993,3.995536,4.555975,3.573328,5.025867,7.125767,3.672759,3.378858,3.497516,3.77453
"SNORD115-31",3.405852,3.394995,3.338423,3.188041,3.739812,3.002867,3.430627,3.09972,3.640672,6.016681,3.510499,6.548698,3.133595,3.498567,3.392506,4.037302,5.964089,3.298751,3.155278,3.653683,2.946282
"SNORD115-32",4.817491,4.348559,4.123271,3.73788,4.57192,4.313094,4.423881,4.117472,4.205067,5.618744,4.151134,6.105932,4.827186,4.442857,4.421325,5.161677,5.933854,4.130077,3.841686,3.802168,3.987005
"SNORD115-33",3.822385,3.529834,3.692999,3.475311,4.119307,3.618774,3.565141,3.614316,3.91534,4.996205,3.679143,5.604345,3.867934,3.70414,4.266716,4.730536,4.659865,4.024513,3.706656,4.497406,3.540734
"SNORD115-38",3.530561,3.098643,3.111795,2.961548,3.468391,3.054615,3.157886,3.390683,3.194162,5.185298,3.111695,5.009929,3.300906,3.389463,3.703984,4.263607,4.362245,3.445712,3.309791,3.344954,3.264579
"SNORD115-41",3.622955,3.213382,3.064578,3.005643,3.38947,3.406396,3.055064,3.217932,3.702653,5.372986,3.514331,6.084122,3.781233,3.331483,3.458154,4.786531,6.174325,3.823999,3.23746,3.128935,3.236536
"SNORD115-44",4.770311,3.702892,3.598312,3.788173,4.904511,3.814676,4.133663,3.977224,4.380469,7.239966,4.07175,8.025951,4.278317,3.6086,3.756213,6.088984,7.362803,4.353104,4.232202,5.0918,3.972555
"LINC02249",6.057486,5.792382,6.037911,5.608874,6.267157,5.602275,5.624559,5.891609,5.574404,6.802701,5.72079,7.261467,6.067585,5.7569,5.813526,5.693705,6.483858,5.717496,5.637567,6.16285,5.940403
"ARHGAP11B",5.641177,5.472719,5.389042,6.043928,5.674295,5.160362,4.996537,5.757785,5.64617,4.889056,5.365174,5.184865,4.930885,5.423263,5.04533,5.854258,6.039742,5.826475,5.539101,5.677798,5.891946
"ARHGAP11A",5.69856,5.609138,5.131495,5.608145,5.616913,5.896089,4.905947,5.403912,5.086139,5.038319,5.193475,4.636816,5.406935,5.838029,6.000542,4.954566,6.43042,6.085071,5.529749,5.653115,6.192459
"EMC4",9.069873,9.238306,8.818169,9.16333,9.047526,9.263228,8.79803,9.15664,9.102629,8.576779,9.209355,7.947087,9.103501,9.677701,8.964654,8.664715,8.514274,8.708761,8.732749,8.898367,8.89291
"THBS1",6.493292,7.557422,7.516149,8.355144,7.228265,7.315166,9.270845,7.141261,6.859543,6.598292,7.682413,7.420716,7.711687,5.94871,7.985704,7.978208,6.824839,8.264659,7.984422,7.943441,7.668113
"CHST14",7.955921,8.17982,8.700616,7.899999,8.123539,8.239624,8.050353,8.209411,7.877846,7.858787,7.856357,7.392845,7.763944,7.933158,7.6015,7.698814,7.240156,7.537595,7.39093,7.903855,7.963302
"KNL1",5.445428,5.099941,5.160181,5.781223,5.183494,5.305609,5.018279,5.469666,5.082469,5.201616,5.277509,5.088312,5.03981,5.865762,5.805968,5.513166,5.906578,5.766226,5.965441,6.004459,5.657893
"CHP1",9.109832,10.103127,9.638903,9.999323,9.924344,9.828507,9.883136,9.294891,9.44697,9.622377,9.89908,9.269075,9.579319,9.072521,9.987668,9.718846,9.994411,9.88099,10.185318,9.658996,9.528521
"NUSAP1",6.043268,6.007569,5.916888,6.11514,6.267077,5.921653,5.813459,5.979553,6.03171,5.367337,6.125733,5.664924,6.067941,6.437672,6.455697,6.326667,6.063621,6.052529,6.123348,6.548416,6.605874
"HAUS2",6.222406,6.203402,5.686725,6.559913,5.779249,6.298762,5.881357,6.098982,6.443996,5.626043,6.456383,5.564034,5.995448,6.571976,6.316701,6.4749,6.493575,6.579652,6.409487,6.562493,6.476868
"TUBGCP4",7.739396,7.642144,7.327392,7.906759,7.261623,7.623808,7.185906,7.561426,7.523833,7.182103,7.156849,6.860553,7.759256,7.769482,7.676733,7.717915,7.583048,7.989087,7.771457,7.651032,7.77632
"WDR76",7.586437,7.158545,7.062293,7.420361,7.063605,7.60399,6.962514,7.230597,7.325512,6.867921,6.864434,6.769174,7.183912,7.71754,7.385874,7.273702,7.407271,7.256783,7.198849,7.34306,7.38756
"CTDSPL2",9.429719,8.994119,8.595005,9.366835,9.060316,9.567497,8.927235,9.147413,9.326261,8.730498,9.041563,8.134037,9.224194,9.64813,9.211893,9.421398,9.36357,9.401727,9.846426,9.460512,9.036219
"B2M",12.838867,12.310736,12.453241,12.513265,12.852799,12.952083,12.839427,12.553412,12.574949,12.652086,12.774407,12.256918,12.852524,13.056435,12.402705,12.367902,12.66109,12.344436,12.921908,12.541811,12.445599
"BLOC1S6",8.786189,8.727166,8.704793,9.185892,8.958385,9.147401,8.776678,8.770971,8.684323,8.441113,8.801788,8.225309,8.403308,9.19326,9.191047,9.036127,8.775601,8.980986,9.275166,9.380992,8.724112
"SLC12A1",6.058471,4.982866,6.199155,5.265014,7.045597,6.190999,7.470736,5.073315,7.1418,6.055477,4.959011,6.165901,5.121413,5.746981,5.009066,5.512605,6.005405,6.242792,6.340435,4.972566,4.447979
"DUT",7.736969,7.54825,7.533263,7.790115,7.467059,7.955098,7.644382,7.434695,7.647711,7.219772,7.274416,6.772673,7.520796,7.698063,7.503448,7.329369,7.533742,7.443461,7.499084,7.335086,7.079448
"EID1",8.98562,8.468129,8.339999,8.880523,8.942974,9.079073,7.69361,8.746336,8.658446,8.469915,8.894175,7.781369,8.766735,9.776598,8.88366,8.998459,8.940072,8.852995,9.00366,9.159664,8.707619
"DTWD1",5.465428,5.004945,4.358948,5.255231,5.340405,5.364675,5.151458,4.953494,5.539907,4.366552,5.311191,4.191356,5.176972,6.051763,5.419749,5.437417,5.264057,5.637277,6.346138,5.675094,5.449072
"USP8",7.771467,7.638194,6.697285,7.979014,7.716502,7.745559,7.551448,7.646121,7.758908,7.338909,7.728356,6.259657,7.889107,7.676935,8.048626,7.957712,7.859994,8.176345,8.354558,8.110497,7.993482
"AP4E1",7.44094,7.461995,6.966524,7.896114,7.559182,7.704824,7.482498,7.209931,7.689348,7.044073,7.407722,6.636397,7.44863,7.569401,7.705388,7.734532,7.709919,7.791277,8.442939,7.907843,7.926603
"TMOD2",7.98305,7.642749,7.693103,8.166713,7.720246,7.971544,8.149454,7.888941,8.454169,8.080707,8.460637,7.397322,8.689032,7.952452,8.034525,8.217104,8.153592,7.858117,8.84729,8.429616,7.962705
"MAPK6",6.897619,6.842587,6.66319,7.585684,7.138016,7.446418,6.718525,6.546252,6.969598,6.156789,6.798456,5.623357,6.534172,7.588631,6.769888,6.997277,7.021616,7.460257,7.717768,7.387627,7.017234
"PIGB",8.882992,8.878002,7.968777,8.443024,8.995225,8.971857,9.353634,8.328999,8.508613,8.033092,9.550122,7.620149,8.948179,8.723655,9.218641,8.469728,8.974147,9.426271,9.395076,8.552894,8.263681
"TCF12",9.253242,9.059007,8.763391,9.573428,8.625658,9.255418,8.821154,9.071502,9.107515,8.995447,8.763725,8.358469,8.963824,9.106832,9.009392,9.307149,8.968106,9.2778,9.024608,9.302245,9.18661
"AQP9",11.152815,11.638907,11.25792,10.800351,11.979161,11.817643,12.22078,11.176977,11.325334,11.111535,12.234898,11.410996,11.558483,10.252435,11.512364,11.140221,11.936357,11.961341,12.312529,11.48468,11.755885
"MINDY2",7.03821,6.831293,6.406355,7.295468,6.918126,7.276084,6.860581,6.931263,6.795189,6.333552,7.035985,5.943198,6.968456,7.382758,7.249862,6.979378,6.732547,7.163012,7.541496,7.074049,7.219885
"CCNB2",5.397383,5.168919,4.856607,5.257438,5.086419,5.194804,4.816156,5.26868,5.029995,5.061249,5.019799,4.927535,4.875816,5.775928,5.229111,4.793094,5.83363,5.064675,5.308337,4.678339,5.192621
"FBXL22",6.24666,6.445556,6.353593,6.18297,6.58388,6.110629,6.2215,6.514299,5.815733,6.268828,5.970505,6.15098,5.967543,6.100777,6.007805,5.711212,5.408295,5.200061,5.897469,5.677682,6.045462
"RNU5A-1",6.470086,5.83012,4.524456,5.878375,6.396754,4.854468,7.029382,6.474974,7.003099,5.53511,6.838689,5.920744,5.984481,6.77011,6.211977,7.315052,7.390043,6.812167,6.800215,6.793778,6.952239
"RNU5B-1",6.484396,5.75137,4.970871,6.714206,6.261324,5.835509,5.838817,6.155539,6.641635,5.708488,5.823991,5.119211,6.338881,6.695147,5.902614,6.271525,5.911537,6.198898,6.568488,6.663822,5.859086
"DIS3L",7.726841,7.630975,7.21044,7.939488,7.064656,7.568837,7.12389,7.639744,8.217678,7.422435,7.478269,7.103338,7.916995,7.877232,8.036841,7.801403,8.01671,7.99358,7.630298,7.501509,7.743902
"PIAS1",10.196295,10.551143,10.089717,10.3864,10.437862,10.608908,10.944822,10.17251,10.324784,10.092955,10.442254,9.85651,10.321181,9.91533,10.528276,10.303781,10.552809,10.774058,10.932458,10.737173,10.529982
"RPLP1",11.901178,12.464548,11.64416,12.254628,11.750609,12.285336,11.700839,11.809906,11.824884,12.171435,11.736715,11.667378,11.76859,12.264339,11.476152,11.524988,11.570157,11.433677,11.559229,11.520621,11.242817
"PML",7.406093,7.377704,7.169243,7.731396,7.475451,7.692506,7.357133,7.644012,7.398945,7.327588,7.721363,7.126533,7.585626,7.470573,7.428837,7.431624,7.599085,7.581795,7.722831,7.544145,8.515286
"MPI",7.686256,7.861604,7.821637,8.091655,7.536325,7.666464,7.706169,7.802833,7.857062,7.620053,7.575869,7.288911,7.627808,7.901353,7.626971,7.953212,7.486341,7.833908,7.643937,7.83519,7.943855
"LOC441728",6.263005,5.574032,6.843967,5.769206,6.200896,6.099832,6.381895,6.559354,6.402085,6.64198,5.985623,7.006069,6.35018,6.342587,6.388883,6.62938,5.771886,6.261207,6.485845,6.632498,6.051359
"UBE2Q2",7.859309,7.782615,7.400916,7.97041,7.754936,8.083593,7.537884,7.743241,7.988167,7.202733,7.568533,6.744318,7.805001,8.358853,8.120859,8.217166,7.948063,8.384892,8.257952,8.25426,8.174221
"RCN2",8.142336,7.766422,7.841779,8.37687,7.92289,8.622839,7.695907,7.851808,7.984543,7.565757,7.961431,6.830859,7.897053,9.065242,8.499352,8.268415,8.518107,8.518393,9.187165,8.432205,8.013856
"IREB2",9.077485,9.108119,8.850472,9.556948,8.934291,9.145379,9.276851,8.961445,9.056147,8.561669,9.07594,8.166767,9.090618,8.898463,9.363552,9.270187,9.035335,9.586195,9.409036,9.397465,9.297652
"PSMA4",8.351986,7.42013,7.963525,8.16061,8.789859,8.88394,7.599544,8.211963,8.189808,7.83215,8.842425,6.83635,8.514632,9.926412,8.575147,8.722006,8.959971,8.339894,9.304441,9.059332,8.778909
"MORF4L1",10.457731,10.434286,10.082719,10.481946,10.356562,10.343872,9.923499,10.409563,10.457964,10.260185,10.466268,9.828711,10.417517,10.697695,10.499289,10.438196,10.449661,10.176744,10.571506,10.085014,10.259648
"ZFAND6",9.483157,9.247173,8.714364,9.36364,9.62675,9.632133,9.306029,8.897354,9.380054,8.422473,9.407587,8.411399,9.425291,10.040894,9.746578,9.931094,9.910878,9.544764,10.545505,10.006251,9.227036
"RAMAC",5.05913,5.216997,4.742634,4.876438,5.34308,5.11107,4.825774,5.143989,5.303316,4.298758,4.931762,3.723653,5.425614,5.239807,5.336869,5.779022,5.702758,5.193358,5.222681,5.485771,5.042456
"TM6SF1",8.327268,8.848572,8.381437,8.458783,9.061853,8.955928,9.424115,8.24416,8.272964,8.037001,9.394936,7.811462,8.699254,8.071644,9.018807,8.767907,8.748499,8.837368,9.621723,8.438004,8.627879
"LOC440300",6.829848,6.680988,6.616881,6.77492,6.854947,6.738127,7.006719,6.821756,6.720677,8.016073,6.530122,8.586457,6.6465,6.580118,7.03062,7.034569,7.298263,6.596657,6.72838,6.726199,6.487573
"MRPS11",7.909778,8.049607,8.065635,7.72211,8.03412,7.92373,7.986422,8.121791,7.838523,7.582895,8.079022,7.365889,7.91757,8.297089,7.724563,7.890283,7.648286,7.549602,7.711298,7.824379,7.901762
"ABHD2",9.21949,9.884882,9.522181,9.527613,9.872868,9.880216,10.413073,9.624904,9.481093,9.429131,10.079251,8.974717,9.948527,8.879296,10.063063,9.233462,9.471458,10.169796,10.090094,9.937069,9.611099
"MIR9-3",5.430296,5.356999,6.221135,5.32439,5.661604,5.545084,5.561532,5.773947,5.178108,5.225792,5.43801,5.852731,5.46864,5.221554,5.885553,5.821965,5.334371,5.589954,5.279455,5.780039,5.596386
"ZNF774",6.435676,6.329183,6.616228,5.873319,6.599811,6.478226,6.778535,6.682054,6.575599,7.045787,6.192376,7.586275,6.724127,5.980268,6.376861,6.456566,6.662566,6.406744,6.366046,6.299545,6.348835
"CRTC3",8.130068,8.122339,7.855391,8.56712,7.84773,8.047151,7.814009,8.082703,8.222114,7.975087,7.964864,7.539843,8.20548,8.11721,8.145875,8.42264,8.337871,8.49539,8.072095,7.882677,8.281854
"FURIN",8.060409,8.272819,8.372485,8.530327,8.444843,8.338983,8.459839,8.152056,8.163143,7.850751,8.501326,7.846536,8.168944,7.894872,8.414984,8.092309,7.914847,8.26733,8.202804,8.38353,8.435737
"MAN2A2",8.212159,8.418717,8.215629,8.552712,8.33601,8.445791,8.890992,8.236167,8.384831,7.820285,8.885481,7.824841,8.53403,7.936077,8.279932,8.315606,8.244607,8.328339,8.544734,8.217785,8.93437
"SLCO3A1",9.02112,9.617149,9.312574,9.145197,9.319319,9.41705,9.803271,9.131438,9.223229,9.151816,9.78803,9.044774,9.434862,8.679788,9.2108,9.237053,9.401633,9.164875,9.341187,8.931746,9.381432
"MCTP2",10.063442,10.238235,9.868298,9.625292,10.366085,10.259381,10.966457,9.757817,10.027598,9.633821,10.74128,9.871118,10.386588,9.24151,10.104274,10.317023,10.178308,10.675957,10.852218,10.151824,10.174743
"ARRDC4",7.271812,7.235033,7.86023,7.727846,8.218523,7.72509,8.02411,7.473906,7.3681,7.142171,7.648177,6.926551,7.758817,7.480957,7.759945,7.584973,7.728619,8.230075,8.035386,7.957736,7.773733
"IGF1R",8.309407,8.645479,8.170335,8.379899,8.696868,8.515984,9.035044,8.388707,8.504189,8.30942,8.815712,7.702993,8.745938,7.93948,8.295527,8.401445,8.46807,8.866732,8.777773,8.107476,8.155581
"HSP90B2P",4.961688,5.309157,5.447329,5.165181,4.923867,5.521862,4.421824,4.971517,4.378206,4.94236,4.604278,4.938973,4.743124,5.043261,5.09917,5.347705,5.20207,5.859542,5.159114,4.962586,4.86109
"LOC105371030",10.999005,10.181018,11.037811,10.677753,10.371106,10.584914,9.024282,10.847116,10.335627,10.592803,10.849998,10.715271,10.50921,10.855153,9.742416,9.663052,10.637512,9.932571,9.75726,10.122534,10.437292
"OR4F6",5.440675,4.888985,5.591911,5.28401,5.410937,5.379527,5.250568,5.294742,5.468768,6.284323,5.28089,6.539706,5.4666,5.539477,5.061109,5.817287,6.048186,4.866756,5.254685,5.480327,5.309643
"RPL5",12.146771,11.489247,10.729239,11.30625,11.907306,11.743206,10.271402,11.65599,11.825784,11.788759,11.66081,11.573095,11.783998,12.488581,12.212992,12.523856,12.570248,11.718017,12.536837,12.404372,11.380408
"UBE3A",8.611392,8.456642,8.278813,8.903821,8.540109,8.819765,8.339193,8.446688,8.534331,8.05243,8.343221,7.455902,8.424931,8.754275,8.77899,8.835055,8.446803,9.037473,9.326251,9.292462,8.779441
"MIR211",7.342177,7.026516,7.452939,7.006245,7.269497,6.850196,7.447282,7.213009,7.411943,8.157026,7.213486,8.587441,7.491444,6.852404,7.069309,7.480683,7.767928,7.059354,7.039573,6.782257,7.154635
"FMN1",6.408295,5.531198,6.180681,5.744642,6.833521,6.549017,6.336051,5.434237,6.11188,5.806065,6.209308,6.200162,5.678575,5.12465,5.594827,6.821615,5.968522,5.654104,6.654842,5.810073,6.117491
"NOP10",9.520305,8.964672,8.837971,8.928556,9.969465,9.298267,9.32556,9.365155,9.519311,9.156877,10.069066,8.594236,9.304978,9.80707,9.121927,9.233692,8.954964,8.892285,9.12314,8.652759,8.791649
"ZNF770",7.963345,7.961247,7.744083,8.478623,7.78312,8.343158,7.80199,7.833269,8.055947,7.480077,8.07562,6.689731,7.719872,8.460929,8.395926,8.067513,7.911637,8.379266,8.691111,8.372778,7.941078
"DPH6",6.537912,6.943573,6.081389,6.936893,6.811079,6.902122,6.003198,6.213946,6.593492,5.998357,6.06393,5.938966,6.360626,7.112043,7.072214,7.077796,6.542043,7.466937,7.842225,7.820356,6.326464
"RASGRP1",10.228837,9.713336,9.586458,10.329245,9.467575,10.137684,9.386582,9.934829,10.124977,9.918862,9.494017,8.718213,10.041661,10.129506,9.891444,10.048686,9.943971,10.20903,9.855168,10.359333,9.927413
"SRP14",9.566172,8.966255,9.330429,8.929079,9.644982,9.2385,8.818885,9.369663,9.225259,8.913023,9.446463,8.604963,9.573687,9.941764,9.46982,9.56603,9.647556,9.181206,9.523709,9.197083,9.382166
"NDUFAF1",6.904969,7.046114,6.218978,7.342705,7.33676,7.144201,6.500617,7.075319,7.19059,6.686636,7.479012,6.126325,7.338446,7.714862,7.855168,7.662622,7.626182,7.466853,7.884588,7.296788,7.534728
"ZNF106",8.957791,9.350908,9.24402,9.529604,9.379863,9.463506,9.956794,9.074436,9.218552,9.061313,9.804437,8.897696,9.7134,8.90188,9.648828,9.391501,9.399268,9.879194,9.756885,9.346047,9.675385
"RPS3A",9.617957,8.220541,8.650381,8.825985,9.693659,9.756364,8.579625,8.779959,9.065919,9.152777,9.392386,8.279793,9.413736,11.584774,9.129685,9.102229,10.011725,8.957634,10.231703,9.95379,8.247952
"EPB42",8.861835,8.580804,9.251129,8.733298,9.611452,8.272614,8.256614,8.527889,8.076143,7.247834,8.365192,7.920202,8.053243,8.138787,9.14125,8.76725,7.063676,8.610403,8.807086,9.293353,8.437741
"ZSCAN29",8.053656,8.073155,7.88676,8.455494,7.875843,8.236828,7.442471,8.126653,8.003962,7.890793,7.851754,7.385923,8.010657,8.328533,7.76918,7.877082,8.12311,8.005903,8.18345,7.836546,8.157078
"PPIP5K1",7.179405,7.435768,7.679632,7.096507,7.642559,7.504271,7.104561,7.689852,7.703488,7.989854,7.157478,8.302453,7.531901,6.892509,7.54909,7.35817,7.565015,7.056299,7.298949,7.76776,7.50261
"MFAP1",7.470001,7.631298,7.135008,7.173739,7.233695,7.761389,5.9678,7.393567,7.233246,7.00876,7.3455,6.599425,7.410724,7.546273,7.10104,7.059854,6.688089,7.203207,7.012561,6.531647,7.352555
"GATM",5.880796,5.564838,6.127529,6.615524,6.120648,5.86617,6.152756,5.994431,6.598371,5.944907,5.729298,5.673293,6.27595,6.919588,6.227402,5.81182,6.381345,6.70647,6.134569,6.386594,6.190962
"MYEF2",7.25685,6.832411,6.76089,7.343623,6.934829,7.085892,6.838942,6.779142,7.067683,6.609469,6.589523,6.14769,6.543802,7.045954,7.041128,7.303385,6.637862,7.898348,7.633224,8.264373,6.678785
"COPS2",8.620956,7.850182,7.912591,8.949362,8.671561,9.146459,8.408897,8.059535,8.134137,7.283926,8.182342,6.546239,7.896588,9.564573,8.833808,8.600906,8.740065,8.750326,9.621425,9.498095,8.177372
"ATP8B4",7.448609,8.026036,7.364784,7.865605,7.756507,7.796429,8.207469,7.376213,7.49279,7.14601,8.042297,6.506396,7.805844,7.214245,7.688452,8.126796,7.935267,8.005773,8.202807,8.75805,8.735869
"HDC",6.274048,6.86605,6.973591,6.781199,6.627243,5.80777,5.880218,6.464743,6.317246,6.515429,6.224696,6.362253,6.870804,6.162121,6.527197,6.603377,5.969542,6.270696,5.920441,6.842126,5.990141
"TRPM7",8.811287,8.570245,8.042587,9.062386,8.468865,8.723726,8.392226,8.375976,8.776356,8.004361,8.353694,7.278782,8.455865,8.850597,8.860551,8.951945,8.576986,8.997698,9.25044,9.183871,8.703862
"DMXL2",9.352945,9.451249,9.100372,9.477421,9.391596,9.775463,10.298702,9.299178,9.58062,9.010982,10.069024,8.778359,10.119056,8.756611,9.636243,9.158294,9.625628,9.379837,10.299543,10.309332,9.956392
"RSL24D1",8.020423,6.942176,7.310983,7.837602,7.961143,8.518635,7.354634,7.383405,7.390257,7.112406,7.717315,6.884807,7.104188,9.373517,7.762758,7.918525,8.283926,7.642992,8.766492,8.609892,7.494047
"RAB27A",9.892701,10.122932,9.783219,9.792759,10.097605,10.044074,10.049004,9.836504,9.912282,9.358805,10.478089,9.469778,10.005149,9.621536,10.349049,9.990709,9.803744,10.222264,10.173015,9.938365,10.054405
"RFX7",8.099662,8.041791,7.647247,8.545963,7.841426,8.177334,7.994553,8.089435,8.194128,7.796379,7.764132,7.239794,8.377699,8.18747,8.211532,8.254588,8.204925,8.426059,8.574746,8.738709,8.078719
"ZNF280D",8.802439,8.484312,8.216481,8.952408,8.487619,8.78413,8.492242,8.681874,8.811606,8.409275,8.420806,7.364475,8.416372,9.212538,8.691795,8.984122,8.784645,8.896524,9.413147,9.082862,8.304578
"SLTM",9.121548,9.301352,8.968704,9.280165,8.984495,9.305915,8.178096,9.09999,9.235138,8.700391,9.0689,8.167866,8.848255,9.154544,9.336031,9.392115,8.956602,9.469964,9.274707,9.142707,9.23125
"GTF2A2",7.025853,6.904697,6.337349,7.140714,6.999208,7.083482,6.652038,6.930381,7.065816,6.00228,7.075626,5.926243,6.884669,7.609545,7.115962,7.118837,7.205127,6.969091,7.41532,7.194627,6.909007
"BNIP2",9.873426,9.658822,9.196716,9.806192,9.857934,9.950851,9.74642,9.515859,9.901434,9.399523,9.936944,8.927979,9.774643,9.730554,10.193933,10.159946,10.199028,10.203759,10.656372,10.095994,10.108974
"ICE2",8.355069,8.13335,7.630847,8.789643,8.021205,8.469804,7.93021,8.169707,8.235071,7.918576,7.872303,6.950699,7.829898,8.81118,8.506718,8.66518,8.161298,8.400787,8.78166,8.571477,8.314509
"VPS13C",10.071858,9.963674,9.636165,10.446579,9.642923,9.903644,10.004773,9.869894,10.156501,9.664725,9.853299,8.925243,9.998607,9.926498,9.992489,10.262932,9.961905,10.313941,10.674423,10.675583,10.124069
"RPS27L",7.480113,6.832443,6.569118,7.298952,6.831696,6.920224,6.687808,6.886085,7.19828,6.725839,6.908083,5.649219,6.935425,7.823491,6.861529,7.277218,7.451823,7.402072,7.735368,7.570444,7.302311
"HERC1",9.164203,9.162362,9.06536,9.721442,8.847884,9.12204,9.413089,9.356333,9.272859,8.922305,8.941374,8.348224,9.466237,9.004972,9.375591,9.261693,8.940933,9.737729,9.136003,9.395387,9.327322
"CIAO2A",7.968176,7.67191,7.520089,8.176308,7.76134,8.086107,7.33473,7.736293,7.878357,7.252718,7.742804,7.141811,7.674492,8.868789,8.067774,8.024958,8.082981,7.892282,8.128172,8.027239,7.715906
"PPIB",9.79568,9.943658,9.566514,9.538923,9.56791,9.849152,8.717913,9.819948,9.793082,9.478238,9.879678,8.945353,9.745771,10.022899,9.552285,9.946947,10.173094,9.6526,9.2806,9.369582,9.610607
"PCLAF",5.360462,4.705961,5.032535,5.274338,4.647588,5.182957,4.244226,4.998109,4.545024,4.945938,4.210456,4.494569,4.427017,6.282586,4.634234,4.639269,5.716353,5.048761,4.888327,4.779768,5.228661
"SPG21",9.741579,10.035866,9.32087,9.716474,9.835553,9.819568,10.016377,9.503161,10.089237,9.617581,10.143413,9.152676,10.156012,9.715433,9.895316,9.747076,10.191989,9.85921,10.269604,9.766929,9.917147
"CLPX",8.683642,8.848391,8.750438,8.876477,8.732699,8.964067,8.543181,8.784363,8.844707,8.401236,8.702232,7.749565,8.860506,8.89084,8.982944,8.99018,8.685785,9.017705,8.953552,8.860133,9.020065
"DENND4A",10.167469,10.137621,9.689765,10.6124,10.037051,10.168794,10.11713,9.952436,10.226836,9.585241,9.86617,9.179032,10.017554,10.138973,10.202905,10.392558,10.204153,10.472017,10.751461,10.953467,9.853363
"AAGAB",7.783315,7.559265,7.270409,7.750445,7.635559,7.894424,7.44255,7.867811,7.633197,6.910702,7.787578,6.76229,7.824193,8.060602,7.858606,7.840108,7.235534,7.394229,7.923997,7.998025,8.101469
"CLN6",7.433053,7.144935,7.383545,7.357032,7.318015,7.543577,7.510542,7.284147,7.568313,7.245053,7.678313,7.275302,7.160795,7.055387,7.254443,7.301858,7.361568,7.351784,7.044281,7.529961,7.515054
"TLE3",8.864639,9.242652,9.256788,8.705316,9.39511,9.014157,9.7624,9.23354,9.062013,9.118578,9.56759,8.779947,9.056912,8.548363,9.043966,8.745755,8.86228,9.171754,8.876098,8.640286,8.959025
"MYO9A",7.759888,7.653452,7.413959,8.052487,7.403715,7.670462,7.617029,7.737081,7.885411,7.202165,7.348745,7.002184,7.691932,7.484511,7.811,8.074117,7.668272,8.197194,8.192215,8.713805,7.544467
"UBL7",8.273537,8.519161,8.380617,8.447364,8.285199,8.517622,8.233074,8.169469,8.141289,7.923357,8.484567,7.937971,8.232805,8.376886,8.518058,8.271503,8.193662,8.393865,8.314194,9.016483,8.349866
"SCAMP2",9.341854,9.811654,9.442425,9.773872,9.430713,9.699713,9.661435,9.434615,9.445047,9.51374,9.586288,9.349728,9.475689,9.156943,9.626907,9.563103,9.678765,9.602474,9.483096,9.68318,9.681651
"ETFA",8.48027,8.459355,7.826602,8.580328,8.387289,8.643241,7.857156,8.379208,8.534581,7.92277,8.33927,7.061673,8.340408,8.782951,8.690419,8.584136,8.566839,8.388589,8.703227,8.376717,8.639632
"SCAPER",8.230559,8.342797,7.782772,8.311154,8.067594,8.1221,7.531304,8.325685,8.568485,7.917681,7.872954,7.315749,8.075422,8.029678,8.428089,8.557049,8.30613,8.350012,8.299731,8.578745,8.384668
"TSPAN3",9.487178,9.290944,8.855826,9.695449,9.297833,9.669708,8.750855,9.291658,9.455678,9.019927,9.150977,8.654004,9.646272,9.879521,9.798458,10.04897,10.067352,9.986626,9.496567,9.851867,9.749006
"CHRNB4",7.096206,6.650633,7.248042,6.604662,7.024823,6.536173,6.819079,7.384257,6.654073,7.015908,6.599806,6.730334,6.749475,6.402435,6.679722,7.305288,6.552892,6.265397,6.555137,6.649787,7.048507
"CTSH",8.630525,8.903479,8.417141,9.065169,8.908482,8.782265,8.727781,8.116003,9.182595,8.608784,9.566442,7.96559,8.812548,8.28999,8.711446,8.86747,9.095102,8.573351,9.153982,8.768599,8.708422
"ST20",8.333438,8.474319,8.509747,8.314062,8.974625,8.669683,9.121298,8.162988,8.737702,8.108534,8.950884,7.221192,8.630672,8.407739,8.341672,8.014114,8.360607,8.197263,8.197594,8.192054,8.308052
"BCL2A1",6.730523,6.690633,6.357407,6.41108,7.172993,7.159848,7.615621,6.774209,6.682521,6.279673,7.296886,6.281163,6.852684,7.788124,7.244682,6.739557,6.805582,6.823044,7.535811,7.066057,7.085205
"CSPG4P5",6.108364,5.775036,6.104922,5.527893,5.714885,5.456025,6.104107,5.650716,5.963175,6.660823,5.781452,7.121797,5.89191,5.723316,6.359059,6.191921,6.561618,6.0344,5.870605,5.835774,5.807609
"RPS17",10.762727,9.432143,9.92825,10.100208,10.699185,10.787275,9.252138,10.059196,9.968653,10.05876,10.441047,9.532046,10.37666,11.885976,10.273864,10.04402,10.527226,10.241279,10.785598,10.790742,9.0313
"BTBD1",9.092924,8.807213,8.545642,9.129296,8.861942,9.014275,8.938616,8.824621,8.968743,8.302794,8.910463,7.718479,8.895082,9.176052,8.984322,9.017129,8.817915,8.871193,9.220857,8.921272,8.989954
"SEC11A",8.593977,8.670058,8.402088,8.540655,8.69912,8.53638,8.317451,8.534238,8.342033,8.464847,8.922897,7.964749,8.494002,8.87197,8.935875,8.735194,8.377165,8.655717,8.709623,8.40264,8.823984
"DET1",7.668044,7.840338,7.147521,8.340305,7.530732,7.82817,7.009145,7.632523,7.962939,8.036074,7.250914,7.461824,7.63512,7.620213,7.244356,7.449577,8.010115,8.247701,8.222928,8.09912,7.51824
"HAPLN3",7.637238,7.518657,7.810778,7.780504,7.410804,7.531945,7.409332,7.564908,7.582908,7.406748,7.493271,7.373242,7.452847,7.737147,7.583885,7.574859,7.141293,7.608649,7.583868,7.73679,7.390048
"ANPEP",8.171868,9.509254,9.141037,8.461018,9.097014,9.214563,10.011396,8.482534,8.719501,8.467267,9.57825,8.778447,8.685521,7.690899,9.093261,8.385257,9.060462,9.302902,9.709163,8.034691,8.518141
"PRKXP1",7.531281,7.448582,6.674294,7.759373,7.623844,6.899745,7.336641,6.372984,7.76553,7.287951,7.317524,7.199449,7.781521,7.278894,8.540219,8.209933,7.784607,8.654624,7.880317,7.426872,7.474389
"LINS1",8.784745,8.496905,8.205346,9.005961,8.652979,8.533273,8.569656,7.877574,8.896918,8.338219,8.385545,7.749329,8.667575,8.7657,8.876212,8.888412,8.436141,9.296722,9.006506,8.917113,8.554611
"SNRPA1",8.226886,8.287088,7.193198,8.616126,7.730312,7.685152,7.468193,7.737313,8.130828,7.151339,7.306668,6.792735,7.5216,7.806902,7.558649,8.222939,7.989336,8.39356,8.249727,8.207623,8.104276
"WASIR2",6.450568,6.643516,6.89296,6.596472,7.038992,6.589477,6.749108,6.909779,6.708782,7.195837,6.834694,7.375412,6.64365,6.913953,6.464235,6.808192,7.010318,6.213265,6.288437,6.277906,6.079019
"SNRNP25",6.717697,6.715069,7.086701,6.577024,6.927892,6.811521,6.744011,6.969475,7.029954,7.018194,6.848234,7.116109,6.957092,7.323862,6.516202,6.385659,6.735427,6.216921,6.506081,6.599845,6.83813
"HBZ",6.410677,5.323235,5.395892,5.53808,4.117871,3.804352,4.826669,5.159196,4.083493,3.398141,4.573628,3.888073,4.713791,5.424294,4.252924,5.203736,3.899246,3.622815,3.800163,5.118602,3.728337
"HBM",9.510738,9.443519,10.253439,10.391972,10.170412,9.601678,9.336218,9.617125,9.008995,8.308484,9.064594,9.230019,9.079072,8.716789,10.065832,8.873997,8.155,8.793566,9.167207,9.702084,9.292348
"RPL23AP5",4.606539,4.837241,4.741982,4.542978,4.463803,4.06141,4.554628,4.969228,4.356394,4.403427,5.67948,4.982087,4.578469,3.457164,3.455252,5.109936,5.025388,4.538825,4.639918,4.870242,4.166621
"PIGQ",7.047372,7.233298,7.088241,7.056965,7.120248,6.934805,7.092633,6.988122,6.68842,6.943813,6.794823,6.878747,6.970262,6.739088,6.90837,6.861628,6.97297,6.706275,6.785021,6.986273,7.070418
"ATP6V0C",9.96724,10.789655,10.810908,10.961514,10.588181,10.431459,10.387746,10.207187,9.957742,9.881786,10.280043,10.272103,9.606186,9.423245,10.703511,10.294092,10.027865,10.413267,10.489784,10.651434,10.874893
"FLJ42627",7.509859,7.81182,6.105253,7.107895,6.456171,7.691197,6.061955,7.016039,7.267598,6.648728,7.449761,7.400028,7.366315,7.982878,7.188977,6.493185,8.007248,7.595533,7.308844,5.677798,6.424522
"SRRM2",9.448261,9.915345,9.91603,10.05209,9.312023,9.634071,9.705194,9.644511,9.84862,9.566547,9.489828,9.210983,9.957906,9.280921,9.514259,9.703145,9.878153,10.144257,9.783568,9.217254,9.894971
"THOC6",7.536335,7.789882,7.698751,7.72894,7.461966,7.486064,7.483531,7.563225,7.723128,7.514495,7.531135,7.620173,7.683042,7.720506,7.436288,7.519574,7.424456,7.557471,7.232993,7.35557,7.697472
"MMP25",8.880884,9.496764,9.354807,8.610752,9.699183,9.303067,10.126865,9.176387,9.372158,9.314779,9.94718,9.199959,9.378326,8.779252,9.039315,8.833009,9.386922,9.747985,9.046094,8.736082,8.830241
"IL32",9.174961,9.608171,9.14904,8.775526,8.995136,9.356579,9.108324,9.312743,9.114697,8.868016,8.959941,9.155596,8.780502,8.775109,8.790967,8.578557,8.770478,8.854848,8.266522,9.050778,8.613184
"OR1F1",6.176175,6.055739,6.594937,5.967146,6.276752,5.76017,6.273618,6.129325,6.097651,6.972434,6.142747,7.245625,6.255612,5.347556,6.06753,5.993795,6.563741,6.082193,5.964415,5.799009,5.977686
"OR1F2P",5.673587,5.810629,6.105432,5.792843,5.916571,5.555312,6.125199,5.92275,5.364791,6.556032,6.056722,6.356474,6.011795,5.896108,6.146874,6.488097,6.412393,5.53624,5.921119,6.542723,5.843158
"CLUAP1",7.197598,7.287211,6.855062,7.73,7.043337,7.046862,6.399027,7.198315,7.055607,6.844645,6.938398,6.527679,6.9216,7.5258,7.392116,7.146016,7.118261,7.254314,6.847919,7.027165,7.049877
"UBN1",9.218234,9.379393,9.31727,8.974874,9.520389,9.41972,9.838785,9.114802,9.358846,9.12734,9.937139,8.950633,9.769312,8.632987,9.481869,9.173859,9.555376,9.828348,9.302621,8.51044,9.34477
"ATF7IP2",7.616126,7.464622,6.831237,7.920694,7.410904,7.327291,7.307523,7.207438,7.540351,7.113977,7.11662,6.353221,7.266497,7.859081,8.06906,7.967664,8.29438,8.044818,8.109852,7.912236,7.617395
"NUBP1",8.605886,8.836958,8.365254,8.866616,8.702121,8.711985,8.342553,8.522669,8.529987,8.462456,8.764712,7.910964,8.561531,8.98136,9.006233,9.091221,8.780835,8.927565,8.836302,8.544947,8.779361
"CIITA",7.704495,7.885305,7.750045,7.986321,7.585531,7.62681,7.57231,8.005401,8.015037,8.052748,7.697833,7.985294,7.901666,7.822132,7.620124,7.920096,7.733013,7.821817,7.879194,7.595613,7.451372
"TNFRSF17",6.308657,5.250418,5.29321,6.339159,5.714725,6.478535,5.132048,5.946049,6.174412,5.336902,6.49334,5.36115,5.698063,7.069924,5.802366,5.867525,7.808726,6.680937,5.849664,5.450852,4.634229
"SNX29",8.048336,8.172068,7.980126,8.50356,8.050101,7.89636,7.611846,8.054724,8.486745,7.942269,8.032522,7.253421,8.110122,8.102261,7.953541,7.948209,7.744847,8.299955,7.682115,7.749001,7.811049
"MIR365A",7.226829,6.937792,6.998715,6.748662,7.01869,6.482437,6.71517,7.058339,6.980104,7.66012,6.962179,8.152723,7.064363,6.829703,7.124412,7.411342,7.482686,7.028805,6.584688,6.615445,6.717404
"CCP110",6.468878,6.35322,5.87699,6.698513,6.596212,6.780769,6.404348,6.376922,6.394421,5.456046,6.571408,5.313851,6.28769,7.054957,6.711298,6.53401,6.745837,6.937543,7.248642,6.723231,6.745119
"ACSM2A",5.481444,5.288909,5.006133,4.900863,5.535616,5.139339,5.296287,5.195006,5.304495,6.050039,5.524275,6.223168,5.5502,4.963192,5.220221,4.436044,5.53802,5.231559,4.932288,5.334833,5.32223
"PLK1",7.100161,7.054828,6.984631,6.872098,6.836743,6.87473,6.731446,6.947525,6.731597,6.716148,7.055032,7.012243,6.963486,7.002876,6.645834,6.621429,7.27833,6.836263,6.686298,6.841488,7.094333
"APOBR",7.673354,8.384886,8.369893,7.996015,8.155911,8.303675,8.474465,7.794008,7.812317,7.623551,8.505181,7.44358,8.255734,7.506334,7.984068,7.559284,7.637086,7.834128,7.699439,7.300091,8.148376
"CD19",7.699516,7.406177,7.581047,7.973166,7.546415,7.987878,7.448192,7.736359,7.829052,7.338787,7.573171,7.335733,7.485894,8.454024,7.787876,7.806789,7.637056,8.301462,7.517664,7.779475,7.422162
"NFATC2IP",8.499894,8.420086,8.334983,8.594881,8.433714,8.632663,8.251814,8.368573,8.452223,8.428118,8.393139,7.937974,8.640573,8.426626,8.425305,8.427082,8.488142,8.652454,8.202176,8.337779,8.694022
"SPNS1",7.923895,8.170654,8.30732,8.226744,8.087147,7.927663,8.24068,8.118414,8.097993,7.867298,8.218491,8.08804,8.038598,7.94432,8.119773,7.873913,7.910126,7.954181,7.695531,8.016523,8.242591
"LAT",8.597612,8.526941,8.472948,8.872591,8.438709,8.882756,8.453936,8.795374,8.701408,8.644139,8.169407,8.01962,8.601398,8.907961,8.647587,8.888941,8.723813,8.947068,8.667781,8.870009,8.894556
"SNX29P2",7.26574,7.791617,7.662007,7.442196,6.931192,7.712859,7.790099,7.600804,7.749034,7.131793,7.684582,7.5318,7.711699,7.578454,7.336229,7.591501,6.966118,7.434086,7.040519,7.395502,7.651419
"SPN",8.206131,8.372824,8.346871,8.648925,7.747484,8.296615,8.073547,8.398371,8.197738,8.027129,7.94305,7.558098,8.392154,8.142557,8.134319,8.433807,8.278891,8.49665,7.993455,7.981532,8.618787
"ZG16",6.2673,5.965591,6.124351,5.888869,6.690669,5.589875,6.133127,5.750837,6.391596,6.207393,5.937777,7.067327,6.030552,6.114536,5.935074,6.344602,6.490332,5.893245,5.866358,6.068111,6.975641
"KIF22",9.547362,9.492053,9.933657,9.33638,9.460025,9.227608,9.565575,9.560986,9.704053,9.095314,9.413729,9.109113,9.133584,9.743149,9.88258,9.260494,8.761285,9.271223,9.0164,9.761877,9.038243
"PAGR1",8.692109,8.568711,8.293989,8.690481,8.642002,8.82243,8.184789,8.605623,8.755793,8.312927,8.645893,8.030943,8.689308,9.096815,8.798823,8.983768,8.873252,8.76554,8.772189,8.638135,8.715219
"CORO1A",11.313192,11.803936,11.595478,11.884898,11.472886,11.805669,11.68228,11.540365,11.656817,11.328756,11.817499,10.766206,11.647654,11.358973,11.303199,11.315613,11.189492,11.598212,11.235892,11.106701,11.585216
"ITGAL",9.212638,9.660655,9.439049,9.757789,9.13021,9.390402,9.575171,9.44859,9.494703,9.027247,9.147902,8.540807,9.817721,9.088165,9.260474,9.633493,9.21368,10.010166,9.50562,9.084759,9.879938
"ZNF646",7.514567,7.981058,7.489172,7.361909,7.734287,7.743664,7.647681,7.535523,7.783302,7.651684,8.248647,7.140458,7.646084,7.682566,7.855918,7.558576,7.631436,7.394025,7.53234,7.091042,7.689044
"TRIM72",7.590458,7.729106,7.751453,7.206989,7.403548,7.73694,7.545677,7.725488,7.523205,7.683479,7.418083,7.257569,7.309854,7.367708,7.342741,7.12084,6.657639,7.062778,7.238362,7.498229,7.245773
"ITGAM",9.113321,9.601196,9.450638,9.500557,9.411861,9.568232,10.343796,9.262949,9.208412,9.072466,10.135447,9.293379,9.655263,8.646156,9.496506,9.520607,9.267706,9.979507,9.41468,9.244131,9.772623
"ITGAX",9.468317,10.069778,9.204494,9.255482,10.106895,9.402559,10.477575,9.396095,9.964815,9.674938,10.551211,9.743978,9.986258,8.945122,9.940891,9.767442,10.340414,9.924286,10.490063,9.138451,10.012096
"AHSP",8.172269,7.56558,8.244173,7.965101,9.822532,7.788134,7.971359,7.452891,7.596915,6.37322,8.158818,7.229485,7.124849,7.806844,8.109062,7.354988,6.83856,6.917818,8.380407,8.986601,7.741653
"CLUHP3",7.319154,7.100862,7.209948,7.207955,6.755441,7.245407,7.058101,7.529879,7.577926,7.324318,7.053182,7.306818,7.200656,7.654881,7.253759,7.117219,7.056692,7.277972,7.186332,7.099366,7.280541
"ZNF267",8.432659,8.242446,8.069427,8.466327,8.916811,9.24673,8.939399,8.329591,8.443308,7.847347,8.954099,7.046268,8.069309,9.396567,9.282643,8.96603,9.171508,9.17139,9.95888,9.095607,8.689017
"ADCY7",9.023136,9.273292,9.159264,9.172751,8.876498,9.039874,9.132804,9.156552,9.378572,8.818655,9.561986,8.375952,9.380812,9.065509,9.085819,9.286668,9.035648,9.151632,8.790716,8.753279,9.648363
"NOD2",8.19022,7.916259,7.564121,7.730002,8.21282,8.592637,7.91831,8.080534,8.104793,7.925905,8.260864,7.743767,7.985409,7.717256,8.561453,7.923215,7.368525,8.116671,7.833634,7.8296,8.0043
"CYLD",9.984374,9.669065,9.369163,10.004726,9.739355,9.916778,9.78611,9.805293,9.928422,9.64095,9.776477,8.888777,10.030091,9.745954,10.128273,9.939885,9.954284,10.07999,10.488346,10.211471,9.938172
"RBL2",10.346073,10.059088,9.812128,10.428095,10.030822,10.382515,10.216793,10.182458,10.046657,10.1173,10.17589,9.364941,10.519928,10.378501,10.308337,10.571173,10.403611,10.656556,10.444643,10.579299,10.230501
"LPCAT2",8.944931,9.613743,9.526635,9.451183,9.816593,10.046633,10.266003,9.353272,9.290052,9.530061,10.19003,8.654285,10.076314,8.886501,9.594214,9.372322,9.752719,9.721145,10.582732,9.633972,9.33231
"MT2A",9.44372,9.78262,9.284451,10.240847,9.904182,9.784108,9.8596,9.887912,9.07646,8.860686,10.16639,9.057043,9.653188,10.135239,9.82056,9.564719,9.277218,8.751086,9.312728,9.703962,11.153888
"MT1M",5.932308,5.899159,5.946544,5.696166,5.688711,5.569947,5.621077,5.800732,5.760526,6.247178,5.779933,6.570404,5.529272,5.634303,5.750142,5.878178,5.715542,5.766885,5.5038,5.57294,5.815064
"MT1L",8.153266,8.298028,8.373602,8.35971,8.444721,8.024547,8.227182,8.301678,8.100862,8.783855,8.488629,9.098409,8.287365,8.335794,8.362334,8.593559,8.715058,8.031154,8.208143,8.103629,8.596811
"MT1E",7.629669,7.532327,7.986528,7.551119,7.726488,7.696327,7.828136,7.813136,7.508567,8.015941,7.74263,8.367701,7.652964,7.98393,7.581633,7.60032,7.880652,7.323464,7.328554,7.481639,7.823328
"MT1JP",6.54815,6.558751,6.739603,6.601041,6.316491,6.53091,6.514917,6.560327,6.508668,7.189505,6.81244,7.698085,6.45591,6.797559,6.441132,6.433852,6.391807,5.968489,6.13894,6.639152,6.76928
"MT1DP",7.921782,7.924295,7.831374,7.982644,7.877285,7.918548,7.998437,7.962135,7.994891,8.60804,8.061904,8.886536,8.005149,8.075087,7.846708,8.084373,7.932838,7.586575,7.794638,8.109667,8.270536
"MT1F",8.175263,8.231385,8.103979,7.999379,8.229717,8.320956,8.212508,8.302837,7.890216,8.171105,8.432456,8.275352,8.00125,8.320707,8.521492,8.315986,8.370073,8.283662,8.216061,8.231124,8.84677
"MT1H",6.519632,6.989367,6.91263,6.779331,6.575152,6.350659,6.55191,6.843427,6.691995,7.298498,6.734636,7.149582,6.60492,6.822399,6.712495,6.45565,6.70477,6.036983,6.51306,6.925452,6.820762
"MT1X",7.379974,7.403614,7.411669,7.987754,7.746194,7.419308,7.109754,7.73391,7.350409,7.623974,7.685893,7.443157,7.387899,7.996384,7.772372,7.585658,7.162315,7.42461,7.337781,7.571262,7.662751
"NLRC5",8.661728,8.543052,8.42993,8.970581,8.358079,8.682212,8.458841,8.748219,8.925615,8.522155,8.814368,7.801787,9.066107,8.519474,8.468062,8.582535,8.326865,8.568994,8.425173,8.398662,8.901388
"CPNE2",7.92378,8.118241,8.000042,7.723612,8.047134,8.018229,8.379055,8.019321,7.973096,7.895218,8.464107,8.026346,7.773372,7.579275,8.02287,7.774143,8.275782,7.910308,8.246968,7.815735,7.938566
"ADGRG5",7.718535,8.036842,8.145247,7.836726,7.475985,7.885902,7.809455,7.878183,7.666338,7.901193,7.645599,8.227824,7.92927,7.739853,7.624153,7.903198,7.583823,7.951686,7.673614,7.646723,8.079752
"ADGRG1",7.537046,7.727808,7.646162,7.332466,7.171204,7.388337,7.60762,7.732236,6.831543,7.05818,7.175979,7.289509,7.982708,7.313898,7.029985,8.039866,7.182862,8.375662,7.514287,7.561587,8.462313
"ADGRG3",8.857622,8.72612,8.736816,8.576265,9.379742,9.097521,9.685863,9.070273,8.425382,8.630312,9.546749,8.198364,8.925201,8.035627,9.231648,8.451841,9.043308,9.836841,9.345246,8.451213,9.354498
"BEAN1",7.329514,7.192004,7.603321,6.988448,7.343774,7.185676,7.212902,7.320629,7.287803,7.760191,7.194592,8.0152,7.270607,7.195444,6.91356,7.362453,7.520881,7.333062,7.021861,7.061832,7.134336
"CMTM2",8.190154,8.353536,8.21033,7.492053,8.989778,8.683352,8.878738,8.334812,8.156657,8.431565,8.760279,8.492391,8.034411,8.227657,7.823089,7.514219,7.901426,7.238011,8.213959,7.329864,7.621817
"CMTM3",8.610884,8.712616,8.812299,8.484715,8.52429,8.554358,8.59271,8.654395,8.503366,8.245071,8.816794,8.152702,8.607693,8.684568,8.401697,8.498761,8.464683,8.456379,8.27959,8.32259,8.659468
"PDP2",6.633394,6.558718,6.054132,6.834055,6.305838,6.70162,6.424843,6.827893,6.330603,6.526071,6.233169,6.149595,6.944231,6.824109,6.665078,7.239453,6.612291,7.349639,6.759758,7.062992,7.008935
"E2F4",7.634653,8.124452,8.055617,8.214293,8.145451,8.060318,7.886651,8.015714,7.951806,7.679622,8.293352,7.504653,7.824613,7.863315,8.096021,7.936714,7.81675,8.08227,7.864548,7.725205,8.199452
"TMEM208",8.18495,8.39044,8.004409,8.221212,8.213999,8.315396,7.905965,7.977656,8.321092,7.948943,8.322173,7.683181,8.232168,8.50646,7.887533,7.640311,7.820473,7.731807,7.799537,7.542157,7.587162
"RIPOR1",6.935345,7.452718,7.070086,7.137541,7.014006,7.265818,7.335965,7.01736,7.264763,7.064107,7.121988,7.303777,7.604292,7.066295,6.958134,7.120017,7.254542,7.396559,7.126655,6.837436,7.330732
"DUS2",7.70758,7.803755,7.384933,8.045157,7.67036,7.752856,7.516317,7.694825,7.776553,7.366858,7.916228,7.205533,7.823979,7.960496,7.72532,7.539769,7.360245,8.186545,7.630735,7.556869,7.545313
"UTP4",8.049244,8.409392,7.940282,8.514237,8.229841,8.473554,8.005481,8.374738,8.031929,7.779602,8.235115,7.889914,8.191105,8.355579,8.637476,8.215964,8.628503,8.847966,8.773767,8.593716,8.665351
"PDPR",8.522589,8.481979,8.263642,8.991294,7.670752,7.965441,8.649811,9.216484,8.785413,7.769344,8.364667,8.398388,8.914746,8.449049,8.203435,8.754494,8.70636,8.973674,8.369363,8.947659,9.088167
"HP",5.305494,5.494165,5.156551,5.132389,6.092257,5.014307,5.441866,6.029483,5.333261,5.467083,6.698655,5.428261,5.542556,5.173423,5.83942,6.131058,5.203378,6.141704,5.89561,5.298774,6.698102
"HPR",6.265805,5.620355,5.99364,5.827856,6.249049,5.935239,5.460762,5.794485,6.048306,6.545341,6.338902,6.782688,5.90751,5.848713,5.974786,6.120242,6.266188,5.459454,5.997365,5.560002,6.239012
"ZFP1",7.1193,7.052331,6.820801,7.28109,7.030908,7.355122,6.707221,7.027898,7.062326,6.855801,6.837986,6.763472,6.966346,7.611942,7.618746,7.586802,7.420547,7.451949,7.972649,7.966585,7.267766
"GABARAPL2",10.057335,10.158198,9.942784,10.731314,10.558824,10.416684,10.619101,9.916573,10.109075,9.789994,10.244005,9.525422,10.261551,10.008269,10.312412,10.016648,9.718133,9.921032,10.501138,11.134897,9.814363
"ATMIN",8.673416,8.441059,8.157171,8.559734,8.684704,8.798703,8.662778,8.722311,8.56233,8.357072,8.565968,8.162766,8.634419,8.838586,8.525726,8.584413,8.393779,8.298387,8.544523,8.68084,8.530784
"CMIP",8.53222,9.068019,8.90835,9.018792,8.808084,8.867481,9.196698,8.838408,8.844145,8.472386,9.351553,8.15916,9.010387,8.049541,8.796962,8.530194,8.45704,8.806821,8.664371,8.255515,9.042336
"HSBP1",8.37112,8.48148,8.298963,8.490206,8.574826,8.69426,8.138474,8.089461,8.377047,8.131438,8.683191,7.760838,8.135973,8.84611,8.527205,8.806175,8.675533,8.685714,8.991961,8.474585,8.450961
"CRISPLD2",7.00512,7.895643,7.857642,7.196227,8.228748,7.759372,8.932204,7.756848,7.132392,7.127875,8.404633,7.022034,7.402206,6.338286,7.811716,7.085801,7.833172,7.818493,8.010812,7.066319,7.848398
"KIAA0513",8.339606,9.05006,8.782115,8.624254,8.86684,8.819602,8.898569,8.780025,8.44381,8.178678,9.245515,8.10966,8.893808,8.207305,8.719818,8.447393,8.327642,8.241509,8.581011,8.025641,8.771309
"COX4I1",9.205298,9.466497,9.174346,9.188739,9.415131,9.587589,8.908621,9.121657,9.339259,9.582172,9.286448,8.782789,9.422863,9.847844,8.742028,9.025951,9.022886,8.534146,8.979737,8.893016,8.857662
"IRF8",9.663928,9.759699,9.279955,9.913332,9.315893,9.581541,9.090084,9.685085,9.935039,9.107884,9.822708,8.777656,9.772402,9.931804,10.0182,10.407344,9.801902,10.2727,9.401651,9.437042,9.912703
"CDK10",7.277107,7.016068,7.236419,7.452106,6.9044,6.993804,7.162713,7.230154,7.312181,7.101332,7.379563,6.697666,7.412436,7.334529,6.80807,7.251168,6.952763,7.301981,6.775448,7.156864,7.173443
"NPRL3",9.294418,9.339614,9.864423,10.586973,9.2025,10.059584,8.889957,9.558933,8.753511,8.406188,9.213286,9.210854,8.899489,8.188563,10.11302,9.376664,9.027023,9.429917,9.609193,10.797844,10.061979
"MRPL28",7.745206,7.954398,7.844673,7.760376,7.852274,7.952943,7.590502,7.782974,7.682869,7.419487,7.828463,7.195111,7.88803,7.82602,7.471574,7.397286,7.426029,7.467565,7.450556,7.580752,7.589793
"PGAP6",8.272788,8.569069,8.459252,8.398592,8.401434,8.511114,8.537351,8.152586,8.372337,7.987362,8.587846,7.828379,8.241349,8.317198,8.412175,8.115229,8.033044,8.02601,8.274355,8.329026,8.473561
"JMJD8",7.833857,7.99921,8.010448,7.932166,7.91876,7.873835,7.776459,7.893584,7.747692,7.812336,7.952221,7.193412,7.762277,7.903756,7.667459,7.776002,7.513089,7.568021,7.585507,7.789889,7.864935
"LMF1",7.773983,7.848778,7.759794,8.101622,7.811046,8.0084,7.730287,7.994392,8.030295,7.848164,7.69538,7.641757,7.947486,8.12888,7.692721,7.763351,8.046211,7.708817,7.83642,7.744455,8.048404
"SSTR5-AS1",7.482764,7.454465,7.936659,7.779356,7.585196,6.92519,6.898003,7.772931,6.51159,6.157787,7.867743,6.978624,7.477187,6.934106,7.503912,6.598428,7.088937,5.985046,6.288437,8.337107,6.601495
"CLCN7",7.260877,7.805995,7.433344,7.727242,7.512486,7.54611,7.67971,7.423494,7.534461,7.220954,7.941878,7.27463,7.824069,7.465924,7.523478,7.484708,7.327309,7.744975,7.245184,7.282343,7.977453
"HAGH",9.526584,9.34927,9.791978,9.559783,9.933483,9.188991,9.298182,9.29742,9.193545,8.657046,9.417072,9.170201,9.130824,9.269327,9.699863,9.10805,8.66798,8.839426,9.164145,9.601098,9.120226
"MSRB1",9.41868,9.838619,9.710007,9.550967,10.203218,9.974889,10.249646,9.471184,9.760957,9.649235,10.294394,9.017465,9.672493,9.485232,9.756146,9.421073,9.250296,9.633256,9.616866,9.105854,9.629606
"SNORD60",10.035499,7.857185,7.821783,9.59562,9.533693,9.345802,8.954727,9.260903,9.555105,8.365713,9.301716,7.476488,9.782428,10.98452,8.363597,8.592075,7.956839,9.117758,8.763847,9.011309,7.554785
"ELOB",8.93994,8.97865,9.047491,8.653407,9.237076,8.89559,8.473755,8.923977,8.900699,8.792281,9.080064,8.579472,8.656657,9.360531,8.695899,8.37373,8.230224,8.389833,8.478694,8.858863,8.422921
"CLDN6",5.847377,5.637254,6.230447,5.881256,6.049489,5.045303,5.791348,5.479772,5.284834,5.634378,5.211543,6.228176,5.502139,5.895115,5.030202,5.45349,6.05527,4.801006,4.782638,5.27702,5.300157
"MEFV",8.840396,9.250636,9.082774,8.67735,9.212721,9.186368,9.727502,8.98636,9.228798,8.912733,10.027805,8.911802,9.522767,8.323851,9.154407,8.742775,9.078738,9.30407,9.029828,8.608014,9.482121
"TIGD7",6.633394,6.838973,6.876037,6.936061,6.81349,7.309563,6.401083,6.737071,6.740712,6.252573,6.669322,6.22744,6.624957,7.321819,7.217125,7.221454,6.501126,7.061069,7.233044,7.101783,6.599713
"ZNF597",7.276936,6.808052,6.871515,7.237175,6.794506,7.169463,7.527431,7.066372,7.425683,6.970191,7.402833,6.487791,7.486861,7.630157,7.068838,7.598756,6.833453,7.190117,7.590512,7.265745,6.924906
"UBALD1",7.839339,7.980605,7.743933,7.695079,7.903,7.929096,7.847646,8.132253,7.87309,7.667781,7.642323,7.552093,7.529182,7.694285,7.974136,7.839069,7.954416,7.553946,7.912116,7.991065,7.949665
"USP7",9.773114,9.849835,9.613705,10.121179,9.517139,9.677251,9.668802,9.818968,9.712072,9.503034,9.625504,9.180376,9.994075,9.502705,10.093773,10.073224,9.767432,10.329577,10.039073,10.114785,9.932971
"DEXI",8.023444,8.144191,8.072577,7.960161,7.64727,8.173307,7.406466,7.810831,8.14537,7.76435,8.034504,7.36326,7.654163,8.271688,7.517664,7.733907,7.550114,7.510961,7.385878,7.38619,7.060756
"ZC3H7A",8.604794,8.720556,8.366045,8.823251,8.281432,8.564677,8.600884,8.573137,8.588321,8.158603,8.502753,7.737926,8.83491,8.459411,8.92441,8.934067,8.704381,9.103687,9.010129,8.925541,9.044059
"GSPT1",10.999031,11.250329,10.848635,11.598913,11.361447,10.671299,10.716816,11.036545,10.542856,9.740908,10.567008,10.687821,10.197611,10.361459,11.635532,10.985062,10.328521,11.25839,11.652767,11.465722,10.75384
"CPPED1",10.890184,11.707211,11.127863,10.505319,11.256253,11.079902,11.804592,11.040401,11.093602,11.066806,11.468486,11.000615,11.414464,10.328848,11.395022,10.799481,11.082079,11.240733,11.155656,10.687393,10.56433
"PLA2G10",5.662951,5.343,5.270657,5.506344,5.097599,5.824007,5.23684,5.599614,5.410125,5.146585,5.189804,5.637502,5.511075,5.702116,5.41915,5.581578,6.015332,5.702981,5.122132,5.135366,5.443455
"NTAN1",7.618062,7.428202,7.176938,7.764373,7.748957,7.469777,7.101128,7.210523,7.492591,6.805743,7.623666,6.84029,7.423765,7.780081,7.839994,7.608885,8.235953,7.793068,8.163395,8.161194,7.753469
"MARF1",10.099371,10.595231,10.378058,10.925689,10.278334,10.280615,10.83279,10.267885,10.136759,10.037437,10.399918,10.267154,10.387899,9.698658,10.688774,10.445674,10.699453,11.16377,10.691097,10.706427,10.565595
"CEP20",7.813226,7.447825,7.039213,7.701608,7.696623,7.893853,7.160545,7.435583,7.510998,6.84048,7.242769,6.577103,7.583064,8.204834,8.008485,7.930493,7.756228,7.929547,8.151197,7.879498,7.738525
"LYRM2",8.697853,7.839507,7.508022,8.669888,8.675446,8.687721,7.586805,8.044544,8.650995,8.404767,7.785467,7.632325,7.923338,9.580939,8.534044,8.310224,8.358951,8.005082,8.193992,8.452724,7.643189
"RPS15A",11.606587,10.286977,10.471804,11.157795,11.443816,11.388078,10.64708,10.718516,11.051165,11.221908,11.208958,10.803089,11.209132,12.420871,10.684608,10.657545,11.022832,10.648128,11.254245,11.39582,10.127432
"KNOP1",7.306114,7.231695,7.261264,7.452276,7.374309,7.249734,6.7505,7.120994,7.434329,7.228214,7.049595,6.926175,7.388187,7.604581,7.463057,7.427824,7.276612,7.380707,7.060788,7.068419,7.468026
"THUMPD1",8.373381,8.328478,7.882986,8.889575,7.960479,8.5268,7.91698,8.428366,8.420013,7.848914,8.161482,7.176767,8.142799,8.574502,8.554842,8.514485,8.151054,8.730687,8.406324,8.738674,8.424212
"IGSF6",9.959086,9.94297,9.533016,9.544283,10.233775,10.141656,10.469561,9.940942,10.195014,9.793818,10.588743,9.708698,10.375058,9.584133,10.048934,9.984926,9.787885,9.680823,10.17288,9.533796,9.434443
"GGA2",8.946375,8.672133,8.197725,9.20646,8.412773,8.80532,8.353029,8.760076,9.17423,8.463019,8.537809,7.942609,9.015393,9.116505,8.711425,9.019581,8.609235,9.002475,8.457404,8.395124,8.968853
"NDUFAB1",7.916144,8.291228,7.475636,7.797,8.061977,8.164087,7.188532,7.675032,8.00243,7.638,7.981058,6.987021,7.890792,8.691051,7.820194,7.721753,7.555971,7.647538,7.563054,7.551835,7.430065
"SULT1A2",7.12123,7.165157,6.993673,6.85409,6.920243,6.974305,6.938919,6.828593,7.641952,7.18585,7.593701,7.266037,7.348102,7.316491,6.581225,6.939604,7.365052,7.051028,7.594849,6.930678,7.449761
"KCTD13",7.388468,7.592912,7.450228,7.4209,7.561682,7.375888,7.522174,7.230654,7.595127,7.210003,7.572867,6.935533,7.276209,7.381493,7.100106,7.257179,7.127377,7.526952,7.338341,7.24922,7.306606
"GDPD3",5.867689,5.984341,6.516429,6.234466,6.302679,6.114132,6.181378,6.516662,6.420802,6.276776,6.619274,6.18927,6.394705,6.009179,6.145668,5.612119,6.182557,6.645727,6.492006,6.114288,6.396478
"MAPK3",8.500507,8.727306,8.424015,8.566003,8.900099,8.682327,8.930839,8.673902,8.725791,8.516883,8.822983,8.270014,8.72324,8.394711,8.493395,8.471649,8.537524,8.64474,8.573472,8.124904,8.582532
"SEPTIN1",9.391612,9.059914,9.003531,9.800725,9.052881,9.361841,8.491125,9.291927,9.30825,8.907072,9.050341,8.138714,9.279341,9.541341,9.278948,9.390288,9.171191,9.594086,9.131678,9.201449,9.021893
"VKORC1",8.698306,8.850827,8.533537,8.679053,8.47604,8.873888,8.570708,8.595544,8.679895,8.597529,8.539755,8.376507,8.632438,8.890275,8.804225,8.930571,8.96595,8.617947,8.756939,8.896444,8.85666
"PYCARD",8.389751,9.013919,8.801645,8.579762,8.839358,8.94538,8.765294,8.596942,8.5819,8.457408,9.037805,8.020655,8.29331,8.425787,8.172778,8.427627,8.076771,8.38974,8.357321,8.119255,8.597937
"VN1R3",5.4416,5.203187,5.494168,4.969341,5.306418,5.184138,5.314387,5.556075,5.109513,6.123026,5.127765,6.539797,5.444551,5.476993,5.039784,5.368624,5.654644,4.970516,5.186439,5.022666,5.381556
"UBE2MP1",7.411975,7.795419,6.955617,7.461192,7.328106,7.444538,7.362033,7.257347,7.226857,6.407636,7.737496,6.572181,7.177434,7.367535,8.051394,7.006319,7.209881,7.475289,7.547273,7.847118,7.319529
"DNAJA2",8.481167,8.268082,7.983798,8.279814,8.526912,8.806656,7.671529,8.184303,8.086567,7.429791,8.457019,6.905276,8.234686,8.821381,8.710901,8.535677,8.326338,8.549544,8.724606,8.556408,8.399981
"AKTIP",9.081629,8.819696,8.533192,9.218065,8.782972,8.674112,8.504911,8.646756,9.366014,8.568422,8.449943,7.889054,8.587362,9.164713,8.957211,8.731556,8.383836,9.122973,9.222116,8.854915,8.716
"CES1",6.907201,6.701039,7.712999,8.238524,8.06549,7.413302,7.887413,7.025145,8.554163,7.95725,8.871173,8.314464,8.15182,7.648053,7.086665,7.478963,7.712289,8.07286,7.701973,9.014809,9.909732
"NUDT21",10.019333,9.593439,9.516464,10.10665,9.650415,10.044695,9.511682,9.832753,9.847899,9.39223,9.680418,8.598121,9.828271,10.209279,10.132765,10.085369,10.066728,9.886496,10.184363,10.167235,9.992292
"MT1G",7.338429,7.251342,7.682284,7.369477,7.381511,7.172544,7.509223,7.574366,7.412555,7.738724,7.582409,7.520397,7.386258,7.583855,7.411945,7.267556,7.484769,7.273163,7.208575,7.370051,7.742599
"CFAP20",7.924238,7.899416,7.275526,8.052542,7.644416,7.934896,7.391322,7.977485,7.72132,7.273612,7.705623,7.096168,8.040768,8.068723,7.998849,8.168392,7.910054,7.9637,7.937334,7.946543,8.080271
"CSNK2A2",9.025677,8.716695,8.222599,9.07297,8.534185,8.901485,8.572454,8.87517,8.962404,8.57548,8.780757,8.201425,9.005155,8.864466,8.791914,8.861972,8.76569,8.750988,8.788537,8.675361,9.195142
"SNORA46",7.235382,7.089381,6.651405,7.509742,7.29441,7.25764,7.9081,7.004149,7.417097,6.567848,6.941103,6.225113,7.138063,7.162366,7.014446,7.366657,7.085334,7.909195,7.936385,7.898083,7.283316
"GOT2",8.021737,8.148906,7.975269,8.465124,8.098338,8.081557,7.904516,7.988861,7.971748,7.79178,7.885037,7.624893,8.18418,8.035224,8.16135,8.014566,8.130233,8.262501,7.957173,8.30921,8.209315
"NAE1",7.357414,7.001785,6.612041,7.584266,6.962849,7.313376,6.571335,6.558904,7.235633,6.679361,6.826115,6.269178,6.96374,7.844827,7.245482,7.484835,7.20374,7.525626,7.871839,7.840167,7.465514
"TPPP3",7.133123,7.325308,7.596952,7.254083,7.496825,7.280589,7.318474,7.404462,7.309867,7.480682,7.298525,7.752747,7.448602,7.327766,7.513704,7.455867,7.2464,7.047865,7.243065,6.933927,7.359222
"ATP6V0D1",9.226339,9.840746,9.596521,9.691316,9.795582,9.836458,10.073347,9.510687,9.548799,9.321601,10.135902,8.457114,9.781689,8.847659,9.590604,9.383043,9.394228,9.801009,9.238749,9.023194,9.558901
"RANBP10",8.512603,8.776058,8.894501,8.770864,8.731653,8.391566,8.362676,8.460401,8.235657,7.9495,8.335874,8.367069,8.166176,8.0693,8.974653,8.605648,8.11733,8.884839,8.726952,9.071152,8.976089
"PSMB10",8.896723,9.607418,9.169225,9.105733,9.200498,9.52756,9.356379,9.068159,9.015724,9.028503,9.410424,7.978777,9.4395,9.43501,8.067146,8.325306,7.755501,8.077273,8.127412,8.196058,8.572417
"SMPD3",6.922996,6.919098,7.726011,7.197536,7.155626,7.345219,6.771279,7.225129,6.709703,7.330888,6.789132,6.860957,6.970527,7.24541,6.912463,6.951583,6.740861,6.838721,7.265611,6.909993,6.838098
"NOB1",7.062465,7.28011,7.211886,7.473405,6.982688,7.48571,7.072774,7.47482,7.339757,6.814009,7.224372,6.555909,7.269462,7.537735,7.253332,6.891027,6.573907,7.066277,7.167638,7.06976,7.115924
"PDXDC2P-NPIPB14P",8.263006,8.12363,7.906641,8.351407,7.803265,7.92649,7.543972,8.112595,8.408355,7.798177,7.933407,7.981288,8.695837,7.709678,7.996278,8.36039,8.186669,8.705293,8.436245,7.9002,8.458427
"ST3GAL2",8.537488,8.809708,8.552937,8.54565,8.791639,8.788052,8.73862,8.568796,8.640495,8.524775,8.981994,7.956214,8.7342,8.522403,8.659425,8.512437,8.411651,8.648302,8.541217,8.18396,8.47955
"PHLPP2",6.552014,6.053676,6.30656,6.587904,6.434352,6.328174,6.467567,6.510543,6.441085,5.756332,6.531309,5.819311,6.414685,6.263867,6.883273,6.535241,6.284548,6.569055,6.689849,6.724948,6.358654
"TMEM170A",9.119594,9.019911,8.658949,9.209326,8.850452,9.067374,8.970681,8.96708,8.970874,8.77378,8.967435,8.576364,9.021385,8.860507,9.296435,8.876882,8.604214,9.07014,8.872286,8.958372,8.8923
"CMC2",7.865245,7.532327,7.339957,7.900155,7.946148,8.023202,7.482195,7.813893,7.948434,7.353287,7.721098,6.897077,7.926997,8.600922,8.006923,7.930699,7.97096,8.067317,8.132709,8.172192,8.190092
"MPHOSPH6",7.219472,6.411854,5.925442,7.309727,6.666835,6.369461,5.792718,6.902285,6.790164,6.449118,7.046864,6.042292,6.458391,7.852892,7.681532,6.901969,7.039535,7.802062,7.876995,7.956642,7.157694
"LINC00917",5.820727,5.333087,5.574645,5.575301,5.773932,5.100415,5.243218,5.978137,5.107226,5.800308,5.370898,5.538756,5.572491,4.94184,5.356044,4.752008,5.69661,5.231261,5.008945,4.451976,4.650831
"CYBA",9.22559,9.739024,9.698289,9.580493,9.625056,9.852755,9.574574,9.569011,9.556199,9.2394,9.885286,8.582506,9.392552,9.60393,8.855773,8.986587,8.887213,9.031643,8.585284,8.461144,9.278604
"TIMM22",8.149574,8.320264,8.075141,8.252268,8.079343,8.126492,7.897572,8.353734,8.204137,7.917504,7.918284,7.920692,8.172368,8.155958,7.820244,8.232856,8.207731,7.722502,8.134188,8.292718,8.211856
"PAFAH1B1",9.74862,9.719558,9.219305,9.943983,9.390646,9.577462,9.664351,9.573589,9.676898,9.323224,9.749446,8.885992,9.866768,9.459745,9.915949,9.767749,9.512891,10.046202,9.792415,9.803528,9.763819
"OR1A2",5.390209,5.317743,5.142882,5.005849,5.72773,5.49431,5.526322,5.170981,5.093561,6.32063,5.182647,6.507028,5.473124,5.423064,4.656792,5.578558,6.190124,5.339245,5.265124,5.113963,5.353911
"EMC6",7.826719,7.534126,7.443428,7.491631,7.674945,7.704806,7.544684,7.510194,7.413641,7.362045,7.579239,6.428947,7.628863,8.295265,7.708357,7.426135,7.193388,7.41568,7.308844,7.696214,7.678991
"ARRB2",10.093517,10.172666,9.997866,10.285389,10.415628,10.118813,10.451489,10.112294,10.322527,9.92127,10.839153,9.668253,10.480772,9.911147,10.272078,10.00639,10.126468,10.309008,10.446117,10.379703,10.265323
"PSMB6",8.555131,8.471219,8.113876,8.318423,8.420627,8.743517,7.699283,8.436894,8.544028,8.222352,8.651642,7.682899,8.517367,8.927796,8.459701,8.487953,8.55423,8.463547,8.282242,8.299012,8.506606
"GP1BA",6.641514,6.901029,6.997592,6.957842,7.08375,6.839433,7.503962,6.694301,6.538014,6.933441,6.660326,7.190209,6.364239,6.571437,7.01466,7.105211,6.91401,7.164688,6.935062,6.71418,7.020771
"RABEP1",9.125262,8.92812,8.787196,9.292996,8.876891,9.305421,8.465702,9.099014,9.077187,8.687189,8.831755,8.224813,8.873526,9.384933,9.254328,9.366566,8.957391,9.299921,8.966678,9.137967,9.173213
"MIS12",7.823847,7.484046,7.098956,7.915174,7.73158,7.868954,6.885831,7.772632,7.721384,7.202526,7.924816,6.510959,7.670904,8.522054,7.393234,8.026153,7.682597,7.962792,7.748493,7.854374,7.812697
"TXNDC17",6.586554,6.74775,6.700977,6.55037,6.897607,6.906696,6.840929,6.75639,6.723136,6.613032,6.785019,6.51777,6.821144,7.465921,6.925449,6.928425,6.484549,6.315918,6.996453,6.844434,6.868505
"XAF1",9.538314,9.118102,9.175154,10.220973,9.747625,9.887684,9.230006,9.915508,9.686219,9.083827,10.483425,8.798542,10.20097,9.723072,9.503806,9.698965,10.387951,9.249269,9.484961,9.582666,11.875266
"ELP5",7.928941,7.92362,7.711266,7.984318,7.92465,8.030019,7.645607,7.835071,7.916519,7.869898,7.708428,7.641165,7.852289,7.975005,8.22876,7.826195,8.005322,7.887375,8.040366,8.27163,8.132828
"SPEM2",6.763766,6.709727,7.119651,6.584518,6.899393,6.443522,6.760037,6.865269,6.864269,7.668216,6.566866,7.857967,6.756754,6.178358,6.627742,6.644173,7.095277,6.289957,6.588035,6.539618,6.812461
"CD68",9.680378,10.499048,10.062209,10.384202,10.263411,10.164558,10.490679,10.02803,10.297464,10.232578,10.701363,9.802338,10.068719,9.680182,10.321758,10.229701,10.313448,9.992094,10.062349,10.061538,10.916678
"MPDU1",8.855224,8.964625,8.68804,9.082497,8.915018,8.923583,8.650578,8.742795,9.070492,8.535271,9.084501,7.978256,8.855478,9.257716,8.758508,8.820455,8.726949,8.61016,8.856578,8.694652,9.145228
"TMEM88",7.60318,7.809912,7.8776,7.316015,7.963971,7.554156,8.179215,7.657581,7.824256,8.198802,8.159084,8.26156,7.829738,7.332826,7.592287,7.540638,7.999443,8.163753,8.229047,7.62976,7.992771
"ADPRM",6.437828,6.774615,6.60821,7.532617,6.610578,6.956183,6.431223,6.957437,7.052235,7.099682,6.700209,6.049019,6.798648,7.955172,6.747064,7.173342,7.155555,6.813958,7.089332,7.27946,6.830182
"MAP2K4",9.28525,9.331986,9.091055,9.065481,9.358184,9.443737,9.910967,8.967926,9.207371,8.665744,9.608723,8.420599,9.143174,8.937126,9.702347,9.443703,9.672049,9.741475,10.187635,9.675384,9.246848
"SNHG29",9.522858,9.018261,9.187036,9.540407,9.407018,9.574773,9.128939,9.264933,9.435884,9.339212,9.419753,8.623566,9.431136,10.478069,9.278532,9.367854,9.183684,9.288071,9.375959,9.855984,9.20491
"SNORD49A",6.046887,5.673956,4.620624,6.421262,5.407206,6.081403,4.481874,5.335003,6.172662,4.504562,5.312541,4.438913,5.977097,6.533198,5.262123,6.215546,5.561383,5.577094,6.172589,5.80402,5.798224
"USP32P1",8.441615,7.804219,7.4155,8.17079,7.671441,7.331613,8.476519,7.042256,9.099622,8.69322,9.054736,7.471527,8.44826,7.057994,7.417641,7.320493,8.736214,7.149604,7.793443,8.669066,8.798803
"DRG2",7.75594,7.769263,7.498121,7.937362,7.623557,7.767623,7.647918,7.694002,7.770342,7.619885,7.828718,7.112123,7.679778,7.859699,7.434577,7.561587,7.639127,7.742244,7.795489,7.567395,7.707549
"SMCR8",7.980401,8.007043,7.770783,7.940067,7.961132,7.995047,8.204891,8.155986,8.207046,8.072175,8.475034,7.095401,8.109801,8.085781,7.990077,7.973897,7.825706,7.802385,7.762371,7.626912,8.294177
"FLJ36000",6.395622,5.869997,6.550541,6.010104,6.5617,6.098793,6.0257,6.224368,6.180225,7.280276,6.04907,7.524349,6.065611,5.670259,5.821927,5.621895,6.532931,5.917768,5.855219,5.975522,5.740476
"KSR1",7.448581,7.968195,7.743736,7.639232,7.633056,7.981917,8.014215,7.643047,7.726721,8.098645,7.577425,7.616938,8.021774,7.547749,7.856626,7.683714,7.762207,7.502899,8.201606,7.354159,8.036715
"LGALS9",6.265213,6.750399,6.985846,6.908549,6.14517,6.643464,6.212976,6.497268,6.64678,6.521192,7.53783,6.352462,6.729689,6.3674,6.551224,6.250387,6.925265,6.451566,6.468027,6.409834,7.657375
"NLK",7.991478,7.863609,7.643569,8.064491,7.7637,7.87396,8.076814,7.738645,7.821796,7.517861,7.893516,6.960124,7.939363,7.943185,7.845873,8.038024,7.937745,7.991715,8.317782,8.375108,8.27633
"TNFAIP1",7.227617,7.061236,7.139421,7.338156,6.866399,7.472438,7.37033,7.194154,7.355831,7.196761,7.505461,6.913472,7.215068,7.231354,7.310033,7.257357,7.224105,7.572237,7.133908,6.960219,7.479041
"TMEM199",8.543422,8.508569,8.132148,8.566661,8.421552,8.687595,8.357056,8.533534,8.535316,8.217197,8.641208,7.733812,8.60585,8.684636,8.358287,8.542629,8.072329,8.351768,8.377882,8.302996,8.20647
"RPS7P1",6.886742,5.847692,5.966976,6.412245,6.791381,6.818826,6.029605,6.07344,6.103744,6.04419,6.72547,5.977826,6.800176,8.307272,6.024959,6.160837,6.249607,6.120231,6.83777,6.528903,5.93866
"SNORD4A",6.68893,6.785961,6.238898,7.158192,6.573448,6.744459,6.277987,6.494739,7.090044,6.072933,6.198773,5.711063,6.851779,7.361624,6.26914,6.605265,6.448664,6.821882,6.730425,6.350755,6.501799
"SNORD42A",6.407114,5.99511,5.116842,6.180594,6.334914,5.979641,5.702973,5.982774,6.289258,5.709937,5.934329,5.534729,6.4167,7.041628,6.302102,6.26191,6.362364,5.68758,6.547035,6.059661,6.105646
"SNORD4B",7.14737,6.662842,5.934397,7.183852,6.447761,6.704866,6.005693,6.791641,6.993903,6.614942,6.364064,6.838694,7.41473,7.73266,7.012186,7.077129,6.749908,7.043802,7.114721,6.94835,6.815357
"ERAL1",7.42702,7.544709,7.326006,7.807073,7.453415,7.526032,7.258211,7.435928,7.63768,7.551152,7.3494,7.233383,7.444409,7.511278,7.902306,7.733015,7.650755,7.941048,7.331275,7.786283,7.922279
"TAOK1",9.234791,9.2724,9.051004,9.258654,9.135162,9.266483,9.404175,9.192045,9.210167,8.770634,9.454351,8.47749,9.408411,9.100231,9.486461,9.267778,9.409077,9.602018,9.753165,9.535089,9.441958
"NSRP1",7.500604,7.78009,6.988225,7.637471,7.650815,7.275764,5.969119,7.459496,7.499197,6.916858,7.744307,6.418167,7.452002,7.74192,7.645624,7.892022,7.393651,7.787357,7.400428,7.376033,7.750307
"CPD",9.558377,9.950536,9.805953,9.41986,10.134056,10.208109,11.206193,9.525343,9.726249,9.434529,10.461844,9.385377,9.987891,9.0911,10.165169,9.547852,9.622123,10.493874,10.585231,10.027575,9.690726
"SUZ12P1",9.564383,9.237105,9.468929,9.238013,9.142694,9.241606,9.26416,9.169098,9.39372,8.834018,9.170039,8.588391,9.544213,9.732812,9.08238,9.277741,9.224857,9.079825,9.263668,9.504221,9.276536
"ATAD5",6.306475,6.213395,6.251817,6.661392,6.151682,6.42104,5.846348,6.274968,5.877303,5.587365,6.013512,5.643973,5.836135,6.484949,6.310771,6.336668,6.197826,6.457558,6.717296,7.378345,6.110151
"ADAP2",7.676416,8.11894,7.482598,8.064197,7.740112,7.51396,7.812822,7.784744,8.163764,7.775074,7.856794,7.67399,7.91455,7.684646,7.951741,7.746107,7.817235,7.683468,7.690409,7.231079,8.704428
"RNF135",7.728174,8.161732,7.852164,7.709088,8.145445,8.058305,8.133665,7.635786,7.98823,7.764489,8.28271,7.925923,7.973086,7.450987,7.985789,7.611869,7.782871,7.915878,7.711238,7.647822,8.276411
"SUZ12",9.30067,8.914648,8.699928,9.397859,9.215961,9.447143,9.035881,9.115842,9.255175,8.490448,9.048473,8.352232,9.175199,9.879158,9.55961,9.582403,9.565397,9.462571,9.79702,9.363364,9.176599
"LRRC37B",8.394889,8.359986,7.970273,8.623421,8.18234,8.199636,8.401308,7.755384,8.443506,7.698447,8.361981,7.489832,8.559564,8.150018,8.40794,8.613942,8.682037,8.487044,8.922722,8.169823,8.42226
"CCL2",5.3539,5.552468,5.649597,5.407542,5.791333,5.234189,5.664189,5.363863,5.3581,6.126158,5.251289,6.034033,5.532063,5.836144,5.63935,5.336076,5.574395,5.509759,5.42268,5.591293,5.735304
"CCL8",4.922202,4.800016,5.056584,5.028038,5.311631,5.059832,4.90454,4.655497,4.671664,5.669852,5.137165,6.45609,4.928032,4.90266,4.872458,4.713526,5.578675,5.077881,4.768143,4.744594,5.148735
"ZNF830",7.661568,7.520076,7.275707,7.450497,7.698101,7.954848,6.459138,7.605581,7.561914,7.063522,7.465459,6.117609,7.258858,8.251244,7.805979,7.761599,7.527108,7.73279,7.646829,7.375939,7.16736
"SLFN5",10.80198,10.521947,10.629611,11.269491,10.173449,10.842581,10.229123,10.837692,10.654996,10.420957,9.970008,9.426801,10.442214,10.707712,10.721223,10.778391,10.396076,11.158039,10.519113,11.139497,11.751963
"SNORD7",7.103154,7.244069,6.885335,7.213024,6.938101,7.156263,6.951166,7.019779,7.258925,6.912452,6.851298,6.69863,7.005751,7.099679,7.195465,6.960231,7.130599,7.469185,7.651129,7.072507,6.685032
"TAF15",10.099846,10.335856,9.988789,10.684627,9.687651,10.120029,9.653147,10.319921,10.1565,9.951007,10.028056,9.762124,10.239511,9.929372,10.128899,10.261396,9.78246,10.206798,9.712073,9.814272,10.084931
"CCL4",6.476192,6.87642,5.874255,6.3473,6.428113,6.612392,6.272471,6.843717,6.030296,6.08695,6.666539,6.261291,6.593238,7.055793,5.59345,6.934885,5.928399,6.601807,6.530604,6.226958,6.790657
"GGNBP2",8.867319,8.969886,8.42479,8.978844,8.528671,8.681434,8.263701,8.841321,8.845195,8.375192,8.873885,7.843071,8.707949,8.85536,9.105381,9.136841,8.87602,9.138689,9.046645,8.663378,8.870466
"MRM1",6.901042,7.258315,7.348446,7.068612,7.044338,6.93173,6.854731,7.193057,7.250589,7.037989,6.950345,7.155462,6.830191,6.98581,7.112479,6.975233,6.926487,6.861086,6.899736,6.959595,7.131524
"MRPL45",9.260546,8.802792,8.563943,9.334106,9.19283,9.303994,8.625852,9.040786,8.938858,9.037054,9.205455,8.088451,9.13461,9.825949,9.565175,9.763803,9.784329,9.343595,9.80223,9.649014,9.238959
"ARHGAP23",6.900099,6.713139,6.712949,6.735298,7.238236,6.694911,6.842385,6.95524,7.176549,7.847574,6.730735,7.885027,7.174393,6.80127,6.800601,7.2825,7.556182,6.594282,6.601185,7.216479,6.62316
"PSMB3",10.181558,10.726508,10.141485,10.018737,10.510869,10.570799,9.949834,10.280973,10.315507,10.066869,10.563098,9.123577,10.199491,10.281868,10.216966,10.157741,9.91245,10.336204,9.818391,9.712983,10.250299
"STARD3",8.432244,8.544309,8.350969,8.358592,8.334599,8.505155,8.552957,8.399593,8.488691,8.407506,8.566886,8.042079,8.641477,8.527813,8.503433,8.523626,8.457097,8.509722,8.377087,8.380751,8.555088
"THRA",7.581367,7.876345,7.941838,7.825483,7.640112,7.771435,7.546298,7.558359,7.714605,7.659833,7.591575,7.292999,7.725606,7.7343,7.778787,7.51033,7.305382,7.783576,7.676619,7.740615,7.470334
"CDC6",4.895798,4.495956,4.877659,4.698452,4.888222,4.973487,5.12846,4.910754,4.653748,5.034519,5.112731,5.460154,4.842314,4.977069,4.827089,4.660738,5.909883,5.114757,4.874617,4.427827,5.141012
"RARA",7.726091,8.177468,8.037872,7.873682,8.443682,8.10957,8.448165,7.961345,8.097371,7.920119,8.805054,7.633062,7.889864,7.661617,8.211995,8.05739,8.14194,8.323063,8.098639,7.857673,8.28442
"NKIRAS2",7.735358,7.754818,7.841043,7.948265,7.791479,7.864914,7.834291,7.850206,7.826999,7.569573,8.048702,7.635855,7.830712,7.522726,8.224864,7.865753,7.948147,8.146483,8.048694,7.992356,8.198282
"MLX",8.553163,8.885859,8.460225,8.562149,8.760733,8.951961,9.056153,8.764108,8.751253,8.479806,9.034889,7.933158,8.763321,8.677898,8.591686,8.601325,8.568856,8.527005,8.450067,8.579806,8.689896
"TUBG1",7.445414,7.546437,7.226461,7.292168,6.824341,7.312292,6.956317,7.354569,7.170709,7.670941,7.26354,8.268867,7.426485,7.487745,7.410805,7.489862,7.987859,7.343583,7.256935,7.29903,7.355393
"TUBG2",6.742724,6.636312,6.776906,6.743102,6.790067,6.370399,6.698447,6.528059,6.520213,6.499959,5.946635,6.753863,6.667134,6.719598,7.153529,6.566078,6.590147,6.064912,6.939322,6.869358,6.706227
"VPS25",7.885633,7.799123,7.901819,7.864169,8.146838,8.15918,7.632534,7.749438,7.691255,7.707124,7.840785,7.148172,7.755594,8.274133,7.868254,7.711233,7.484642,7.661593,7.76685,7.880297,7.49309
"PSME3",9.234242,9.5294,9.151398,9.187821,9.144229,9.438069,9.757398,9.362027,9.470486,9.007836,9.758802,8.532399,9.635063,9.033719,9.258901,9.126794,9.306769,9.483876,9.296442,8.795763,9.202304
"RPL27",10.855866,9.702478,9.901842,9.651091,10.540303,10.750511,9.57451,9.970951,10.218856,10.648743,10.534524,9.679054,10.317358,11.73838,9.1227,9.042603,9.360351,8.792326,9.500843,9.226678,8.707043
"IFI35",8.011853,8.433331,8.251961,8.514985,8.385843,8.434756,8.155304,8.430816,7.93338,7.872221,8.735862,7.52894,8.366651,8.393825,8.242443,7.932183,7.974824,8.100294,7.991901,8.126441,9.524692
"NBR2",7.650042,7.658984,7.396139,7.659448,7.397709,7.636332,7.539133,7.629853,7.889471,7.550769,7.423052,7.462856,7.788653,7.577487,7.821985,7.523243,7.772189,7.840577,7.808796,7.580283,7.413805
"NBR1",8.763182,9.268789,8.769617,9.151429,8.734689,9.008703,9.199192,8.845355,9.017291,8.485915,9.092436,7.886714,9.145563,8.79903,8.942491,8.818933,8.682259,8.993769,8.584499,8.962676,8.852412
"TMEM106A",7.584761,7.838188,7.539827,7.478919,7.616284,7.720278,7.637378,6.702864,7.933866,7.836942,7.854181,7.661782,7.960571,7.538041,7.417425,7.639374,8.151136,7.368428,7.403461,7.694588,7.441871
"G6PC3",7.347522,7.657893,7.48622,7.563141,7.237779,7.483437,7.316862,7.376359,7.544453,7.170807,7.473676,7.062529,7.292817,7.191743,7.425835,7.255076,7.394584,7.437444,7.414356,7.519305,7.483141
"RUNDC3A",7.685968,7.297528,7.84623,7.872013,7.979991,7.658416,7.327008,7.147382,7.371327,6.929008,7.774514,7.097908,6.912645,6.459671,8.326402,7.290948,6.90484,6.873525,8.10335,8.61612,7.942578
"GRN",9.728566,10.901514,10.54788,10.984482,10.367291,10.674821,11.023713,10.394714,10.153095,10.013016,10.989833,9.897534,10.144496,9.329315,10.472638,10.314744,10.476639,10.975247,10.373105,9.955932,11.612394
"MYL4",7.206184,7.338311,7.983512,7.243166,7.610063,7.291066,6.965028,7.165211,7.307769,6.16791,7.593776,6.942156,6.795826,7.501143,8.233292,7.077375,6.574102,6.655788,7.176617,7.429935,7.395921
"ITGB3",8.02937,8.150056,8.1552,9.794313,8.093566,8.674306,10.274863,8.330976,7.01316,7.123481,7.481611,8.086312,7.736357,6.211597,9.027531,8.922288,6.736767,8.612716,8.472744,8.045915,9.131664
"EFCAB13",5.59198,5.555162,4.684523,6.061901,4.994445,5.744632,4.870929,5.254703,5.760217,5.126557,5.413604,4.624427,5.23698,5.876839,5.083482,5.680873,5.237566,6.137667,6.333889,6.640339,5.421656
"KPNB1",10.009066,9.954478,9.754222,9.996813,10.121614,10.141457,10.193418,9.980853,10.05732,9.724426,10.486927,9.306054,10.425862,9.811407,9.930151,9.877631,10.047649,10.12986,9.907581,9.608671,10.521813
"PNPO",7.345581,7.731628,7.14013,7.751922,7.390351,7.46127,7.322101,7.570445,7.658115,7.598277,7.355033,7.176328,7.314224,7.407559,7.086509,7.148013,7.488425,7.497728,7.218498,7.569596,7.49197
"CDK5RAP3",8.063854,8.336833,8.179841,8.560335,8.348005,8.282975,8.002286,8.116014,8.55545,7.944022,8.618915,7.344952,8.622785,8.367338,8.258328,8.127617,8.096465,8.882669,8.52436,8.249618,8.208484
"ATP5MC1",8.440269,8.770782,8.431727,8.4632,8.476779,8.760235,8.09377,8.500356,8.28707,8.833075,8.187287,8.317022,8.296987,8.844425,7.8821,7.879913,7.936421,7.797641,7.807467,7.994011,8.003897
"UBE2Z",8.787292,9.000568,8.687808,8.983329,8.677077,8.99592,8.672705,8.735032,9.077009,8.563815,8.810995,7.975118,9.063341,8.771172,8.715769,8.90837,9.04059,8.910807,8.618463,8.985122,9.369261
"ABI3",8.484714,8.875947,8.763782,8.551967,8.471192,8.671397,8.541922,8.75373,8.456165,8.529029,8.589903,8.229391,8.683362,8.454694,8.473207,8.685219,8.356805,8.572933,8.235952,8.320104,9.130187
"PDK2",7.248627,7.303673,7.42477,7.580312,6.92443,7.228579,7.370188,7.132807,7.002073,7.006585,7.077147,6.393227,7.22629,7.643859,7.054695,7.042067,6.91856,7.339086,7.30473,8.184965,7.260202
"LUC7L3",9.477545,9.46224,9.047837,9.776133,9.27857,9.337685,8.416472,9.268952,9.498195,9.252759,8.910581,8.499805,9.385713,9.782646,9.595958,9.77691,9.555676,9.835599,9.81425,9.746643,9.47275
"PCTP",7.735364,7.984488,7.755297,7.607549,8.115399,7.710741,7.981396,7.725104,7.766999,7.44738,8.443647,7.209059,7.827835,7.701115,8.032439,7.515632,7.428355,7.247045,7.839864,7.817663,7.656415
"NOG",8.315006,7.930879,7.694853,8.580976,7.906549,8.055429,7.639666,8.310863,8.23479,8.412379,7.924831,7.29868,8.019578,8.888354,8.150421,8.514782,8.166974,8.756069,8.009835,8.565924,7.885212
"DYNLL2",8.634565,8.644362,8.552714,8.592283,8.536593,8.523289,8.414708,8.676455,8.795309,8.356902,8.602288,8.293574,8.802801,8.714197,8.284871,8.180147,7.994382,8.065989,8.252066,8.397354,8.522845
"DHX40",7.416398,7.559299,7.591931,7.742412,7.904248,7.781514,7.739436,7.535839,7.442807,7.165397,7.664955,6.679096,7.505606,7.811203,8.07189,7.329666,7.177024,7.548361,7.867186,7.752989,7.553542
"CLTC",9.658661,9.937401,9.7605,10.184437,9.692934,9.875192,10.34763,9.654259,9.822985,9.576735,10.019748,9.137798,10.031388,9.442818,10.058208,9.84974,9.863398,10.481166,10.049742,10.025484,9.892228
"MIR21",9.176704,9.400245,8.93507,8.909915,9.656963,9.401034,10.367979,8.799861,9.495815,8.627633,10.184449,8.796912,10.190962,8.495751,9.289279,8.99517,9.588225,9.681859,10.262126,9.767249,9.267245
"METTL2A",7.703519,7.554175,7.275148,8.069057,7.536389,7.792496,7.242272,7.305273,7.813265,7.657211,7.476445,6.894219,7.728295,7.585507,7.476441,7.400758,7.199014,7.796259,7.542738,7.650109,7.536912
"DDX42",9.138056,9.311707,8.867782,9.646874,9.011001,9.121965,8.725715,9.139369,9.297357,8.744901,9.168333,8.386575,9.256725,9.177899,9.276983,9.286999,9.077461,9.407254,9.120152,9.058078,9.261051
"PSMC5",9.136458,9.515038,9.134074,9.377134,9.149965,9.498516,8.340974,9.443075,9.201488,8.940525,9.095622,8.501285,9.281464,9.496803,9.035095,8.978623,8.972994,8.941066,8.809976,8.561417,8.952407
"SNORD104",11.19368,9.407825,9.518662,10.937333,11.176665,10.524285,10.712523,10.659703,10.784916,10.234498,10.736665,10.134263,11.064411,11.542717,9.667564,10.261298,10.082582,10.617369,10.533391,10.729782,9.473291
"CEP95",8.670644,8.674848,8.284764,8.952726,8.139416,8.530793,8.080205,8.312897,8.454521,7.96679,8.234905,7.513153,8.704644,8.812295,8.710402,8.729058,8.428653,9.151834,8.756396,8.559091,8.781371
"PRKCA",7.731168,7.770113,7.668187,8.280054,7.650284,7.844182,7.714285,7.903881,8.249642,7.850976,7.814371,6.727502,7.967989,7.736719,7.775009,8.042409,7.525675,8.127133,7.847929,7.887569,7.735271
"PITPNC1",8.990395,8.928519,8.497828,9.125588,8.451094,8.873154,8.507903,8.80447,8.93007,8.527857,8.703679,7.691713,9.037747,9.06046,9.044842,9.165552,8.760813,9.259346,9.145988,8.9434,8.705147
"PRKAR1A",11.199793,11.50387,11.336591,11.262088,11.243772,11.334546,11.649482,11.289612,11.308127,11.058564,11.486157,10.930292,11.405917,10.786698,11.594523,11.18591,11.161313,11.546606,11.322203,11.152037,11.225909
"MAP2K6",7.821651,7.96913,7.563476,8.012019,7.974016,8.065868,7.83178,7.939927,8.045686,7.487738,8.396141,6.997057,7.880692,8.007163,7.604547,7.669292,7.901127,7.841424,8.129366,8.109941,8.250445
"KCNJ2",8.622306,9.251067,8.817679,8.54311,9.496951,9.331203,9.544531,8.957711,9.127468,8.823623,9.486704,8.404146,9.310805,8.02098,8.649704,8.088804,8.656354,8.675506,9.411727,8.486934,8.568653
"LINC01152",3.97536,4.018718,4.092666,3.762267,4.114022,4.069991,3.893029,3.85754,4.019229,5.442983,4.020186,6.268136,3.918808,4.06167,3.822631,4.221944,4.727693,4.047592,3.890815,3.622383,3.906504
"CD300A",9.788088,10.391448,9.642652,9.739971,10.218196,10.296857,10.459192,9.870714,9.978862,9.69557,10.321654,9.605397,10.425157,9.671064,9.831388,10.045825,9.767076,9.94557,9.711529,9.783626,10.502666
"RAB37",7.624715,7.848475,7.819509,7.840762,7.619149,8.051201,7.789823,7.743413,7.859624,7.505609,7.792836,7.279779,7.782172,7.972212,7.904169,7.946702,7.668894,7.755921,7.954269,7.919301,7.766809
"TMEM104",7.67841,7.733335,7.390015,7.567752,7.451636,7.467841,7.478179,7.513341,7.602142,7.435017,7.72608,7.321266,7.676226,7.463565,7.365524,7.613701,7.607528,7.53932,7.607528,7.540483,7.79224
"MYO15B",7.336472,7.261078,7.546729,7.671066,7.260485,7.078505,7.520485,7.263511,7.526349,6.663805,7.368029,6.974316,7.508231,7.541479,7.30919,7.313832,6.661396,7.032898,6.92798,6.787275,6.851206
"SNORD1B",4.973297,4.751411,4.403212,5.045029,4.240553,4.32862,5.21262,4.946004,5.59741,4.339411,5.013986,4.328384,4.721894,4.847731,5.566779,4.356616,4.204722,5.024557,4.470074,4.68304,4.383054
"SNORD1A",6.481942,6.170942,4.883561,5.938937,6.243506,5.996437,5.954703,5.82365,6.521601,5.818686,6.147736,5.135529,6.736968,6.884561,6.029838,6.645382,6.620172,6.890442,6.983838,6.4011,5.834428
"SEC14L1",9.546163,10.20621,10.036571,9.520268,9.866243,9.839518,10.604897,9.857826,9.715813,9.515778,10.341937,9.541323,10.263482,8.774494,10.163532,9.387417,9.738933,10.229558,9.839586,9.412897,9.747369
"TMC8",9.06448,9.178046,8.829494,9.272747,8.835739,9.055971,8.882008,9.085431,9.336268,8.936753,8.977931,8.601389,9.342257,9.095584,9.107106,9.219085,8.992971,9.281934,8.987604,8.945439,9.191056
"PGS1",8.492963,8.636226,8.289508,8.423378,8.817002,8.6695,9.016517,8.507557,8.827233,8.297877,9.062117,7.624339,8.563319,8.399427,8.672923,8.527862,8.323681,8.87515,8.754632,8.104947,8.449553
"RNF213",10.055627,9.995244,10.135977,10.589205,10.011012,10.143892,10.139929,10.390137,10.277448,9.653997,10.599928,9.09419,10.829325,9.911251,10.023266,10.208649,9.974829,10.421981,9.674134,9.621143,11.208378
"CHMP6",7.461367,7.458617,7.575443,7.441646,7.684296,7.605076,7.407493,7.511859,7.617223,7.476695,7.384232,7.044263,7.455622,7.436954,7.453548,7.683061,6.941657,7.316348,6.991094,7.479495,7.564936
"DOC2B",6.50236,6.273038,7.032301,6.386693,7.102107,6.606768,6.589007,6.74649,6.917106,6.75483,6.56619,6.735693,6.744038,6.417858,6.274157,5.531738,6.890665,6.439413,6.846602,6.12321,6.911805
"RFLNB",9.061046,9.389306,9.366611,9.197734,9.361555,9.55531,9.633302,9.354298,9.297247,9.4018,9.685287,8.944226,9.406911,9.1277,9.190362,8.997395,8.840918,9.130825,9.347201,8.765549,9.071332
"GLOD4",8.722713,8.781672,8.3464,8.476962,8.335674,8.677249,7.593175,8.659176,8.663872,8.30559,8.428427,7.634761,8.578408,8.912408,8.604257,8.597178,8.532781,8.381733,8.642678,8.856194,8.768515
"SLC43A2",8.374871,9.088639,8.85751,8.564832,8.910881,8.790017,9.259561,8.700375,8.792446,8.600587,9.223811,8.441976,8.826459,8.467504,8.925435,8.604346,8.669828,8.732431,8.65053,8.27829,8.856796
"PRPF8",9.277246,9.712065,9.815114,10.215511,9.111282,9.477253,9.585351,9.718654,9.496675,9.334769,9.338174,8.811507,9.891765,9.07507,9.646158,9.575494,9.130363,10.223688,9.150171,9.414699,9.687655
"TSR1",7.55651,7.569725,7.209656,8.046454,7.336577,7.520683,7.169779,7.554139,7.591693,7.238263,7.390608,6.796848,7.535458,7.728787,7.340536,7.667965,7.203393,7.788046,7.323602,7.430721,7.738756
"METTL16",7.777283,7.873318,7.340739,8.226103,7.136055,7.573441,6.992206,7.560731,7.772951,7.096713,7.277204,6.577629,7.811066,7.620236,7.952571,7.94169,7.48712,7.938397,7.386131,7.87472,7.643274
"OR1D5",6.239949,6.076949,6.754139,5.770236,6.821464,5.851272,6.351159,5.993106,6.229504,6.436074,5.914381,7.204175,6.439007,6.548515,5.719954,6.568091,6.717356,5.741264,5.684119,5.736993,5.725547
"OR1G1",4.798988,5.358251,5.382415,5.106355,5.158683,5.105003,5.390048,5.217907,5.171011,6.008775,5.167973,5.994253,5.363539,5.209878,5.400218,5.36366,6.085688,4.876446,5.212269,5.068551,5.198488
"NCBP3",8.391778,8.723106,8.426244,8.756024,8.356207,8.753736,8.401871,8.62028,8.60366,8.268553,8.653377,7.92092,8.762411,8.309547,8.76299,8.817384,8.509502,9.068283,8.630208,8.618718,8.786337
"P2RX1",7.529914,7.973628,7.480974,7.738958,8.051892,7.6552,8.474404,7.712191,7.9593,7.822939,7.886455,7.500556,8.043335,7.384379,7.670236,7.76763,7.705048,8.281473,8.176048,7.220422,8.344342
"ALOX15",6.953305,7.339047,7.929491,7.260685,6.801071,7.972059,6.765481,7.498823,7.195516,7.863273,6.361298,6.922067,6.986365,7.191108,7.155868,7.125575,6.921249,7.049068,7.140351,6.403667,6.321324
"CXCL16",8.103103,8.29144,7.849147,7.915646,8.256429,8.122976,9.18029,7.811078,7.727374,7.862601,8.88594,7.65152,8.188371,7.309814,8.280826,7.705899,8.113407,8.098444,8.523932,7.6785,8.512041
"SLC25A11",8.458364,8.842996,8.707841,8.773732,8.620733,8.604993,8.683986,8.79094,8.596874,8.309397,8.749852,7.788806,8.795591,8.705994,8.941921,8.788036,8.890569,8.694979,8.76818,8.760013,8.931197
"PFN1",9.491686,10.093347,10.010666,10.028731,9.657398,10.058389,9.822576,9.863396,9.663814,9.884774,9.893582,9.760108,9.783427,9.668017,9.501679,9.458854,9.791149,9.570284,9.570404,9.4863,9.822511
"ZNF594",6.942452,6.940315,6.495959,7.582894,6.618246,7.296506,5.628569,7.216342,6.649294,6.492039,6.390714,6.171673,6.14672,8.192313,7.415909,7.387505,7.230604,7.208036,6.918592,6.994666,5.829389
"SCIMP",9.518626,9.898677,9.291912,9.944698,9.579827,9.63841,9.778511,9.690445,9.739762,9.278543,9.88924,9.0168,9.580132,9.899358,9.736873,9.99849,10.057861,9.908812,9.994768,9.894345,10.452687
"NUP88",9.030254,8.83123,8.4731,9.46366,8.767998,9.190207,8.412213,8.915555,9.050331,8.413651,8.808517,8.00737,9.07626,9.570749,9.016002,9.258576,8.929318,9.168078,9.083628,9.036632,8.663158
"GABARAP",10.085755,10.717491,10.25686,10.521968,10.779214,10.651389,10.802937,10.040076,10.313165,10.355017,10.818938,9.635519,10.1063,10.170578,10.530986,10.413687,10.641711,10.559224,10.972868,10.877067,10.64807
"TP53",8.44194,8.701029,8.415344,9.065752,8.208559,8.510536,8.128202,8.613999,8.486896,8.249041,8.308268,7.81186,8.372853,8.478306,8.569846,8.63501,8.649227,9.092726,8.430278,8.381231,8.97512
"NAA38",7.784457,8.075095,7.725575,7.552493,8.153078,8.089698,7.857614,7.75452,7.91525,8.011801,7.857167,7.783882,7.86247,8.471063,7.159741,6.914054,7.146102,7.038887,7.50166,7.249704,7.461851
"TRAPPC1",9.394851,10.105112,9.806469,9.942966,9.835463,10.116562,9.926741,9.733785,9.460017,9.712068,9.844193,9.50496,9.389599,9.609109,9.76691,10.05013,10.449323,9.997812,10.246589,9.756117,10.085676
"VAMP2",8.756697,9.086453,8.596504,8.941253,8.751804,8.97893,8.887651,8.764855,8.746836,8.807875,8.859763,8.172855,9.206943,8.842662,8.861123,8.936735,9.179709,9.014359,9.319772,9.042986,9.405956
"LOC100128288",6.945368,7.254221,6.724124,7.190029,6.786862,6.918578,6.726744,7.048835,7.368478,7.352073,6.814459,7.533513,7.314348,7.155717,7.071839,7.309654,7.366721,7.140688,7.406007,7.039965,7.11485
"RPL26",8.742445,7.01161,6.864965,7.313495,8.594258,8.41087,7.27117,7.578476,7.70489,8.157832,7.908706,7.432409,7.805235,10.378949,7.388885,7.147833,7.452182,6.91886,7.962342,8.332722,6.94238
"PIK3R5",8.575704,8.708235,8.734598,8.640547,8.776124,8.565792,9.000988,8.613448,8.833563,8.499936,9.309549,8.401949,8.872226,8.487703,8.568769,8.209392,8.46497,8.636988,8.474488,8.188091,8.776375
"UBE2S",7.538246,7.789254,7.816449,7.317766,7.643258,7.725175,7.605475,8.065152,7.625831,8.416589,7.782819,9.066406,8.032975,7.6126,7.115978,7.751986,8.081379,7.39822,7.347685,6.922694,7.536271
"PEMT",7.532983,7.63467,7.441441,7.464854,7.650489,7.391306,7.608023,7.686061,7.45944,7.490542,7.628085,7.461524,7.440877,7.43414,7.545848,7.343634,7.374032,7.403081,7.093135,7.343155,7.581579
"FAM83G",6.734843,6.820292,6.99165,6.555281,7.00734,6.088585,6.675434,6.931025,6.445137,6.297864,6.72672,6.08885,6.2455,6.709958,6.612659,6.383758,6.098163,6.506284,6.117431,6.560749,6.323999
"GRAP",9.334787,9.310582,9.411218,9.760389,9.171911,9.401007,8.976715,9.582161,9.45295,8.798355,9.134438,8.02196,9.222865,9.814439,9.230166,8.975449,8.205191,9.149807,8.585007,9.085268,8.870912
"KRT17P5",7.28134,7.201146,7.209915,6.63188,7.352611,6.935454,7.2591,7.32948,7.443178,8.031903,7.040055,8.762138,7.384946,6.790519,6.957946,6.878893,7.251967,7.21053,7.170967,6.963076,7.310151
"POLDIP2",8.130724,8.466253,8.374735,8.638675,8.352886,8.357405,8.305654,8.159486,8.234378,7.928204,8.500939,7.773613,8.361687,8.424177,8.636953,8.456027,8.327676,8.442286,8.206285,8.654876,8.682405
"PIGS",7.953415,8.126757,8.027027,8.287656,7.95259,8.142251,8.12193,7.868212,7.928757,7.719319,7.961461,7.892526,8.042786,8.036414,8.103276,7.862354,8.055598,8.048529,7.874104,7.84507,8.289982
"ALDOC",7.379862,7.601618,7.504498,7.8428,7.447427,7.515246,7.446218,7.89354,7.446215,7.484177,7.418461,7.016115,7.228471,7.371352,7.714226,7.530828,7.281215,7.623287,7.404028,7.529726,7.331142
"SDF2",8.507698,8.6693,8.206196,8.300696,8.665627,8.762913,8.112433,8.46227,8.497819,8.136414,8.909859,7.566174,8.618816,8.91794,8.788678,8.555526,8.679938,8.678849,8.772733,8.389395,8.811176
"DHRS13",8.41315,8.672163,8.479333,8.341301,8.936215,8.584697,8.99823,8.468672,8.739925,8.291094,9.020417,8.0914,8.468332,8.24736,8.929419,8.350627,8.582132,8.874913,8.757767,8.274062,8.614704
"GIT1",8.041056,8.139949,8.314524,8.11189,7.904113,8.283298,8.182308,8.222714,7.939571,8.200659,8.008288,8.242648,8.23947,8.27441,8.104239,7.948236,7.894239,8.253802,8.006873,7.939476,8.193105
"BLMH",7.875367,8.084819,7.604664,8.207036,7.954811,8.002951,7.791057,8.252195,8.112544,7.746491,7.741109,7.380231,8.165849,8.180541,8.098447,8.066259,8.267146,8.061101,7.970481,8.189255,8.025598
"CRLF3",10.451391,10.368835,10.308594,10.694001,10.37834,10.530029,10.247998,10.486848,10.590826,10.203872,10.64916,9.480588,10.346265,10.425339,10.814568,10.67706,10.431009,10.91658,10.654038,10.339557,10.411967
"EVI2A",8.525317,7.358272,8.173879,8.425568,9.149248,9.405142,8.925549,7.839884,8.026419,7.847383,9.068209,7.476012,8.067041,9.918096,8.65948,7.976938,9.008045,8.485298,9.452225,8.477921,8.421301
"UTP6",8.767459,8.647892,8.299123,8.677074,8.583112,8.773975,8.118743,8.633206,8.866182,8.430693,8.754455,7.713354,8.823612,9.098113,8.896475,8.856326,8.710974,8.661156,8.954092,8.431405,8.770368
"C17orf75",6.878725,6.95541,6.088887,7.254774,6.810824,6.999198,6.601081,6.535971,6.929015,6.539005,6.502739,6.098297,6.769416,7.396971,6.678074,7.202556,6.886245,6.86787,7.149518,6.968673,6.755114
"SLC35G3",6.829737,7.025176,7.197065,6.726667,6.449811,7.10238,7.143929,7.408564,7.279893,7.188836,6.671444,7.326792,6.644765,6.824251,6.962396,7.105772,6.884353,7.043983,7.014121,6.431557,7.498841
"SLFN12",7.001671,7.39465,6.772801,7.303336,7.999388,7.639816,7.569299,6.992351,7.386204,7.035499,7.727131,6.450134,7.387485,7.265602,7.738778,7.514154,7.679145,7.077073,8.039029,8.043216,7.616003
"SLFN14",6.033361,6.444026,5.976543,6.522907,6.168203,6.130981,7.119332,6.139508,5.83501,5.456724,5.786163,5.52174,5.784494,5.796912,6.678481,6.138427,5.12573,6.367466,6.075627,6.925806,6.35281
"CCL5",10.779035,10.882652,10.583149,10.525042,10.270367,11.211146,10.442178,10.959171,10.118174,10.000915,9.509396,10.252391,10.602841,10.755053,10.462395,10.397573,9.904435,10.145335,10.150847,10.702375,10.710362
"SNORA21",7.673141,7.090659,6.916981,7.429495,7.579858,7.315959,7.070938,7.203631,7.682577,7.10537,7.477721,7.138537,7.784035,8.317636,7.226155,8.25616,7.890913,7.979655,8.322119,8.303471,7.938451
"PLXDC1",7.522958,7.080442,7.330251,7.512442,7.269167,7.255985,6.881544,7.521496,7.500193,7.273396,6.952264,7.207567,7.491506,7.352795,7.316806,7.48812,7.23313,7.489076,7.345804,7.74787,7.333744
"CACNB1",7.192467,7.41733,7.247328,6.791485,6.963994,7.106282,7.117238,6.791636,7.182579,7.192971,7.094713,7.142989,7.137508,6.941685,7.080011,7.082839,7.177343,6.853498,7.217653,7.069437,7.099978
"MED1",8.36415,8.564798,8.481638,8.975986,8.386426,8.793303,8.630897,8.494891,8.453738,8.059786,8.312143,7.642398,8.607232,8.607393,8.788397,8.764224,8.448153,9.114771,8.773155,9.159778,8.917989
"MIEN1",8.966814,9.04319,9.120504,8.797988,9.07962,9.08038,8.825521,8.965592,8.804017,8.739132,9.23782,8.472671,8.964569,9.093415,8.779516,8.703411,8.626975,8.712785,8.572097,8.882997,8.984769
"IKZF3",9.171517,9.253121,8.814349,9.600954,8.637775,9.199849,8.512603,9.314149,9.197708,8.594989,8.385451,8.266686,9.021463,9.245849,9.258618,9.528767,9.013268,9.741766,8.914843,9.142921,9.141765
"GSDMB",7.750505,6.81305,7.050068,8.064863,7.461903,6.917427,7.055601,7.771643,7.44163,6.712961,7.403196,6.424873,7.734014,6.908812,7.759863,7.649884,7.077594,8.219267,7.719382,7.631601,7.521537
"ORMDL3",8.910404,8.406222,8.726602,8.911048,8.756116,8.315257,8.366354,9.087323,8.755703,8.542718,8.656952,7.885468,8.661225,8.819629,8.689625,8.912302,8.289977,8.642299,8.495368,8.656331,8.386479
"TOP2A",6.041417,5.545889,5.488181,6.215468,5.582298,5.795165,5.27265,5.989187,5.387095,5.477234,5.316894,5.440384,5.59331,6.105277,6.010794,5.733791,6.572837,6.351967,5.642257,6.048712,6.158715
"CCR7",10.916098,10.628616,10.578991,11.325781,10.300725,10.759855,10.145672,11.16829,10.758833,10.874149,10.463343,9.725043,10.529071,11.133515,10.627033,10.939522,10.674384,11.091582,10.411559,10.589372,10.685324
"KRT23",9.146434,8.802958,9.040303,8.528837,9.91681,9.764011,9.706901,8.75363,8.994022,8.794122,9.998418,9.147334,9.480441,9.057774,9.507246,8.532572,9.675767,9.187045,9.043967,8.128003,8.789422
"KRTAP4-5",6.992567,6.68708,6.783035,6.681988,6.665386,6.513465,6.576776,6.680365,6.873488,7.373513,6.602292,8.137157,6.898823,6.379129,6.678456,7.138408,7.179019,6.481184,6.514242,6.434508,6.563951
"KRTAP4-4",7.70401,7.547361,7.81685,7.50702,7.71629,7.543013,7.749827,7.606366,7.605866,8.715344,7.54922,9.346706,7.797162,7.295564,7.480435,7.800246,8.37975,7.550368,7.925723,7.642581,7.551945
"KRT33A",6.766323,6.820483,6.973679,6.466302,6.626156,6.146792,7.117402,7.093871,6.757526,7.671454,6.959487,7.861004,6.743228,6.728755,6.704708,6.650084,7.131335,6.001091,6.109762,6.393408,6.700273
"JUP",7.129183,7.2229,7.454815,7.26513,7.095133,7.238471,7.311642,7.384703,7.248006,7.32631,7.2395,7.560049,7.666708,7.356059,7.494008,7.595212,7.2504,7.293349,6.987589,6.791384,7.917587
"DNAJC7",8.91076,8.917766,8.143531,8.505079,8.853,8.702904,7.825505,8.869965,8.96018,8.710242,8.874432,7.95193,8.839684,9.057085,8.989945,8.963649,8.540823,8.453929,8.507839,8.169905,8.631108
"DHX58",7.038333,7.201853,7.264313,7.350596,7.323714,6.977177,7.060039,7.255329,7.120988,7.034988,7.449753,6.950583,7.286013,7.061755,7.243803,6.990464,6.981951,7.233011,6.7625,7.034256,8.55143
"KAT2A",7.7379,7.552015,7.598438,7.540977,7.429949,7.626419,7.281814,7.620616,7.740205,7.494897,7.680902,7.486262,7.933218,7.801253,7.396077,7.704581,7.668315,7.768791,7.728619,7.670666,7.974132
"RAB5C",9.62804,10.218319,9.843428,9.755239,10.050821,9.971318,10.331282,9.817147,9.740826,9.736655,10.166305,9.347964,9.941732,9.313496,9.979946,9.885355,9.889355,9.892619,9.928727,9.891273,10.076161
"COA3",8.193219,8.061976,7.496142,8.064832,7.998737,8.197109,7.505789,7.913716,8.050267,7.79482,8.034533,7.21085,8.232906,8.542238,7.876984,8.06771,7.880543,7.904394,7.731796,7.995426,7.941886
"BRCA1",6.348759,6.274518,6.570624,6.57828,6.616748,6.520896,6.785885,6.370033,6.475896,6.048657,6.715059,6.139255,6.504039,6.436946,6.426307,6.31635,6.614959,6.57559,6.824076,6.493834,7.057879
"ASB16-AS1",7.934008,8.299539,8.217974,8.347752,8.238844,8.283776,8.270606,8.39755,8.219343,8.289866,7.960136,7.724096,8.159386,8.154678,8.286339,8.478637,8.429876,8.371939,8.371807,7.912566,8.423847
"SLC4A1",10.446811,10.074975,10.884731,11.002601,10.763618,10.305787,10.228738,10.510555,9.672319,8.265899,9.987471,9.286873,9.077458,9.376461,10.725933,9.881315,8.47041,10.465548,10.223904,10.809784,10.553201
"SLC25A39",11.212419,11.422489,11.750641,11.844936,11.65898,10.9831,11.066126,11.246521,10.950389,9.910408,10.952951,10.979218,10.590099,10.271737,11.787194,11.169009,10.265819,11.007456,11.342227,12.024267,11.332183
"ITGA2B",7.531733,7.423508,7.84121,8.831762,7.450263,8.015833,8.629179,7.963589,6.868651,7.106478,7.064614,7.635593,7.189255,6.687755,7.881716,7.949847,6.935305,7.923562,7.450273,6.978527,8.12385
"DCAKD",7.809656,7.915574,7.515295,8.155285,7.657801,7.922329,7.615609,7.82636,7.83888,8.236805,7.73765,7.596055,7.744545,7.881493,7.900028,7.728632,7.829262,7.986459,7.705676,8.061653,7.976344
"ARHGAP27",8.26581,8.386562,8.420873,7.967369,8.474191,8.326116,8.68007,8.344777,8.635754,8.107013,8.915529,7.886454,8.470442,8.127021,8.246074,8.037915,8.092575,8.218216,8.306681,7.564504,8.440442
"SKAP1",8.602059,8.412965,7.950123,8.749364,8.099867,8.452046,7.720303,8.448628,8.514326,7.997907,7.863607,6.99479,8.631644,8.674211,8.446462,8.849441,8.633482,8.838244,8.597543,8.520469,8.447674
"HOXB2",7.508698,6.907697,7.068662,7.128233,7.225235,7.225619,6.932756,7.133588,7.200983,7.273661,6.696594,6.949242,7.502525,7.303602,6.967356,7.055944,7.511729,7.008426,7.376869,7.157362,7.503296
"PHOSPHO1",9.168656,9.470618,9.476516,9.353802,9.587138,9.469644,9.593881,9.302539,8.940686,8.72705,9.663128,9.042939,8.907055,8.438685,9.942838,9.120868,9.16412,9.142699,9.386611,9.965336,9.448438
"PHB",8.448049,8.652391,8.482125,8.333722,8.43204,8.802378,7.846734,8.481652,8.400871,8.435561,8.474791,8.005774,8.525945,8.995827,8.152129,8.335492,8.524942,8.180691,8.021523,8.491344,8.31864
"SPOP",9.180464,9.291051,9.229111,9.473235,9.201945,9.306834,9.239793,9.305333,9.285684,9.087646,9.511333,8.212216,9.11586,9.13365,9.537352,9.490122,9.342811,9.38401,9.211906,9.261395,9.346972
"SLC35B1",7.996606,8.185108,7.791132,8.121024,8.050414,8.073106,7.887055,7.937094,8.205321,7.708823,8.392794,7.497672,8.149631,8.175696,7.948695,7.893411,8.399674,8.025391,8.02665,7.974338,8.046939
"FAM117A",8.798859,8.794753,8.893746,8.978305,8.877633,8.591044,8.737263,8.767728,8.730341,8.204407,8.604375,8.654586,8.578638,8.524617,8.827558,8.836501,8.371378,8.68836,8.621609,9.223083,8.945546
"SPAG9",9.19927,9.524189,9.12054,9.200225,9.368702,9.329579,9.768078,9.155789,9.384322,8.905784,9.748315,8.63862,9.442059,8.743204,9.613174,9.145777,9.264372,9.666182,9.688646,8.978939,9.019929
"MMD",8.440046,8.44614,8.049449,8.8556,7.797898,8.350918,8.659015,8.284285,7.951848,7.632119,7.799239,7.226352,8.36095,7.577692,8.889263,8.588255,7.761531,8.287706,8.46747,8.264227,8.375063
"MRPS23",6.923048,6.658075,6.177574,6.688376,6.870811,6.958007,5.734221,6.599585,6.6697,6.20691,6.700171,6.089097,6.857427,7.31464,6.399429,6.494795,6.037631,6.769894,6.456511,6.689622,6.564558
"SRSF1",10.684741,10.710579,10.617423,11.017299,10.535507,10.801382,10.421608,10.541543,10.788415,10.354988,10.437256,9.777125,10.779032,10.608601,10.815024,10.884953,10.76041,11.039644,11.012196,10.941749,10.688788
"MIR142",7.457324,7.733804,6.836554,7.812748,7.719451,7.775973,7.28125,7.323366,8.194274,6.334614,8.134175,5.259203,7.77033,7.766422,6.414849,7.004625,6.102504,6.983357,6.970591,5.795198,6.680471
"SKA2",6.558687,6.379376,6.320973,7.164608,6.179631,7.051387,6.517909,6.81361,6.382305,6.132777,6.095258,6.095678,6.413064,7.651568,7.216702,7.239624,7.758224,7.082077,7.665036,7.368198,7.1931
"MIR301A",3.599123,3.389598,3.210506,3.755845,3.400213,3.514491,3.203672,3.65994,3.596819,3.22085,3.71201,3.095981,3.449391,3.946836,3.954305,3.492463,3.669385,4.750458,3.810398,3.380194,3.311302
"USP32",9.74894,10.036057,9.911486,9.768272,10.130636,9.968988,10.533519,9.779275,10.034457,9.511057,10.364364,9.167273,10.162067,9.247185,10.2392,9.651477,9.822941,10.31604,10.574577,9.690784,9.784074
"APPBP2",8.990982,8.814961,8.395228,9.123987,8.681439,8.87804,8.888193,8.718319,8.866428,8.40846,8.889959,7.723959,8.751726,8.927162,9.075917,9.001956,8.856787,9.195574,9.262051,9.162489,8.974266
"INTS2",7.878431,7.854317,7.560434,8.244115,7.284507,7.869405,7.708318,8.014069,7.803322,7.291891,7.485036,6.915691,7.665097,7.754081,8.053334,7.770969,7.508588,8.272827,8.057394,8.275728,7.940454
"CCDC47",8.198245,8.579237,7.993187,8.398129,8.152136,8.385396,7.840147,8.18967,8.326729,7.778527,8.477541,7.157021,8.010217,8.369554,8.38076,8.430353,8.052572,8.536714,8.366614,8.402642,8.310955
"CSH2",7.471523,7.253476,8.024012,6.645609,7.497226,7.674432,7.555824,7.699632,6.709127,7.634256,7.343626,7.64037,7.139769,7.478128,7.074417,6.072939,7.026779,6.815826,7.133053,6.909048,7.413913
"CD79B",8.627357,8.385811,8.094269,8.999937,8.3544,8.970048,7.99074,8.699752,8.854989,8.058854,8.273674,8.015796,8.495825,9.562221,8.264242,8.42063,8.264335,8.866552,8.183738,8.454952,7.905043
"ICAM2",9.040914,9.380367,9.104926,9.491416,9.050322,9.429488,9.043182,9.405431,9.237604,9.03404,9.171097,8.17255,9.086952,9.483446,8.985836,9.132841,8.70696,8.987025,8.638778,9.050586,9.224185
"POLG2",7.551175,7.682801,7.195309,7.883213,7.184704,7.456252,7.201327,7.491094,7.821465,7.015559,7.176216,6.637681,7.430267,7.653907,7.567725,7.369765,7.459652,7.685309,7.493788,7.296774,7.365887
"DDX5",11.480964,11.274856,11.075185,11.590176,11.076485,11.358395,11.223226,11.264891,11.586574,11.207895,11.178817,10.506972,11.595462,11.271125,11.289354,11.528469,11.29907,11.619119,11.557374,11.591768,11.429001
"AMZ2P1",7.688977,6.883324,6.27662,7.077776,7.779124,6.856384,6.792317,6.373805,6.77267,6.570376,6.897262,6.617654,6.775518,7.255839,6.550418,6.85665,7.708611,6.97477,7.591527,7.084767,6.47247
"SLC16A6",8.395479,8.629829,8.407386,8.916744,9.141569,8.473527,9.050375,8.296393,8.586177,8.124208,8.908281,8.191331,8.588744,8.142454,8.567468,8.720428,8.732446,8.801886,9.176404,8.909675,9.18115
"ABCA5",7.825248,8.03886,7.539121,8.022088,7.760117,7.949489,7.666631,7.573419,7.979896,7.010278,7.454194,6.826318,7.665155,7.612188,7.989084,8.039574,7.657924,8.325501,8.742686,8.853216,7.596814
"CD300LB",8.043725,8.560491,8.333686,8.688138,8.715174,8.598256,8.222467,8.379158,8.640509,8.626305,8.999868,7.834298,8.39794,8.285563,8.300446,8.025488,8.281548,7.978847,8.331548,7.942316,8.593347
"CD300E",8.08841,8.289463,8.393431,8.744896,8.882501,7.935195,8.459174,8.318998,8.716206,8.578915,9.101237,8.335574,8.445862,8.226003,8.596399,8.279886,8.91803,8.172989,8.498376,8.309698,10.026561
"CD300LF",8.273008,8.88011,8.764118,8.524684,8.71713,8.847768,8.986949,8.456095,8.659672,8.427058,9.312655,8.537381,8.757049,8.059162,8.906941,8.191264,8.556452,8.279266,8.80181,8.722729,8.920182
"ATP5PD",9.392482,9.247413,8.739632,8.580338,9.33364,9.055204,7.846247,9.202981,9.260273,9.145256,9.462487,8.62933,9.13488,9.845988,9.481849,9.595889,9.50426,9.490172,9.379112,9.245433,9.537459
"GGA3",7.665171,8.152751,7.99831,8.121442,7.971384,8.044897,8.113125,8.031967,8.060859,7.974002,8.115687,7.846908,8.114263,7.85709,7.920986,7.788625,8.0096,8.022392,7.953055,7.477916,8.205391
"H3-3B",10.404094,10.678611,10.185267,10.544273,10.933353,10.771893,10.890044,10.384878,10.470631,10.216809,10.793635,9.645276,10.477962,10.450069,10.593617,10.393031,10.287601,10.700962,10.782655,10.38619,10.574762
"UNC13D",8.127124,8.42903,8.300736,8.452255,8.268252,8.351382,8.711658,8.497378,8.476141,8.154832,8.719281,7.812235,8.277307,8.169231,8.372676,8.268538,8.097311,8.339262,8.304609,8.006711,8.514911
"WBP2",8.995445,9.546334,9.372789,9.514102,9.834243,9.378474,9.695477,9.232624,9.259636,8.888894,9.486852,8.918711,9.055359,8.685811,9.745667,9.248706,9.210911,9.458619,9.828205,9.699923,9.720277
"ACOX1",8.675176,9.197836,8.566259,8.635319,8.947169,9.0587,9.21358,8.668096,9.312517,8.757354,9.624251,7.852747,9.401085,8.320941,9.004172,8.736822,8.638895,8.661769,8.794999,8.342955,8.685701
"EXOC7",8.212716,8.314345,8.205266,8.342065,8.252907,8.384219,8.137436,8.454866,8.440923,7.959751,8.333297,7.51252,8.428843,8.328928,8.130964,8.339325,8.11707,8.29684,8.023266,8.237249,8.602387
"RHBDF2",7.308072,7.262209,7.278951,7.342236,7.262911,7.146904,7.023115,7.253314,7.443324,6.891284,7.373512,6.877761,7.345201,7.309856,7.143556,7.305292,7.343317,7.766245,7.09113,7.13878,7.604836
"SRSF2",10.01757,9.980598,9.675897,10.246547,9.671943,9.992755,9.936813,9.796439,10.104714,9.842797,9.837669,9.409544,10.1168,10.014197,9.928693,9.89623,10.152687,10.151676,10.421001,10.282206,10.066409
"TIMP2",8.616733,9.55738,9.166353,9.090763,9.596659,9.365606,9.892006,8.903716,8.914532,9.168038,9.896692,8.8878,9.238824,8.53054,9.281718,8.613297,9.223091,9.097268,9.133641,8.537382,9.485386
"LGALS3BP",7.537785,7.510319,7.758273,8.078821,7.17667,7.58122,7.485484,7.534922,7.394037,7.387316,7.235931,7.464548,7.75043,7.461034,7.535372,7.504551,7.667529,7.964912,7.488239,7.489178,9.298553
"CANT1",7.872879,8.276616,7.780434,7.982878,8.191071,8.373793,8.649331,8.061007,8.142932,7.900269,8.44241,7.409777,8.259324,7.767615,8.350067,7.732719,8.138843,8.273421,8.219479,7.69881,8.115126
"EIF4A3",8.034035,8.596459,8.102042,8.375718,7.909841,8.31065,8.064923,8.170802,8.285022,7.82505,8.30566,7.301965,8.303646,8.145667,8.156701,8.046789,7.920866,8.198317,7.648598,7.613578,8.16812
"SGSH",7.69408,7.923841,7.623853,8.062091,7.80682,7.844681,7.704768,7.905102,7.942436,7.319207,7.81058,7.624161,7.787203,7.437853,7.646123,7.742198,7.608253,7.761342,7.522666,7.759063,7.889226
"P4HB",8.933379,9.49743,9.289115,9.57625,8.88889,9.369752,9.122734,9.246444,9.332514,8.977638,9.579877,8.603085,9.379929,9.205649,9.262938,9.438011,9.693818,9.513665,9.17983,9.127815,9.20214
"ALYREF",9.166556,8.769234,9.574885,8.703916,9.346304,9.106167,8.907155,9.373587,8.868246,9.189363,8.95732,8.531131,8.786981,8.814162,9.034934,8.501283,8.536307,8.83255,7.943652,9.038668,8.913505
"CD7",9.236562,9.127824,9.161288,9.141182,8.965541,9.251312,9.091976,9.471509,9.058353,9.314553,9.004399,9.117879,9.024687,9.133744,9.085888,9.015973,9.142293,9.017073,8.832049,9.178857,9.04922
"SECTM1",8.40413,8.821823,8.755203,8.520005,9.060074,8.810326,9.106133,8.814737,8.750863,8.562917,9.677477,8.20039,9.080091,8.328624,8.745254,8.435833,8.947033,8.7899,9.21145,8.605644,9.05465
"MGC70870",7.280734,6.718718,7.075588,7.893876,7.600593,7.400206,7.025548,6.91969,7.737078,7.708764,7.474141,8.048682,7.026973,8.371988,7.557047,7.971886,8.088907,7.824512,7.405821,8.213597,7.751927
"ROCK1P1",6.763723,6.029657,6.037838,5.469437,6.53379,5.596882,5.770603,5.908984,6.583309,8.113158,6.698664,8.22329,6.440495,6.187348,5.770079,6.953022,7.754319,5.694448,5.552919,6.175343,5.814897
"TYMS",6.261128,5.797951,5.744152,6.205988,5.680344,6.257876,5.713792,6.490275,5.913315,5.776564,5.788779,6.230916,6.156369,6.805107,6.064996,5.975775,6.729842,6.285371,5.915934,5.251863,6.810097
"SMCHD1",11.938487,11.865418,11.63376,11.702697,11.954694,11.954758,12.412411,11.745891,11.97811,11.693324,12.220053,11.435629,12.280953,11.647108,11.873419,11.81544,12.089409,12.066318,12.51351,11.808796,12.188138
"MYL12B",10.314633,9.934663,9.890931,9.750286,10.525108,10.37895,9.686786,10.23375,10.14535,10.263248,10.297043,9.695426,10.302937,10.766309,10.148459,10.151734,10.294278,9.997088,10.414351,10.019943,10.146435
"NDUFV2",7.030062,6.729646,5.971202,6.842087,6.935293,6.793527,6.321409,6.809475,7.289232,6.614227,7.069508,5.556111,6.971218,7.487831,5.456715,6.536053,5.797998,6.223857,7.164053,6.0507,5.903041
"ANKRD12",9.046732,9.097327,8.683815,9.0898,9.076126,9.314166,8.765148,8.927649,9.003696,8.412209,8.865674,7.417846,8.434489,9.426454,9.276233,9.232867,9.034474,9.31427,9.634368,9.312977,8.577905
"RALBP1",8.66884,8.857599,8.708603,8.767198,9.345507,8.999066,8.882466,8.653,8.504828,8.772529,9.097765,8.309962,8.711568,8.659008,9.090403,8.515421,8.62642,8.844537,8.91593,8.679449,8.707947
"RAB31",10.011069,10.333419,10.036735,10.246438,10.677918,10.372927,10.973324,9.962475,10.231459,9.951085,11.009071,9.647831,10.550609,9.472787,10.310464,10.006718,10.150231,10.424827,10.291014,9.794785,10.242323
"NAPG",8.660021,8.636206,8.542155,8.911959,8.59506,8.949607,8.510587,8.6687,8.737973,8.183339,8.647665,7.643486,8.70999,8.651309,8.664788,8.820451,8.503992,9.094081,9.24361,8.878459,8.731231
"CHMP1B",9.234403,9.358245,9.045971,9.02781,9.629969,9.696009,9.153525,9.389043,9.332262,9.059417,9.55882,8.564818,9.159308,9.656038,9.819724,9.532578,9.582008,9.674913,9.824007,9.317521,9.294362
"IMPA2",7.456815,8.465858,8.077306,8.09743,8.627303,8.140669,8.50929,8.045765,7.872746,8.143747,8.163522,7.717634,7.985618,7.435828,7.951023,7.996736,8.035382,8.147829,8.600694,7.490371,7.910904
"PSMG2",8.452513,8.618193,7.986558,8.34614,8.451577,8.445869,8.085486,8.29941,8.407941,8.165037,8.393812,7.446337,8.63479,8.661818,8.458567,8.614195,8.709921,8.661714,8.9811,8.698,8.607588
"CEP192",8.549602,8.475093,8.209153,8.951729,8.358374,8.337925,8.788459,8.513455,8.434472,7.799607,8.452166,7.908586,8.726323,8.249428,8.828192,8.679439,8.615022,9.059463,9.155319,9.276955,8.924064
"RNMT",7.661042,7.727937,7.329147,8.087916,7.63863,7.941602,7.293938,7.580852,7.694752,7.233631,7.521832,6.633597,7.382808,8.492789,7.884055,8.233814,8.061593,8.182379,8.216518,8.194324,7.848883
"CYP4F35P",4.873757,4.235369,4.3474,4.686005,5.218812,3.653633,4.861353,4.125673,4.884259,4.867175,4.410157,4.933613,4.756331,4.919381,4.786958,5.331855,4.821568,6.662664,4.967701,4.325274,5.893442
"SNRPD1",6.432637,6.347525,5.74095,6.755211,6.499772,6.149913,5.848005,6.518892,6.537305,5.956673,6.439572,5.791653,6.366623,7.110716,6.5308,6.865163,7.06402,7.069647,6.900997,6.738258,6.806628
"MIB1",8.205727,7.986354,7.921072,8.229308,7.976066,8.361753,8.126393,7.812952,8.171759,7.322303,8.223568,7.253479,7.957933,7.9012,8.327541,8.060003,7.885494,8.261887,8.84195,8.256732,7.954496
"RBBP8",6.318667,5.958256,6.074053,6.220443,6.252374,6.476293,6.197205,6.050052,5.987481,5.661035,6.475414,5.671756,5.98308,6.603624,6.46894,6.294675,6.883926,6.312408,6.597713,6.832029,7.24779
"RIOK3",9.885615,9.910201,10.117332,11.037364,10.097198,9.984593,10.683476,9.722293,9.642572,8.91955,9.718173,9.746896,9.520821,9.737334,10.288796,10.223728,9.520499,10.526752,11.024869,11.580303,9.958596
"HRH4",6.875257,7.744561,7.236048,7.911665,7.060449,8.220164,6.11621,7.503702,7.178108,7.149696,6.296905,6.273668,7.352592,7.171577,7.53859,6.803359,6.591825,6.565847,7.988817,7.056604,5.842294
"TAF4B",6.903081,6.423983,6.161202,7.202305,6.52451,6.699643,6.267179,6.651207,6.820451,6.204331,6.617165,5.812678,6.74511,7.097233,6.782608,6.85182,6.731414,6.757221,6.744538,6.787061,6.816216
"RNF125",8.902251,8.765665,8.542637,9.205419,8.233219,8.619222,8.343582,8.643908,8.739327,7.984265,8.509853,7.44111,8.936263,8.984462,8.654066,8.958898,8.1128,8.864994,8.550698,8.253995,8.348107
"RNF138",9.172838,8.863888,8.388446,9.121612,8.982142,9.079996,8.84432,8.781453,9.129497,8.497441,8.866763,7.544913,9.016774,9.431439,9.154715,9.252324,9.200497,9.361496,9.546958,8.90031,9.311333
"ZNF271P",7.811014,7.393585,7.123666,7.706406,7.548948,7.96388,7.195786,7.504232,7.704247,6.815748,7.673466,6.402525,7.301454,8.620091,7.824232,8.039089,7.688991,7.607488,8.48058,7.889673,7.729119
"GALNT1",7.989855,7.985202,7.687213,8.089566,8.192093,8.577001,8.024437,7.748299,8.025907,7.403363,8.120669,6.884872,7.825676,8.649874,8.360358,8.462731,8.572343,8.394009,9.013833,8.586429,8.135045
"C18orf21",7.365968,7.264778,6.285629,7.452447,7.219414,7.529005,6.916434,7.050922,7.365979,6.758263,7.561394,5.96356,7.245538,7.859899,7.177085,7.560851,7.255748,7.224752,7.664811,7.207641,6.940617
"ELP2",8.61702,8.343864,8.04772,9.01162,8.367011,8.523064,8.213019,8.3786,8.677652,8.122864,8.294899,7.242164,8.439897,8.755159,8.672128,8.820258,8.273487,8.887667,8.453528,8.491087,8.308047
"SLC14A1",8.311874,8.236665,7.693189,8.605162,9.111167,8.087482,8.926129,8.053115,7.821394,6.826947,7.80295,7.351327,7.549134,7.75717,8.738657,8.12778,6.930347,8.93882,9.015665,9.514392,7.897377
"HAUS1",6.390991,5.432377,5.68159,6.111357,6.528464,5.871708,5.333345,5.892756,6.123148,5.661199,5.896088,5.2165,5.703957,7.112222,6.522321,6.254784,5.54183,6.090763,6.582543,6.052112,6.162405
"C18orf25",8.165054,8.252964,7.871162,8.559256,8.237736,8.185382,8.000493,8.183687,8.256738,7.485706,8.317726,7.063239,8.238194,8.134454,8.399361,8.324625,8.352566,8.462314,8.589109,8.487698,8.468989
"SCARNA17",12.003795,12.149887,11.822152,12.087858,11.618428,11.631022,11.076623,12.025057,12.106027,11.654914,11.442505,10.819058,12.178632,11.992645,11.786514,12.013631,11.542103,11.860031,11.796945,11.484965,11.935724
"POLI",8.325135,8.390627,8.103759,8.624402,8.282084,8.50534,8.328369,7.949093,8.209021,8.137217,8.173123,7.580887,8.097632,8.878086,8.498374,8.384041,8.442455,8.942118,9.350598,8.78505,8.310815
"RAB27B",7.800953,7.838458,8.165697,8.118902,8.237533,8.318892,8.758132,7.410961,7.00797,6.880341,7.370037,7.666569,7.417711,7.228354,7.94226,8.758098,7.156147,8.282886,8.307457,8.565127,8.248504
"MALT1",8.808129,8.337782,8.158545,8.989647,8.430706,8.895504,8.277011,8.63078,8.747406,8.226787,8.374327,7.509282,8.460012,8.990667,8.730061,9.000619,8.722395,8.966334,8.929373,8.902915,8.593341
"SEC11C",7.176338,6.972396,6.684286,6.844661,7.085028,7.358079,6.355498,6.883881,6.926645,6.765441,7.055621,6.34715,7.073648,8.018721,7.329353,7.478363,8.812721,7.606269,7.836502,7.808056,7.067033
"PMAIP1",6.673632,6.651789,6.521333,6.493553,6.855016,7.239625,6.552121,6.655249,6.769737,6.420729,6.895997,6.28259,6.904371,7.157926,7.074868,6.608434,7.11277,6.449358,7.316863,6.80516,7.487958
"RELCH",9.289217,9.079553,8.692138,9.304221,9.188426,9.320847,9.464873,9.047883,9.335289,8.770659,9.2125,8.154996,9.206026,9.395394,9.270134,9.383573,9.227837,9.353732,9.938618,9.787239,9.374418
"SERPINB8",7.716269,7.932442,7.418354,7.894794,8.063049,8.001304,7.890686,7.70884,8.015484,7.781173,8.474273,7.506619,7.995688,7.679449,7.542224,7.975311,7.857914,8.020743,8.179569,7.827986,8.103803
"TIMM21",6.712701,6.806749,6.160309,6.721367,6.664048,6.765401,5.720714,6.649513,6.953424,6.646447,6.665068,6.154943,6.819956,7.630762,7.186073,6.78748,6.599791,7.043273,6.802131,6.589773,6.45437
"ZNF407",8.237428,8.087131,8.165638,8.211542,8.186786,7.983465,8.21635,8.025573,8.332771,7.954133,8.115348,7.627745,8.309455,7.826535,8.056047,8.452158,7.955329,8.82791,8.353785,8.581405,8.147801
"THOC1",8.346083,8.300565,7.92562,8.364653,7.969775,8.282293,7.553187,8.175323,8.283071,7.907069,7.943985,7.286789,8.006578,8.289249,8.451698,8.386492,8.277729,8.620825,8.515545,8.701527,8.327333
"LPIN2",9.298053,9.481387,9.027758,9.306577,9.217721,9.239648,9.551475,9.313292,9.319807,9.26568,9.178059,8.787197,9.602588,8.966846,9.589034,9.365628,9.493595,9.434359,9.094726,9.3643,9.414423
"EPB41L3",7.207055,7.492456,6.936598,7.625508,7.534037,7.378993,7.361194,7.237401,7.516038,7.243813,8.19499,6.478832,7.504878,7.0519,7.708702,7.496208,7.600577,7.129354,7.201595,7.768569,8.150837
"PPP4R1",9.310693,9.433512,9.324587,8.886264,9.704356,9.759107,10.436305,9.011361,9.449639,8.823118,9.990586,8.783198,9.667238,8.69262,9.93539,9.136106,9.772118,10.109204,10.196832,9.513099,9.485534
"ADGRA3",6.74145,5.896435,5.453976,6.679748,5.140068,5.679706,4.982141,6.371585,5.873011,6.134732,5.708324,6.388977,6.48906,6.377925,6.298637,6.357706,6.544218,5.750585,6.133258,7.160371,6.333072
"AFG3L2",7.601079,7.409955,7.184589,7.654627,7.478938,7.571932,7.176948,7.566882,7.434116,7.250168,7.365354,6.541836,7.474756,7.641848,7.582525,7.716488,7.435891,7.539174,7.335566,7.539193,7.720652
"PTPN2",8.625606,8.199025,7.949311,8.442564,8.46781,8.491736,8.038916,8.271175,8.750374,7.876883,8.477219,7.234034,8.39507,9.016226,8.533251,8.684427,8.34379,8.627396,8.772038,8.555194,8.314113
"ROCK1",9.108214,9.270597,8.784305,9.335886,9.1245,9.511697,9.034769,9.059316,8.998606,8.443532,9.284551,7.968397,8.510737,9.192719,9.543057,9.525297,9.314456,9.666794,9.833071,9.325099,9.232685
"ESCO1",8.331259,8.016927,7.922125,8.418156,8.145071,8.580141,7.715322,7.983332,7.895634,7.550513,7.999407,6.917804,7.448323,8.775207,8.558547,8.474971,8.357508,8.510386,8.98407,8.625219,8.032997
"DSC2",8.066588,7.840822,7.66901,8.150442,8.577211,8.792879,9.013421,6.975292,7.327428,7.716457,8.618425,8.034162,8.002324,7.356495,7.83793,8.537573,8.414029,8.868859,8.589004,8.675938,7.091955
"DSC1",6.588301,6.872058,6.280835,7.387138,6.936885,6.675407,6.56727,6.566257,6.599653,7.11527,6.805517,6.415551,6.44292,6.716689,7.128952,6.294346,5.699156,6.371401,6.916161,6.496987,6.104531
"TRAPPC8",8.756428,8.792502,8.397708,8.941651,8.658233,8.929133,9.157074,8.63056,8.731827,8.301721,9.079504,7.573598,8.792672,8.737556,9.047595,8.866036,8.829084,9.212139,9.481065,8.974394,8.7589
"KLHL14",6.65258,6.204799,6.660333,7.04248,6.108362,6.863325,6.2339,6.659067,6.58285,6.107252,6.504909,6.406967,6.662239,6.751705,6.569148,6.985129,7.575716,7.574476,6.694966,6.704575,6.466633
"TPGS2",8.495802,8.692067,8.492707,8.750648,9.196812,8.729692,8.371136,8.645154,8.565598,8.237167,8.533556,7.986544,8.623666,8.435865,9.084077,8.926632,8.544597,8.786697,8.653828,9.241599,8.385124
"RPL7A",11.581433,11.448882,11.098792,11.509825,11.275982,11.56716,10.612408,11.360638,11.511027,11.589345,11.180075,11.177107,11.457941,12.178402,10.352682,10.913429,10.52692,10.29947,10.530082,10.505225,9.531289
"EPG5",8.423789,8.489032,8.235301,8.746373,8.37024,8.475503,8.877153,8.364547,8.625897,8.022738,8.56987,7.537544,8.945977,8.178498,8.550079,8.778818,8.365764,9.029247,8.712164,8.925542,8.81413
"PSTPIP2",8.058845,8.35246,8.058503,8.594057,8.6247,8.597548,8.145738,8.138957,8.347069,7.885251,8.646717,7.087631,8.86502,7.956277,8.529766,8.415256,7.793107,8.491401,8.879125,8.192503,8.430724
"ATP5F1A",10.489276,10.744384,10.428183,10.706909,10.21494,10.675548,9.925213,10.486815,10.518257,10.472083,10.412984,9.718276,10.494534,10.790515,10.561451,10.539711,10.634248,10.454038,10.497126,10.450684,10.24708
"PIAS2",8.763201,8.57597,8.308304,8.724794,8.329114,8.525583,8.51862,8.588906,8.742407,8.16885,8.356865,7.389311,8.613626,8.601896,8.882913,8.950495,8.975903,9.05186,9.149501,9.287666,8.39352
"HDHD2",8.797761,8.636206,8.382321,8.995824,8.520773,8.711663,8.1004,8.494659,8.93433,8.404724,8.517845,7.785351,8.808059,8.854163,8.717112,8.883934,8.510455,8.63537,8.474563,8.881335,8.610939
"IER3IP1",7.883102,7.414208,7.448135,7.942182,7.821111,8.209371,7.169174,7.499185,7.722871,6.950386,7.762763,6.902192,7.750728,8.474183,8.013431,7.797113,7.256091,7.259674,8.015895,7.992914,7.954034
"SMAD2",8.224445,8.288598,7.776857,8.566148,7.866089,8.467303,8.075509,8.133997,8.183361,7.53651,8.207972,6.972824,7.972428,8.287177,8.156256,7.92184,7.797288,8.342764,8.850524,8.501603,7.800877
"DYM",9.291047,9.230072,8.641423,9.325262,8.993746,9.127818,9.158915,9.100431,9.402082,8.734569,9.200811,8.269861,9.462369,9.263721,9.158876,9.368428,9.403373,9.277692,9.453804,9.548768,9.241323
"SNORD58A",8.015327,6.398333,5.247157,7.611744,7.668212,7.208991,6.920164,7.146004,7.884014,6.686484,7.653899,6.018854,7.75057,8.849801,6.902265,7.622607,7.37491,7.535938,7.973031,7.914743,7.1009
"MEX3C",8.975379,8.692042,8.634232,8.674893,8.658957,8.929331,8.711861,8.918289,8.810561,8.381974,8.588645,8.380227,9.019483,9.104464,8.762345,9.03199,8.847605,8.585547,8.78158,8.915937,8.879266
"TCF4",8.291538,7.792501,7.380058,8.473208,7.746225,8.342928,7.241695,8.120936,8.283597,7.459864,7.927582,7.38956,8.116551,8.577271,8.06571,8.58396,8.38703,8.638571,7.824942,8.212986,7.892479
"FECH",8.47461,8.458929,8.748782,9.346379,9.265811,8.388968,9.687943,8.423472,8.298449,6.994851,8.172021,7.916282,7.789065,8.094552,9.113444,8.345052,7.117253,8.701773,9.076993,9.603065,8.01585
"NARS1",9.677849,9.829818,9.620687,9.764593,9.665421,9.770708,8.833393,9.740971,9.692934,9.543996,9.80755,9.113635,9.765,9.613648,10.104899,10.065624,9.836047,9.819332,9.742018,10.040824,9.86863
"LMAN1",8.703579,8.90215,8.318802,9.162219,8.166018,8.792753,7.952218,8.696922,8.675464,8.05967,8.112316,7.409468,8.51908,8.9324,8.877677,9.028418,9.407037,9.184584,8.853369,9.023171,8.693486
"MC4R",5.167763,5.334503,5.603332,5.210173,5.561004,5.276486,5.601122,5.46141,5.029965,5.990651,5.278236,6.679122,5.340672,5.087984,4.935725,5.654071,5.995274,5.22881,5.084792,5.193912,5.213535
"PIGN",7.691534,7.749531,7.30628,8.14815,7.486322,7.916486,7.708187,7.554821,8.042877,6.935979,7.312325,6.549149,7.740862,7.704802,7.915893,8.056236,7.711902,8.167111,8.361405,8.622094,7.831482
"VPS4B",9.584617,9.716616,9.405337,9.478456,9.69932,9.708202,9.504601,9.674631,9.617745,9.183485,9.774611,8.762126,9.629275,9.512866,9.712196,9.545212,9.63306,9.700733,9.862549,9.458738,9.565572
"TMX3",7.809963,7.745107,7.352048,8.223604,7.587198,8.071284,7.65818,7.696213,7.956858,7.042438,7.63982,6.164389,7.300043,8.216919,7.970231,8.152002,7.721835,8.375527,8.562304,8.708717,7.93
"CD226",9.945772,9.877235,9.549521,10.087034,9.724819,10.012192,10.127296,9.714473,9.465654,8.802468,9.057613,8.92516,9.941057,9.950555,9.670482,10.345493,9.362127,9.818628,10.116823,10.246773,9.613503
"CYB5A",7.922496,7.762523,7.358166,7.485046,7.821955,7.788288,6.876393,7.836651,7.98452,7.512759,7.432189,6.752821,7.962909,8.150617,8.012618,8.233967,7.641538,7.693453,8.340986,8.237572,7.788379
"LINC00909",8.288998,8.305432,8.06339,8.319955,8.591497,8.508847,7.787112,8.16011,7.846525,7.662446,8.159883,7.433821,8.140693,9.025342,8.891321,8.54493,8.451995,8.637862,8.636385,9.135603,8.151092
"ZNF516",7.950919,8.562189,8.340606,7.814164,8.464175,8.323784,8.881911,8.129376,8.434176,8.161226,8.898003,7.880485,8.552,7.493091,7.863547,7.936117,7.87789,7.985118,8.051757,7.433694,8.230828
"LOC284241",5.783059,5.885435,6.277088,5.90741,5.679187,5.838801,5.597449,6.376736,5.3279,5.96735,6.172773,6.09478,5.493027,6.0257,5.651437,5.695255,5.622566,5.033759,5.082605,6.133268,5.632643
"TXNL4A",8.193691,8.095226,7.727239,8.127265,8.108778,8.280298,7.589127,7.98064,8.069807,7.92765,7.811036,6.931376,7.924893,8.516822,8.225321,8.403984,7.795001,7.931717,8.113032,7.965512,7.697465
"BSG",10.807091,11.187889,11.009417,11.177504,11.33023,10.758316,10.748757,10.794982,10.489525,9.748634,10.659933,10.106186,10.016918,10.435454,10.846735,10.416372,9.519286,10.746557,10.379867,11.2866,10.258182
"CDC34",8.8201,8.464436,9.066803,9.099484,9.138281,8.644933,8.463366,8.861654,8.593743,7.578402,8.844082,7.687065,8.314156,8.323238,8.844652,8.344202,7.911133,8.14842,8.25302,8.984908,8.386305
"PTBP1",9.064374,9.561064,9.148569,9.669146,9.064198,9.353555,9.349692,9.476585,9.161149,8.945663,9.258934,8.601647,9.389025,9.014569,9.332723,9.250664,8.992772,9.585422,8.935457,8.935373,9.350247
"CFD",8.443859,9.69754,9.630389,9.587775,9.779205,8.676324,8.893029,8.656049,9.409684,8.714687,8.787077,8.017872,9.129154,8.695506,8.378986,9.0131,8.950618,9.352841,8.618013,9.399759,9.244161
"RPS15",11.127146,11.388512,11.22202,11.661062,11.197346,11.572156,10.923194,11.295973,11.013844,11.032982,11.012665,10.450532,10.961555,11.48401,10.705753,10.495951,10.402331,10.621571,10.453817,10.844651,10.732834
"CSNK1G2",8.716598,9.029769,8.645133,8.75162,8.819298,8.834142,8.894861,8.837477,8.910988,8.585909,9.073923,8.188761,9.186496,8.813453,8.943101,8.653647,8.634357,8.869036,8.715322,8.512253,8.878612
"OAZ1",12.249702,12.363523,12.369687,12.357202,12.305006,12.255046,12.065749,12.03619,12.075293,11.458495,12.297116,11.519382,11.823366,11.860708,12.025271,11.753371,11.069388,11.41379,11.782821,12.191361,11.668955
"GNA15",7.359451,7.695092,7.687827,7.253532,7.807977,7.622445,7.689883,7.685891,7.779117,7.626434,7.792977,7.362213,7.788386,7.400098,7.381581,7.276468,7.458071,7.199698,7.244415,7.092701,7.571842
"S1PR4",8.774696,9.11558,8.842621,8.668331,8.900397,9.256517,8.91973,8.748899,8.918094,8.894505,9.01987,8.112737,8.709747,8.951401,8.395277,8.511388,8.5698,8.393399,8.263461,8.005871,8.036617
"YJU2",7.514662,7.798212,7.73018,7.657109,7.7598,7.864104,7.428498,7.923731,7.648246,7.491971,7.756589,7.434104,7.693957,7.759875,7.508594,7.446816,7.458646,7.609882,7.314437,7.49991,7.609587
"TNFAIP8L1",5.854375,5.789862,6.286671,5.724682,5.9837,5.744593,5.819832,6.136415,5.808338,5.60193,5.884018,5.72418,5.965985,6.05916,5.826175,5.905012,5.366767,5.419616,5.829143,5.487611,6.1141
"SAFB",9.355861,9.605785,8.935583,9.601017,9.170909,9.413401,9.16754,9.52364,9.338054,9.132095,9.360206,8.636761,9.689481,9.010129,9.414824,9.388791,9.187932,9.588304,9.034008,8.89159,9.500842
"RPL36",8.900616,9.085597,9.051772,8.69446,8.504001,9.279618,8.505401,8.816257,8.797827,8.810704,8.684147,8.394979,8.64687,9.169823,8.255033,8.216463,8.493508,8.051881,8.21818,8.252741,8.485164
"ADGRE1",7.973609,8.44425,8.621273,9.283997,8.679838,8.997755,8.001567,8.612177,8.431465,8.269691,8.197154,8.024056,8.515902,8.217239,8.791796,8.127461,8.155453,8.97011,9.385373,8.834344,8.369852
"PNPLA6",7.779355,7.91574,7.907264,8.10001,7.818022,8.16249,7.775449,7.95885,7.930532,7.750225,8.155036,7.408687,7.995953,7.883687,7.926741,7.687884,7.520957,7.922353,7.814092,7.794511,8.041947
"MAP2K7",7.310592,7.178825,7.336747,7.230507,7.237661,7.089135,7.137906,7.045778,7.203734,6.876131,7.122505,6.785411,7.218014,6.896877,7.233776,6.910487,6.815347,6.949806,6.863465,6.903692,7.07103
"MARCHF2",9.027816,9.08313,9.38738,9.443922,9.329784,8.985256,9.176195,8.8629,8.752671,7.992428,8.744587,8.214181,8.494999,8.495925,9.424088,9.400028,8.560686,8.901247,9.10326,9.439858,9.233251
"HNRNPM",9.807477,10.070531,9.798789,10.184826,9.351628,9.90105,9.227103,9.964073,9.827504,9.472773,9.830524,9.040414,9.889807,9.672168,10.165468,10.107094,9.68283,10.107773,9.670342,9.641628,9.914832
"OR2Z1",6.884112,6.265055,6.970782,6.298597,6.948557,6.608485,6.918477,6.881911,6.674526,7.550214,6.577722,7.618993,6.981284,6.481665,6.408184,6.713863,7.008596,6.676452,6.670071,7.092665,7.202744
"UBL5",9.596896,9.473451,9.32153,8.825611,9.666647,9.583214,8.553825,9.419852,9.043009,9.477141,9.771554,9.283949,9.385049,10.182015,8.422863,8.407564,8.352297,8.366949,8.397207,8.319034,8.215323
"PIN1",7.793663,7.816771,7.872559,7.801152,8.085807,7.953644,7.506137,7.884379,7.759329,7.904678,7.667229,7.564779,7.816501,8.291503,7.810922,7.724743,7.536272,7.590925,7.750002,7.67449,7.566123
"SHFL",8.080392,8.126866,8.306642,8.117157,8.130409,8.260773,8.13442,7.992352,8.162456,7.89332,8.222615,7.935279,8.142522,8.211676,7.94866,7.88248,7.839736,8.09216,8.053872,8.173287,8.452593
"SNORD105",6.364316,5.702655,5.164531,5.82793,5.792422,5.705271,5.458583,5.584818,6.258904,5.788541,5.747379,5.837863,6.396207,6.88353,5.512197,5.994699,6.027091,5.982014,6.077287,6.088964,6.06192
"ICAM1",7.361171,7.624061,7.720929,7.355123,7.895022,7.533729,7.842601,7.566498,7.279597,7.522326,7.866068,7.369703,7.629777,7.172013,7.471332,7.420116,7.19926,7.37197,7.472185,7.586715,7.618798
"SLC44A2",10.146658,10.778075,10.64229,10.542572,10.434277,10.610793,11.11597,10.509126,10.448929,10.394568,10.716539,9.848387,10.62037,10.159324,10.611959,10.504985,10.579523,11.092025,10.670005,10.309082,10.164109
"CARM1",7.783709,7.711771,8.159914,8.21432,8.083558,7.921922,7.889487,7.766525,7.647777,7.561496,7.770818,7.637879,7.329403,7.454423,8.185019,7.764973,7.316002,7.811444,7.743712,8.474199,8.156627
"PRKCSH",8.568876,8.977778,8.835652,9.011907,8.458098,8.9178,8.662817,8.851093,8.819299,8.44373,8.83007,7.915857,8.589835,8.82287,8.661651,8.817383,8.427535,8.819675,8.410696,8.406589,8.400718
"ZNF441",6.133354,5.658895,5.660117,6.474824,6.119065,6.155256,5.659892,6.075868,5.629335,5.644631,5.720483,5.604662,5.51839,7.462468,6.521408,6.895944,6.003042,6.538568,6.918649,7.271111,6.273606
"ZNF440",7.123189,6.771469,6.317882,7.32226,6.856334,6.949564,6.325591,6.72737,6.913838,6.491963,6.645651,6.133892,6.710536,7.294375,7.044537,7.495986,6.59605,7.321037,7.519114,6.962136,6.882432
"ZNF763",6.735454,6.628623,6.114715,7.137586,7.008705,6.937473,5.893639,6.53835,6.750555,6.060206,6.836769,5.984474,6.281138,7.108891,7.009566,6.529021,6.986995,7.179958,7.137304,6.906821,6.79277
"ZNF844",7.199576,6.915613,6.602999,7.782035,7.296397,7.470699,6.874413,7.177677,7.081833,6.630899,7.544676,6.177159,6.625601,8.099073,7.668349,7.61508,6.909062,7.199412,8.039183,7.834116,7.145375
"ZNF136",8.277738,8.370242,8.084875,8.681188,7.948632,8.571127,7.725169,8.470116,8.258705,7.532442,8.173195,7.14574,8.13801,8.660548,8.625498,8.648838,7.953522,8.608537,8.676069,8.06741,8.125601
"ZNF791",8.439279,8.354792,8.121363,8.45288,8.378211,8.842619,8.016399,8.400392,8.472238,7.974828,8.147421,7.563187,8.195283,9.019681,8.648828,8.83648,8.45907,8.730636,8.746012,8.342401,8.195925
"JUNB",9.277934,9.493721,9.272079,9.058601,9.652352,9.305688,9.799176,9.353202,9.545229,9.102021,9.96151,8.941401,9.403189,9.306201,8.94275,9.006879,9.232846,9.011947,9.283846,8.95267,9.393698
"CALR",9.09674,9.555436,8.894246,9.578805,8.627434,9.266469,8.497793,9.189812,9.180306,8.86326,9.205498,8.4998,9.264512,9.361457,8.832537,9.231831,9.4002,9.048294,8.573687,8.6457,9.243312
"RAD23A",8.232962,8.46863,8.394721,9.030998,8.567019,8.154379,8.238742,8.190639,8.15093,7.698606,8.306254,7.812664,7.873656,8.038942,8.907602,8.313179,8.054741,8.625855,8.175555,8.929416,8.501776
"NACC1",7.557578,7.88216,7.969226,7.561953,7.690877,7.818334,7.845194,7.684087,7.705348,7.756452,8.024117,7.343774,7.629158,7.857839,7.331356,7.512509,7.667783,7.538746,7.447195,7.557041,7.763482
"IER2",9.175029,9.184428,9.267938,9.276596,9.420711,9.346624,9.286842,9.222073,9.229488,8.83303,9.56475,8.528002,9.272823,9.150133,9.117626,9.031889,8.834917,8.983022,8.885059,8.845378,9.272138
"MRI1",7.516986,7.440647,7.303983,7.561796,7.472664,7.437216,7.426116,7.546395,7.518101,7.049875,7.219953,6.849117,7.416926,7.602443,7.22709,7.334152,7.477788,7.406074,7.153753,7.234092,7.595169
"MIR181C",7.245783,7.358532,7.674564,6.945055,7.230424,6.978314,7.313019,7.510292,7.113516,8.240786,7.205181,8.50987,7.366703,6.971427,7.096857,7.04383,7.423656,7.05986,6.892048,6.800739,7.360394
"ADGRE5",9.773436,10.36752,10.325928,10.074015,10.008256,10.153682,10.671833,10.074346,9.794378,9.874456,10.512754,9.722442,10.360857,9.4751,9.929401,9.998151,10.06577,10.622569,9.657979,9.246648,10.10356
"SNRPG",6.866902,6.16544,5.694479,6.719248,6.287788,6.799871,6.076494,6.168226,6.790732,6.52235,6.709503,7.12788,6.469643,7.932576,6.821852,6.948981,7.1099,6.267477,7.318736,6.713382,6.291224
"CLEC17A",8.365367,8.183482,7.836947,8.496229,8.168113,8.521519,7.93202,8.388313,8.566312,8.127394,8.454978,8.369465,8.124436,8.679494,8.168833,8.53116,7.940201,8.776585,7.82441,7.72193,7.894402
"CYP4F3",9.504938,9.469621,9.809983,8.93267,10.020193,9.924634,10.577494,9.529609,9.704793,9.359352,10.672207,8.979042,9.879983,9.296436,9.82215,8.94816,9.469674,9.883081,9.800932,8.342368,9.669786
"OR10H2",5.142942,5.345428,5.589669,5.310269,5.419505,5.175537,5.353162,5.272461,4.997777,6.253524,4.841989,6.314611,5.552055,5.378762,5.332345,5.675032,5.422862,5.338468,5.580943,5.290977,5.460796
"OR10H3",5.451897,5.447414,5.582587,4.960435,5.936479,5.314169,5.590171,5.520775,5.502756,6.123514,5.288119,6.534036,5.599403,5.351066,5.535203,5.696017,5.391545,5.338049,5.245207,4.908922,5.559242
"UCA1",5.766751,5.391821,5.395893,5.238942,5.712322,5.304089,5.827952,5.624207,5.400149,6.359547,5.643852,6.835569,5.390689,5.746482,5.253806,5.581639,5.81343,5.278546,5.296598,5.77687,5.388331
"FAM32A",7.549738,7.493019,7.229732,7.43905,7.680125,7.953613,7.144125,7.669563,7.760424,7.381444,7.974418,6.401584,7.687558,8.205607,7.649172,7.611633,7.423966,7.355356,7.595735,7.005348,7.584877
"AP1M1",8.181559,8.28206,8.226943,8.901312,8.092327,8.401559,8.445461,8.281868,8.395729,8.029926,8.576979,7.410663,8.608225,8.292411,8.375776,8.229497,8.038908,8.634862,8.205233,8.264758,8.501121
"BABAM1",8.827515,8.884146,8.826077,9.204178,9.112971,8.713672,8.333543,8.527901,8.793999,8.109844,8.755871,7.509774,8.646224,8.823257,9.181033,8.78456,8.406686,8.503445,8.7565,9.24055,8.780092
"NIBAN3",8.402105,8.123556,8.330486,8.753233,7.866981,8.491101,7.864655,8.384165,8.856051,7.885499,8.069751,8.232771,8.534085,8.615416,8.463871,8.590555,8.323102,8.930989,8.247009,7.908896,8.014439
"COLGALT1",8.319985,8.654946,8.519425,8.570466,8.42822,8.351502,8.863344,8.600153,8.67358,8.299267,8.697707,7.907531,8.561452,8.354649,8.309352,8.218854,8.043797,8.199955,8.112773,8.098433,8.59223
"SNORA68",10.021029,8.21118,8.425976,9.31347,9.298289,9.082848,9.384413,8.649991,8.962028,7.839732,8.976726,8.411508,9.758888,10.070942,8.05986,8.817444,8.28442,9.368612,9.454571,9.943558,8.306129
"CCDC124",7.99221,7.985554,8.11641,7.604294,8.084977,7.964114,7.881145,8.033256,7.803112,7.691785,7.988585,7.638447,7.873004,7.90843,7.929859,7.638556,7.486158,7.686765,7.472738,8.077851,7.766439
"ARRDC2",8.317134,8.244575,8.225561,8.377143,8.155407,8.311268,7.988236,8.494011,8.210644,7.797753,8.344687,7.389545,8.203452,8.536298,8.207721,8.263321,7.568243,8.114242,7.849871,8.048433,8.241565
"MAST3",8.814469,9.323903,9.08742,8.783385,8.923563,8.845435,9.396723,8.981897,8.952202,8.812737,9.235602,8.808056,9.076981,8.570511,8.875589,8.899571,8.812449,8.932964,8.931207,8.579714,8.893459
"IFI30",10.663584,11.561534,11.346599,11.786337,11.445374,11.516635,11.199459,11.008108,11.106502,11.236865,11.87571,10.658457,11.187078,11.011841,11.599096,11.366221,11.675904,11.606142,11.719126,11.568955,12.225928
"MAU2",7.991077,8.39921,8.181872,8.13236,8.095188,8.217686,8.420442,8.228887,8.215777,8.106476,8.492229,8.083293,8.279392,7.887173,7.979236,8.26336,8.242307,8.240657,8.099359,7.972003,8.323645
"NDUFA13",8.02248,8.108423,8.106252,7.595449,8.08119,7.975325,7.471085,8.011354,7.86743,7.735379,8.152302,6.960824,7.81376,8.356214,7.463008,7.355011,7.093764,6.806863,7.165296,7.274451,7.356937
"ZNF253",7.715062,7.287978,6.942167,7.80998,7.284577,7.642269,7.024328,7.367503,7.489276,7.225807,7.197893,6.941814,7.149236,8.721535,7.719124,8.012994,7.84774,8.01411,8.054035,7.995695,7.327113
"ZNF486",7.448424,7.682575,7.003166,7.582456,7.768019,7.657757,7.647139,7.685307,7.924961,7.410223,7.941458,7.094656,7.956017,8.15077,7.717155,7.446971,7.622034,7.681973,8.169288,7.383136,7.094853
"ERVS71-1",4.73393,4.514183,4.801381,4.78938,5.007256,4.441076,4.399508,4.595668,4.185135,5.90836,4.608568,6.155529,4.849011,4.79838,3.895842,4.975273,5.635331,4.743212,4.376585,4.666448,4.689036
"ZNF430",7.370086,6.96211,6.602181,7.341811,7.051809,7.391716,6.893078,7.140827,7.061234,6.515904,6.701427,5.935752,7.023512,7.712684,7.298073,7.353528,7.264095,7.333129,7.559813,7.053259,7.048822
"ZNF431",8.106139,7.915759,7.561517,8.23061,7.720241,8.166157,7.282555,7.917245,8.227805,7.204746,7.138128,6.697472,7.837107,8.362229,8.046543,8.12468,7.8327,8.002231,8.370908,7.982087,7.729834
"ZNF493",7.123384,7.35553,6.798812,7.213684,7.170796,7.843296,6.727864,7.029359,6.877881,6.643939,6.423553,6.27307,6.499434,8.486689,7.178276,6.966371,7.399628,7.782011,8.359538,7.959002,6.816936
"ZNF429",7.541449,7.222954,6.329909,6.886417,7.370457,7.684538,6.873865,7.027261,7.505589,6.906407,6.911946,6.678709,7.162685,8.042739,7.477327,7.004431,7.449179,7.933462,8.218624,7.267977,7.629484
"ZNF257",6.506653,5.852831,6.227853,5.769417,6.427926,6.875228,5.415184,4.89289,6.493948,4.651526,5.659066,5.826088,5.200001,6.268341,5.566779,5.2841,5.701481,6.113049,6.735485,6.20043,5.155506
"ZNF729",4.67528,4.230045,4.173802,4.248257,4.128274,4.459312,4.263733,4.163226,4.221583,4.935156,4.379646,5.672185,3.848311,4.650558,4.441138,4.440769,5.012922,4.182865,4.554814,5.003233,4.099139
"ZNF730",5.035918,4.600559,5.076935,5.401814,5.474597,4.954478,4.38505,4.863104,5.176157,5.254442,4.73608,5.402061,4.754158,5.27416,5.026128,4.89049,5.136592,5.072975,5.490657,5.926558,4.917434
"ZNF254",7.02354,6.862316,6.687784,7.258117,7.032319,7.181066,6.294082,6.719594,6.698641,6.19677,6.692538,6.358895,6.521342,7.657818,7.051954,7.335715,6.926686,7.635039,8.015264,7.85014,6.649813
"URI1",9.137582,8.680265,8.404715,9.149672,8.619231,8.976021,8.24787,8.759439,8.98995,8.76966,8.603376,7.908873,8.75386,9.32549,9.083423,9.347418,9.049126,9.193507,9.43981,9.620791,9.046156
"ZNF507",8.727974,8.361667,7.919748,8.756323,8.414544,8.705697,7.946389,8.653771,8.482761,8.183579,8.071864,7.231716,8.359081,8.84805,8.642222,9.157954,8.538116,8.778179,8.804566,8.840926,8.531985
"LSM14A",9.686317,9.778202,9.644394,10.029673,9.390006,9.771621,9.469488,9.816131,9.763315,9.358902,9.617158,8.893408,9.927133,9.65694,9.854547,9.650721,9.435196,9.857145,9.682984,9.489898,9.738801
"GPI",8.446731,8.83806,8.720028,9.124233,8.240726,9.068915,8.431662,8.726057,8.622256,8.545809,8.615139,7.682127,8.616477,8.498551,8.741479,8.879529,8.694542,8.980195,8.425295,8.635919,8.872386
"UBA2",8.995758,8.621944,8.289607,9.114909,8.517871,9.229348,8.171279,8.75916,9.030171,8.342472,8.723346,7.684534,8.923969,9.428842,8.998995,9.055553,8.633211,8.874452,9.026344,8.685471,8.856286
"ZNF302",8.082728,7.81452,7.744391,8.580649,8.194792,8.498002,7.461108,8.133803,8.110354,7.835199,7.752955,7.396442,7.317755,9.410583,8.475445,8.675361,8.122576,8.433367,8.886335,9.148794,8.129698
"CD22",8.333493,8.151661,7.635895,9.06756,8.185601,8.844916,7.530545,8.55409,8.737566,8.185233,8.270609,7.706894,8.388374,9.228032,8.619582,8.730652,8.699791,9.40685,8.425558,8.230792,7.683834
"FFAR2",9.332836,9.958791,9.553295,9.416188,10.365781,10.218099,10.234649,9.461875,9.653653,9.29673,10.204332,8.715757,9.943611,9.088599,9.565792,9.268499,9.814453,10.158555,10.145837,8.440185,10.280582
"TMEM147",7.960969,8.279593,7.939056,8.261213,8.029369,8.271127,8.006395,7.97632,8.141685,7.835632,8.201594,7.463269,8.122295,8.447398,7.625967,8.059148,7.957596,7.74037,7.477831,7.954949,8.009787
"COX6B1",9.508656,9.783804,9.180275,9.142469,9.818154,9.528125,9.198157,9.548737,9.348416,9.558016,9.710392,8.731045,9.316412,9.915459,9.264657,9.075293,8.897359,8.86145,9.183279,9.453859,9.031133
"PSENEN",8.667838,9.348322,8.659158,8.857623,9.136679,9.304658,8.992237,8.962454,8.826638,8.648997,9.313678,7.919357,8.964212,8.885214,9.027077,8.798081,8.607229,8.831056,8.930857,8.820733,8.814599
"HCST",8.828692,9.473657,9.012282,9.470498,9.048515,9.522785,9.036948,8.923092,8.876516,8.900876,9.089731,8.343834,8.860402,9.111103,8.84204,9.297855,9.099543,9.050387,8.982553,9.215717,9.169124
"CAPNS1",9.213945,10.117968,9.7032,10.039761,9.576783,9.736373,9.781863,9.52376,9.469476,9.35255,9.784947,8.874423,9.534296,9.177862,9.809144,9.721771,9.898183,9.872123,9.738442,9.656911,9.919501
"ZNF146",8.019577,8.028326,7.610759,8.263587,7.915861,8.320744,7.042914,7.844977,8.032471,7.130641,7.502098,6.98014,7.229768,8.523658,8.283601,8.249153,7.745861,8.259173,8.191495,8.371858,7.845233
"ZNF382",6.423747,6.374543,5.81955,7.075628,6.38051,6.515799,5.995421,5.836334,6.615525,5.904295,5.764018,5.502083,6.160786,6.591096,6.760179,6.272492,6.481857,7.013825,7.012732,6.993235,6.155426
"ZNF567",5.983238,5.960268,5.83085,6.120598,5.615789,6.3999,5.587528,6.156322,6.069093,5.572284,5.689315,5.399661,5.577765,6.899673,6.393584,6.7086,6.284689,6.276729,6.318825,6.258414,5.90872
"ZNF345",6.17405,6.056173,5.511564,6.417995,5.731246,5.986137,5.706623,6.12527,6.11801,5.633767,5.683333,5.321408,5.582847,6.580211,6.274888,6.449085,5.969789,6.669948,6.670427,6.661473,6.112793
"ZNF420",7.019971,6.876208,6.615863,7.292383,6.83396,7.542533,6.396577,7.106106,7.200584,6.458571,6.777494,6.329634,6.716014,7.871549,7.409146,7.473858,7.001392,7.379964,7.267034,7.444456,6.920804
"ZNF383",8.367145,8.135194,7.532591,8.545834,7.983857,8.36144,7.713133,7.97702,8.235602,7.547287,7.853609,7.096537,7.885128,8.63145,8.438376,8.651865,8.477712,8.698246,8.800099,8.646672,8.138823
"SIPA1L3",7.590943,7.591568,7.439318,7.610886,7.362247,7.499117,7.142537,7.345374,7.651659,7.542919,7.31336,7.44954,7.693954,7.433009,7.508477,7.595054,7.650776,7.948832,7.223351,7.251696,7.523006
"PSMD8",9.065459,9.305649,8.991364,9.232064,9.210241,9.332171,8.939839,9.389923,9.245009,9.138896,9.246837,8.449673,9.006278,9.559339,9.005096,8.84048,8.820687,8.84392,8.666283,8.948805,9.09093
"EIF3K",9.926559,10.508086,10.09267,10.345252,10.000268,10.580703,9.728338,10.037674,10.015064,10.125622,10.045806,9.091229,9.81964,10.45508,9.726355,9.604884,9.517775,9.707056,9.49553,9.563406,9.307581
"ACTN4",9.636566,10.596802,10.364462,10.245561,9.767696,9.978978,10.383305,10.162021,9.893747,9.629492,10.26182,9.507738,10.039337,9.208268,10.016288,9.917636,9.654616,10.357507,9.378453,9.420872,10.017552
"ZFP36",8.452546,8.870856,8.651883,8.461164,8.923078,8.851393,9.077909,8.730748,8.61217,8.511108,8.9739,8.346424,8.5412,8.615686,8.485847,8.462291,8.966098,8.80129,8.862918,8.324617,8.844523
"LGALS16",4.229,4.033338,4.083782,4.129487,4.339884,4.089481,3.806612,4.375197,4.668693,5.599712,4.373349,6.400247,4.39524,4.492342,4.387969,5.084312,5.243215,4.427705,4.336996,4.289424,4.435427
"PSMC4",8.11527,8.488491,8.289073,8.501582,8.1011,8.421453,7.899922,8.420503,8.014968,7.969941,8.334625,7.583653,8.09366,8.109221,8.262312,8.18272,8.24816,8.395061,7.818952,8.112072,8.148871
"ZNF546",5.965914,5.698194,5.410428,6.392667,5.41434,5.999538,5.342515,5.554278,5.998314,5.544693,5.296479,5.160439,5.520571,6.461221,5.953886,5.903274,5.679198,5.730823,5.704246,5.792975,5.541613
"PLD3",8.246514,8.893253,8.681719,8.725369,8.461608,8.601777,8.675566,8.552338,8.550047,8.649224,8.671146,8.245384,8.364793,8.303567,8.483596,8.591286,8.48336,8.604672,8.277156,8.642606,8.977254
"SHKBP1",8.658082,9.100839,8.732327,8.805854,9.143302,9.161391,9.22572,8.687133,8.863814,8.644226,9.204742,8.468784,8.752501,8.48388,8.773749,8.461451,8.90075,9.178348,9.114043,8.763206,9.087185
"SNRPA",7.793577,8.036233,7.699891,8.12223,7.672444,7.944737,7.642737,7.796884,7.723701,7.650544,7.758076,7.27741,7.776719,7.943396,7.730615,7.828374,8.092046,8.077444,7.788302,7.85667,8.054414
"CYP2F1",6.096131,6.551429,6.787589,5.881461,6.26826,6.217638,6.089604,6.223567,6.00706,7.054558,5.923966,6.913306,6.459543,6.283475,6.081789,6.263096,6.385503,6.420414,6.152887,6.228621,5.591094
"HNRNPUL1",8.849195,9.005187,8.699615,9.138253,8.73098,8.902904,8.908613,8.986584,8.823078,8.611002,8.811435,8.218793,9.128945,8.682932,8.994913,9.092133,9.090201,9.217383,9.133497,9.051974,9.103532
"CCDC97",8.030891,8.424896,8.330954,8.175181,8.198208,8.25265,8.170539,8.327053,8.152361,8.192129,8.25409,7.897796,8.044307,8.076757,8.046947,8.267903,8.008997,8.058778,8.151083,7.665363,8.295108
"BCKDHA",8.091448,8.783902,8.346289,8.537328,8.192697,8.278095,8.289121,8.401133,8.124511,8.274855,8.30663,7.678846,8.291199,8.131984,8.056511,8.044497,7.961125,8.17132,7.740376,8.063063,8.182166
"CEACAM21",7.354368,7.174072,7.436722,7.288366,7.103915,7.542809,7.576283,7.425028,7.548872,7.676442,7.504893,7.091753,7.608356,7.476975,7.282117,7.284767,7.34712,6.81737,7.390253,7.188179,7.450417
"CEACAM6",5.798672,5.536929,5.913553,5.694703,6.117078,5.429192,6.044897,5.477232,5.469025,5.958449,5.778504,6.073031,5.514079,5.436337,5.876031,5.693428,5.927642,5.855759,5.802208,6.070517,7.679276
"CEACAM3",9.202329,9.485184,9.351556,8.711376,9.51399,9.612664,9.897116,9.233306,9.371189,9.096239,9.7836,9.62219,9.258933,8.836253,9.106929,8.840898,9.186109,9.491666,9.812256,8.610244,9.443611
"RPS19",10.836631,11.24005,10.981134,11.126832,10.658213,11.2557,10.199144,10.840014,10.894663,11.098576,10.610291,10.314915,10.616386,11.355406,9.641517,9.801015,9.44738,9.702529,9.499831,9.515896,9.286677
"CD79A",8.665094,8.659224,8.283787,9.144288,8.509575,9.357173,8.064314,8.750096,8.959776,8.486959,8.551248,8.265402,8.375265,9.699044,8.559967,9.098744,9.062603,9.213307,8.73453,8.792565,8.596117
"CD177",7.27808,7.102466,7.562624,7.399942,7.365212,7.313376,7.117796,7.082353,6.916625,7.710936,7.886334,7.948243,6.892126,6.748166,7.178431,7.293008,7.081692,6.846961,7.086297,7.311662,7.586422
"ZNF283",7.313276,7.074786,6.610018,7.311316,6.678014,7.084491,6.731102,6.762029,7.405268,6.681198,6.739818,5.958095,6.800461,7.211436,7.132507,7.300816,6.977127,7.209202,7.252229,7.097451,7.288672
"ZNF230",6.287386,6.210829,5.729214,6.210705,6.042185,6.627409,6.163202,6.155813,6.062127,5.901381,7.087539,5.49827,5.989364,6.698274,6.16116,5.998123,6.423374,6.094083,6.769442,6.156429,6.375557
"ZNF224",8.390514,8.440707,7.874544,8.420898,8.171444,8.436612,7.697679,8.269363,8.579585,7.470251,8.23208,7.215026,8.234773,8.550515,8.597043,8.747663,8.307428,8.714447,8.663546,8.642543,8.529404
"ZNF234",7.643688,7.455355,7.11764,7.943305,7.152155,7.928423,6.824033,7.478169,7.579161,7.135392,7.247884,6.60347,7.443697,7.945451,7.872244,7.950904,7.503765,7.979935,7.580658,7.914993,7.612485
"ZNF226",7.27265,6.937873,6.748765,7.235171,6.906538,7.423275,6.438475,7.011558,7.229083,6.693743,6.798678,6.495517,6.764169,7.857259,7.47207,7.659631,7.179093,7.056119,7.451966,7.499096,6.872573
"BCL3",8.425148,8.619179,8.841105,8.457493,8.717785,8.564472,8.858394,8.485782,8.330828,8.685152,8.870569,8.498056,8.205529,8.177754,8.215967,8.289458,8.467225,8.344489,8.464467,8.294486,8.320714
"CLPTM1",8.806801,9.262004,8.984569,9.08196,8.932418,9.110395,9.149996,8.977073,8.903184,8.959153,9.023075,8.540877,8.859085,8.808712,9.054798,9.051551,8.99546,9.074163,8.91051,9.08733,9.100363
"C5AR1",8.881416,9.524636,9.44368,8.967072,9.456696,9.406998,10.074809,9.146878,9.354809,9.132704,9.822702,8.938148,9.491951,8.27433,9.507903,8.991769,9.570336,9.871572,9.877596,9.059614,9.659281
"C5AR2",8.484378,9.387008,8.384139,8.233881,9.394515,8.886207,9.495194,8.592689,9.152206,8.579244,9.636556,8.34777,9.103973,8.180482,8.691811,8.327502,8.733918,8.677296,9.071127,7.842703,8.283174
"EMP3",9.919456,10.461186,10.095356,10.031549,9.965798,10.31268,9.481073,10.075331,9.924231,9.829899,10.097987,8.691525,9.812147,10.326692,9.586619,9.715195,9.524296,9.47869,9.448761,9.535593,10.007762
"KCNJ14",7.344124,7.47918,8.167922,7.286696,7.701907,7.241202,7.332171,7.383834,7.168519,7.081986,7.422592,7.053151,7.290932,7.271343,7.445189,6.813712,6.621069,6.835991,6.58146,7.081343,7.411113
"CYTH2",8.56483,8.988559,8.505596,8.69495,8.851065,8.661404,8.880455,8.575611,8.896358,8.435204,8.918685,7.847781,8.835305,8.610999,8.769358,8.458253,8.504116,8.756992,8.502509,8.333053,8.737551
"FTL",11.04809,11.374653,11.284483,11.525249,11.732023,11.273751,11.35429,11.101181,11.222098,11.061472,11.576472,10.788852,11.025183,11.05096,11.558079,11.454463,11.134185,11.108821,11.510598,11.604666,11.506396
"CD37",10.626435,10.932538,10.656942,11.341415,10.620579,11.005103,10.759546,10.674632,10.900914,10.803584,10.825012,10.434066,10.83066,10.767264,10.643397,10.879483,10.594706,11.207298,10.595357,10.671351,11.072756
"FLT3LG",8.93945,9.003802,8.958039,9.169157,8.85323,8.789625,8.738694,8.975887,9.00932,9.064892,8.721221,8.869134,8.955099,8.99413,8.994639,8.87108,8.631064,8.859164,8.777689,8.985476,8.880853
"AP2A1",8.307872,8.737934,8.884104,9.176478,8.946412,8.386718,8.46832,8.595017,8.236071,7.906773,8.732752,7.944947,8.486866,7.797844,9.00701,8.542022,8.215146,8.522684,8.823029,8.94331,8.741239
"SIGLEC16",6.000088,6.39378,6.369037,6.3829,6.954771,6.656887,6.408114,6.252201,6.267404,6.677456,6.595535,7.169816,6.545983,6.674494,6.59661,6.54827,6.406257,6.504024,6.594139,6.651013,6.916893
"SPIB",7.917375,7.891574,8.000881,8.2217,7.760982,8.305102,7.517321,7.914841,8.048342,7.584762,7.712781,7.676864,7.69224,8.388835,8.067199,8.290027,7.978768,8.361489,7.541422,7.894234,8.073608
"GPR32P1",3.759566,4.36599,4.121742,3.558406,4.193138,3.543918,3.92813,4.882751,4.214358,4.917728,4.469231,5.427605,3.687524,3.70265,5.502175,4.087739,4.711734,3.877648,3.993458,3.808775,4.172917
"SIGLEC9",8.681927,9.368695,9.02864,8.60315,9.275422,9.241897,9.922428,8.897458,8.882153,8.722385,9.713356,8.497182,8.887958,8.198599,8.944096,9.022795,9.009995,9.497188,9.447573,8.761215,9.17844
"CD33",7.771815,8.212037,7.992767,7.958009,8.094767,7.966239,7.900837,7.763374,8.270521,8.180511,8.419678,7.754016,8.062329,7.937391,7.785916,7.631363,8.11093,7.634748,7.927492,7.981398,8.152202
"SIGLECL1",5.027625,4.603943,5.39664,4.483826,5.022787,4.448963,5.251894,4.536558,5.073992,6.013153,4.843438,6.159877,5.226493,5.112678,4.804849,5.110783,5.39915,5.168509,4.713328,4.774975,4.858185
"IGLON5",6.739498,6.938058,7.424615,6.289238,6.421961,6.056068,6.948978,7.03653,6.452206,7.04777,6.587278,7.145903,6.553831,6.655518,7.021085,5.47232,6.385422,6.262041,5.995138,6.208578,6.329881
"FPR2",10.201767,11.172647,10.555033,9.830046,10.757213,10.30202,11.701279,10.640167,10.394926,9.671757,11.09599,10.235844,10.790239,9.545544,10.782719,9.864074,9.92375,10.747424,10.683514,9.532959,10.611842
"FPR3",5.859255,6.476542,5.982364,6.154848,5.88473,5.964001,6.333916,6.078447,5.873138,6.139271,6.61473,6.026256,5.956165,5.682428,6.217059,6.117716,5.998662,6.110046,6.032976,6.135501,6.077221
"ZNF480",7.746715,7.49986,7.147781,7.944086,7.668039,7.666196,6.529146,7.489085,7.588524,7.126032,7.263821,6.459555,7.371568,8.484878,7.781666,8.107294,7.69486,8.17487,8.18693,7.824639,7.343378
"ZNF528",6.704629,6.448145,6.232143,6.728206,6.379252,6.730942,5.805453,6.996921,6.851575,5.925495,6.231211,6.101767,6.127075,7.20842,6.571119,6.54829,6.454298,6.769432,6.754879,6.740362,6.184759
"ZNF578",3.776263,3.660758,3.690966,3.463192,3.881126,3.352414,3.269439,3.466774,3.358955,3.171262,3.530991,3.100242,3.351236,3.203521,3.973994,3.918112,3.35926,3.599087,4.966555,4.732806,3.455198
"ZNF808",9.974666,10.185374,9.953999,10.083326,9.979271,9.931414,9.655674,10.022464,10.054756,9.51558,9.668236,9.413105,9.837311,10.019387,10.136613,10.505979,10.045052,10.480094,10.357218,10.13283,9.937976
"ZNF701",7.523443,7.571795,7.341062,7.633947,8.224966,8.084308,7.13183,7.107434,7.428903,6.738992,7.326785,6.125896,6.900813,8.510242,7.750611,7.877372,7.499288,7.614875,8.19656,7.641294,7.375645
"ZNF137P",5.975929,5.837946,5.363273,6.223231,6.076184,6.5298,5.430431,6.067889,6.255327,5.189364,5.856117,4.752994,5.435377,6.634961,6.798127,6.641982,6.187197,6.268362,6.947685,6.032243,6.163556
"ZNF845",7.653746,7.245012,7.494284,7.970654,7.593498,8.480766,6.68312,7.318081,7.039214,6.537888,7.115521,6.338038,6.585034,9.399903,8.173046,8.079988,7.657507,7.88933,8.649119,8.34924,7.448191
"ZNF525",11.122045,10.549687,10.694421,11.016922,10.780458,11.15793,10.094199,10.766898,10.780381,10.762198,10.337682,10.572094,10.592423,11.591469,11.120357,11.489783,11.619556,11.344213,11.351176,11.30443,10.596737
"ZNF761",7.108584,6.889861,6.70812,7.352062,6.692721,7.02814,6.406784,7.097556,7.064226,6.698264,6.576129,5.937348,6.553677,8.069693,7.220641,7.527932,7.825353,7.194364,7.618781,7.46296,6.809687
"ZNF813",6.568702,6.133164,6.54271,6.557666,6.703,7.111666,5.606512,6.202301,6.648746,5.783809,6.209327,5.768803,5.607223,7.366203,6.705432,6.936362,6.43357,6.65718,7.016473,6.73465,6.352152
"DPRX",6.20157,6.44616,6.148366,5.946505,6.252486,5.842413,6.174654,6.081086,6.208439,6.803858,6.079215,6.868649,6.083098,6.011038,5.836667,6.726955,6.377065,5.936132,6.111723,6.019954,6.219894
"MYADM",9.323537,10.178005,9.844713,9.837124,9.537463,9.951415,10.330806,9.566805,8.919842,9.44919,9.834167,9.529577,9.457892,9.235184,9.896382,9.61137,9.96647,10.014089,9.321642,9.51358,9.537769
"RPS9",3.528025,5.948388,3.174273,6.601495,3.482092,3.740742,4.517006,4.657731,4.297917,6.194585,4.625758,4.464865,5.015633,4.886237,4.399927,3.316617,3.695431,4.312476,4.811384,4.868485,6.097149
"LENG8",9.256118,9.36363,9.212078,9.525051,9.093887,9.2563,9.069325,9.22468,9.58197,9.188544,8.996169,8.324418,9.425055,9.183574,9.032475,9.320847,9.170167,9.65876,9.22857,9.153531,9.479406
"LILRA2",8.415594,9.329854,8.783037,8.327099,8.755716,8.933813,9.765541,8.341208,9.082177,8.536272,9.65536,8.339985,8.692443,8.294955,8.648205,7.996565,8.329835,8.534531,8.798885,8.446436,8.657645
"LILRA1",8.481873,9.389535,8.947752,8.690877,8.930406,8.978831,9.676394,8.732968,9.007526,8.964816,9.731843,8.748404,8.946643,8.521945,9.02174,8.608085,9.19268,8.938647,9.210846,8.789771,9.31752
"LILRB1",7.955755,8.23534,7.77873,8.33447,8.065918,8.198123,8.128081,7.994792,8.043355,7.809873,8.400151,8.076652,8.041642,8.086359,8.093955,7.9662,8.28043,8.089559,8.24703,8.05333,8.996198
"LILRB4",7.503589,7.701751,7.279159,7.495097,7.697856,7.570788,7.773874,7.267763,7.501793,7.727396,8.353472,7.8408,7.543419,7.542436,7.676212,7.50522,7.730735,7.577851,7.715505,7.850976,8.366399
"FCAR",7.450798,7.92104,8.239878,7.663496,8.230928,8.045189,8.356687,7.53991,7.634707,7.564535,8.626348,7.560275,7.935155,7.157677,7.592627,7.532815,7.731257,8.166575,8.185846,7.247399,8.217445
"NLRP2",6.195414,5.736372,6.471838,5.491629,5.842538,5.820901,6.037718,5.658659,5.566603,5.835142,5.847176,5.824503,6.253933,5.868983,5.458303,6.709198,5.919322,6.732085,5.690412,5.868835,6.200874
"U2AF2",8.404127,8.542857,8.22147,8.432841,8.099912,8.455236,8.143286,8.566518,8.424137,7.908352,8.318633,7.615725,8.358861,8.239202,8.079027,8.001859,7.590466,8.197366,7.804744,7.867382,8.149468
"ZNF543",7.056739,6.845813,6.734814,7.584868,6.693933,7.096004,6.283504,7.013001,6.997044,6.512696,6.943321,6.171902,6.952233,7.569386,7.042234,7.394293,6.353643,6.712387,7.057333,7.026128,7.204833
"ZNF17",7.229846,6.972144,6.899931,7.27124,7.040767,7.154385,6.635446,7.152688,7.069859,6.466184,6.846761,6.046092,7.030089,7.812487,7.39531,7.036595,6.952837,7.341269,7.384963,7.242093,6.700977
"ZNF776",8.711607,8.300489,8.143622,8.577685,8.715203,8.639569,8.403874,8.554918,8.580878,8.00716,8.785894,7.395516,8.43971,9.161708,8.933317,8.798565,8.603086,8.748342,9.051965,8.623457,8.399626
"ZNF587B",9.657739,9.755389,9.270503,9.874187,9.379092,9.245139,9.029262,9.59638,9.820814,9.249702,9.94164,8.76583,9.688807,9.801631,9.750893,9.674342,9.448956,9.84109,9.173154,9.186342,9.637617
"ZNF135",7.412176,7.261429,7.487006,7.533294,7.527639,7.373205,7.435461,7.322165,7.527115,7.50407,7.372698,7.66725,7.369567,7.277162,7.070415,7.508947,6.942555,7.429273,7.292658,7.398472,7.35917
"RPS5",10.565006,10.157754,10.181435,10.519012,10.287172,10.620786,9.676206,10.45472,10.251219,10.153196,10.251948,9.511862,10.208452,11.490973,9.448792,9.613337,9.550743,9.719404,9.532346,9.821587,8.738412
"MED16",7.994806,8.151751,8.237677,8.108134,7.733821,7.914303,8.032035,8.072531,7.808357,7.928046,7.872734,8.087746,7.989979,7.522229,7.867652,7.751115,7.707338,7.715157,7.765186,7.719882,8.022784
"R3HDM4",10.662489,11.184006,11.286099,11.347178,11.045701,10.872821,10.966473,10.858964,10.818185,10.037351,10.800852,10.253036,10.206684,9.977442,11.310221,10.660354,10.406291,10.896901,10.934428,11.081865,10.767763
"TMEM259",9.173267,9.199924,9.089126,9.266024,9.054987,9.29879,8.970238,9.174139,9.293581,8.967776,9.200529,8.541149,9.177202,9.419536,8.976921,9.040476,8.931419,8.791861,9.072619,8.868309,9.052848
"POLR2E",8.618307,9.304662,8.931352,9.111612,8.636138,9.161027,9.02499,8.87393,8.805251,8.396585,8.989649,8.238761,8.70141,8.689433,8.594167,8.845576,8.696405,8.626082,8.517225,8.503755,8.961452
"UQCR11",7.945946,7.597471,7.990033,7.966012,8.324935,8.196983,8.01566,7.791834,7.921038,7.765456,8.280856,7.089564,7.793524,8.78489,7.632441,7.25794,7.107969,7.440888,7.707628,7.691518,7.407829
"BTBD2",8.317258,8.244477,8.376297,8.165065,8.307412,8.325276,8.399471,8.466373,8.410214,8.228567,8.263629,8.100132,8.305903,8.509237,8.427615,8.19389,8.059182,8.288072,7.87478,8.220191,8.701092
"CACTIN",7.450111,7.346165,7.55137,7.154441,7.198705,7.272798,7.149258,7.452389,7.31959,7.142055,7.241305,7.046809,7.3743,7.336875,7.118071,6.93613,6.858055,6.978381,7.013884,6.800935,7.343683
"EEF2",11.64975,11.696659,11.439422,11.977079,11.324703,11.645924,11.210304,11.636862,11.730202,11.472878,11.563799,10.740419,11.491244,11.830424,11.42563,11.780548,11.416371,11.520466,11.207947,11.40029,10.85023
"UBXN6",10.11492,9.78998,10.423855,10.699265,10.422611,10.016439,9.671968,10.117636,9.63653,9.022647,10.294721,9.616629,9.421525,9.453454,10.620994,9.786209,8.974131,9.574058,9.827874,10.640667,9.875533
"DPP9",7.326324,7.516039,7.186168,7.593917,7.179879,7.568797,7.013967,7.442623,7.269127,6.943113,7.347819,6.778107,7.414457,7.244472,7.290787,7.338823,7.599603,7.590166,7.481878,7.135171,7.662487
"SAFB2",9.08159,9.245105,9.090438,9.239172,9.052776,9.02022,8.997362,9.181784,9.092607,8.833398,9.015623,8.198866,9.177122,8.853138,9.029757,8.861976,8.626626,8.992117,8.81084,8.726994,9.05859
"NDUFA11",7.964286,8.164532,8.286228,7.945864,8.097873,8.356433,7.805165,8.109377,7.994402,7.766633,8.079769,7.610711,7.946325,8.388238,7.438902,7.542886,7.159698,7.346549,7.383198,7.361634,7.679909
"DENND1C",8.433585,8.753851,8.558932,8.733323,8.382726,8.612697,8.379812,8.590367,8.643788,8.285238,8.496252,7.95393,8.630883,8.191064,8.483435,8.525136,8.630843,8.718482,8.617911,8.530652,8.944914
"GPR108",7.96766,8.49493,8.169262,8.408981,8.304843,8.249653,8.458358,8.104668,7.945925,7.967943,8.162203,7.411308,8.382078,8.129847,8.565972,8.377202,8.276539,8.631005,8.396524,8.383675,8.527576
"ADGRE4P",7.817479,7.949803,7.926298,8.576435,7.207951,8.40886,7.154558,8.026109,8.24867,8.61395,6.763767,8.019936,8.201712,8.35937,8.49191,8.065078,7.686533,8.278602,8.803639,7.924911,6.938799
"XAB2",8.114411,8.226449,8.023538,8.469772,8.081604,8.050068,8.092164,8.345114,8.175545,7.82366,8.128911,7.273827,8.073357,8.28156,7.646058,7.935078,7.651792,8.071532,7.727066,7.907469,8.196259
"FCER2",7.529369,7.781445,7.36891,8.103895,7.498353,7.919957,6.799943,7.571149,7.900258,7.055086,7.493659,6.920609,7.479852,7.82861,7.557665,7.731749,7.544694,8.519368,7.838366,7.651143,7.125621
"MYO1F",10.221592,10.969055,10.868423,10.243916,10.882914,10.707491,11.314518,10.691677,10.80888,10.33684,11.33318,10.192639,11.023291,10.013234,10.639302,10.369805,10.589352,11.030987,10.709954,9.993952,10.575581
"ZNF558",6.705977,6.315082,6.205882,6.827289,6.609679,6.378342,6.218514,6.088736,6.47917,6.360947,6.314625,5.533338,6.90558,6.983995,7.19024,7.271219,7.030852,6.729037,7.350363,7.304992,6.677861
"OR7G3",5.87026,5.599987,5.899068,5.202391,5.979513,5.302608,5.633218,6.007282,5.537044,6.172146,5.758202,6.688312,5.935756,5.453155,5.456499,5.577409,5.774073,5.729561,4.846269,5.743225,5.702136
"OR7E18P",3.999455,3.942726,3.998401,3.819322,4.228995,3.783896,4.172865,3.955276,4.170924,4.529966,4.0903,4.951636,3.73367,4.218338,4.071565,4.7445,5.272386,3.848892,4.320214,4.314242,3.751828
"OR7E19P",6.316337,6.239935,6.507497,5.682932,6.331721,6.053083,6.330411,6.289253,6.000352,6.990467,6.22053,7.599196,6.398258,5.782313,5.875347,5.909003,6.559364,5.567435,6.18372,5.78113,5.768635
"ZNF699",6.214921,5.97967,6.067348,6.457647,6.286912,6.615527,6.030193,6.042351,6.181881,5.42664,5.870343,5.267495,5.688859,6.69804,6.356802,6.535012,6.147617,6.423996,6.723083,6.627422,6.06228
"ZNF266",9.071032,8.289942,8.659206,9.214504,8.510487,9.117927,8.54432,8.831414,9.177304,8.341258,8.186381,7.819265,9.181497,8.958567,8.415852,9.1942,8.663865,8.930095,8.990451,9.036967,8.493314
"ZNF426",7.003224,6.719494,6.557326,6.933845,6.722444,7.178183,6.593157,7.021218,6.834364,6.405029,6.648177,5.801833,6.868914,7.651211,7.107691,7.518705,6.877134,6.810845,6.949643,6.967673,6.839534
"ZNF846",5.543654,5.371518,5.177427,6.014577,5.644113,5.33394,5.254101,5.800225,6.174357,4.933032,5.141207,4.509215,5.22376,6.41,5.410064,5.398269,5.51702,5.680414,5.936496,6.116522,5.565358
"FBXL12",7.367222,7.220002,7.477352,7.48934,7.149097,7.47813,7.192976,7.449643,7.397983,7.297988,7.214337,6.54355,7.126052,7.379805,7.457643,7.183831,6.870662,7.248597,7.104475,7.404231,7.306741
"OLFM2",7.357315,7.477588,7.824131,7.383173,7.619477,7.648627,7.603995,7.56754,7.273381,7.627881,7.370097,7.755995,7.408271,7.619978,7.355203,7.171956,7.308834,7.332893,6.978303,7.421236,7.385665
"ICAM3",10.156482,10.507068,10.568158,10.269329,10.78347,10.857023,11.141329,10.609549,9.982476,10.331774,11.173705,9.802354,10.636123,10.458902,10.557654,10.315192,10.177416,10.794239,10.567464,9.953205,9.878057
"HSPC102",8.414188,9.339091,9.513663,8.71935,9.363365,9.04855,9.5732,9.248734,9.296359,9.364083,9.173529,9.190744,8.180476,8.737976,9.132738,8.441236,9.11928,9.608171,9.353413,8.2664,9.230107
"ZNF799",7.037514,7.290238,6.910024,7.188466,6.824665,7.373269,6.922642,6.9942,7.406298,6.458406,6.90882,6.93068,6.9305,7.684732,7.080969,7.122406,7.12862,7.651129,7.367021,7.958544,7.182112
"ZNF443",4.807739,3.975718,4.194424,4.211497,3.58388,4.716258,3.633578,3.981868,3.844594,4.205728,4.44386,3.482496,3.893115,4.813146,4.503426,4.736964,3.592974,5.012007,4.27845,4.625867,4.29845
"RPL10",10.834726,10.724979,10.678543,10.922981,10.755496,10.948269,10.351356,10.688105,10.750516,10.749734,10.528754,10.468473,10.566105,11.349727,10.508051,10.634092,10.715451,10.578923,10.724818,11.016818,10.05675
"MAN2B1",8.314027,8.774778,8.429116,8.697091,8.415568,8.51781,8.581149,8.355799,8.637631,8.124951,8.886616,7.50806,8.564094,8.441394,8.387226,8.456666,8.29982,8.414438,8.233993,8.181559,8.238985
"TNPO2",7.716536,7.892995,7.581143,8.101928,7.67718,7.784018,7.621479,7.70164,7.835082,7.320514,7.711439,7.310438,7.926762,7.808183,7.703764,7.977943,7.785434,7.715466,7.553857,7.737298,7.915747
"SNORD41",11.607586,9.340446,9.622045,11.282365,11.099757,10.79712,10.56811,10.50132,11.406419,10.390869,11.306817,9.748456,11.446744,11.860334,10.848349,10.994058,10.891333,11.333492,11.240802,11.36322,10.353413
"FARSA",8.420196,8.516597,8.435599,8.514192,8.261069,8.404364,8.411719,8.498374,8.495411,8.497087,8.413915,8.368174,8.505718,8.567454,8.517447,8.563931,8.503532,8.259836,8.174501,8.473495,8.516509
"GADD45GIP1",8.577697,8.640258,8.786374,8.272155,8.663804,8.510548,8.321249,8.803985,8.408688,8.140917,8.543831,7.948935,8.384941,8.672309,8.624186,7.978025,7.78931,7.850388,7.778571,8.41002,8.165455
"MIR24-2",5.634607,6.445468,5.079515,5.078224,6.328094,6.055409,6.432415,6.246407,5.743615,5.038879,6.591866,5.060975,5.786481,5.408107,6.377521,5.931134,6.405206,6.196069,6.425514,6.207204,5.899221
"MIR27A",7.216301,7.406038,6.999289,6.737384,7.417747,7.032772,7.618154,7.168071,7.424584,7.352651,7.836946,7.42219,7.273698,7.158229,7.520699,7.168344,7.517174,7.101645,6.73478,7.131907,6.911197
"ASF1B",7.526167,7.889358,7.717202,7.010036,7.561864,7.429468,7.80775,7.475778,7.585466,7.105788,7.777228,7.270897,7.524707,7.190484,7.809655,7.641377,7.373682,7.633065,7.231459,6.853438,7.487755
"ADGRE3",9.736489,10.509378,10.340244,9.624624,10.360948,10.559092,10.899382,10.171461,10.043479,9.906269,10.627074,9.721311,10.385377,9.202749,10.403431,9.696359,9.909565,10.66407,10.684689,9.618642,9.380058
"ADGRE2",8.632445,9.206858,9.322543,9.011207,9.166551,9.090641,10.263562,9.366005,8.741987,8.647228,9.148438,8.814646,9.079274,8.663829,9.414821,8.414171,9.110083,10.085847,9.965729,9.15193,9.082936
"OR7A17",4.813833,4.744922,4.856398,4.727429,4.692287,4.704468,4.712632,4.842754,5.219256,5.437416,4.979721,5.825924,4.949852,4.528913,4.886539,5.256571,5.550271,4.594559,4.903047,4.703014,4.644318
"RASAL3",8.482827,8.475626,8.526839,8.722381,8.1949,8.504635,8.32027,8.604746,8.470018,8.341444,8.261104,8.267934,8.595734,8.382308,8.422668,8.36222,8.276555,8.8109,8.327704,8.191526,8.636337
"OR10H1",5.37074,5.546085,5.549944,5.518841,5.767393,5.551441,5.407791,5.977332,5.373319,6.45236,5.732773,5.831399,5.489309,5.512924,5.862089,5.763525,5.15373,5.714045,5.391534,5.263449,5.278119
"BST2",7.440503,7.855233,7.32237,7.983068,7.629988,8.133097,7.311624,7.694293,7.540702,7.285403,8.085046,6.141802,7.699828,7.71535,6.814069,7.101256,6.781299,6.738466,6.563675,7.059846,7.87302
"LRRC25",8.991167,9.55227,9.219215,9.253853,9.267943,9.458743,9.824664,9.301981,9.244856,8.914126,9.819995,8.543758,9.239102,8.67541,9.055316,9.063898,9.119944,9.125936,9.093098,9.021193,9.461305
"ELL",7.914361,8.133815,8.019385,7.662448,8.099243,7.873421,8.08566,7.850931,7.999446,7.693062,8.56227,7.524187,7.997032,7.596725,8.08884,7.87965,7.81481,8.114854,7.964038,7.54881,8.024837
"FKBP8",10.875793,10.778505,11.308787,11.375289,11.261642,10.852112,10.433063,10.960014,10.497791,9.674551,10.721742,10.462238,10.095479,9.880052,11.423656,10.580833,9.788376,10.085723,10.631273,11.25716,10.751064
"COPE",8.128914,8.681881,8.116382,8.397324,8.301666,8.483811,8.28049,8.312954,8.285224,7.981278,8.548232,7.69867,8.03407,8.179945,8.228489,8.019492,7.931733,8.199746,7.799894,8.271784,8.079692
"GMIP",8.831925,9.082343,9.056504,8.797505,9.128077,9.227532,9.331596,8.823267,9.125853,8.628082,9.5328,8.414983,9.13377,8.692744,8.904322,8.710611,8.88229,9.137411,8.893677,8.17998,8.961545
"ZNF14",7.734095,7.157143,6.690429,7.664987,7.446319,7.665241,6.605845,7.200104,7.412954,6.880834,7.082889,5.876781,6.848611,8.658905,7.693027,7.762572,7.436272,7.263624,7.751468,7.521683,7.029174
"ZNF506",9.310313,9.092935,8.691267,9.443788,8.807913,9.226056,8.696283,8.922026,9.109405,8.657205,8.472244,8.083152,8.821629,9.543599,9.063603,9.118241,8.948146,9.477376,9.254795,9.250955,8.655981
"ZNF737",8.074875,8.59035,7.958128,8.770897,7.583429,8.768455,7.690382,8.131048,8.584788,7.345696,7.862726,6.367093,7.517444,9.063306,8.814917,8.884475,8.87907,9.059717,9.371081,8.95577,8.092892
"ZNF626",7.895392,7.881838,7.000009,7.985454,7.643629,7.61532,7.653861,7.515692,7.721841,6.923134,7.73548,7.070716,7.84211,8.57024,7.966319,7.456422,7.827485,7.791075,8.39407,7.720086,7.408442
"ZNF708",7.793386,7.526317,7.282446,7.779349,7.374033,7.936761,7.256265,7.54296,7.565514,7.123959,7.353909,6.670823,7.142712,8.102422,7.76648,7.803266,7.529226,7.608393,8.707678,7.71843,7.362138
"ZNF100",7.791027,7.038497,7.109388,7.738882,7.00427,7.303428,7.622574,8.022805,7.734508,7.733222,6.880506,7.37022,7.379043,8.250879,7.047899,6.898867,7.881969,7.979132,8.781688,8.308509,7.869114
"ZNF43",6.360998,6.069997,5.714864,6.513567,6.331439,6.754746,5.678718,6.187678,6.268154,5.884399,5.531911,5.53466,5.970843,7.14292,6.642053,6.561564,6.428021,6.74323,7.248876,7.120658,6.32113
"ZNF208",3.943859,3.913577,3.174273,3.632605,6.26646,4.917599,2.601345,3.321226,3.65437,3.425552,2.802575,4.239609,2.702761,3.577595,2.982498,2.798348,2.747833,3.425552,3.455204,3.123746,2.95334
"ZNF724",6.164804,5.224446,5.25939,5.852069,6.155309,5.889762,5.315379,5.593544,5.996198,4.753044,5.688483,5.399592,5.356846,6.646943,5.941607,6.070572,6.009294,5.756089,6.351695,5.443356,5.511991
"ZNF91",8.950367,8.638674,8.152727,9.068965,8.734302,8.9619,8.031799,8.903269,8.624234,8.54512,8.185402,7.807309,8.139288,9.549812,9.147471,9.297066,8.787787,9.282316,9.166904,9.398181,8.123658
"ZNF675",7.054083,6.572161,6.263173,6.689249,6.764488,6.885836,5.840404,6.408155,6.723962,5.693506,6.299194,5.447581,5.75931,7.653251,7.058775,7.286337,7.285037,7.197332,8.066698,7.643067,6.770687
"ZNF681",5.09868,4.435671,4.436554,4.985284,4.392966,4.849246,3.893594,4.591416,4.684186,3.884487,4.305462,4.000382,4.537988,5.747288,4.836651,5.030545,4.752956,4.884573,5.283431,5.307645,4.678269
"UQCRFS1",7.932611,8.021296,7.703128,7.708636,8.296058,8.020292,7.9088,7.844967,8.11469,7.608383,7.627065,6.949863,7.457224,8.215224,7.503912,7.601643,7.062752,7.100989,7.450147,7.743867,6.73709
"PEPD",8.468501,8.887428,8.080021,8.755315,8.560017,8.650093,8.341384,8.680108,8.61352,8.284815,8.577289,7.927002,8.618217,8.399306,9.002838,8.906386,8.463088,8.783394,8.571443,8.624784,8.859852
"IGFLR1",8.087202,8.437598,8.251279,8.588158,8.48884,8.62863,8.431997,8.346854,8.217471,8.096992,8.394045,7.770993,8.268324,8.681417,7.912012,7.920379,7.92348,8.186532,7.978785,7.993912,8.073799
"TYROBP",11.066379,11.72482,11.36213,11.131295,11.588234,11.529627,11.522423,11.390786,11.278359,11.328649,11.820888,11.00846,11.234464,10.954095,11.170439,11.182913,11.331038,11.1552,11.166054,10.97065,11.428225
"LINC00665",5.433015,5.717275,5.675697,5.695607,5.342196,5.418754,5.559671,5.358518,5.788695,5.603445,5.646973,6.354094,5.407379,5.44201,5.658125,5.680031,6.062216,5.828043,5.943341,5.563022,5.487565
"ZFP14",6.306009,6.265821,5.50061,6.682987,6.158429,6.371034,5.690548,6.431317,6.20314,5.44282,5.690964,5.462625,5.913733,6.682351,6.273013,6.549397,5.838969,6.433498,6.403283,6.30098,6.071792
"ZFP82",7.153667,7.067413,6.662791,7.487345,7.147434,7.236686,6.475619,7.008839,7.163622,6.900204,6.389649,6.436925,6.659534,7.903043,7.684663,7.200127,7.354412,7.364347,7.758853,7.469941,7.296891
"ZNF566",6.803946,6.885299,6.279148,7.6879,6.798606,7.14262,6.262525,6.774186,7.049267,6.649738,6.389258,5.883582,6.707309,7.617129,7.278757,7.34175,6.917324,7.714415,7.936049,7.259582,6.874194
"ZNF260",7.845516,7.669755,7.612882,8.42041,7.470368,8.293139,7.417799,7.531133,7.502654,7.060502,7.226894,6.567415,7.255753,8.688024,8.047426,8.18507,8.031985,8.33036,8.392363,8.502125,7.885149
"ZNF529",7.567106,7.489435,7.419857,8.168038,7.288029,7.801335,7.234201,7.468896,7.877783,7.391836,7.244998,7.040436,7.282376,7.977766,7.896539,7.790054,7.396793,8.088613,7.916158,7.901033,7.681989
"ZNF790",6.224091,6.445083,5.912443,6.787517,6.177567,6.398211,6.150728,6.434202,6.170057,5.852273,6.071358,5.915513,5.900413,7.080906,6.720029,6.646631,6.328986,6.804868,6.609392,7.055084,6.273672
"ZNF781",5.104608,5.019488,5.041648,5.192479,5.251169,5.216489,4.674605,4.89289,4.921005,4.564202,4.749963,4.602909,4.735329,5.581145,5.380154,5.323552,5.012198,6.117855,5.243367,5.601684,4.711233
"ZNF573",6.720373,6.584163,6.028036,6.973291,6.449117,6.757387,6.295946,6.721488,6.75077,6.268461,6.030629,5.72085,6.47874,6.647188,6.483609,6.598537,6.402968,7.332241,6.361148,6.440109,6.664091
"RASGRP4",8.011114,8.682531,8.428862,8.124248,8.511379,8.548904,9.110059,8.050935,8.512845,8.15789,9.137856,8.303087,8.277038,7.606111,8.435861,7.87978,8.641902,8.54169,8.785551,8.080852,8.393336
"MAP4K1",7.734146,8.089862,7.876592,8.170673,7.609173,8.046443,7.320207,7.793572,7.943712,7.769787,7.722719,7.4001,7.954056,7.86956,8.211969,8.000289,8.36597,8.144951,8.021132,7.729834,8.087405
"ECH1",9.612212,10.179402,9.787903,10.54743,9.803568,9.984266,9.621282,10.003093,9.582244,9.56089,9.774282,8.776068,9.6861,9.646572,10.102429,10.133263,10.156011,10.43493,9.797289,9.932951,10.195409
"GMFG",10.837223,10.594638,10.433091,10.08486,11.460424,10.86323,10.349179,10.621454,10.559382,10.71493,11.271576,10.166345,10.862047,11.406914,10.713623,10.397112,10.807585,10.295641,10.875738,10.321679,10.286686
"RPS16",11.004641,10.892611,10.601748,11.092048,10.689772,11.05795,10.248965,10.81969,10.830574,10.825245,10.791264,10.351199,10.870653,11.337233,10.70797,10.885866,10.635728,10.847926,10.668694,10.787509,10.116013
"CLC",9.329608,8.608624,9.21252,9.541824,9.39398,10.85602,7.085685,9.195037,9.062303,10.290063,8.133364,7.38004,9.446484,10.033188,8.739793,7.780538,8.371027,8.341752,10.03694,8.711102,6.914542
"FBL",9.417788,9.193201,9.07123,9.34274,9.214954,9.484145,8.628401,9.101136,9.149335,9.255072,9.263895,8.460459,9.310026,10.20427,8.811341,8.836406,8.767274,8.6778,8.797979,8.875188,8.176541
"ZNF780B",9.569362,9.178193,8.757433,9.752385,9.020718,9.544532,8.559102,9.258251,9.429006,8.780361,8.876138,8.022954,8.447682,10.112781,9.712811,9.961185,9.533193,9.61643,9.758917,9.700946,8.654498
"ZNF780A",7.721287,7.833354,7.131652,8.038877,7.707823,7.915376,7.341418,7.777763,7.700422,7.209853,7.596978,6.046396,7.223307,7.942464,7.919238,8.152809,7.868081,7.882536,8.381165,8.182754,7.388864
"AKT2",8.411393,8.645378,8.501963,8.741764,8.292618,8.711605,8.428066,8.564718,8.418622,8.365713,8.360501,8.128952,8.32433,8.348728,8.505436,8.404056,8.600314,8.5821,8.577088,8.51348,8.767826
"C19orf47",6.895111,7.01914,7.082027,6.862119,7.213982,6.881337,7.084518,6.965945,6.928908,7.284139,7.036883,7.219635,7.070699,7.349695,6.719658,7.100562,7.085919,6.776354,6.579003,6.822602,6.97616
"BLVRB",8.813447,8.84634,9.384352,8.895962,9.421849,8.687461,8.756539,8.540391,8.773274,8.089601,8.912591,8.15737,8.417501,8.502389,8.949795,8.504849,7.540807,7.79097,8.487673,9.448928,8.303197
"DMAC2",8.067448,8.052433,7.58054,8.112671,7.767283,7.985582,7.814646,7.939916,7.992076,7.821626,8.059243,7.795686,7.97428,7.967027,7.872367,8.188477,7.920081,8.101416,7.883496,8.32114,8.13066
"LYPD4",6.044065,5.659453,6.258394,5.88372,5.942557,5.685849,6.143273,5.820165,6.027961,6.853614,6.03434,7.218251,5.940476,5.741304,5.566766,5.985065,6.397426,5.663437,5.931652,5.76477,5.927422
"DEDD2",8.848704,9.049964,8.897432,8.824755,9.104591,8.802342,9.070484,8.937085,9.019397,8.7355,9.162741,8.203194,8.905474,8.861831,8.767453,8.659445,8.577013,8.566256,8.569418,8.532726,8.919172
"GSK3A",8.482587,8.885368,8.679775,8.704595,8.783994,8.725202,8.655288,8.685639,8.544828,8.555173,8.731111,8.497148,8.699964,8.537988,8.68001,8.712918,8.996897,8.683711,8.819932,8.810615,8.851725
"PAFAH1B3",8.339015,8.29957,8.709057,8.289485,8.498827,8.372351,8.276101,8.503318,8.294754,8.608871,8.282553,8.359687,8.265418,8.264377,8.044685,8.074194,7.76552,7.987614,7.849275,7.930096,8.192525
"CEACAM1",7.045689,7.339149,7.436314,7.277431,7.440689,7.948207,8.097472,7.508613,7.239778,7.03602,7.982335,6.892411,7.757653,7.147322,7.889289,6.762452,7.794538,7.413818,8.089791,7.547671,8.717367
"CEACAM8",6.542643,6.083023,6.304674,6.811985,6.817487,6.210836,7.050124,6.494094,6.167421,6.663478,6.71553,6.989104,5.990007,6.004171,6.049423,6.361957,6.437308,6.336816,7.153461,7.213897,8.485559
"PSG3",4.648335,4.523043,4.287632,5.050073,3.940396,3.966094,4.584646,4.695609,4.515203,4.677531,4.124456,5.373593,4.322076,4.945796,4.796609,4.807031,5.114336,4.690217,4.431385,4.601337,4.060369
"PSG1",5.088863,4.733994,5.454914,4.5641,4.763452,4.81776,5.025622,4.610642,5.069063,5.81413,4.641203,6.847171,4.899483,4.777627,3.974783,4.475664,5.770376,4.713518,4.628313,4.366307,4.779044
"PSG6",4.665254,4.51726,4.683175,4.902351,4.905991,4.442771,5.293669,4.790385,4.631509,5.659502,4.608296,5.972226,4.685681,4.835659,4.375298,4.950998,5.056425,4.291336,4.680365,5.138275,4.538236
"PSG4",6.426456,6.246565,6.597254,5.941419,6.456171,6.319214,6.556923,6.547293,6.578495,7.31882,6.863066,7.791443,6.316847,6.310232,6.186534,6.558886,7.083738,6.317359,6.301872,6.539253,6.745649
"XRCC1",7.533492,7.687829,7.582469,7.921372,7.62071,7.927385,7.498279,7.554933,7.564802,7.535233,7.670997,7.343978,7.642502,7.625988,7.744744,7.474753,7.457673,7.848282,7.629972,7.695251,7.573596
"PLAUR",8.12618,8.736254,8.770962,8.693976,8.807835,8.790172,8.893959,8.475827,8.539008,8.433275,9.354114,8.237125,8.754496,8.24838,8.544107,8.273771,8.519322,8.44612,8.522331,8.538708,8.868574
"SMG9",7.460649,7.610878,7.299558,7.630263,7.330832,7.433163,7.28139,7.337664,7.363232,7.344121,7.355059,7.3321,7.571266,7.375494,7.231903,7.598312,7.377811,7.770529,7.475689,7.50132,7.705379
"ZNF45",7.208294,6.686416,6.493836,7.163579,6.565614,6.990452,6.163048,7.100062,6.83204,6.495609,6.644058,5.50275,6.811667,7.224534,6.915775,6.959077,6.771054,6.731466,6.817843,7.065595,6.955686
"ZNF180",7.573969,7.307138,7.533857,7.640187,7.613525,7.693138,7.331597,7.614106,7.627203,7.211137,7.448308,7.080472,7.284629,8.159988,7.65851,7.65829,7.142884,7.463114,7.658036,7.695568,7.16157
"MIR330",6.839235,6.5632,7.042612,6.524196,6.694269,6.641032,6.862907,6.765325,6.633024,7.324677,6.545361,7.367198,6.773655,6.481896,6.843972,6.518137,6.860326,6.285248,6.745882,6.832425,6.891246
"SNRPD2",8.663453,7.653087,7.876994,7.347799,8.402064,8.040447,6.989468,7.836498,8.184439,8.205198,8.168445,7.975118,8.097352,9.531223,7.213882,7.223535,7.425526,6.922927,7.633658,7.517683,7.143445
"PGLYRP1",7.904166,8.015979,8.229259,7.945119,8.482774,8.549398,8.439104,7.96886,7.795946,7.857872,9.118183,7.901742,7.817187,7.582558,7.826505,7.655628,7.867495,7.689264,7.950103,7.463677,8.098193
"PRKD2",8.101888,8.351376,8.469071,8.347166,8.070668,8.496778,8.35445,8.480257,8.351921,8.033944,8.550145,7.374124,8.60389,8.25199,8.284022,8.179584,8.166522,8.538619,8.265741,7.863547,8.597801
"TMEM160",9.048899,8.985141,9.104888,8.523869,9.013018,9.046274,8.932261,9.113515,8.877237,8.933689,8.873841,8.477138,8.782468,9.058252,8.711036,8.570595,8.380903,8.193336,8.17418,8.647214,8.809578
"NAPA",8.294685,8.79984,8.507999,8.633168,8.797095,8.652725,8.684441,8.543817,8.098177,8.074155,8.931829,7.404924,8.419443,8.197832,8.577999,8.290463,8.315055,8.586161,8.682444,8.975396,9.24847
"TPRX1",6.296536,6.142666,6.674558,5.346084,6.477293,6.369475,6.012938,6.531853,6.298533,7.468705,6.278253,7.63357,6.639083,6.486945,6.176921,6.947184,6.983458,5.524973,6.146464,6.443287,6.482193
"RPL18",12.74143,12.802813,12.636886,12.954967,12.318139,12.925873,12.442424,12.797797,12.657213,12.637961,12.577628,12.191122,12.640054,13.021766,12.455888,12.601273,12.157164,12.688305,12.294193,12.516058,11.932752
"NOSIP",9.039122,8.945096,9.070616,9.088809,8.992974,9.11027,8.860788,9.205914,9.008168,9.022245,9.001788,8.51296,8.779522,9.414794,8.656657,8.438697,8.10329,8.351002,8.329954,8.276024,8.597176
"RRAS",7.68108,7.982897,7.881599,7.976787,7.798126,7.811754,7.794218,7.861938,7.652679,7.618419,7.840106,7.627832,7.609698,7.680258,7.428483,7.707146,7.721636,7.700627,7.662179,7.508986,8.220953
"PNKP",7.7815,7.990216,7.941539,7.839389,7.635576,7.751684,7.763647,7.752601,7.948536,7.881093,7.775038,7.648767,7.918644,7.754722,7.558715,7.759216,7.708116,7.68376,7.582678,7.298721,7.661306
"NKG7",10.979898,11.523713,10.703104,10.677139,10.365786,11.02908,10.534809,11.261303,10.189564,9.742468,10.174827,10.65732,11.1708,11.122074,10.719531,11.701697,10.652278,11.376805,10.841142,11.574881,11.773471
"SIGLEC10",7.864496,8.207439,8.31896,8.3857,8.030307,8.505465,8.782104,7.929698,7.979496,7.893727,8.40868,7.750076,8.295213,7.71185,8.422948,7.707146,7.642348,8.193648,8.607191,8.446858,8.119256
"SIGLEC5",8.218073,8.51796,8.116666,7.773879,8.224505,8.597351,9.339714,8.278638,8.441798,8.467284,9.283376,7.992373,8.193066,7.543026,8.178918,7.711292,8.084864,8.899741,8.526704,7.561571,9.225726
"SIGLEC14",7.343441,7.76779,7.074125,7.153977,6.923974,6.891066,8.308104,7.52566,7.828414,7.914806,8.219471,7.433008,7.503616,7.021636,7.016725,7.184981,8.00415,7.969319,8.063723,7.638619,8.438889
"FPR1",10.662742,11.586257,11.044556,10.490403,11.501895,11.277329,11.944689,10.951582,11.056102,10.797886,11.778831,10.876173,11.28832,10.539555,11.297755,10.760381,10.983714,11.366506,11.450293,10.885729,11.05146
"ZNF350",7.694599,7.807595,7.551224,7.613398,8.098808,8.200737,7.198485,7.740297,7.765826,7.340694,7.815071,6.615378,7.659887,8.349371,7.954881,8.052213,7.799848,7.776405,8.057422,7.847643,8.013161
"ZNF615",6.425794,5.786293,5.771791,6.230659,6.009541,6.591156,5.71438,5.947829,5.862494,5.41279,5.660835,5.196374,5.914169,6.701881,6.734776,6.818498,6.156855,6.20859,6.918467,6.96148,5.759054
"ZNF841",8.683033,8.911259,8.366921,9.128666,8.837643,9.008512,8.383136,8.638251,8.905244,8.024944,8.332495,7.799396,8.333029,9.030676,9.110528,9.301076,8.611492,9.286803,8.830262,8.852726,8.651164
"ZNF83",8.233354,7.877909,7.634828,8.346788,8.314219,7.689649,6.941926,7.803783,7.927115,7.064961,7.735153,6.555587,7.881746,8.579821,8.06858,8.421651,8.48348,8.334686,8.606594,8.020004,7.729446
"ZNF611",7.831129,7.71068,7.312722,7.854661,7.594447,7.828782,7.553832,7.748879,7.603503,7.098752,7.575231,6.571843,7.241054,8.265464,7.349649,7.761517,7.782533,7.794661,7.756115,7.633258,7.350586
"ZNF600",7.619168,7.650675,7.29976,7.418216,7.659862,7.664274,7.282052,7.609293,7.343296,6.908213,7.105087,6.741261,7.611772,7.827708,7.281109,8.317041,7.759025,7.808122,7.802209,7.362718,7.264723
"ZNF28",7.725935,7.674344,7.546514,7.699173,7.648128,8.183092,7.124836,7.642551,7.344161,7.000803,7.310894,6.83796,7.37661,8.661821,7.743604,8.072462,7.546277,7.945911,8.027188,8.041912,7.55272
"ZNF468",7.424014,7.134553,6.927292,7.467104,7.566628,7.746879,6.753954,6.897792,6.969755,6.623791,7.130012,6.697986,6.933911,8.002161,7.129702,7.643437,7.187755,7.584852,7.589233,7.724076,7.047986
"ZNF320",6.531526,6.201093,5.611735,6.817332,6.222527,6.245283,5.851784,6.426112,6.17704,6.026412,6.02496,5.792774,6.38711,6.990902,6.383492,6.764951,6.241515,6.560996,6.411819,6.798737,6.455468
"ZNF347",6.600491,5.992598,5.763682,6.853107,6.65851,6.355956,6.051506,6.205009,6.594674,5.992504,6.164917,5.388446,5.878027,7.56606,6.702239,6.719504,6.088104,6.686245,6.829647,6.915828,6.070201
"VN1R4",4.164376,4.658926,3.206702,4.168411,4.201073,3.678899,4.3003,4.960575,4.46071,4.696624,4.220815,5.666224,4.877894,4.502355,4.762964,5.520545,4.257776,5.37425,4.9462,3.916746,4.121326
"NLRP12",8.370386,8.94918,8.618933,8.394936,9.472109,9.123739,9.313644,8.379859,9.080912,8.616811,9.796232,8.192162,8.772829,8.31038,9.041686,8.590826,8.708359,8.841923,8.888063,8.242976,8.809345
"VSTM1",7.254551,7.898458,7.464253,7.696567,7.690362,8.074799,6.647938,7.80873,7.193391,7.675042,9.236378,6.79313,6.919312,7.263616,8.32592,8.000361,7.742909,6.684654,7.800531,7.383215,7.607083
"MBOAT7",9.864053,10.538271,10.418376,9.806887,10.309491,10.256215,10.935254,10.306503,10.026317,10.117172,10.659521,9.909613,10.339143,9.435628,10.434916,10.002232,10.280621,10.588026,10.438812,9.996934,10.356094
"LILRB2",8.751894,9.19703,8.86381,8.684394,9.063141,9.12752,9.491599,8.566166,8.869699,8.572549,9.676625,8.660955,9.03526,8.503541,9.087521,8.824675,9.075088,9.02142,9.53241,8.616657,9.490279
"LILRA3",8.087741,8.475122,7.112308,7.574002,8.107946,8.516455,9.043176,8.034251,8.356098,8.456514,9.043896,7.553184,8.246428,7.865146,7.915157,7.644167,8.260399,6.75449,8.06808,7.852456,8.475846
"LILRA5",8.053158,7.738234,7.273522,7.832862,8.118701,8.216368,8.170642,7.893679,7.644156,7.156512,9.433955,7.185183,7.756923,7.546611,7.410805,7.560275,7.599569,7.285105,7.564254,7.455693,8.164566
"ZSCAN5B",5.190296,5.269076,5.430281,5.137714,5.230598,5.010156,5.356001,5.260476,4.817331,6.462903,5.272307,6.964558,5.591448,5.051965,4.875616,5.46427,5.666289,5.38943,4.731022,4.977217,5.573496
"ZNF814",7.553081,7.632839,6.307544,8.002776,6.575407,7.181034,7.169919,7.374238,7.60127,6.263525,8.047091,5.845145,7.346774,8.355801,7.934061,8.019976,7.295035,8.075099,7.909836,7.000474,7.387087
"ZNF417",8.730959,8.59525,8.507588,8.596525,8.424291,8.662489,8.479932,8.633039,8.769767,7.859412,8.690065,6.793798,8.415478,8.733168,8.41078,8.555289,7.855008,8.44296,8.229093,8.645332,8.394368
"CHMP2A",9.907472,10.882444,10.463478,10.247979,10.615749,10.557879,9.969627,10.202588,10.046803,10.124865,10.648701,9.691788,10.228467,9.929634,10.419209,9.737533,9.73543,10.162029,10.022044,9.557532,9.829231
"PNRC2",10.718516,10.494672,10.436278,10.557746,10.589283,10.768688,9.624761,10.64372,10.612594,10.389718,10.531857,9.713837,10.536564,11.11424,10.869994,10.932385,10.763666,10.670385,10.57794,10.737456,10.864692
"RPS7",8.321215,7.118839,7.334778,7.648287,8.299593,8.242996,7.218107,7.329537,7.433389,7.460738,8.014157,7.23876,7.959097,9.843311,7.294053,7.377677,7.757132,7.031683,7.921091,7.917695,6.795707
"RSAD2",7.365393,6.333051,7.29537,8.92944,8.519623,9.044584,7.524522,8.282851,7.712334,6.983662,9.372846,6.628788,8.147092,8.431039,7.534738,7.398708,9.154827,7.356608,7.469085,8.051036,11.607815
"TAF1B",7.343769,7.172708,6.964517,7.496571,6.452042,7.199536,6.96199,7.322898,7.467022,6.510393,7.041453,6.000185,7.209499,7.397395,7.780481,7.733332,7.303919,7.340041,7.401979,7.746029,7.762556
"RRM2",5.435204,4.853256,5.117707,5.814558,4.92364,5.466073,5.001262,5.117192,4.598941,4.872684,5.127382,4.983517,5.127891,5.901117,5.47214,4.974733,6.469816,6.100129,4.678301,5.042544,5.624984
"DDX1",8.984362,8.763346,8.456563,9.195257,8.643716,9.029359,7.76168,8.927148,8.677493,8.304006,8.606902,7.984804,8.742922,9.266612,9.453285,9.357518,9.066751,9.323894,9.437225,9.601386,9.15055
"GEN1",7.629226,7.11918,6.252225,7.741368,7.025542,7.836929,8.176064,7.158613,7.400861,6.787934,7.206382,6.278665,7.12375,7.978236,7.56461,7.876792,8.036581,7.829995,7.93227,7.782409,7.263301
"SELENOI",7.275846,7.137367,6.758607,7.614856,6.92336,7.121383,7.003354,6.974169,7.285863,6.383728,6.984801,6.061634,7.189688,7.276106,7.386631,7.356005,7.439458,7.683659,7.955806,7.742247,7.59848
"SLC35F6",7.542279,8.066757,7.470975,7.734625,7.683949,7.494823,7.789943,7.798704,7.877186,7.696233,7.739103,7.472968,7.675687,7.55055,7.469165,7.889052,7.706822,7.574486,7.64585,7.449946,7.825705
"TMEM214",7.594177,7.873576,7.699711,7.869471,7.433897,7.692547,7.487797,7.696577,7.536032,7.726788,7.697755,7.483447,7.603137,7.388756,7.729473,7.881624,8.128872,8.195947,7.82677,7.840062,8.057435
"KHK",6.045467,6.229294,6.288033,5.99218,5.981451,6.375104,6.044273,6.402202,5.927194,6.387316,6.011527,6.547243,6.153387,5.876442,5.749897,5.885477,6.149292,5.940475,6.058335,5.828997,5.942032
"ATRAID",8.592867,8.607633,8.24334,8.653361,8.577175,8.64556,8.271772,8.481768,8.599732,8.534344,8.622638,7.629958,8.442445,9.207879,8.428396,8.561405,8.594278,8.361356,8.633304,8.505047,8.590486
"ZNF512",8.748295,8.736866,8.292808,9.053532,8.453093,8.814881,8.189154,8.730705,9.003344,8.414734,8.354873,7.66448,8.635914,8.735226,8.898564,9.062309,8.668444,9.053532,8.972926,9.097189,9.031315
"MRPL33",7.782479,7.804491,7.357143,7.320949,8.02945,7.527043,7.164535,7.605744,7.834429,7.741273,7.540156,7.589032,7.541056,8.417109,7.076348,7.243152,7.402398,7.138124,7.215255,7.197295,7.098675
"FOSL2",8.548797,8.885197,8.997707,8.573095,8.962939,8.854644,9.361694,8.62099,8.724345,8.650644,9.478546,8.61037,8.819354,7.949545,8.800605,8.618243,8.883751,9.015414,8.889655,8.574631,8.837113
"PLB1",7.022655,7.677432,7.668891,7.049387,7.775325,7.754907,7.531929,7.383006,7.473366,7.400194,7.804878,7.457526,7.707355,6.529333,7.802095,7.343132,6.885208,7.673576,8.006318,7.019213,6.932
"PPP1CB",10.228843,10.15677,10.14884,10.620964,10.372936,10.370823,10.287671,10.130825,10.237018,9.754129,10.267702,9.507514,10.143391,10.223734,10.441194,10.307909,10.284129,10.495947,10.872776,10.506676,10.204281
"WDR43",8.787822,8.535488,8.127381,8.928814,8.638025,8.816927,7.921566,8.64268,8.739363,8.326093,8.366631,7.53603,8.658032,9.121909,8.743731,9.152697,8.849353,8.940849,8.981418,9.142694,8.993636
"SNORD53",7.309169,7.055034,6.846685,7.595056,7.072039,6.817827,6.652522,7.01116,7.018185,6.455907,6.743953,6.359128,7.200533,7.165099,7.151612,7.360224,6.926324,7.493445,7.040366,7.402929,7.052653
"CLIP4",8.691993,8.812595,8.230975,9.114036,8.216021,8.743429,8.64298,8.623728,8.645175,7.997286,8.354394,7.59499,8.885161,8.479847,8.859177,8.997811,8.9924,8.908618,9.037343,9.487747,9.238944
"SNORA10",8.086513,7.69641,8.081618,7.767818,8.005484,7.624714,8.003736,8.043545,7.960571,8.040606,7.774424,8.385567,8.076926,8.315249,7.31535,7.634039,7.61784,7.662305,7.975811,7.86381,7.860855
"LCLAT1",8.286419,7.790241,7.392199,8.240893,7.544096,8.128047,7.953404,8.393685,7.887415,7.381353,7.713966,7.023439,7.803154,7.79815,8.083941,8.337686,8.324753,8.304228,8.259074,8.046048,7.900847
"SPAST",8.668046,8.660151,8.437494,8.757449,8.807215,8.988846,8.934783,8.547734,8.567757,8.185528,8.999284,7.631611,8.749041,8.933247,8.961849,8.789982,8.844322,8.893835,9.454336,9.096179,8.861673
"SLC30A6",8.843389,9.05084,8.308978,9.194217,8.62839,8.965374,8.679185,8.773981,8.832387,8.03589,8.706104,7.464951,8.674833,9.044741,8.907209,9.027681,8.591319,9.043486,9.325233,9.070073,8.798236
"YIPF4",8.806877,8.753835,8.483453,8.873909,8.623124,8.859525,8.965726,8.784648,8.86524,8.142285,8.806731,7.552301,8.729723,8.908798,9.031945,8.914438,8.585051,8.920095,9.174819,8.83189,8.730011
"BIRC6",9.686224,9.652417,9.49908,10.181569,9.387512,9.658306,10.185637,9.606477,9.82562,9.302059,9.664116,8.892402,10.161099,9.398919,9.804007,9.918045,9.568486,10.316026,10.032845,10.468921,10.055127
"LTBP1",6.478476,6.572881,6.899291,7.567679,6.826038,6.65678,7.747897,6.80708,6.188771,6.355418,6.467259,7.156162,6.343151,6.132535,7.038181,7.044387,6.33129,6.950071,6.750973,7.063162,7.049577
"RASGRP3",7.087957,7.023444,6.832918,7.841156,7.361321,7.456343,6.967915,6.944567,7.146857,6.692595,6.880766,6.526997,6.770274,7.704879,7.366102,7.558029,7.37763,8.095706,7.448753,7.627845,7.268384
"QPCT",9.197704,9.343969,9.164163,8.900042,10.100814,9.950956,9.906253,9.00413,9.330276,8.902424,10.569266,9.463181,9.523529,8.567261,9.390501,9.224584,9.491572,9.66092,10.002245,8.818348,9.276793
"GALM",7.094963,7.279995,6.81868,7.330627,6.987443,7.267212,6.835847,7.228644,7.241961,6.840194,7.126221,6.68013,7.103511,7.075539,7.128315,6.888718,6.928776,6.995002,6.755718,7.009383,7.618604
"PPM1B",9.041129,8.919819,8.712936,9.117612,8.986882,9.128589,8.945341,8.970307,8.955928,8.539479,9.052397,8.055937,8.825714,8.980503,9.191878,9.254985,9.000429,9.281947,9.349599,9.007473,9.03006
"TMEM247",5.902761,5.956659,6.350963,5.317153,5.979528,5.619573,6.086194,5.974393,5.720376,6.212445,5.869888,7.103948,6.046584,5.690141,5.552867,6.070748,6.091914,5.751087,5.777398,5.585697,5.882164
"CRIPT",9.125963,9.544604,8.575198,9.314597,9.065406,9.191429,9.12118,8.566959,9.021406,8.662291,8.807343,8.47551,8.58445,9.199963,9.627903,9.601433,9.881087,9.765703,10.238482,9.839981,9.30786
"SOCS5",8.514855,8.319736,8.08931,8.210739,8.355382,8.429097,8.15321,8.172543,8.278967,8.285935,8.206309,7.857747,8.459624,8.934052,8.372649,8.701973,8.268036,8.251542,8.944603,8.647761,8.108929
"MSH2",7.883963,7.763291,7.085856,8.138057,7.261472,7.783994,6.827859,7.86969,7.758734,7.031075,7.249067,6.597736,7.377035,8.47085,8.171619,8.493683,7.578846,8.216532,8.070601,8.164857,7.773927
"FOXN2",8.819022,8.927452,8.556126,9.177812,8.71751,9.139997,8.973524,8.760567,9.04748,8.533797,8.959299,8.03436,8.895943,8.948919,8.799612,9.022858,9.071587,8.965011,9.51532,9.064606,8.975432
"ERLEC1",7.221127,7.044105,6.872147,7.472078,7.381598,7.576119,7.01874,7.087338,7.320283,6.818768,7.254757,6.36994,7.360867,8.098866,7.466768,7.650948,8.039771,7.704091,7.933755,7.729855,7.402023
"CFAP36",5.106979,5.253406,4.910472,5.572424,5.323381,5.649559,5.029185,5.225899,4.933293,4.859333,5.186975,4.380468,5.213103,6.071091,5.62662,5.038444,5.156216,5.151976,5.997428,5.444023,5.196261
"VRK2",7.688194,7.635993,7.40861,7.848228,7.836164,7.964673,7.218211,7.607099,7.644697,7.062858,7.765343,6.446466,7.677447,7.901833,7.420212,7.942817,7.856571,8.215569,8.485189,8.186817,8.012191
"AHSA2P",8.713305,8.708962,8.18071,9.08428,8.575622,8.590744,8.653423,8.459349,8.957619,8.245867,8.526116,7.868127,9.275889,8.760455,8.871446,8.843902,8.60796,8.873534,9.096296,8.676324,8.850738
"B3GNT2",8.406762,8.191471,7.780977,8.240502,8.368562,8.623562,7.968238,8.201641,8.418978,7.853123,8.20076,7.262159,7.938146,8.509007,8.314034,8.447453,8.837513,8.529665,8.958578,8.552204,8.354339
"MDH1",8.390636,7.747599,7.551764,8.231436,8.098711,8.374333,7.708023,7.975502,8.259961,8.022091,8.204453,7.163632,8.237528,8.931393,8.053713,8.479295,8.221265,7.933746,8.692448,8.179008,8.388854
"UGP2",8.998737,8.968034,8.626076,9.022293,9.104668,9.088346,8.457537,8.892816,8.729224,8.448716,8.85811,7.874977,8.678477,9.272277,9.03421,9.012484,8.986648,8.787536,9.211509,8.848428,9.08662
"LGALSL",7.739952,8.148759,8.148482,8.13418,8.148917,8.263854,9.044447,7.644848,7.779598,7.43208,8.579477,7.977216,8.239514,6.746036,8.222716,8.434117,7.946198,8.424952,8.352015,8.380837,8.486639
"ETAA1",6.450772,6.362985,5.798647,6.705644,5.981998,7.186586,5.577926,5.930233,6.082659,5.503279,5.886954,5.424785,5.609861,7.473234,6.481331,6.324512,6.005949,6.624385,7.037982,6.804296,5.921373
"PLEK",9.944924,10.393309,10.023582,9.993598,10.339822,10.388428,10.518594,10.083557,10.212797,9.821653,10.603484,9.755857,10.419303,9.684333,10.335006,10.524055,10.201882,10.597308,10.631395,10.216955,10.874232
"ANXA4",7.635863,7.922655,7.235219,8.127839,7.631435,7.888729,7.063322,7.501858,7.695299,7.156399,7.82244,6.882938,7.654236,8.033209,8.059346,8.034799,7.84141,7.85665,7.868128,7.74265,8.416883
"MXD1",10.334449,11.050096,11.001714,10.657636,11.108609,11.159076,11.779077,10.425162,10.633908,10.635512,11.306823,10.424055,10.742587,9.691791,10.842907,10.498408,11.08862,11.335982,11.250296,10.600554,10.970572
"OR7E91P",6.182972,6.517292,6.335447,6.186881,6.586644,6.581383,6.761568,6.356357,6.553341,7.050716,6.463473,7.381071,6.536963,6.219802,6.027382,6.699766,7.453154,6.103972,6.239651,6.045873,6.638003
"NAGK",10.075367,10.806463,10.390647,10.432415,10.634178,10.579632,9.990167,10.337828,10.156795,10.060533,10.599101,9.80749,10.446022,10.05155,10.571276,10.42293,10.456044,10.415102,10.25646,10.289033,11.095874
"MPHOSPH10",7.947871,7.721418,7.199603,7.616306,7.476146,7.83454,6.741402,7.592578,7.877495,7.441576,7.426647,6.87926,7.554234,8.36739,8.031773,8.124293,7.891991,7.647309,7.560956,7.554291,7.841777
"ZNF638",8.925212,8.848499,8.577391,9.150204,8.624923,9.131732,8.861058,8.755306,8.946173,8.248269,8.540554,7.653502,8.578916,8.725353,9.050136,9.202092,8.85687,9.319575,9.468469,9.573575,8.822364
"DYSF",8.136986,8.455512,8.487134,8.222398,8.944635,8.53358,9.238716,8.289317,8.316303,7.971162,9.588621,8.224841,8.744156,7.338363,8.339634,8.192091,8.321995,9.283268,8.846598,7.572483,8.767581
"DGUOK",7.643336,7.49482,7.332272,7.942452,7.555326,7.761058,7.482126,7.688639,7.655187,7.215299,7.843557,6.872374,7.572009,7.784506,7.768256,7.79443,7.70857,7.79427,7.944574,7.734417,7.890063
"MTHFD2",7.968417,7.700166,7.610045,8.045744,7.812458,8.210637,7.724429,7.527994,7.617069,7.214711,8.388291,7.248736,7.842912,8.255826,7.801336,8.110895,8.557314,8.050633,8.287851,7.992757,8.608887
"DOK1",7.647612,8.075043,7.803605,7.634548,7.953594,7.939273,8.034194,7.765252,7.942959,7.655218,8.110436,7.503536,7.972709,7.693056,7.186908,7.285898,7.185044,7.488401,7.30355,7.096959,7.620183
"TMSB10",11.865142,11.344248,11.032048,11.475535,11.697642,11.641828,10.40627,11.656247,11.705867,11.86423,11.728822,10.973464,11.545579,12.09455,11.010251,11.405436,11.176306,11.094572,10.806653,11.01148,11.374294
"VAMP8",10.006066,9.710454,9.233788,9.587205,10.083383,9.950464,8.30804,9.711513,9.884815,9.916012,10.135565,9.061871,9.938586,10.700355,9.76608,9.710682,9.827329,9.310087,9.776093,9.621709,9.943371
"GNLY",9.229249,9.845779,9.418402,9.046878,8.484723,8.997868,8.625815,9.372379,7.925033,7.95788,8.14826,8.688008,9.430105,9.015879,8.659109,9.688231,8.013431,8.979924,8.491278,9.41137,10.340207
"PTCD3",9.321612,8.948396,8.719517,9.512535,8.820318,9.214024,8.997269,9.12633,9.410551,8.93137,8.874791,8.300894,9.471312,9.537295,9.358254,9.554559,8.946657,9.535897,9.658022,9.664361,9.442028
"SNORD94",10.057714,8.273717,7.906724,9.514339,9.602377,8.683059,9.195414,9.337152,9.728881,9.163985,8.814556,8.846695,9.907076,10.248524,8.57182,9.623587,8.927577,9.740023,9.497428,10.06849,8.658627
"MRPL35",6.806695,6.791786,6.426209,7.512448,6.755056,7.409405,6.212128,7.121493,7.079395,6.433079,6.905041,5.663009,6.728689,7.763071,6.629584,6.985267,6.733782,7.288321,7.554222,6.95483,6.63407
"KDM3A",8.861127,8.984105,8.776383,9.15339,8.925449,8.939877,9.244858,8.867604,8.895492,8.678125,8.925699,7.745757,9.10663,9.021125,9.047461,8.925196,8.7656,9.15989,9.289842,9.264172,8.900261
"RMND5A",9.577022,9.483311,9.379209,9.769297,9.441809,9.575543,10.06163,9.498446,9.510842,9.29427,9.760643,8.895094,9.740012,9.257291,9.913018,9.504539,9.462729,9.881862,10.124004,10.11927,9.385354
"RPIA",8.185573,8.06146,8.342812,8.710868,8.700282,8.388229,8.301062,8.11423,8.15801,7.706417,8.196497,7.604761,8.151343,8.231493,8.687171,8.276572,7.94863,8.193161,8.46781,8.589969,8.307921
"IGKV2-24",6.952935,6.664868,6.656039,6.352791,6.929655,7.128581,6.672428,7.224467,6.807166,6.746411,6.919713,7.922953,6.785788,6.812466,6.23566,7.168807,7.642615,6.805584,6.602187,7.112703,7.034514
"IGKV1D-8",6.665289,6.024016,6.194292,6.398028,6.035528,6.653233,5.879789,6.231676,5.906485,6.240739,6.091864,5.99999,5.801327,6.457947,5.542255,6.528017,6.373087,5.963549,5.592938,5.431638,6.18914
"ARID5A",7.421289,7.539662,7.429747,7.516274,7.522548,7.357285,7.765198,7.531758,7.304253,7.487807,7.440067,7.409241,7.502898,7.579363,7.33082,7.387399,7.433642,7.189006,7.546106,7.348029,7.697682
"ANKRD36",8.209955,8.297202,7.355971,8.597601,8.298101,7.886586,7.066289,8.094765,8.488964,7.878261,7.873912,6.357117,8.298475,7.918755,8.254003,8.198403,8.031667,8.17826,8.566696,8.762007,7.933478
"COX5B",8.558367,8.461207,8.155138,8.358725,8.53847,8.726262,8.48094,8.293093,8.189885,8.473024,8.515346,7.675178,8.234777,8.683443,7.740461,7.615562,7.100955,7.385664,7.907724,8.016322,7.867381
"ZAP70",8.389585,8.198566,8.441497,8.588234,7.976117,8.340493,8.026812,8.507241,8.456636,7.821511,8.044328,7.573056,8.559766,8.494542,7.958864,8.428483,7.877353,8.427594,8.105316,8.200534,8.559528
"UNC50",8.184411,8.159276,7.94079,8.347365,8.037286,8.219464,7.974053,7.877434,8.279787,7.928548,8.014265,7.463829,8.179075,8.102766,8.138366,7.912488,7.840264,8.20938,8.182826,8.221518,8.033773
"MRPL30",7.951825,7.720239,7.234573,8.008128,7.96488,8.032936,7.472418,7.783309,8.013644,7.310681,7.841369,6.923264,7.89806,8.634809,7.991191,8.229065,8.245896,7.814635,8.550833,8.231071,7.912246
"EIF5B",8.25742,8.409153,8.020291,8.625777,7.938372,8.354118,7.014261,8.314663,8.139042,7.819091,8.100061,7.317838,7.991253,8.375788,8.612018,8.544698,8.124477,8.903494,8.297489,8.645388,8.604015
"NPAS2",6.778952,6.547035,6.820597,6.347816,6.403352,6.76015,6.422647,6.779492,6.723788,7.285609,6.148119,7.252909,6.633569,6.479032,6.298969,6.815492,6.907999,6.718738,6.266298,6.595345,6.622261
"RPL31",7.990426,7.408001,5.518603,7.467335,6.82324,7.6643,6.616248,7.588466,7.667445,6.680509,6.403285,6.45029,7.331193,8.446769,7.019694,8.248275,7.880924,7.297874,8.546032,7.997144,7.76656
"IL1R2",8.780041,9.586197,9.069675,7.956157,9.227101,9.108227,10.254206,8.822839,8.832397,8.735274,10.222689,9.039659,8.925629,8.254136,9.043627,8.738656,8.880482,9.514159,9.719423,8.74758,8.360988
"IL1R1",6.083262,6.537787,5.950695,5.563314,6.507498,6.176825,7.633047,5.678837,6.346494,5.58533,7.507819,6.286889,6.403625,5.490808,6.148462,6.156195,6.229551,6.772188,6.946289,6.328106,5.759054
"IL1RL1",5.961136,5.897872,6.46496,6.544166,5.888168,6.541566,5.682152,5.955492,5.708075,6.621975,5.77205,5.705241,6.243811,5.784929,6.740475,5.552982,5.857872,5.493505,6.687343,6.704976,5.257789
"IL18R1",6.448238,6.705325,6.494714,6.158004,6.597161,6.587906,7.240857,6.302983,6.162942,5.747268,6.921445,5.831141,6.585388,5.898292,6.464705,6.647612,6.539907,6.653147,7.197781,7.313618,6.798873
"IL18RAP",9.12314,8.698823,8.951882,8.394206,9.774319,9.226327,9.968382,7.853422,9.082509,8.347795,9.764875,8.504059,10.128284,8.718036,8.778441,9.446047,8.975022,9.210527,9.830495,10.327737,9.494195
"C2orf49",8.005383,7.771771,7.303403,7.966883,7.765588,8.160899,7.695418,7.904708,7.756577,7.428326,7.893276,6.881399,7.813904,8.396729,8.107619,8.06138,8.429987,8.218898,8.697744,8.261168,8.144672
"NCK2",9.246358,9.089786,8.790804,9.258422,9.089815,9.147744,9.149958,9.09854,9.22981,8.824605,9.156287,8.346602,9.11433,9.217024,9.208032,9.267139,8.843424,9.235647,9.24233,8.820439,9.237951
"GCC2",9.222718,9.46352,8.997072,9.773363,9.351135,9.967011,8.534057,9.241703,9.37531,9.010122,8.873949,8.149654,8.945286,9.290228,9.759988,9.936336,9.243175,9.761786,9.917799,9.866364,9.404423
"LIMS1",9.549306,9.475866,9.561457,9.885224,9.718572,9.52296,10.185453,9.214339,9.013859,9.180893,9.029494,9.413692,9.258989,8.806954,9.677494,9.385194,8.926763,9.265945,9.435249,9.224339,9.88143
"RANBP2",8.836405,8.987612,8.812223,9.556202,8.888284,9.07922,8.77603,8.886605,8.704507,8.350152,8.682777,7.8078,8.772598,8.957914,9.132547,9.052776,8.928017,9.346192,9.376181,9.707897,8.95035
"TMEM87B",8.144442,8.165774,7.831973,8.323106,7.695845,8.2914,8.168359,7.694521,8.09205,7.679838,7.992158,7.130949,8.024266,8.045702,8.260974,8.352155,8.133161,8.487201,8.916518,8.542901,8.448851
"IL1RN",7.448212,8.040641,7.813928,7.843495,8.412684,8.274514,8.688467,7.928408,7.991922,7.553123,8.460124,7.235327,7.864598,7.375821,8.150772,7.713374,8.150626,8.125116,8.308865,7.669521,8.872497
"PAX8-AS1",5.944793,5.310719,5.375288,6.440268,6.228447,5.794385,5.96822,6.188194,7.353024,6.55812,5.825821,6.303879,6.025231,5.875881,5.463872,5.779613,5.623203,6.123538,6.242428,6.102559,6.666367
"ACTR3",11.730268,11.7263,11.570956,11.651663,11.679507,11.870936,11.645865,11.689465,11.72757,11.606299,11.865185,11.273443,11.848722,11.556493,11.924246,11.94174,11.992946,11.966011,12.037154,11.845105,11.890453
"INSIG2",8.620773,8.619585,8.609292,8.979746,8.514221,8.936556,8.677397,8.586632,8.607397,7.99079,8.520134,7.400041,8.105943,8.94057,9.107947,8.994551,8.75514,9.06875,9.127944,9.183445,8.885507
"DBI",8.037521,7.269281,7.694641,7.361749,7.61458,8.040638,7.132392,7.557133,7.695346,7.484878,7.942824,7.702034,7.936858,9.186752,7.743708,7.804273,7.847577,7.574101,7.993355,7.874943,7.425387
"RALB",8.979459,9.1803,8.922692,9.133626,9.679541,9.387778,9.537518,8.969357,9.224202,8.849643,10.090982,8.577525,9.362514,8.812665,9.671472,9.084896,9.415233,9.628595,9.559277,8.583846,9.207912
"RNU4ATAC",8.220617,6.726213,6.897766,7.21673,8.211115,7.401211,8.111274,7.454206,7.578063,7.113614,7.889595,7.328355,8.388476,8.600873,6.770156,7.033178,6.990474,7.190677,7.740432,7.577769,7.290821
"TSN",8.5673,8.655806,8.173889,8.91883,8.746094,8.855565,8.311951,8.761939,8.723891,8.244562,8.649953,7.668843,8.611787,9.112087,8.998683,8.840666,8.485077,8.438409,8.964307,8.733565,8.530525
"GYPC",10.135628,9.924088,10.564907,10.757427,10.527713,10.250225,9.941861,9.705395,9.552883,9.028383,10.017997,9.284074,9.373381,9.521613,10.384993,9.503246,8.460004,9.319458,9.462825,10.436085,9.393542
"AMER3",6.534964,6.495214,6.877182,6.383561,6.837449,6.353228,6.848312,6.55999,6.588428,7.034709,6.37122,7.605596,6.627223,6.495162,6.116607,6.540263,6.613799,6.144288,6.143548,6.177586,6.555307
"PLEKHB2",9.707449,10.280779,9.986195,10.167175,9.891727,10.04453,10.121544,10.011261,9.988345,9.447851,10.015097,8.959398,9.919645,9.621108,10.108097,9.983167,9.702385,10.07613,9.549123,10.01557,9.975469
"RAB3GAP1",8.501537,8.409047,8.077748,8.909377,8.33961,8.638222,8.195813,8.582132,8.643805,8.244779,8.418602,7.453255,8.616908,8.519644,8.526256,8.639381,8.434003,8.77914,8.863805,8.5599,8.762053
"UBXN4",9.456413,9.499276,9.149835,9.679529,9.445075,9.696277,9.383402,9.321034,9.503833,8.975626,9.434062,8.307124,9.277461,9.652294,9.762428,9.657467,9.495201,9.699852,9.737644,9.811905,9.560833
"SPOPL",9.187485,9.394611,8.903051,9.053324,9.62351,9.560945,9.999446,9.040284,9.516814,8.688059,9.947663,8.522154,9.30181,9.111432,9.728783,9.373378,9.914274,9.733702,10.45955,9.539811,9.150128
"KYNU",8.086042,8.091834,7.440134,8.461034,8.275185,8.063632,8.479973,8.316623,8.278022,7.482517,9.280143,6.951792,7.583389,8.458159,8.478728,8.285378,8.040883,8.072378,8.673106,8.575723,8.822003
"ACVR2A",6.769551,6.995487,6.421008,7.364856,6.998953,7.070289,7.165607,6.597226,7.139369,6.599608,6.822753,6.481061,7.070926,6.762644,7.184407,7.142936,7.123655,7.383964,8.09445,7.831775,6.96772
"TNFAIP6",7.16934,7.256925,6.713216,7.672165,8.733635,8.522675,7.263485,7.457018,7.82234,7.032864,9.1864,6.819433,7.440766,7.316179,8.463988,7.481782,7.978017,8.317899,7.693247,7.415959,8.308245
"RIF1",9.0806,9.028308,8.944669,9.586444,8.932609,9.413842,9.193456,9.057147,9.02182,8.600081,8.855464,7.835491,9.017724,9.235574,9.137843,9.586075,9.122051,9.302001,9.809016,9.8234,9.219295
"GPD2",7.390475,7.573397,6.694326,7.816176,7.385507,7.725685,7.993115,7.250492,7.458965,7.099682,7.625791,6.625857,7.649573,7.174587,7.915211,7.435785,7.637825,7.700714,8.332186,8.363877,8.67745
"GALNT5",5.092683,5.134028,5.634908,5.790463,5.20298,5.418827,5.777387,5.167671,5.440223,5.501803,5.120595,6.404229,4.99625,4.723438,5.17466,5.269823,5.503297,5.226316,5.525332,7.021215,5.178469
"CCDC148-AS1",5.805774,5.722003,6.253755,5.929369,6.350798,5.782585,6.152141,5.885873,5.996245,7.306464,5.910841,7.567146,6.167643,5.927441,5.777943,6.367187,7.309741,6.359271,5.819941,6.09269,5.692728
"TANK",8.248059,8.22182,7.714149,8.532074,8.417262,8.619877,8.834111,8.072438,8.358691,7.508916,8.702877,7.066844,8.082771,8.504461,8.390277,8.156758,8.217044,8.573521,8.909767,8.747075,7.954519
"PSMD14",7.427404,7.11616,6.490808,7.332475,7.209051,7.541386,6.606893,7.321344,7.201759,6.704351,7.153305,6.09388,6.928473,8.053492,7.412277,7.705446,7.554135,7.300565,7.567067,7.747384,7.139606
"SLC4A10",6.336661,8.067687,7.588146,6.46194,7.119589,7.019544,7.744871,6.836199,7.166876,6.845496,6.623195,7.033524,7.643084,6.328717,7.44252,6.705468,7.184228,6.636259,7.45751,7.448873,7.034244
"GCA",10.830709,10.960704,10.445505,10.226704,11.472734,11.296343,11.58465,10.443317,11.044729,10.530868,11.676521,10.422538,10.823411,10.307315,11.116469,10.79139,11.331186,11.30889,12.140954,10.845055,10.303907
"DHRS9",7.327477,7.245838,7.041968,7.392255,8.072431,8.146908,7.954142,7.997349,7.59662,7.459017,7.48612,6.840802,8.585028,7.600831,8.344742,7.367449,7.954619,7.528381,7.293831,7.534811,7.758533
"PPIG",7.448081,7.218203,6.993529,7.550021,7.364531,7.701475,6.793825,7.374146,7.213943,6.831637,7.241278,6.406734,7.261489,8.135532,7.720025,7.707146,7.343033,7.797258,7.809182,7.537367,7.399205
"SSB",9.254504,8.710525,7.899791,8.512222,9.447938,9.177909,7.477854,8.767439,9.005463,8.319037,9.115755,8.305502,8.910273,9.821369,9.258048,9.224758,9.169117,8.978715,9.197987,9.001806,9.170701
"UBR3",8.330261,8.330346,7.938424,8.508828,8.121718,8.396646,8.256034,8.327382,8.35328,7.435479,8.281616,7.192497,8.47405,8.227796,8.442694,8.571995,8.124421,8.708397,8.901931,8.702781,8.193028
"GORASP2",8.207635,8.596341,8.125924,8.789594,8.131833,8.673204,8.226871,8.399423,8.341033,8.161894,8.125804,7.698097,8.154389,8.253771,8.400878,8.638038,8.790868,8.81293,8.621022,8.643312,8.56449
"DCAF17",7.692633,7.601013,7.09442,8.017207,7.091544,7.628045,7.304253,7.390793,7.64497,6.752061,7.443646,6.444032,7.496471,7.852148,7.886633,7.848045,7.692408,7.910871,8.101148,7.918474,7.62627
"CYBRD1",8.62574,8.964151,8.599845,8.847125,9.032429,8.864261,8.738613,8.648555,8.131131,8.370651,9.476273,8.43557,8.932492,8.229167,9.17109,8.078347,9.19868,8.484013,9.481735,9.47051,8.215905
"DYNC1I2",3.549137,4.159896,3.446953,4.684958,4.236607,3.437275,3.800155,4.958398,3.930742,4.573035,4.214843,4.065976,3.519688,4.433122,4.517693,3.826026,4.363061,3.601956,5.232307,3.74035,4.33197
"HAT1",7.296988,7.081818,6.894303,7.45736,7.711151,7.809458,7.162508,6.957893,7.211894,6.590344,7.569404,6.464599,7.181178,8.562762,7.528932,7.81477,7.460855,7.700841,8.527616,8.118098,7.397107
"ITGA6",9.160147,8.859882,8.81023,9.67942,8.714172,9.079374,8.841794,9.165639,9.042809,8.956759,8.555338,7.830104,9.198077,9.221116,9.18871,9.211795,8.856836,9.659251,9.1305,9.311105,9.125469
"PDK1",9.60729,9.089316,9.096964,9.939314,9.322951,9.570843,9.374293,9.299566,9.625032,9.27055,9.161861,7.83857,9.43025,9.470951,9.360165,9.485647,9.520145,9.956334,9.979819,9.654967,9.298148
"SCRN3",6.449783,6.508514,5.923161,6.539897,6.422857,6.490146,6.211618,6.223565,6.658123,5.877985,6.517749,5.332976,6.187645,6.760196,6.838809,6.585556,6.29899,6.895639,6.97058,7.093702,6.460483
"MTX2",6.244124,5.581492,5.70883,6.655272,5.724818,6.440641,5.890164,5.921773,6.271653,5.441397,6.056295,5.529082,6.03379,6.886565,6.40973,6.080133,6.132349,6.491374,7.051905,7.049727,6.211153
"AGPS",8.649435,8.454616,8.076545,8.764058,8.478436,8.707429,8.187388,8.417965,8.533048,7.809233,8.514381,7.259045,8.333024,8.729917,8.713607,8.854673,8.819777,8.721974,9.215996,8.786641,8.86789
"PLEKHA3",8.178428,8.23322,8.048753,8.331004,8.102289,7.939473,8.034521,7.952349,8.129558,7.226513,8.061433,7.184752,8.066465,8.213635,8.698397,8.484494,7.920062,8.653901,9.191276,8.56129,7.891428
"ITGA4",10.932778,10.583945,10.479065,11.163707,10.439781,10.900639,10.627981,10.579889,10.864632,10.436422,10.414616,9.985354,10.799014,10.964004,10.851039,11.063428,10.858173,11.112076,11.377695,11.638542,10.750092
"DNAJC10",9.07917,8.878891,8.568445,9.307338,8.865225,9.454789,8.715401,8.758695,9.102571,8.156558,8.822109,7.947267,8.749917,9.548411,9.303483,9.551026,9.365063,9.606184,9.662887,9.923012,8.960876
"ZC3H15",8.43962,7.995857,8.099763,8.242895,8.34821,8.714224,7.801434,8.186571,8.334836,7.694856,8.255484,7.632556,8.095854,9.046291,8.668508,8.759579,8.601498,8.492035,8.95183,8.806484,8.479288
"WDR75",8.36042,8.000973,7.697134,8.675188,8.117189,8.316415,8.04242,8.207563,8.456987,7.729863,7.957315,6.848745,8.309722,8.930994,8.408017,8.342898,8.29354,8.669799,8.923806,8.938693,8.334819
"ASNSD1",7.848991,7.692359,7.70222,8.037085,8.232735,8.293174,8.151803,7.822384,7.740325,7.372745,7.753582,6.823134,7.64568,8.748455,8.120313,7.919893,7.654393,8.140986,8.860525,8.420102,7.828693
"NAB1",6.82951,6.730071,6.701115,6.58171,6.927022,7.112337,7.349906,6.799325,6.669159,6.375942,7.353686,5.905079,6.697572,6.762362,6.81196,6.991935,6.585896,6.396971,7.7313,6.875879,6.819787
"GLS",9.904382,9.741635,9.360021,10.07716,9.579882,9.868406,9.363181,9.6101,9.880975,9.332939,9.306271,8.581021,9.437207,9.764864,9.807148,10.219886,9.99171,10.302393,10.128798,10.299847,9.525473
"NABP1",9.964421,10.281951,9.700105,9.593109,10.426783,10.319339,10.704895,9.66529,10.221278,9.708679,10.548626,9.646684,10.122952,9.641921,10.102513,9.845672,10.317506,10.426193,10.914816,10.257273,10.018355
"SLC39A10",8.962981,8.593757,8.024746,9.115268,8.360621,8.873031,8.142239,8.483658,8.918705,8.242736,8.259674,7.193624,8.392505,8.8557,8.697906,8.917776,8.874936,9.119578,9.132212,8.986683,8.167216
"PLCL1",7.450443,7.077671,6.836282,7.742189,6.958061,7.30029,6.955576,7.145339,7.605911,7.158095,7.294624,7.122084,7.229342,7.598796,7.111704,7.187585,7.376136,7.815477,7.486884,7.591711,7.32825
"SPATS2L",6.500312,6.604957,6.313873,6.876101,6.474814,6.707341,6.243823,6.294178,6.028218,6.572486,7.045013,6.331676,6.612404,6.622393,6.698296,6.649519,6.877868,6.410278,6.362507,6.549428,9.265366
"BZW1",10.046525,10.058852,9.654759,10.172848,9.883142,10.374172,9.875862,9.899169,10.018505,9.69521,10.082207,9.096322,9.918233,10.399163,10.281466,10.442443,10.226132,10.113445,10.676926,10.386307,10.17158
"NIF3L1",4.250551,4.186503,3.9943,4.537953,4.326467,4.254664,4.241629,4.177329,4.592891,4.152081,4.363116,4.449087,4.431721,4.139699,4.399474,4.961985,4.136317,4.686579,5.016321,5.232756,4.76699
"NDUFB3",6.737519,5.955346,6.093849,6.218691,6.864767,6.349913,6.6395,6.190152,6.49138,6.071365,6.913909,5.537293,6.502655,6.853881,6.676661,6.341832,6.326892,5.883806,6.55783,6.401365,6.105153
"NOP58",9.363065,9.069725,8.705643,9.638465,8.988004,9.324108,8.256179,9.014027,9.230758,8.614794,8.728619,7.883871,8.969084,9.794367,9.618132,9.672694,9.348611,9.67248,9.589737,9.782179,9.299045
"BMPR2",7.646432,7.59628,7.354221,7.837912,7.338323,7.724012,7.57511,7.59514,7.503851,7.198507,7.370288,6.806269,7.744536,7.796128,7.979874,7.778239,7.879017,7.905377,8.24425,8.21991,8.342524
"FAM117B",9.094401,8.684006,8.722688,9.129611,8.669694,8.766904,9.020035,8.99253,9.015946,8.978527,8.632485,8.241949,9.130973,8.831744,8.804969,9.115346,8.837395,9.049073,8.806698,8.842638,8.679748
"CARF",7.160074,6.710938,6.466819,7.793977,7.036515,6.944681,6.723044,6.946297,7.182401,6.626924,6.847542,5.928728,7.013395,7.537938,7.107894,7.301531,7.171226,7.661251,7.85342,8.059915,7.399794
"NBEAL1",7.030454,7.284363,7.121592,7.852912,7.001838,7.340778,7.115608,7.5192,7.439814,6.51053,7.052034,6.317573,7.183737,7.111219,7.445534,7.799381,7.003035,7.967892,7.647086,8.123434,7.6733
"CYP20A1",8.217865,8.122595,7.895117,8.425274,7.957367,8.161667,7.493705,8.081768,8.286841,7.740782,8.051532,7.006996,8.218829,8.295678,8.340988,8.51432,8.178397,8.559034,8.242679,8.150259,8.26603
"ICOS",8.008692,6.90115,6.994164,8.307708,7.502634,7.904221,6.953689,7.752061,7.772931,7.237616,7.012123,6.321543,7.549527,8.617364,7.785655,7.611435,7.626197,7.911951,7.843245,7.890372,7.390809
"ZDBF2",6.629617,5.939881,5.770429,7.09322,6.264094,7.005442,5.693503,6.292263,5.929818,5.65184,5.98471,5.65974,5.721485,7.144911,6.962931,7.089257,6.783527,6.74511,7.136992,7.184213,6.323547
"FASTKD2",7.450472,7.201236,6.739873,7.685495,7.311775,7.617029,7.070701,7.319996,7.291079,6.723521,7.155306,6.188264,7.477558,7.800425,7.557158,7.55201,7.475824,7.558455,8.069782,8.071005,7.406246
"PIKFYVE",8.772219,8.692941,8.597258,9.242489,8.563668,8.932337,9.21691,8.840358,8.940447,8.318302,8.91747,8.090336,9.238856,8.712477,9.065578,9.091634,8.772628,9.386133,9.144714,9.266545,9.085058
"RPE",8.927154,8.529983,8.06604,8.931049,8.561794,8.678961,8.437306,8.44632,8.942757,8.225,8.543304,7.733455,8.514608,8.734523,8.493998,9.273013,8.645781,8.94279,9.242561,9.130598,8.618588
"CXCR2",11.293235,12.010686,11.645978,11.182619,11.766137,11.781364,12.410928,11.474762,11.532208,11.312462,12.073074,11.353295,11.74066,10.826961,11.828019,11.388686,11.728045,12.104302,12.020161,11.693169,11.774768
"ARPC2",11.047309,10.977982,10.815007,10.924615,11.163933,11.202542,10.823935,10.854222,10.980593,10.970983,11.259282,10.620725,11.159676,11.252947,11.116787,11.147392,11.357652,11.031018,11.474948,11.13595,11.193134
"SLC11A1",9.15124,9.621354,9.402163,8.728276,9.731513,9.641803,10.006509,9.136582,9.483863,9.032178,10.347243,8.861362,9.640044,8.42146,9.23343,8.898608,9.318279,9.440706,9.7364,8.716775,9.072681
"CYP27A1",7.001138,8.018249,7.025195,7.715971,7.59586,7.154217,8.749988,7.276265,7.456894,7.50074,8.329574,7.419712,7.807988,7.222019,8.338102,7.6813,7.04303,7.572171,7.861048,8.018735,6.809582
"ACSL3",8.241133,7.82391,7.684549,8.282586,8.162384,8.482052,8.162889,8.134639,8.13941,7.815025,8.695889,7.23731,8.26799,8.34141,8.339995,8.486669,8.222007,8.567634,8.803374,8.471668,8.559393
"MFF",8.447255,8.160981,7.651055,8.649024,8.48792,8.461172,8.341218,8.403063,8.549042,7.749557,8.378454,7.183563,8.130439,8.897124,8.596531,8.654303,8.654386,8.563631,9.167059,9.081924,8.557254
"AGFG1",9.954136,10.173618,9.86975,10.315261,9.970663,10.262465,10.546583,10.050229,10.2147,9.785068,10.350473,9.502209,10.225624,9.817622,10.104773,10.234799,10.183327,10.241979,10.532436,10.370385,10.340184
"SP140",9.103173,8.713703,8.473202,9.208148,8.499283,9.077797,8.171738,8.998102,9.118279,8.275673,8.874972,7.809169,9.127369,9.076378,8.769538,8.96946,8.962412,9.271257,8.648073,8.764735,9.3704
"ITM2C",8.312565,8.09226,8.21419,8.485449,8.101053,8.696792,7.670765,8.708189,8.476317,8.257515,8.439346,8.101884,8.011888,8.798846,8.074326,8.817144,9.323123,8.201831,7.793723,8.255548,8.106947
"ALPP",4.625772,5.686029,6.194857,5.317194,5.81547,6.799028,5.948337,6.433128,5.600763,6.192043,6.440495,6.096161,5.207162,6.596744,5.241568,5.842913,4.944394,4.804452,5.095269,5.216457,6.259476
"EIF4E2",8.841401,9.193271,8.966104,9.329233,8.98176,9.471234,8.952486,9.011353,9.023938,8.884751,9.140715,7.971979,8.934163,9.013476,8.552092,8.624837,8.323258,8.600668,8.467997,8.535961,8.488842
"SCARNA5",9.98557,8.060046,8.196189,9.111876,9.363879,8.652004,9.296109,8.33088,8.898925,8.417182,8.992022,8.12731,9.23362,9.437457,8.227167,9.393554,9.107049,9.532849,9.72287,9.591532,8.587992
"SCARNA6",10.033809,8.112444,8.557362,9.174127,9.186358,9.189673,9.256446,8.658404,9.148062,8.310636,8.634885,7.951948,10.119934,10.719849,7.954972,8.884851,8.34969,9.334711,9.490864,9.619341,8.380087
"DGKD",8.871762,8.868083,8.811643,9.3755,8.728806,8.913945,8.744003,9.018917,9.30408,8.781054,9.097119,8.468508,9.164679,9.097209,9.021932,9.071301,8.709295,9.144875,8.766455,8.538282,9.095556
"COPS8",6.985838,7.165162,6.52685,7.263931,6.971959,7.154706,6.654255,6.66238,6.955596,6.625909,6.541512,6.300041,7.058119,7.417755,7.385835,7.385287,7.319919,7.436955,7.887427,7.75506,6.913718
"RNPEPL1",8.01889,8.201727,8.116528,8.067054,7.962029,8.206055,8.100381,8.237128,8.233294,8.17069,8.408996,7.807014,8.093483,8.155862,8.014462,8.055779,8.21821,7.974312,7.963141,7.616267,8.16453
"PPP1R7",8.144312,8.571297,8.153204,8.185485,8.268664,8.493896,7.603562,8.429246,8.080785,8.219441,8.235005,7.476798,8.215517,8.420746,8.194892,7.888116,8.054517,8.093325,7.885212,7.779721,8.17969
"ATG4B",7.744863,7.692359,8.227232,6.464506,7.287708,7.294713,7.694682,7.938621,8.099554,6.194585,6.827198,5.666899,7.477187,6.77693,6.724669,6.598428,6.592445,6.388226,7.460519,6.051278,6.577398
"FAM110C",8.447126,8.321759,8.835912,7.984432,8.458059,8.187933,8.158574,8.386135,8.2204,8.34601,8.226416,7.93816,8.198111,8.258094,8.01261,8.099434,7.530919,7.675455,7.921234,8.033944,8.309328
"ADI1",7.321283,7.602628,7.339586,7.479637,7.510832,7.88651,7.587408,7.205358,7.330468,6.892221,7.558833,6.481089,6.933648,7.597577,7.54791,7.34966,7.148086,7.62994,7.381581,7.16369,6.960245
"TMSB4XP2",10.114634,9.876505,9.576405,9.164785,10.008807,9.722542,8.981797,9.999519,10.092873,10.365298,9.930278,10.111304,9.929782,10.005774,9.634074,9.90548,10.093771,9.17548,9.614391,9.456991,9.814632
"CMPK2",7.685584,7.595147,7.691318,8.2575,8.347597,8.17454,8.034045,8.130586,7.990882,7.820693,8.593365,7.738614,8.064913,7.95184,7.777428,7.456922,8.286469,7.674756,7.710803,7.762696,10.257752
"LINC00299",6.116629,6.839654,6.58968,6.316459,6.137404,6.309754,6.276127,6.758197,6.201987,5.794727,6.103684,6.081716,7.13434,5.724867,5.950716,7.188998,6.37519,6.926807,6.622222,6.409795,7.097363
"KIDINS220",9.502263,9.760202,9.524708,9.769472,9.521775,9.565679,10.082247,9.391667,9.531314,9.068937,9.670419,8.805632,9.722244,9.129725,9.677379,9.585755,9.463408,9.942621,9.849521,9.926749,9.587756
"MBOAT2",7.997545,7.994256,7.768125,8.183529,8.630464,8.217164,9.003592,7.77815,7.733156,7.191666,8.741931,7.374594,8.333263,7.584735,8.247667,8.067507,8.232095,8.408801,9.385511,9.163573,7.808057
"YWHAQ",10.245554,10.448437,10.168707,10.386518,9.971147,10.467475,10.034303,10.120909,10.125551,10.030059,9.82524,9.899005,10.14654,10.284166,10.114932,10.300713,10.104457,10.261939,10.112794,10.109523,10.372264
"ODC1",9.946371,9.42152,10.298529,10.550814,10.442769,10.237318,9.933003,9.75923,9.694935,8.763283,9.681298,9.272975,9.45001,10.005798,10.578314,10.177066,9.652573,9.622698,9.909911,10.43749,9.917764
"PDIA6",9.938993,10.246697,9.808403,10.272085,9.682711,10.129474,9.435397,10.132861,9.966937,9.456253,9.924742,9.069871,10.135422,10.102631,10.638034,10.769419,10.953705,10.680269,9.893529,10.121393,10.486546
"ROCK2",8.005643,7.963696,7.770483,8.288863,7.758801,8.278238,7.963282,7.902178,7.890178,7.230487,8.01034,7.228832,7.556929,7.866774,8.378646,8.335112,8.413974,8.423653,8.757106,8.492972,8.337512
"SMC6",8.379652,7.78625,7.352409,8.289347,7.478722,8.481158,7.182493,7.945195,8.083488,6.903623,7.729056,6.876867,7.574095,9.035981,8.544746,8.935273,8.527753,8.693315,8.935102,8.705815,7.925184
"TTC32",5.849224,5.880526,5.156387,6.20496,6.218568,6.374897,5.793162,5.681367,5.691047,5.210117,5.931595,4.982634,5.342604,6.069285,6.077843,6.025597,5.783683,5.305457,6.708456,6.027228,5.577505
"WDR35",6.648303,6.684048,6.484173,6.865918,6.650731,7.021661,6.531827,6.710075,6.656393,6.010642,6.321242,6.041249,6.549357,6.889033,6.93919,6.492851,6.473097,7.494559,7.114783,7.69172,6.54217
"LDAH",7.337375,6.898675,6.471483,7.416472,7.170866,7.289921,6.997769,7.123995,7.279087,6.438909,6.871722,6.385599,7.020543,7.404663,7.298741,7.352925,6.866992,7.728609,7.36809,8.005515,7.291219
"SF3B6",8.185723,7.661327,7.567535,7.397938,8.467866,8.255982,8.022567,7.833125,7.797527,7.578086,8.518995,7.272197,7.992691,9.039722,8.085683,7.532587,7.855543,7.568111,8.341426,8.154374,7.516121
"PTRHD1",8.148909,7.473933,7.63269,7.852322,7.934046,8.157606,7.559632,7.835621,7.725803,7.649885,8.272888,7.367326,7.773721,8.980144,7.428189,7.579971,7.637728,7.617148,8.050046,7.999752,7.331403
"MPV17",8.276056,8.455892,8.167416,8.682283,8.287218,8.383516,8.147041,8.29269,8.573121,8.347433,8.325111,7.851151,8.428143,8.342168,8.873365,8.888637,9.052924,9.068367,8.776546,8.810898,8.905467
"CCDC121",6.592905,6.374454,6.542777,6.206609,6.424647,6.453522,6.418835,6.577897,6.3203,7.442321,6.667266,7.354941,6.288555,6.676021,6.465991,5.86443,6.589985,6.117683,6.218226,6.178631,6.255078
"SUPT7L",8.446906,8.18568,7.715395,8.559981,8.15796,8.33195,8.028838,8.141004,8.334566,7.996958,8.231494,7.43026,8.651354,8.720081,8.555446,8.430659,8.557638,8.693301,8.768665,8.7574,8.473643
"TRMT61B",7.298087,6.787533,6.240426,7.404495,6.727321,7.142557,6.396448,6.962121,7.118696,5.997597,6.829008,6.061445,6.426119,7.30774,6.959416,7.387433,6.634197,7.378908,7.236799,7.145117,7.089135
"MEMO1",8.530439,7.997207,7.01877,8.000308,8.355784,8.061723,8.30829,7.732521,8.246025,7.676481,8.43748,7.672879,8.516294,8.295602,8.191587,8.078798,8.502429,7.170019,8.562559,8.264158,8.284636
"NLRC4",7.794603,8.204093,7.916227,8.394633,8.718467,8.457043,9.114713,7.823829,7.949428,7.634044,9.552639,7.763823,7.922137,7.397955,8.487935,8.021123,8.136847,8.277368,8.946799,8.291616,8.909109
"EIF2AK2",9.13975,8.756171,8.672716,9.708442,9.632637,9.540982,9.456123,9.169088,9.140432,8.312809,10.153944,7.881707,9.239142,9.095487,9.146246,9.012638,9.721162,9.282878,9.51586,9.202859,11.030717
"CEBPZ",6.866246,6.565753,6.323833,6.896297,6.708685,6.988639,6.392574,6.683911,6.704763,6.326157,6.649948,5.824502,6.442121,7.631328,6.724669,6.71758,6.7104,6.897767,7.499966,7.339989,6.656659
"CYP1B1",7.689556,8.407016,7.50815,7.971844,8.286921,7.091263,8.801038,7.026889,7.466602,7.283288,8.480205,7.202707,7.182238,7.382264,7.669686,7.484908,7.587231,8.114256,7.545787,8.466266,7.57019
"ATL2",8.480344,8.359233,8.283487,8.904943,8.357666,8.748458,8.405277,8.307102,8.5204,7.87481,8.257302,7.297365,8.258134,8.686182,8.857415,8.831128,8.611439,9.096856,9.175844,9.036686,8.474084
"HNRNPLL",7.941613,8.029189,7.501248,7.590195,8.181132,8.082148,8.167934,7.749724,7.995218,7.474642,8.30957,7.209539,8.072972,7.606712,8.2118,7.918985,7.803898,7.810892,8.622194,7.935267,8.19192
"SRSF7",9.600386,9.316144,8.936413,9.764568,9.233917,9.393609,9.061115,9.297785,9.630861,8.966254,9.346455,8.139568,9.646508,9.904639,9.507915,9.616415,9.206271,9.653695,9.583483,9.964259,9.361201
"SOS1",9.189811,8.818032,8.67201,9.127048,8.940849,9.139574,9.087986,8.923881,9.024747,8.683604,8.962768,7.988408,8.977221,8.994704,9.198639,9.314273,9.227223,9.400221,9.682265,9.669059,9.25271
"THUMPD2",7.012753,6.729958,6.640312,7.119191,6.772489,7.056881,6.458704,6.801869,6.915668,6.327433,6.521539,5.964421,6.720422,7.251406,6.975055,7.318282,6.90651,7.191049,7.35018,7.096333,6.968215
"SLC8A1",7.71116,7.83885,7.609891,7.740868,8.506898,7.610142,8.998684,7.778963,7.745413,7.456904,8.501094,7.659124,8.252519,7.031273,7.887454,7.865784,8.262754,8.343001,8.833463,8.431683,7.955339
"OXER1",7.230957,7.544356,7.64841,7.454284,7.691091,7.669429,7.660591,7.4984,7.30711,8.06653,7.733285,7.86534,7.470479,7.386109,7.735919,7.365109,7.653828,7.346032,7.597359,7.220744,6.964486
"ZFP36L2",9.846283,10.341443,10.135477,10.060976,9.972951,10.19527,10.41712,10.090795,10.104981,10.081685,10.251302,9.718489,10.030603,9.932487,9.947123,9.920852,10.263736,10.003466,9.90473,9.804783,10.216493
"LRPPRC",9.167226,8.603478,8.689782,9.557197,8.808155,9.279884,8.763321,8.990103,9.018414,8.66039,8.59918,7.710092,8.772948,9.354316,9.238641,9.346377,8.940232,9.505163,9.610109,9.852958,8.935908
"PREPL",8.678448,8.456742,8.156591,9.104434,8.491796,8.785801,8.628452,8.375127,8.50433,8.347094,8.144915,7.593354,8.278164,8.53668,8.985896,8.97422,9.026291,9.2277,9.399009,9.635387,8.942194
"PIGF",7.436035,7.009613,5.003443,7.505297,7.033054,7.612747,6.884292,6.644507,7.311821,6.187687,7.130235,5.041964,6.892583,7.788994,7.836168,7.891869,7.880132,7.601802,8.279156,8.714723,6.841941
"CALM2",10.272492,10.232544,9.75214,9.875164,10.421672,10.153324,9.654571,9.895924,10.028755,10.02359,10.147418,9.521734,10.068467,10.400207,10.193612,10.061038,10.406176,9.801298,10.728451,10.005153,9.967837
"FBXO11",9.356481,9.450474,9.064609,9.700472,9.336274,9.510954,9.513425,9.218811,9.521836,8.91529,9.376398,8.253247,9.306118,9.423929,9.702129,9.682861,9.559567,10.098509,9.957739,9.64526,9.404088
"PSME4",8.833522,8.697501,8.574803,9.305789,8.532122,8.913306,9.229585,8.557275,8.867437,8.267606,8.741759,7.932482,8.963331,8.786328,9.092007,8.900835,8.780913,9.296384,9.545563,9.487194,8.886167
"CLHC1",4.833439,5.640521,4.571922,5.508104,4.530503,4.947298,4.836499,4.705116,5.052793,4.832727,4.806721,5.026348,4.721664,5.792209,5.646756,5.174733,4.889227,5.347583,5.194526,5.247633,5.074458
"MTIF2",7.236966,7.119553,6.751521,7.192021,7.085179,7.230472,6.56515,7.077469,7.218345,6.726347,7.081959,6.245427,7.081197,7.507418,7.257325,7.269824,7.08681,7.323054,7.36272,7.240712,7.111796
"CCDC88A",7.768883,8.287705,7.630162,8.291654,8.053028,8.04434,7.843028,7.665849,8.220789,7.649511,8.310597,7.174533,7.881883,8.139392,8.063379,8.166883,8.089345,8.108179,8.618675,8.723895,7.855899
"PNPT1",8.101896,7.762154,7.164034,8.461022,8.100454,8.080561,7.565426,7.94951,8.046966,7.537559,8.053876,6.676983,7.634204,8.32946,7.983037,8.183555,8.196899,8.390011,8.306809,8.280403,9.168855
"FANCL",6.102807,5.628637,5.265292,5.817954,5.695531,6.306781,5.454891,5.256372,5.895406,5.090089,6.207301,4.993587,5.771845,6.320385,5.765804,5.706307,6.221357,6.389965,6.633497,6.954843,6.41769
"BCL11A",8.017509,7.897258,7.674981,8.419034,7.775635,8.13132,7.490573,8.222844,8.415829,7.652716,8.158688,7.60859,8.086309,8.453766,8.098705,8.577087,8.277213,8.752185,8.154191,8.135002,7.72533
"PUS10",7.015976,6.717798,6.573152,6.953649,6.529392,6.933132,6.79575,6.527772,6.580024,6.241568,6.964252,6.434379,6.593949,6.688932,7.174995,7.405135,7.058606,7.396636,7.415753,7.67288,7.263038
"USP34",9.805194,9.843669,9.660443,10.334733,9.635542,9.845354,10.237672,9.662274,9.925287,9.415635,9.696411,8.998093,10.00177,9.531613,9.990786,9.962613,9.726293,10.412278,10.361433,10.402286,9.75375
"SNORA70B",6.33634,6.630835,6.564018,7.110418,6.555886,6.402959,6.595742,6.370483,6.608792,6.341705,6.258927,6.225113,6.575918,5.729385,6.368795,6.501385,6.915701,7.363027,7.407077,6.894201,6.743932
"XPO1",9.371211,9.124983,8.937553,10.078955,9.391536,9.384891,9.312761,9.146353,9.353557,8.707874,9.296553,8.341489,9.16881,9.819994,9.525595,9.709749,9.501319,9.650925,9.966859,10.080015,9.98038
"CCT4",9.174154,9.064519,8.917897,9.48049,8.859915,9.453993,8.876511,9.055482,9.225461,8.664613,9.036756,8.050026,8.839474,9.792616,8.938416,9.085921,9.029293,8.913698,8.971877,8.797065,8.703234
"VPS54",7.097774,6.772599,6.798705,7.037278,7.132742,7.478337,6.701024,6.752218,7.125886,6.413115,6.917742,5.763709,6.98344,7.126385,7.293193,7.294115,7.039413,7.396137,7.778928,7.596065,7.238988
"PELI1",10.287163,10.53184,9.999155,9.7741,10.570224,10.422145,10.980176,10.26671,10.389439,10.178453,10.727438,9.735172,10.791542,9.872224,10.631527,10.172386,10.606099,10.641503,10.883953,10.581561,10.488315
"RAB1A",9.738453,9.895707,9.365059,9.773786,10.042741,9.900423,9.739572,9.652383,9.927115,9.417097,10.10746,8.897734,9.868134,9.665088,10.046472,9.96603,10.057352,10.218057,10.325976,9.775826,10.110538
"PPP3R1",9.922717,10.133152,9.654053,10.41903,10.04806,10.05913,10.485299,9.9217,9.901599,9.454378,9.880523,9.439908,9.748016,9.642612,10.155259,9.931729,9.947681,10.247246,10.530276,10.229173,9.91879
"AAK1",8.539952,8.696741,8.123306,9.096227,8.317583,8.540447,8.48252,8.574711,8.526527,8.323286,8.18279,7.695246,8.784543,8.024789,8.50441,8.982855,8.865207,9.377838,8.913836,8.916588,8.76738
"TIA1",10.250014,9.819601,9.563693,10.431784,9.69816,10.001598,9.85873,9.912498,10.147842,9.512553,9.70744,9.063584,9.999728,10.135955,10.10981,10.303722,9.974113,10.396775,10.438322,10.407683,9.846727
"ADD2",6.646542,6.261892,6.542917,6.952288,6.848445,6.581164,6.171569,6.612226,7.028305,6.681041,6.16189,6.706217,6.408747,6.863985,6.163209,6.508947,6.219807,6.180957,5.978805,6.736388,6.308103
"CLEC4F",6.576712,6.164777,6.549651,5.850012,6.646056,6.000405,7.053785,6.38651,6.645662,6.902842,6.347219,7.280191,6.669812,6.602462,6.073492,6.124035,6.427246,5.977296,6.282082,6.361891,7.103232
"EGR4",7.565841,7.27449,7.724506,7.251539,7.680478,7.361966,7.367782,7.777227,7.257838,7.391664,7.33223,7.089971,7.1371,7.487484,7.157469,7.137071,7.071728,6.920411,6.775424,7.159441,7.36972
"NAT8",5.51525,5.406356,5.878098,5.226292,5.528443,5.232545,5.918699,5.502296,5.334781,5.880079,5.504627,6.550571,5.407837,5.120445,5.268575,5.379088,5.578599,5.364705,5.37615,5.685357,5.48124
"TPRKB",6.260269,6.074247,5.826175,6.385076,6.207235,6.383344,5.917301,5.935226,6.339985,5.961856,6.138217,5.289848,5.889799,7.169972,6.662009,5.964042,5.893371,5.846018,6.408899,6.288837,5.682498
"DUSP11",9.676998,9.444091,9.156474,9.728907,9.521475,9.657363,9.462764,9.716086,9.809268,9.370395,9.326432,8.849266,9.649059,9.893056,9.706806,9.848943,9.754626,9.751942,9.957683,9.904115,9.570706
"MOB1A",11.165411,11.00384,10.842522,11.314013,11.178919,11.291198,11.303515,10.927886,11.21736,10.840359,11.297458,10.54969,11.18379,11.298783,11.358246,11.380959,11.4494,11.455782,11.709646,11.200072,11.432604
"MRPL53",9.052287,9.187319,8.807983,9.312011,9.247096,9.083508,8.83009,8.794255,9.071974,8.963973,9.116374,8.031047,9.048531,9.629755,8.872915,8.535348,8.651757,8.777458,8.723631,8.898614,8.438616
"LBX2",7.706632,7.819459,8.335934,7.586018,7.740854,7.737138,7.742735,7.880477,7.294335,7.553976,7.656664,7.324682,7.484108,7.806036,7.627058,7.257246,7.109707,7.227718,7.105805,7.594247,7.776878
"AUP1",8.636171,8.754597,8.686529,8.870668,8.55855,8.875991,8.648599,8.614798,8.808585,8.363347,8.837728,8.011053,8.766624,9.124343,8.685019,8.769778,8.696113,8.59945,8.702638,8.610206,8.815379
"GCFC2",6.584061,6.50495,6.23825,6.832324,6.364612,6.661905,6.147044,6.415541,6.223731,6.15402,6.350242,5.768855,6.217195,6.661838,6.87949,6.877547,6.572342,6.92101,7.006758,6.999498,6.287459
"CAPG",8.680551,9.173742,9.081467,9.3082,9.282878,9.061192,9.092551,8.903083,8.939818,8.843412,9.595276,8.434512,8.918474,8.774244,8.6728,8.835266,8.606787,8.67394,8.550265,8.887922,9.351947
"CD8A",8.927056,8.997215,8.993133,9.059177,8.030059,9.097943,8.488514,9.271623,9.09525,8.662807,8.628845,8.36549,8.757014,9.176286,8.591362,8.512083,8.222547,8.292264,8.805807,8.697787,8.776043
"KRCC1",7.354439,7.069045,6.441984,7.421232,7.638767,7.532574,7.082153,7.177259,7.256347,6.655576,7.421329,6.071918,7.009172,8.170213,7.839402,7.445967,7.29969,7.508758,8.271802,7.854295,7.294754
"LOC105374857",4.862546,4.684428,4.811956,4.614912,4.599,4.698839,4.82512,4.879613,4.645913,5.347361,4.589369,6.401603,4.751833,5.013933,4.737685,5.135041,5.632296,4.427463,4.815346,4.566356,4.598313
"UBTFL1",6.299722,4.8787,6.262911,5.560812,4.66058,5.683522,6.317661,5.317628,4.376054,7.949391,5.206211,8.800983,5.728797,4.000432,4.735156,5.593746,6.921517,4.6657,4.766434,4.158421,5.050744
"ANKRD36C",9.165639,8.70606,8.302236,8.922206,8.678653,8.775904,8.186177,8.689296,9.051833,8.281977,7.896489,7.768169,8.207661,8.835028,8.734889,9.045235,8.618481,8.481152,9.174261,9.384738,8.279869
"TMEM127",9.146027,9.77193,9.530434,9.344211,9.547267,9.672325,9.953252,9.665021,9.466026,9.409795,9.785252,9.089276,9.481145,9.20522,9.620379,9.381226,9.732214,9.60892,9.846787,9.259945,9.904967
"SEMA4C",6.702557,6.678309,6.83752,6.888354,6.924408,6.449065,6.565761,6.962343,6.591416,6.814689,6.49158,6.668456,6.850332,6.539525,6.727501,6.870918,6.574168,6.47966,6.504355,6.552898,6.649431
"ANKRD36B",9.11262,8.568018,8.570979,9.144606,8.630087,8.901853,7.762816,9.005719,9.222479,8.288402,8.456415,7.804645,8.71624,8.670095,8.753896,9.014421,8.389569,8.33051,8.52626,9.289699,8.585847
"MGAT4A",9.708821,9.562592,9.298616,10.217589,9.361696,9.652285,9.489121,9.638694,9.72177,9.368661,9.095318,8.308856,9.44934,9.75491,9.739097,9.80783,9.386047,9.860791,9.956623,9.977532,9.483079
"MITD1",6.953511,6.713762,6.569078,6.896261,7.019766,7.127952,6.441582,7.208746,6.941206,6.546357,6.777519,5.792225,6.742852,8.019564,6.825002,6.990079,6.583167,6.986152,7.568793,7.10971,6.731668
"TXNDC9",6.827262,6.314367,6.192993,6.530944,6.649459,7.206615,6.60214,6.675395,6.285959,6.133339,6.595185,5.71188,6.6782,7.460643,7.014352,6.755682,6.775582,6.597532,7.313739,7.018063,6.513773
"REV1",7.995611,7.846677,7.445432,7.963178,7.903847,7.864695,7.924388,7.819373,8.034578,7.453802,7.945135,7.139701,7.99745,8.07284,7.896719,7.918529,7.738215,8.456431,8.33312,8.141226,7.704378
"AFF3",8.113403,7.527039,7.16511,8.405776,7.648612,7.870555,6.873825,8.138017,8.307943,7.697816,7.855676,7.53506,7.877966,8.151919,7.971541,8.145527,7.763281,8.721247,7.486391,7.576512,7.357835
"RNF149",10.718154,11.030206,10.732235,10.613554,11.066966,10.872355,11.453576,10.72735,10.773116,10.403991,11.358255,10.214096,10.823962,10.287197,11.097369,10.463516,10.842819,11.199601,11.115454,10.443506,10.823598
"TGFBRAP1",7.801406,7.824726,7.481989,7.890433,7.380427,7.701583,7.462499,7.63555,7.651903,7.22285,7.577649,6.986257,7.967313,7.896859,7.795891,7.784394,7.621091,7.949518,7.569445,7.668785,8.156027
"MTLN",4.692661,4.351482,4.279299,4.849146,5.013894,5.038408,4.696523,4.502125,4.573398,5.145723,4.749888,4.920663,4.237534,4.90932,4.849109,4.279029,4.078456,4.560904,4.431659,4.683182,4.360489
"BUB1",5.921314,5.467472,5.34555,5.928098,5.156669,5.616744,5.323154,5.673156,5.470684,5.585867,5.333662,5.433978,5.591417,5.488705,5.753274,5.797198,6.786525,5.655626,5.273829,5.105848,5.764672
"IL1B",7.84332,8.406805,8.085264,8.154354,8.883332,8.474337,9.165191,8.143158,8.21054,7.68442,9.184396,7.987935,8.592206,7.474337,8.682552,8.039516,8.469959,8.439371,9.292016,9.231045,8.551145
"TMEM185B",7.909201,7.726845,7.805086,7.867938,8.093385,7.912119,8.141517,7.533997,7.89976,7.580001,8.250522,7.269398,8.062732,8.050136,8.082735,7.958367,8.055147,8.260729,8.150186,8.044763,8.085355
"MAP3K2",9.58455,9.374354,8.996977,9.395271,9.690634,9.563254,10.138524,9.266388,9.659321,9.122271,10.161279,8.608007,9.553444,9.182092,9.417463,9.220595,9.326102,9.743488,9.852533,9.176494,9.256157
"SAP130",8.142328,8.572944,8.429029,8.605515,8.381417,8.56182,8.704803,8.360258,8.25553,8.284745,8.26289,8.164932,8.501378,8.010889,8.51233,8.351261,8.776901,8.816537,8.741422,8.375124,8.61677
"SMPD4",7.844408,7.871485,7.581076,8.188423,7.609857,8.011589,7.484158,7.719339,7.790654,7.631431,7.582267,7.262811,7.605329,8.007677,7.770567,7.942371,8.014694,7.915574,7.982131,7.841723,7.653559
"CDRT15P3",9.224721,9.26085,9.586087,8.935766,9.35793,8.811467,9.34426,9.202268,9.370371,9.771508,8.763685,9.839316,8.941506,9.432437,8.830242,9.006368,8.957044,8.450297,8.788731,9.052864,8.684545
"MCM6",7.59879,7.524012,7.153336,7.718225,7.258872,7.634692,6.627302,7.471946,7.12705,6.818742,7.103305,6.502792,7.429649,7.532293,7.608857,7.495955,7.64111,7.472552,7.532619,7.464629,7.894212
"DARS1",9.548291,9.29635,8.899623,9.534384,9.292279,9.589242,8.740914,9.286646,9.358631,8.927331,9.117049,8.361754,9.22702,9.812551,9.732916,9.742132,9.923396,9.669049,9.779188,9.782081,9.839301
"YWHAE",9.514425,9.703003,9.384277,9.735676,9.702431,9.755835,8.972128,9.452418,9.491121,9.264916,9.645844,8.818693,9.362175,9.794989,9.834074,9.877487,10.02177,9.848346,10.092544,9.854014,9.946084
"ZEB2",9.737253,9.753922,9.315789,9.686481,9.532356,9.603527,9.971653,9.543522,9.871608,9.311681,9.756618,9.221068,9.973923,9.232478,9.410083,9.769401,9.611712,9.769063,9.727245,10.091708,9.977225
"ORC4",8.131013,7.748029,7.288817,8.065041,7.902321,8.340617,8.077067,7.729311,7.995057,7.354133,7.969674,6.478727,7.767814,8.68262,8.280826,8.327852,8.087809,8.119929,8.950241,8.589872,7.816861
"MMADHC",9.294659,9.093156,8.42244,9.263939,9.386142,9.509384,9.186192,9.035398,9.122081,8.763935,9.420085,7.952003,8.920554,9.655452,9.526937,9.425054,9.442046,9.379869,9.948372,9.489398,9.151406
"NMI",8.784193,8.586773,8.439504,8.581703,9.408031,9.419229,8.82369,8.500272,8.604733,8.335128,9.646353,7.590911,8.9942,9.267018,8.980675,8.74269,9.295636,9.020423,9.519448,8.656428,9.092205
"ARL5A",8.953529,8.568632,8.434224,8.872042,8.754946,8.791276,8.49554,8.529394,8.832042,8.409769,8.679503,7.702069,8.472972,9.212536,8.769295,8.935311,8.794609,9.031176,9.523623,8.854789,8.826678
"CACNB4",6.260047,6.347147,6.62893,5.802472,6.178256,6.71905,7.545682,6.447066,6.418287,6.405692,6.525388,6.414178,6.311944,6.230137,6.567016,6.04765,6.219731,5.878597,6.614874,6.887455,6.192443
"STAM2",8.290035,8.264794,7.711908,8.279261,8.320055,8.413975,8.580857,7.983807,8.242904,7.484218,8.424726,7.236583,8.226292,8.468576,8.252002,8.391857,8.302718,8.383689,9.105326,8.650155,8.464562
"PRPF40A",8.822948,8.888084,8.698354,8.984219,8.730097,9.139755,8.483284,8.744702,8.942507,8.338553,8.993137,7.866035,8.537866,9.148533,9.224628,9.336802,9.021191,9.081752,9.485798,9.348439,8.994042
"BAZ2B",9.261682,9.724365,9.108469,9.001719,9.502978,9.668725,10.001481,8.924281,9.526531,8.978099,10.003065,8.864636,9.629012,8.617604,9.547902,9.117325,9.422572,9.995832,10.092238,9.589215,9.198155
"IFIH1",7.633671,7.414637,7.181171,8.122605,7.943966,8.110582,7.699479,7.984569,7.803515,7.37251,8.520449,6.373512,7.745416,8.056447,8.042037,7.523939,7.94038,7.823098,7.978059,7.952473,9.484099
"COBLL1",6.884885,6.264337,6.707674,7.298861,6.747244,7.101134,6.250373,6.766892,7.126976,6.106561,6.714906,6.424912,7.170324,7.254945,7.210559,7.207869,7.316682,7.504533,7.133272,7.401605,6.705259
"SCN3A",5.766132,5.243775,5.627189,5.767152,5.449621,5.920385,5.100742,5.143122,5.568599,5.427036,5.528937,5.463855,5.173095,6.018359,5.755074,6.176423,5.640876,6.470081,6.592855,6.283868,5.218622
"GALNT3",6.951295,7.070334,6.958182,7.156055,7.605919,7.348711,7.244309,6.87639,6.921114,6.357197,7.613447,6.378121,7.250405,7.308181,7.27354,7.449423,7.438894,7.421159,8.011878,7.72055,7.674469
"TTC21B",7.899706,7.353024,7.401582,8.176376,7.360512,7.748513,7.35224,7.531181,7.679574,7.198851,7.223388,6.490601,7.623911,7.790097,7.404101,7.866064,7.546323,8.093459,8.140264,8.067721,7.575387
"FASTKD1",7.661993,7.271697,6.785097,7.826669,7.121412,7.532125,7.02998,7.196398,7.342216,6.594564,7.171537,6.014669,6.989066,7.711941,7.854615,7.804664,7.401026,7.946952,8.127185,7.808455,7.214748
"METTL5",8.615949,8.370266,8.308987,8.421239,8.550872,8.50763,7.805853,8.446899,8.525885,7.997181,8.358283,7.868954,8.399721,9.40838,8.528454,8.923489,8.793683,8.520708,8.891034,8.8288,8.672261
"TLK1",8.982847,8.866995,8.301738,9.108838,8.96776,9.132605,8.634012,8.809164,8.882271,8.580099,8.714573,7.757277,8.78481,9.067064,9.171653,9.094694,8.965364,9.298427,9.384861,9.117681,9.006609
"CIR1",7.507637,7.178533,6.517566,7.045858,8.014534,7.35376,6.707103,7.372769,7.451686,7.238292,8.007381,6.52555,7.471061,7.867372,7.808592,7.383874,7.197195,7.452214,7.819332,6.816727,7.377689
"GPR155",9.309426,9.005712,8.556156,9.151705,9.642185,9.033113,9.288265,8.966946,9.266316,8.927688,9.087472,7.976239,9.24834,8.724381,9.158902,9.180529,9.300709,9.403752,9.701533,9.198393,9.27973
"LNPK",8.313169,8.029055,7.528883,8.482981,8.297528,8.266713,8.031983,7.96441,8.017741,7.476307,8.090527,7.195673,8.288151,8.517538,8.301918,8.444853,8.313357,8.5123,9.19634,8.855625,8.547556
"NFE2L2",9.295177,9.484451,9.288678,9.449996,9.691002,9.492704,9.738231,9.271586,9.496571,9.199548,9.792243,8.51964,9.323286,9.442231,9.515132,9.699166,9.418779,9.858052,9.836441,9.488533,9.523506
"PRKRA",8.525998,8.171372,7.685866,8.42051,8.177563,8.350759,8.079554,8.194453,8.330233,8.014804,8.167036,7.380516,8.03558,8.643148,8.821133,8.883653,9.035173,8.935074,9.036586,8.896572,8.540189
"TTN",7.383469,7.227841,7.138172,7.972321,7.164459,7.271627,7.115771,7.406085,7.66196,7.35272,7.106299,6.883156,7.538135,7.001715,7.637346,7.831528,7.409008,8.424423,7.439971,8.074483,7.359645
"CCDC141",7.122954,6.768148,6.533278,7.365172,6.782137,6.98162,6.501776,6.872319,7.313149,6.788751,6.572123,6.113181,6.986976,6.804897,7.350115,7.278199,7.021753,7.693235,7.159807,7.470305,6.756081
"SESTD1",7.881103,8.003866,7.347179,8.45258,7.881048,8.762676,7.936968,7.589746,8.298797,7.110511,8.291497,7.40369,8.025843,8.337099,8.104733,8.167732,8.069367,8.196232,8.896573,8.492897,8.568099
"CWC22",8.043156,7.917218,7.600616,7.942608,8.163579,8.339591,7.487754,8.024006,7.991835,7.322133,8.123884,7.040091,7.819522,8.41865,8.394611,8.635605,8.206799,8.341038,8.918162,8.747113,8.195352
"CALCRL",5.209691,5.018763,4.598596,5.283871,5.040118,5.513857,4.853483,5.13402,4.894628,4.740419,5.792603,4.343845,5.17121,5.823974,5.021961,5.415367,5.277595,5.38342,5.711445,5.862046,4.989937
"SLC40A1",8.938877,9.474858,9.410741,9.639624,9.681007,9.492623,9.872388,9.00076,9.265877,8.666618,9.742807,8.409551,9.325368,8.808757,9.510255,9.372876,9.262946,9.587554,9.982309,9.258511,9.14003
"ORMDL1",8.813037,8.585343,8.222928,9.135945,8.522657,9.113185,8.914261,8.4506,8.956542,8.385976,8.680663,7.922337,9.099342,9.21079,9.010649,8.838889,9.070884,9.171906,9.862824,9.838337,8.88953
"HIBCH",8.26129,7.907986,7.500373,8.274711,7.790385,8.182999,7.33308,7.937178,8.158319,7.223524,7.684107,6.628394,7.377604,8.058255,7.946652,8.527362,7.824219,8.475081,8.142321,8.26421,7.762765
"STAT1",10.871953,10.669904,10.580606,10.918761,10.996951,11.127981,10.725722,11.092515,10.696618,10.835759,11.365052,9.359477,11.456007,10.935494,10.788546,10.746852,10.811376,10.756162,10.787772,10.961098,11.939899
"GTF3C3",8.027453,7.860192,7.680606,8.375839,7.938678,8.250193,7.355684,7.946323,8.015895,7.475881,7.971604,6.786858,7.985654,8.388909,7.85272,8.027976,7.998359,8.232018,8.638138,8.556867,8.262493
"PGAP1",6.645995,5.915667,5.654583,6.72909,6.155861,6.439537,6.020488,6.031045,6.485661,5.455204,6.458604,5.632934,5.980284,6.088067,6.274045,6.272492,6.560531,6.789794,6.888154,7.223226,7.404378
"HSPD1",9.534121,9.239468,8.851735,9.158505,9.265307,9.317946,8.208678,9.282253,9.271217,8.893864,9.152839,8.037372,9.122329,9.63965,9.50405,9.477771,9.16264,8.844631,9.089258,9.031577,9.268232
"TYW5",7.01744,6.749064,6.261263,7.126861,6.789532,7.059989,6.739601,6.712221,6.911727,6.593708,6.498465,5.982358,6.930727,7.074966,7.459593,7.055377,7.138812,7.143142,7.496743,7.516927,6.862851
"PPIL3",7.27596,7.077513,6.850544,7.800424,7.327207,7.172213,7.089171,7.282162,7.502613,7.050136,6.94322,6.629925,7.227632,8.258865,7.554319,7.562936,7.643771,7.730081,7.813681,8.166609,7.549018
"ORC2",8.598444,8.597402,8.016473,8.921729,8.22414,8.42519,8.381423,8.54866,8.651071,7.933146,8.453531,7.417648,8.515163,8.695725,8.618365,8.705477,8.424458,9.005297,8.739552,8.603564,8.541336
"FAM126B",10.527219,10.192319,9.91496,9.969401,10.635652,10.423129,11.18648,10.037011,10.156661,9.606337,10.901803,9.397376,10.214341,9.575606,10.534308,10.074976,10.695193,11.016819,10.743155,9.768246,9.996089
"FLACC1",7.41825,6.842906,7.213955,7.524572,7.745744,7.151724,7.012348,6.872759,7.107646,6.502737,7.493787,7.056882,7.196221,7.430212,7.966719,7.455011,7.294214,6.969958,7.980342,7.613344,7.405384
"SUMO1",10.193877,9.665612,9.203048,9.684774,10.321036,10.064605,8.837806,9.563686,9.797207,9.837314,10.221562,9.456851,9.73235,10.597124,9.997586,10.20024,10.346645,10.040913,10.437203,10.412369,9.996805
"INO80D",8.821852,9.016832,8.613142,9.320446,8.640363,8.969546,8.980319,8.943948,9.052449,8.658967,8.934444,8.38157,9.006708,8.692857,8.991757,9.050528,8.97618,9.311536,9.144154,9.18692,9.267796
"NDUFS1",8.689926,8.828571,8.35162,8.932868,8.472996,8.634524,8.343283,8.585829,8.578815,8.233925,8.671208,7.633145,8.804798,8.546746,8.694957,8.81954,8.670087,8.874848,8.512313,8.808114,8.823883
"KLF7",8.9025,9.135884,9.16963,8.973854,9.150267,9.191433,9.684751,8.99603,9.019553,8.900961,9.220701,8.811501,9.02369,8.705629,8.722568,8.72363,8.734413,9.034727,9.047221,8.632281,8.746675
"PLEKHM3",7.3633,7.974678,7.429076,7.683461,7.587409,7.459905,8.405831,7.488185,7.862323,7.508592,7.940174,7.769044,8.04608,7.495773,8.240496,7.458127,8.047165,8.400011,8.23881,8.191915,7.903221
"IKZF2",8.313136,7.999769,7.897821,8.771608,7.268172,8.53123,7.351353,8.209102,8.01795,7.564228,7.377539,6.860047,8.228421,8.3601,8.050837,8.639002,8.01203,8.201023,8.362159,8.760725,7.811546
"BARD1",7.413739,6.865459,6.960881,7.471122,7.161514,7.190237,7.045155,7.175667,6.84574,6.391097,6.924632,6.332997,7.197262,7.246927,7.502735,7.578335,7.098077,7.24533,7.31188,7.673673,7.518535
"CXCR1",10.761676,11.46561,10.899371,10.502999,11.204223,11.326628,11.962132,11.045407,11.041303,10.729758,11.473462,10.620135,11.144694,10.29864,11.19767,10.802262,10.999246,11.454766,11.528097,11.008318,11.307551
"TMBIM1",9.99573,10.275485,10.176474,10.309947,9.965297,10.135378,10.282131,10.258816,10.209145,9.904943,10.554762,9.60583,10.336035,10.113061,10.338266,10.156964,9.845942,10.098956,10.063588,10.207351,10.462318
"FEV",7.532079,7.569392,8.080333,7.466021,7.633039,7.682112,7.790177,7.825578,7.48884,7.692522,7.667485,7.284084,7.454493,7.371838,7.641883,7.430834,6.951117,7.335718,7.124991,7.265996,7.59896
"MIR375",8.39074,8.29033,8.690197,7.619161,8.252907,8.061434,7.930228,8.563928,8.11513,7.841626,8.149659,8.053565,8.194608,8.27631,7.794206,7.881956,7.578037,7.503027,7.821751,7.93212,7.857837
"CNPPD1",8.444778,8.583223,8.410856,8.393111,8.607429,8.403712,8.190915,8.385436,8.230918,8.184539,8.440285,8.019707,8.178132,8.231616,8.290223,8.161227,7.984675,8.334877,8.19162,8.640836,8.343192
"TUBA4A",9.563794,9.971205,9.717834,9.781399,9.675395,9.86054,9.887487,9.76408,9.627342,9.417316,9.77996,9.118575,9.444021,9.590472,9.7084,9.860957,9.380395,9.651399,9.415171,9.254654,9.473235
"FARSB",8.092262,8.106751,7.748675,8.634463,7.966552,8.120815,7.755557,8.130191,8.117848,7.740958,7.613238,6.858629,8.003538,8.464428,8.163666,8.180945,8.193461,8.551054,8.679732,8.676029,8.043445
"AP1S3",5.067351,5.635442,5.072698,5.584776,5.546772,5.427409,5.089898,5.107595,5.668703,5.072943,5.2081,5.459775,5.722456,5.214064,6.152214,5.459472,5.688066,5.495233,5.097045,4.954125,4.863778
"TRIP12",10.298907,10.379255,10.24411,10.701799,10.312699,10.418876,10.613318,10.31669,10.211493,9.878631,10.413481,9.52,10.584945,9.976579,10.665174,10.387402,10.302971,10.929839,10.682651,10.824211,10.498418
"NCL",9.90985,9.981748,9.707914,9.91164,9.593062,9.914722,8.316081,10.08206,9.825085,9.824803,9.8347,9.309667,10.082261,9.998852,9.902295,9.95253,9.703934,9.776139,9.509049,9.573899,9.920069
"SNORA75",7.16103,6.934656,6.447541,7.383569,6.96588,6.597312,6.591606,6.720698,7.631148,6.371898,6.936666,5.809976,7.584461,7.269597,7.141955,7.492519,6.093261,7.582069,7.40997,6.929651,6.956719
"SNORD20",4.290102,4.06762,3.60944,4.323744,4.236667,4.120097,3.789851,4.079398,5.072772,3.547844,3.679588,3.299004,4.181128,4.605501,4.079544,4.821372,4.045086,4.489488,4.646636,4.487262,3.942925
"SNORD82",5.101001,4.807065,3.941468,5.252895,4.824979,4.86836,4.407287,4.715598,5.344484,4.458215,4.761072,3.82006,5.093009,5.331337,4.472141,5.662934,5.25024,5.241504,5.732765,4.900096,4.649149
"MSL3P1",6.440183,6.180545,5.504958,5.79686,6.859054,7.048251,6.585077,6.345553,6.193783,6.136564,6.676545,5.514449,6.573144,6.446499,6.740127,6.944086,7.051796,6.982262,7.132138,7.05459,6.235132
"LOC93463",6.134089,6.033715,5.672606,5.709407,6.30912,5.634431,6.065736,5.811529,6.061433,6.510933,6.071983,6.93004,6.157518,5.864058,6.219998,6.263907,6.704114,5.55649,5.554295,6.026432,5.989486
"OR6B2",4.583773,4.862604,5.131625,4.327108,4.090585,4.478852,4.751297,4.761551,4.460375,5.842876,4.514324,6.207763,3.985133,4.432496,4.239035,4.792395,5.338818,4.312476,4.271603,4.38018,4.815411
"PRR21",6.875517,6.73206,6.874353,6.587218,6.80989,6.547346,6.913026,6.787449,6.900531,7.525131,6.766704,8.036003,6.9486,6.844572,6.814577,6.876501,7.523055,6.921382,6.692963,6.475246,6.544443
"DEFB129",5.055253,4.885319,5.148252,4.999779,4.837164,4.6716,4.637765,4.845371,4.948775,5.757004,4.798375,6.358042,5.059646,4.941905,4.741144,5.118234,5.788726,4.800132,4.956339,4.607237,5.012361
"RBCK1",8.208864,8.179122,8.480866,8.215629,8.20397,8.387038,8.35892,8.430596,8.229636,8.145793,8.497893,8.160928,8.437315,8.169452,8.33054,8.070745,8.384712,8.308113,8.079133,8.013662,8.636628
"PSMF1",10.372174,10.577167,11.003764,10.752991,10.57341,10.295213,10.257111,10.408858,10.17295,9.895211,10.204524,10.030314,9.905177,9.986643,10.915051,10.479189,10.02081,10.774523,10.66969,11.219027,10.360683
"AP5S1",7.010958,7.165543,7.364936,7.094293,6.845159,7.042137,7.124792,7.331481,7.190556,7.062643,6.888496,6.954748,7.148475,7.097367,7.257445,7.134994,6.922248,7.011721,6.812218,6.974705,6.987677
"MIR103A2",5.806691,6.49413,5.81273,6.109918,6.077822,6.119128,6.377005,6.293366,6.387197,6.120463,6.600664,5.879989,6.53864,5.468391,6.66859,6.626778,6.382473,6.7907,6.685451,6.029322,5.983638
"SMOX",7.369258,7.77739,7.991363,7.942399,7.986418,7.168034,7.745176,7.689868,7.025177,7.314006,7.480879,7.427449,7.190302,7.069044,7.738671,7.684073,7.354759,7.350595,7.328294,6.824394,7.126187
"CDS2",9.585277,9.538235,9.166579,9.193264,9.436577,9.491474,10.011295,9.223192,9.521903,8.951214,9.61871,8.546933,9.554703,9.10668,9.651357,9.298581,9.415202,9.606508,9.594331,9.328916,9.268648
"SNRPB2",8.827242,8.367264,8.199778,8.28863,8.532023,8.751989,7.966215,8.640869,8.713639,8.460658,8.820403,7.877661,8.77742,9.302422,9.035343,9.057365,8.763912,8.313379,9.220787,8.789748,8.624656
"DSTN",7.664088,7.710056,7.129172,7.604973,6.864102,7.651075,7.320683,7.702124,7.358151,6.976667,7.274158,6.753771,7.500456,7.903315,7.847967,7.506715,7.257375,7.512537,7.535386,7.550029,7.712314
"RIN2",7.248901,7.52025,7.274247,7.698636,7.569942,7.370472,7.904513,7.604743,7.645593,7.368269,7.913388,7.171202,7.268182,6.857637,7.568388,7.357316,7.480936,7.345791,7.269447,7.605405,8.797993
"XRN2",8.984271,9.421072,8.657923,9.252136,9.1624,9.089757,9.32627,8.876688,9.039133,8.713911,9.342127,8.009756,9.198012,8.800508,9.347687,9.109587,9.158657,9.567644,9.601659,9.376427,9.029951
"CST7",10.013618,10.333077,9.6385,9.584992,10.392189,9.954889,9.801187,10.13117,9.589571,9.346629,10.168727,9.788043,10.089715,9.880509,9.615212,10.284877,9.906584,10.591637,10.019499,10.381531,10.484028
"LOC100134868",6.716634,6.895187,6.720004,6.80913,6.87055,6.519089,6.523116,6.581886,6.907603,7.408508,6.680919,7.889535,6.816328,7.012963,6.353888,6.867107,7.108484,6.747323,5.9113,6.558604,6.334456
"DEFB115",5.608989,5.356823,6.035479,5.417953,5.587709,5.410808,5.65755,5.80862,5.596616,6.567869,5.555444,7.024303,5.727418,5.444687,5.591328,5.781805,6.085452,5.68599,5.565257,5.470259,5.826164
"HCK",10.206965,10.996264,10.546793,10.27998,10.806845,10.59363,11.148347,10.427283,10.544917,10.276207,11.141822,9.99662,10.497772,9.700015,10.577946,10.292519,10.318679,10.823089,10.532862,9.992061,10.285273
"MAPRE1",9.911792,10.255528,9.548332,10.236996,9.954086,10.120244,9.787614,10.228923,9.89497,9.820299,10.040139,9.464172,9.988884,9.907209,10.161926,10.120594,9.765485,10.266443,9.923441,9.863105,9.961955
"MT1P3",6.400211,6.55234,6.56824,6.255855,6.621594,6.131327,6.730998,6.675452,6.459125,7.000456,6.502046,7.278231,6.303353,6.5843,6.25195,6.178313,6.437323,6.213917,5.998791,5.769622,6.644921
"ERGIC3",9.28831,9.540318,9.224016,9.534109,9.352088,9.500375,8.864024,9.316531,9.215549,9.141375,9.421881,8.617813,9.274487,9.746995,9.636276,9.528969,9.482076,9.570168,9.308559,9.75056,9.021191
"RPF2",7.310075,7.112961,6.666968,7.221913,7.203606,7.513343,6.403073,7.016896,7.306202,7.200659,6.78101,6.902324,7.167741,7.948429,7.628893,7.779648,8.17556,7.706453,8.079334,7.667289,7.417256
"PHF20",8.459882,8.903844,8.378928,8.799299,8.223412,8.584322,8.57093,8.622367,8.768935,8.478078,8.986296,8.003837,8.759613,8.450288,8.931269,8.772917,8.429395,8.95715,8.608356,8.602099,8.544753
"BPI",6.481791,6.492455,6.627473,7.573351,7.143914,6.697025,7.109411,6.000084,6.136157,6.350294,7.096989,6.639802,6.009317,5.930118,6.412176,6.464613,6.598944,6.591486,8.095154,6.924852,9.158376
"PPP1R16B",8.280899,8.105956,8.117373,8.374958,7.986423,8.428265,7.88651,8.356964,8.350018,7.987562,8.080909,7.985351,8.3136,8.466682,8.088052,8.299561,8.301837,8.334371,7.856565,8.101148,8.193279
"PLCG1",9.266282,9.14566,9.069805,9.376203,8.560646,8.995947,8.386608,9.192344,9.3788,8.929809,8.803711,8.038633,9.33698,9.144159,8.96494,9.046085,8.758657,9.044336,8.586391,8.698007,9.211099
"MYBL2",7.265622,6.904374,7.410006,7.154646,7.221787,7.085029,7.037168,7.217054,6.905119,7.183469,7.096083,7.276304,6.991546,7.76122,6.994243,7.240355,8.051974,7.194667,6.97723,6.970817,7.332684
"STK4",11.217744,11.423042,11.316995,11.515014,11.165145,11.307069,11.320822,11.29115,11.42866,10.99968,11.364375,10.728356,11.268376,10.882561,11.375438,11.388648,11.05387,11.550348,11.267301,11.194243,11.235497
"PI3",7.65696,9.738134,8.748085,7.726293,7.934733,8.456818,9.311377,8.316403,8.39102,8.052871,9.099744,9.359422,8.124367,7.662543,8.053798,7.535618,8.62554,8.145992,9.754258,9.107183,6.910264
"PIGT",7.817969,8.228684,7.657522,8.00348,7.922262,7.905039,7.872726,7.855861,7.887423,7.734407,7.942618,7.49117,8.022458,7.745402,8.001713,8.031367,7.985934,8.13124,7.926171,8.058305,8.134005
"DNTTIP1",8.211091,8.673704,8.413163,8.156207,8.695174,8.686326,8.753145,8.363076,8.547866,8.261825,8.972116,8.489911,8.513013,8.376376,8.427359,8.189174,8.424152,8.318021,8.59378,8.111537,8.432788
"ZSWIM1",7.466316,7.545534,7.349866,7.69251,7.214919,7.608214,7.500701,7.448684,7.607295,7.383123,7.398164,7.525168,7.204818,7.588034,7.298111,7.6609,7.325308,7.676371,7.549833,7.564477,7.617681
"CTSA",9.046134,9.724074,9.537213,9.925922,9.344683,9.63334,9.904832,9.443232,9.165585,8.934393,9.288482,8.667076,9.399204,8.74455,9.657601,9.685497,9.364517,9.769317,9.431355,9.266453,9.958913
"PCIF1",7.996417,8.369772,8.132098,8.201556,7.990379,8.20487,8.15037,8.061141,8.064734,7.856588,8.13749,7.741123,8.065586,7.984125,8.092189,8.126433,8.026547,8.140815,8.219489,8.024642,8.22625
"MMP9",7.453687,7.842442,8.178015,7.917276,8.396263,8.628212,8.722209,7.831438,7.504954,7.550696,9.041467,7.709065,7.709703,7.206089,7.763714,7.235474,7.561007,8.29032,8.182646,7.356613,8.109854
"NCOA3",9.77159,9.963857,9.810828,10.528509,9.461798,10.007343,10.123557,10.040001,10.008661,9.655766,9.867038,9.194968,10.110288,9.67949,10.166187,10.281052,10.252441,10.722278,10.034097,10.295748,10.392798
"CSE1L",8.828753,8.706552,8.20348,9.15671,8.546864,9.052522,8.446496,8.540435,8.736468,8.238925,8.587905,7.519538,8.76973,9.091576,8.935173,9.017856,8.932685,9.10897,9.353811,9.235508,8.756885
"SNORD12C",6.948889,7.348751,6.631559,6.813474,7.513136,7.310418,7.580802,6.879733,7.356963,6.11088,7.723944,5.236529,6.975119,7.430754,7.263053,7.216834,6.895521,7.836407,7.773759,6.68268,6.659547
"CEBPB",8.849076,9.014152,8.819637,8.673027,9.334435,8.733996,9.150407,8.965887,8.901686,8.827138,9.630974,8.607284,8.727532,8.550844,9.067135,8.732725,8.522987,8.784114,8.785592,8.338493,8.998202
"PFDN4",4.913125,4.490466,4.42282,5.088174,4.796104,4.809966,4.674912,4.75786,4.642026,4.467117,4.610038,4.199944,4.472611,5.923325,5.42077,4.981079,4.813129,5.231424,5.905705,5.416779,4.743707
"FAM210B",8.874165,8.8544,9.379622,9.358309,9.65879,8.974755,9.344657,8.846879,8.691475,8.602829,8.571808,8.848,8.717261,8.361223,9.240309,8.71827,8.038285,8.763001,9.207421,9.277192,8.90075
"CASS4",7.782156,8.821129,8.449726,7.88268,8.36863,8.502133,9.091928,8.289827,8.40117,7.985116,8.785066,7.753772,7.923291,7.889473,8.665877,7.948695,7.927983,8.404171,8.682273,8.078045,7.256223
"RBM38",9.529797,9.248963,9.724343,9.973674,9.839723,9.3392,9.396648,9.209105,9.310298,8.818619,9.417807,8.885017,8.86732,9.282252,9.649869,9.30839,8.486513,9.280424,9.006658,9.721508,9.306877
"TUBB1",9.50563,10.314065,10.459398,11.01089,9.77678,10.611276,11.095737,10.162099,8.944894,8.842011,9.179662,9.324142,9.442817,7.801879,10.590194,10.721204,8.506136,10.323055,9.851371,9.580706,10.406867
"MIR646HG",6.517103,6.971239,6.782158,6.348069,6.805516,6.41126,7.252165,6.296002,6.959885,6.624566,7.346247,7.47954,6.877612,5.899767,7.175021,7.454323,7.00645,7.216838,7.173566,6.262305,6.356079
"OSBPL2",8.810254,9.339235,8.982985,8.975364,9.246579,9.13264,9.471677,9.079354,8.959034,8.831939,9.417059,8.624385,8.921931,8.492082,9.393687,8.912406,9.052088,9.389228,9.109353,8.710203,9.184734
"ADRM1",8.275829,8.612863,8.513834,8.402123,8.521751,8.575249,8.237615,8.560566,8.217702,8.348073,8.520877,8.023816,8.386393,8.362726,8.474249,8.320793,8.281269,8.468236,8.439295,8.426329,8.631045
"RPS21",9.166423,8.605418,8.258145,8.394944,8.816488,9.026314,7.876363,8.700316,8.831019,8.957715,8.89221,8.273522,8.644899,10.179508,7.560239,7.775137,7.748356,7.710042,8.010865,7.696772,7.151612
"PPDPF",8.600504,8.912152,8.860565,8.599765,8.440465,8.731875,8.523758,8.540416,8.516873,8.245736,8.533332,8.442623,8.22488,8.401707,8.588202,8.61384,8.293482,8.424131,8.355919,8.982329,8.641369
"TPD52L2",8.619465,8.76826,8.58406,8.441254,8.96138,8.891547,9.185504,8.58324,8.740431,8.471948,9.491331,8.264325,8.779451,8.490796,8.826363,8.723031,8.634731,8.626978,8.675862,8.276545,8.820739
"DEFB128",3.861817,3.947953,3.881385,3.595246,3.949981,3.678916,3.967256,3.669648,4.205314,4.338414,3.500652,5.410925,3.948353,3.711275,4.005715,4.03863,4.147885,4.100107,4.175647,3.59451,3.832618
"SRXN1",8.138856,8.511013,8.0478,8.041495,8.732782,7.994542,8.823445,7.930821,7.952611,7.786098,8.864766,7.360691,8.145714,7.943945,7.530889,7.978711,7.482924,7.7002,8.653975,7.497847,7.486974
"SIRPB2",8.421364,9.391475,8.910806,8.722084,8.956974,9.047136,9.866115,8.485668,8.764991,8.029021,9.626665,8.798039,8.988479,7.805183,8.996757,8.79784,8.59952,8.969392,9.033346,8.887261,9.001143
"SIRPB1",7.72122,9.428407,8.37856,9.067339,9.301584,9.100997,9.129881,8.625966,8.11487,8.311551,9.732811,7.964745,9.011903,7.608206,8.968199,8.144694,8.315742,9.355419,9.656337,8.772132,8.390687
"SIRPG",8.768517,8.771983,8.669874,9.357286,8.671571,9.195574,8.508856,9.128062,8.808975,8.766572,8.564189,8.248398,8.738898,9.005593,9.035011,8.820757,8.976383,8.972267,8.720598,9.032718,8.676846
"SNRPB",9.087577,9.307004,9.163936,9.414012,8.705218,9.222186,8.796305,9.042815,8.727112,8.733286,8.819209,7.923759,8.950337,9.157887,8.599363,8.657668,8.526556,8.825916,8.582786,8.528,8.66689
"PCED1A",7.350484,7.292436,7.521196,7.538549,7.401159,7.480414,7.345452,7.565851,7.696556,7.43927,7.32635,7.453602,7.628288,7.559265,7.352346,7.198949,7.373538,7.518628,7.338222,7.322769,7.396079
"SIGLEC1",6.868516,6.982761,7.337073,7.013263,7.124649,7.090075,7.194964,7.166529,6.926062,7.126217,7.253518,7.881605,7.193149,6.956899,7.073916,7.054304,7.406361,6.849463,6.79145,7.040594,8.536394
"RNF24",9.154777,9.617091,9.206596,8.837938,9.638663,9.608567,10.172165,8.966945,9.384339,9.265617,9.689828,9.265981,9.573778,8.245284,9.536082,9.221349,9.463102,9.913991,9.782009,9.075713,9.367744
"RASSF2",10.412983,10.844808,10.458792,10.320265,10.840045,10.738701,11.261883,10.455884,10.90985,10.460143,11.310349,10.345475,10.939239,10.339828,10.604215,10.431963,10.711702,10.65389,10.73894,10.336951,10.301267
"PCNA",8.55411,8.311829,7.918983,8.304449,8.186085,8.556055,7.678389,8.278397,8.173547,7.913505,8.191616,7.308806,8.144758,8.988713,8.066239,8.093126,8.068943,8.196983,8.21816,8.011275,8.454182
"GPCPD1",10.017784,9.836968,9.773435,10.350611,10.197794,9.985557,10.432371,9.665532,10.024497,9.467899,9.853182,9.379334,10.038417,9.755081,9.894265,9.978307,10.089951,10.358873,10.751437,10.597239,9.798905
"TMX4",9.502369,9.575953,9.483288,9.297098,9.784313,10.080446,9.755178,9.458171,9.489354,9.309366,9.882988,9.014704,9.689337,9.437911,9.90317,9.517384,9.545919,9.787199,9.926565,9.728476,9.324445
"MKKS",6.869057,6.314939,6.206561,6.997305,6.779482,6.913709,6.70274,6.489818,6.813518,6.486902,6.512581,5.772793,6.51295,7.151144,6.983812,7.111939,6.843585,6.881901,7.533532,7.093146,6.673511
"ESF1",6.424702,6.177872,5.796215,6.516054,6.212562,6.489743,4.972429,6.298307,6.176514,5.508249,6.099355,5.707143,5.623376,7.172659,6.959645,7.031227,6.68815,7.080869,6.78833,7.036815,6.160871
"KIF16B",6.720016,6.740511,5.875311,7.055596,6.299126,6.56492,6.438411,6.440474,7.017985,6.122311,6.755411,6.127005,6.703153,6.391715,6.737611,6.621972,5.954121,6.987269,6.677679,6.732106,6.918661
"CD93",8.611154,9.032747,9.315935,9.064128,9.402868,9.040572,9.872279,9.227649,8.842523,8.557918,9.710616,8.5477,9.318018,8.136574,9.120524,8.968676,8.82408,8.99143,9.791508,9.100673,9.069283
"CST3",9.573528,10.404656,9.968432,9.694916,10.155305,10.158597,10.176099,9.872686,10.007387,10.229416,10.284416,9.452343,9.710194,9.788048,9.636319,9.717805,9.857209,9.26693,9.855168,9.74309,10.196517
"CST1",5.294522,5.450477,5.392573,5.154059,5.701243,5.701044,5.509407,5.462494,5.482205,6.047975,5.377387,6.958494,4.940024,5.396937,4.928027,6.11943,5.857682,5.618107,5.16249,4.506407,5.235177
"CST2",6.519405,6.806938,6.920539,6.449734,6.837099,6.677416,6.651255,6.562696,6.798311,7.297596,6.611935,7.69324,6.550625,6.614901,6.384806,6.137855,6.895983,5.995503,6.42141,6.705237,6.364676
"APMAP",9.307226,9.604122,9.521139,9.201375,9.690537,9.589326,9.83541,9.395223,9.107212,8.787689,10.082239,8.622595,9.769429,8.656644,9.240793,9.600483,9.267499,9.71448,9.767714,9.105238,9.202829
"BCL2L1",10.836445,10.920689,11.232018,11.468257,11.479541,10.339033,10.856263,10.885532,10.091787,9.545419,10.277617,10.587176,9.807173,10.010367,11.272228,10.675252,9.774267,10.869772,11.059776,11.539494,10.923228
"PLAGL2",7.795639,8.033362,7.52466,8.123385,7.942886,8.050643,8.219958,7.947781,7.97942,8.003189,8.051741,7.420675,7.978672,7.64666,8.276423,8.099488,8.290706,7.981533,8.292027,7.964193,8.882912
"C20orf203",5.370206,5.560152,5.6438,4.915061,5.339576,5.612542,5.297813,5.658164,5.49042,5.674422,5.298801,6.033735,5.303938,4.866966,5.329876,6.22625,5.768311,5.109316,4.909478,4.504693,5.380599
"EIF2S2",9.064046,8.902653,8.384565,9.046271,9.234356,9.646062,8.613386,8.973161,9.091057,8.570499,9.083824,8.774616,8.956587,9.456446,8.314927,8.880728,8.851586,8.762132,9.275203,8.71928,8.856807
"EDEM2",8.357858,8.592833,8.289242,8.537591,8.471698,8.477411,8.607191,8.256175,8.479053,7.836627,8.732653,7.101324,8.485808,8.397366,8.036824,8.309363,8.118396,8.155069,8.273439,7.819071,8.354241
"EIF6",8.312799,8.84817,8.599426,8.628915,8.368101,8.778375,8.406498,8.488346,8.574974,8.336903,8.737851,7.734471,8.34111,8.70099,8.457413,8.455906,8.301156,8.357879,8.206407,8.524058,8.572798
"RBM39",11.021998,11.014448,10.84951,11.074805,10.935158,11.044637,10.700965,10.932143,11.084664,10.778849,11.161163,10.321554,11.112041,11.165505,11.126403,11.093958,11.04273,11.067247,11.195947,10.950928,10.823153
"SLA2",7.787599,7.771519,7.751153,8.082084,7.631333,7.870061,7.788185,7.96515,7.799335,7.559504,7.907176,7.414461,7.797787,7.436338,7.893716,7.735378,7.344366,7.729025,7.291558,7.804149,8.090938
"NDRG3",8.060856,8.41499,7.994596,8.461889,8.008219,8.325197,8.315237,8.242458,8.059585,7.674072,7.896726,7.248311,8.326544,8.100372,8.146502,8.078633,7.911653,8.33352,8.146882,8.308899,7.900365
"DSN1",7.32875,7.065459,6.888138,7.196702,7.225556,7.339504,6.922718,7.136511,7.181148,6.643243,7.394101,6.556162,7.265507,7.644919,7.353115,7.339449,7.171146,7.261612,7.387819,7.027757,7.199502
"RBL1",8.321184,8.350114,7.975394,8.608206,8.106868,8.338121,7.799497,8.21759,8.513275,7.823575,7.996868,7.35995,8.338004,8.367569,8.423234,8.672273,8.287648,8.722345,8.654259,8.833332,8.385991
"SNORA71A",8.808461,7.823455,7.742804,8.176408,8.792961,8.470009,8.255945,8.52215,8.852208,7.949676,8.59507,7.532062,8.495177,9.45693,7.706043,8.086067,8.303487,8.223847,8.471732,8.371395,8.098362
"SNORA71C",9.475527,8.686406,8.487884,8.924381,9.507802,9.122623,9.134093,8.914638,9.097867,8.68786,9.172319,8.867831,9.04237,9.917377,8.307231,8.744938,8.781645,8.630734,8.908198,8.773953,8.868316
"SNORA71D",8.88502,8.37116,8.20314,8.885053,8.808593,8.56489,8.919618,8.555353,8.766649,8.658054,8.492166,8.458588,8.579547,9.476811,8.560821,8.953722,8.757641,8.685501,9.247606,8.848788,8.572451
"OSER1",8.237249,8.202325,7.853773,8.035069,8.647465,8.561779,8.600269,8.074749,8.449575,7.924126,8.679758,7.628063,8.285928,8.712734,8.473022,8.227879,8.398369,8.283763,8.963585,8.169013,7.993471
"LINC01620",5.321769,5.02761,5.371369,4.656255,5.393975,5.040794,5.205194,5.371901,4.970715,5.717275,4.854812,6.178484,5.155276,5.219166,4.91842,5.126991,5.723189,4.90392,4.985351,5.156278,5.275427
"SERINC3",10.086878,10.243116,10.123948,10.435165,10.044945,10.241572,10.657155,10.182788,10.143312,9.810161,10.248831,9.596161,10.271952,9.871447,10.416255,10.183352,10.263317,10.557317,10.166751,10.565231,10.407544
"SLPI",6.931443,7.511157,6.820251,6.647726,7.614802,7.394553,8.011821,6.874637,7.15827,7.317096,7.574634,7.388686,6.971951,6.692946,6.798142,6.457737,7.693163,7.546479,8.711438,8.369618,7.676749
"SULF2",8.685896,9.301338,8.997403,8.791952,9.194489,9.037044,9.49464,8.534816,9.155778,9.036242,9.779008,8.700868,9.163597,8.366666,9.399144,8.938656,8.920954,9.305656,9.262405,8.573779,9.316446
"PREX1",9.748491,10.242396,9.933459,9.611257,10.028751,10.042662,10.780212,9.922649,10.084891,9.686933,10.594339,9.426535,10.276536,9.328874,10.032485,9.678278,9.915834,10.093115,9.860814,9.211403,10.228024
"ZNFX1",8.753094,9.017582,8.784139,9.092105,8.985549,9.046138,9.321333,9.033785,8.817252,8.704551,9.364403,8.244342,9.200353,8.497244,8.994017,8.673507,8.977965,9.389248,8.785114,8.57532,9.661704
"B4GALT5",9.278591,9.190159,8.9583,9.212641,9.692361,9.65704,9.994165,9.005427,9.120772,8.652264,10.269046,8.998204,9.250853,8.438744,9.609059,8.990293,9.264629,9.541757,9.375328,8.426337,9.858663
"DPM1",8.38392,7.879858,7.974327,8.27754,8.517479,8.419023,8.024933,8.101385,8.132337,7.751623,8.460596,6.892929,8.175772,9.116297,8.807359,8.530186,9.064655,8.694472,9.373052,8.868542,8.5601
"ZNF217",9.985237,10.199022,9.911483,10.2835,10.270203,10.26585,10.502913,10.097218,10.239489,10.185734,10.309308,9.643386,10.323657,9.835449,10.307013,10.22097,10.29514,10.563308,10.42483,10.030451,10.076889
"ZBP1",8.174421,8.27924,8.151184,8.178483,8.565963,8.451865,8.359034,8.218028,8.120616,7.985706,8.934485,8.178087,8.395139,8.071963,7.986171,7.918345,8.516883,7.950517,7.942395,7.855907,9.317062
"PPP4R1L",7.695613,7.451184,7.165616,7.544376,7.921598,7.761758,8.097654,7.306157,7.833317,7.201723,8.176498,6.851592,7.785403,7.298571,7.663976,7.785751,7.535818,8.24365,8.400144,7.829676,8.106112
"MIR296",7.270683,7.067343,7.768198,6.875547,7.096237,7.142543,7.24541,7.394535,7.287758,7.815911,7.131082,6.888234,7.330045,7.487493,6.960379,6.954784,7.001867,6.975988,6.868899,7.165024,7.290297
"CTSZ",10.014214,10.162168,9.990699,10.110117,10.049994,10.101459,10.200158,10.005655,10.413492,9.910353,10.620813,9.813265,10.127823,10.075475,9.723989,9.83414,9.648832,9.332346,9.426419,9.326736,10.049341
"SYCP2",5.501124,5.64427,5.664569,5.816735,5.591679,6.08172,5.593891,5.337911,5.771917,4.760279,5.994043,5.047255,5.207792,5.537309,5.667447,5.982149,5.604151,5.913216,6.839024,6.347287,5.694585
"LOC100128310",6.631442,6.119561,6.43298,7.122423,6.468979,6.468952,6.465363,6.32466,6.567168,6.901144,6.666165,6.490234,6.461138,6.448018,6.088039,6.924989,6.745806,6.441756,6.460859,6.432101,6.371986
"UCKL1",7.264246,7.22194,7.402619,7.403989,7.324345,7.312763,7.318632,7.467976,7.168636,7.054208,7.316425,6.874859,7.339649,7.30388,7.236675,7.011104,6.669377,7.116819,6.934071,6.878919,7.138345
"ABCC13",5.196775,5.394667,5.214092,5.732656,6.009546,5.639077,5.78168,5.187415,5.137444,4.937838,5.133411,5.341183,4.785657,5.271732,5.497684,5.169796,5.044479,5.50201,6.084198,6.368102,5.178572
"MIR99A",6.642609,6.074323,6.609733,5.948876,6.44234,6.227939,6.582703,6.484405,6.067745,5.978399,6.293314,6.454214,6.219555,6.230486,6.520468,6.119413,5.661579,6.426953,6.336527,6.695865,6.122576
"USP16",8.175875,7.991239,7.475076,8.221087,8.110732,8.476318,7.704308,7.894126,8.131167,7.599455,7.889674,6.690045,7.796273,8.907586,8.468653,8.608738,8.343705,8.568208,8.95027,8.775999,8.033822
"LINC00189",4.787487,5.565022,5.442832,5.771763,5.068176,5.125389,5.769719,4.874686,5.172449,5.511677,5.343068,5.655417,6.130278,4.667149,6.001494,5.30635,5.255516,6.31169,5.394845,5.883336,6.604115
"BACH1",9.155632,9.57954,9.230559,9.415023,9.574178,9.505382,9.876617,9.348063,9.537813,9.275276,9.838725,8.729145,9.497012,8.792569,9.591441,9.297734,9.478989,9.739214,9.845261,9.487224,9.768541
"KRTAP15-1",4.99879,4.496885,4.955931,4.629628,4.844669,4.44346,4.932843,4.602832,5.063415,5.539802,4.470642,6.328479,5.136534,4.706916,4.510821,5.072012,5.784674,4.602875,4.588881,4.658468,4.91399
"SOD1",9.105566,8.59895,8.257481,8.502059,9.001207,9.051042,7.068568,8.959773,8.791813,8.65402,8.803932,8.016004,8.730616,9.771684,9.440136,9.48747,9.310528,9.005352,9.393462,9.268645,9.127884
"IFNAR2",9.873279,9.599982,9.559749,9.968956,10.201817,9.924667,10.098531,9.725871,10.237701,9.692432,10.002919,8.927345,10.090246,9.732218,10.064293,10.105853,10.213202,10.119148,10.473083,9.971811,9.891143
"IFNAR1",9.566964,9.499858,8.813866,9.447989,9.736466,9.633243,9.777349,9.329366,9.55112,8.915711,9.941451,8.564878,9.523304,9.730186,9.771883,9.645384,9.472656,10.030839,10.100072,9.258673,9.418939
"MORC3",9.109596,9.170722,8.659938,9.322922,9.179019,9.381611,8.902332,8.920651,9.164825,8.684014,9.166448,7.912721,9.039418,9.323606,9.397764,9.455319,9.298923,9.529931,9.698216,9.62732,9.535368
"TTC3",8.862977,8.443763,8.24133,9.149532,8.383079,8.48353,8.564076,8.560162,8.814145,8.274747,8.32139,7.948585,8.708434,8.486415,9.125915,8.875928,8.692254,9.178664,8.802922,9.371253,8.643181
"KCNJ15",9.381971,9.372109,9.81309,8.978228,10.144456,10.225397,11.001356,9.41942,8.745792,9.032434,10.647391,9.538436,9.926952,8.012056,9.567446,9.096383,9.821642,9.919486,9.820627,9.201783,9.531673
"FAM3B",4.813773,4.861651,4.76248,4.48591,4.870482,5.098378,5.01471,4.900117,4.732732,5.29418,6.981853,6.019269,4.873967,4.62038,4.636515,4.64434,4.754692,4.521977,4.524972,4.467179,4.954318
"MX2",9.927904,10.359333,10.018864,10.236078,10.458297,10.607084,10.692424,10.379241,10.26522,9.818071,10.972428,9.342618,10.268271,9.647235,10.357195,9.765341,10.311094,10.488006,10.259022,10.042873,11.464548
"MX1",8.65351,8.534766,8.26769,9.73908,9.624946,9.384428,8.842455,9.619159,8.930831,7.919936,10.320952,7.343134,9.36073,9.069965,8.803391,8.461604,9.510579,8.745633,8.669427,8.637216,11.303662
"UBASH3A",8.571975,8.540838,8.221739,8.931841,8.331008,8.499045,7.964687,8.598522,8.70905,8.457688,8.66815,7.435708,8.628702,8.618284,8.51748,8.54696,8.053837,8.751439,8.208993,8.44307,8.001728
"PFKL",7.915642,8.314535,8.011416,8.469157,8.053678,8.032902,7.874329,8.253164,8.217626,7.617404,8.287918,7.432127,8.183565,8.070095,7.908724,8.127129,7.743662,7.996251,7.721579,7.892093,7.941619
"KRTAP10-4",9.23774,9.098706,9.554688,8.859992,9.425795,8.986293,9.301391,9.259574,9.331459,9.824776,9.043033,10.284176,9.162447,8.763237,8.869856,9.296841,9.46873,8.898137,8.854958,8.700058,9.15974
"KRTAP10-7",6.666444,6.624875,7.458623,6.624256,6.984656,6.502042,6.845579,6.964786,6.730252,7.430344,6.585718,7.4612,6.506999,6.426347,6.833515,6.493185,7.069054,6.422791,6.658001,6.510458,6.598904
"KRTAP10-12",8.651281,8.726146,9.24998,8.549281,8.664333,8.742656,8.733173,8.860858,8.503127,8.826282,8.53056,8.372914,8.311383,8.802032,8.657818,8.183237,8.239577,8.067005,7.907026,8.583129,8.335882
"FAM207A",8.208774,8.557249,8.823909,8.026082,8.574922,8.1909,8.054527,8.049998,8.372051,7.561579,8.320548,7.727951,8.445325,8.131263,8.603375,7.737479,7.070461,6.987269,7.751732,8.210399,8.269366
"HSPA13",8.393043,8.007628,7.716983,8.377421,7.916626,8.505527,7.766505,8.169337,8.271815,7.33883,8.16184,7.02545,7.854677,9.061287,8.455964,8.697024,8.709481,8.549974,8.655851,8.576559,8.027487
"SAMSN1",7.360005,6.659397,6.654966,7.031877,7.513704,7.296516,6.610657,6.723291,7.070549,6.674915,7.499455,6.00372,7.047646,7.357273,7.380704,7.171796,7.239432,6.859658,7.933376,7.949553,7.117747
"NRIP1",8.462156,8.301152,8.154972,8.749367,8.23946,8.636793,8.472698,8.129711,8.361496,7.77478,8.452405,7.193973,8.262017,8.886155,8.550453,8.451346,8.234369,8.59464,8.957211,8.966604,8.810792
"C21orf91",8.556104,8.048903,7.763595,8.618834,8.259959,8.595388,7.952327,7.879232,8.304232,7.512467,8.222395,6.88302,7.852139,8.94301,8.39244,8.548041,8.234483,8.380196,8.801277,8.534078,8.374343
"LTN1",8.37846,8.203289,7.986219,8.605736,8.481625,8.849817,8.502143,8.150097,8.422255,7.763282,8.263774,7.051217,8.167266,8.547954,8.437355,8.399272,8.384438,8.737355,9.210164,8.829052,8.43744
"RWDD2B",6.275939,6.272678,6.067174,6.525222,6.145751,6.447181,6.283098,6.063678,6.049685,5.72621,6.154424,6.214755,6.482301,6.478741,6.167196,6.375246,6.10413,6.620517,6.460712,6.582722,6.311488
"CCT8",8.787377,8.787674,8.59243,9.05079,8.72836,8.680733,8.171367,8.686643,8.717548,8.344607,8.680484,7.970113,8.537559,9.096213,8.758991,8.717523,8.413755,8.533835,8.321108,8.378531,8.585907
"KRTAP19-1",5.003766,5.186076,5.537585,5.108846,5.336474,5.218384,5.212818,5.290429,5.0355,5.805821,5.099411,6.22927,4.917779,4.891567,4.788968,5.096797,5.803014,5.009906,4.998902,5.149514,5.07789
"KRTAP21-1",3.095991,3.294136,3.59043,2.909301,3.967575,3.337025,3.32562,3.000955,3.289956,3.381114,2.831554,4.025842,2.992405,3.605549,3.183531,3.163989,3.60445,3.018145,3.452501,3.353119,3.842324
"SCAF4",8.367936,8.494327,8.389784,8.785104,8.242349,8.47483,8.583266,8.432669,8.583096,8.253778,8.323357,7.959263,8.561844,8.403587,8.675309,8.66203,8.789516,9.012709,8.885429,8.827128,8.698105
"PAXBP1",8.350963,8.16977,7.708981,8.30903,7.967946,8.249131,7.947493,8.108049,8.075132,7.645774,7.940242,7.121723,8.022969,8.153516,8.318988,8.435459,8.166621,8.352887,8.703421,8.700468,8.267119
"TMEM50B",8.171212,7.836621,7.704283,8.457705,7.885569,8.202443,7.615702,7.771181,8.054089,7.441454,7.567994,6.914214,7.835482,8.603675,8.289222,8.32539,8.048037,8.605479,8.756767,8.507761,7.957159
"GART",8.224857,8.103652,7.971001,8.45085,7.923717,8.257447,7.858892,8.135051,8.17382,7.824053,8.048027,7.413852,8.188663,8.17719,8.403618,8.404821,8.223351,8.581107,8.448801,8.436449,8.711097
"ATP5PO",9.34946,8.730662,8.523151,8.638197,9.291659,9.200763,8.470874,9.118219,8.984196,9.075007,9.262646,8.586423,9.173975,10.258968,8.883141,8.907703,9.344291,8.726762,9.124516,9.174562,8.919268
"DSCR4",6.025413,6.101214,6.265261,5.809859,6.036809,5.755088,6.018749,6.03304,6.030669,6.829496,5.651656,7.273064,6.230981,5.472404,5.565429,6.079799,6.568834,6.065819,6.001786,5.884868,5.882855
"BRWD1",8.812076,8.748218,8.231401,9.108178,8.251123,8.757601,8.508796,8.558969,8.90443,8.157584,8.361809,7.527798,8.513076,8.782586,8.950457,9.140478,8.819824,9.18789,9.377025,9.3439,8.822426
"KRTAP12-2",7.252797,7.213335,7.467383,7.064956,7.508343,7.046298,7.411337,7.32468,7.4241,8.079031,7.105234,8.915983,7.343897,7.031808,6.993499,7.445938,7.982252,7.239474,7.37682,7.039716,7.401972
"S100B",6.520534,6.624661,6.55067,6.803708,6.180758,6.270233,6.780058,6.41999,6.855478,6.594921,7.22537,6.291298,6.799114,6.165023,5.646764,5.939777,6.084966,6.23325,6.913348,5.480406,6.426385
"TPTEP1",6.500821,5.853205,6.309421,5.879537,6.505437,5.630021,6.041128,5.591363,6.675371,8.181091,6.482693,8.771177,6.386682,5.941881,5.6636,6.677714,8.049614,5.772892,6.259776,6.439847,6.18197
"IL17RA",9.712953,10.288481,10.098179,10.061547,10.149985,10.078032,10.745234,10.05302,10.048768,9.93582,10.503702,9.660773,10.279298,9.419873,9.853402,9.829044,9.949481,10.398171,10.019887,9.209755,10.22301
"USP18",7.318113,6.901091,7.676889,7.031892,7.022305,7.244179,7.139802,7.437272,6.415753,6.86809,7.244601,6.667343,7.057648,7.195536,7.207613,6.824721,7.10295,6.868359,6.695865,6.657427,8.929316
"MRPL40",5.890299,5.893095,6.265749,6.179312,5.735014,5.884338,5.814616,5.764255,5.799515,5.948596,6.130521,6.041695,5.86184,6.734574,5.94152,5.997625,5.775699,5.852762,6.107041,5.889214,5.818606
"SEPT5-GP1BB",7.964974,7.616146,7.962479,7.380816,7.910967,7.370054,7.947739,7.719242,7.791709,9.428233,8.05265,9.920537,7.998472,7.34869,7.798979,8.11209,8.994214,7.441874,7.588355,7.551843,7.723142
"TANGO2",8.085128,8.508303,8.38813,8.314395,8.603344,8.269956,8.269509,8.08725,8.180586,7.638428,8.433384,7.728716,7.980057,7.918126,8.668031,8.204131,7.474566,7.907073,8.095293,8.307135,8.29213
"RANBP1",7.955735,7.927369,7.606833,8.2223,7.830599,8.166742,7.588635,8.001662,7.871792,7.601718,7.971432,7.316645,7.815741,8.609662,8.226498,8.050201,8.102603,8.168649,8.071692,7.844869,7.843942
"MED15",8.980988,9.263114,9.076769,9.254517,9.100428,9.094019,9.142576,9.232659,9.249717,8.861947,9.198156,8.4905,9.142236,8.969294,8.893928,8.963306,9.281293,9.110561,9.059529,8.939123,9.299649
"SNAP29",7.903216,8.332461,8.033427,7.978775,8.302231,8.379526,7.976391,7.782169,7.968372,7.535542,8.201971,7.004698,8.160248,8.056706,8.051168,8.345678,8.078569,8.407235,8.359538,8.236731,8.251571
"BMS1P20",9.835435,9.712493,9.312909,10.204221,9.528578,9.675629,9.001158,9.481324,9.911952,9.684267,9.324221,9.633133,9.918729,10.268845,9.673528,10.093735,10.15554,10.140378,9.293597,9.674409,9.710392
"IGLC1",8.308374,8.06539,8.370747,8.069625,7.990386,8.344999,8.273593,8.511657,8.399235,8.670018,8.013183,9.124302,8.236323,8.323852,8.134946,8.254458,8.847453,8.432362,7.881204,8.059299,8.391611
"GNAZ",7.550096,7.518075,7.762236,7.451098,7.734944,7.602293,7.676483,7.496403,7.311943,7.379305,7.380128,8.005611,7.416518,7.346849,7.65058,7.391971,7.372028,7.129016,7.095432,7.273088,7.306596
"MIF",8.973063,9.382145,9.058292,9.158754,9.130903,9.512382,9.095747,9.118383,9.060254,9.059714,8.996829,8.684933,8.909607,9.266213,8.472829,8.274899,8.467633,8.305854,8.291099,8.360678,8.361826
"POM121L9P",7.946986,7.69252,8.030638,7.573262,8.304052,7.817753,8.311946,8.382795,7.917283,8.710952,7.790174,8.941861,8.019004,7.943085,7.824416,7.863814,8.333554,6.919445,7.950792,8.003516,8.18668
"SNRPD3",8.855468,8.85723,8.638774,8.814272,8.864782,8.903891,7.938144,8.889142,8.654862,8.544713,8.682763,8.115074,8.725801,9.093113,9.140675,8.827751,8.730712,9.009689,8.585386,8.59188,8.805815
"SRRD",8.206648,8.170183,8.534116,8.498637,8.691544,7.947794,7.89314,8.289851,8.005457,7.242905,8.054948,7.316851,7.844223,8.354434,8.714385,8.340751,7.592373,8.258118,8.320237,8.80134,8.057549
"CCDC117",8.874057,8.588804,8.520887,8.866306,8.589917,8.822345,8.430486,8.767532,8.738448,8.404322,8.785899,7.913818,8.761587,8.773721,8.84516,8.836869,8.943193,8.883673,8.763824,8.846695,8.622458
"KREMEN1",7.975828,7.441703,7.807833,7.516138,8.34583,8.035435,7.825507,7.717464,7.613217,7.545582,7.777068,7.604918,7.472299,6.861963,7.90239,7.603066,7.437019,8.227445,7.613956,7.092531,7.254657
"EWSR1",9.803525,10.023848,9.834674,10.13546,9.809078,9.826924,9.751189,9.927517,9.859415,9.764655,9.837264,9.24035,10.094434,9.819252,10.286119,9.994122,9.902742,10.220693,9.856482,9.71511,10.0823
"TCN2",6.04064,6.63364,6.505249,6.155954,6.397603,6.233253,6.803602,6.153442,6.329066,6.440452,6.824896,6.268409,6.357431,6.252733,6.45318,6.073161,6.129333,6.516,6.412471,6.379305,7.73205
"OSBP2",7.521022,7.748505,7.80205,7.482456,7.886808,7.046601,7.431916,7.524529,7.316433,6.869105,7.465654,7.361976,7.170964,7.197552,7.800531,7.355324,6.783721,7.374132,7.135505,7.459478,7.111421
"RNF185",7.187069,7.663051,6.971091,7.428361,7.586294,7.706532,7.588758,7.28195,7.382743,6.871866,7.496979,6.372886,7.426396,7.228586,7.045789,6.985864,7.157728,7.716482,7.209916,7.415142,7.423554
"LIMK2",8.921156,9.306378,8.951532,8.77794,9.602119,9.282733,9.663112,9.180614,9.304743,9.103409,9.845456,8.861156,9.620693,8.386961,9.228001,8.912703,9.281018,9.739751,9.473365,8.863606,9.22727
"DRG1",8.152067,7.987071,7.282501,7.96726,7.820685,8.189199,7.007651,7.922015,8.346424,7.85827,8.216301,6.666487,8.215724,9.083569,8.367817,8.234357,7.738836,8.068855,8.153524,8.232983,8.042255
"DEPDC5",7.537319,7.85392,7.237304,8.015432,7.419962,7.632565,7.232386,7.641897,7.888432,7.358249,7.579236,7.043708,7.694116,7.672274,7.814783,7.763711,7.582344,8.065705,7.726478,7.485714,7.803181
"FBXO7",11.588457,11.688659,11.81159,12.013607,11.749858,11.470171,11.892464,11.53415,11.11843,10.639884,11.070509,11.475872,10.914166,11.01067,11.94863,11.692207,10.464717,11.78921,11.975747,12.306256,11.449678
"HMOX1",7.773483,8.39611,7.937857,7.955846,7.975363,7.618592,8.026257,7.87548,8.036631,7.616278,8.359832,7.833202,7.622623,7.647053,8.05163,7.609808,7.752463,7.490212,7.442471,7.673729,7.96582
"APOL6",9.009533,8.840797,8.732404,9.278332,9.156223,9.206943,8.905301,9.172063,8.963109,8.882062,9.17397,7.976011,9.505345,9.072108,8.987841,9.050728,8.93687,9.07601,9.079188,9.112305,9.535229
"APOL1",7.292734,7.571083,7.24243,7.625343,7.465101,7.490791,7.59445,7.611961,7.415423,7.335664,7.984542,7.056152,7.897726,7.426647,7.454247,7.273155,7.203725,7.657112,7.066796,7.71181,7.967394
"NCF4",8.480451,9.228567,8.812196,8.833977,9.525735,9.444277,9.550278,8.611076,8.974627,8.516776,9.825928,8.638195,8.921185,8.597983,8.812287,8.299282,9.063031,9.249641,9.340469,8.338394,8.609985
"CSF2RB",9.312226,9.855239,9.820869,9.278762,9.826216,9.879294,10.382921,9.571079,9.779189,9.473027,10.338486,9.399241,9.791769,8.957743,9.600332,9.194112,9.706272,9.798303,9.855718,9.374677,9.624695
"CYTH4",10.238072,10.559254,10.214545,10.028875,10.502529,10.454325,10.603974,10.396336,10.496914,9.919183,10.714556,9.545735,10.482295,10.093787,10.108216,10.187572,10.165986,10.352373,10.198518,9.569698,10.399483
"LGALS1",9.905421,10.300744,10.128393,9.957314,10.167126,10.181793,10.02737,10.061741,9.69858,9.823144,10.269211,9.742171,9.819617,9.978062,9.12799,9.188161,9.445426,9.343172,9.334739,9.558172,9.74231
"EIF3L",10.853177,10.809614,10.52342,11.094621,10.464762,10.907544,10.311892,10.803635,10.886947,10.336587,10.698997,9.674368,10.777658,11.022499,10.861145,11.165193,10.809502,10.877101,10.848521,11.001243,9.822964
"GTPBP1",8.1416,8.404219,8.461786,8.395418,8.555362,8.643504,8.661646,8.345495,8.319161,7.976742,8.724721,7.927328,8.392505,8.113202,8.41943,8.102093,8.36405,8.307342,8.413404,8.079952,8.918349
"APOBEC3C",8.243332,8.689782,8.213747,8.932629,8.240864,8.702191,8.305152,8.396884,8.207617,7.920445,7.902906,7.910395,8.484364,8.436737,8.378554,8.489905,8.493461,8.724645,8.472777,8.617736,8.692091
"APOBEC3D",8.63148,8.88839,8.486341,8.95939,8.59923,8.821504,8.425682,8.774007,8.723165,8.330171,8.530975,8.614657,8.944032,8.672597,8.760584,8.827044,9.10544,9.042005,8.83703,8.799692,8.995753
"APOBEC3F",7.844916,8.342073,8.020438,8.42869,7.970613,8.246814,7.776395,7.808848,8.196681,8.046243,7.910678,8.186509,8.265546,8.080455,8.128317,8.261112,8.734466,8.437378,8.23181,8.208011,8.580874
"APOBEC3G",7.22897,7.18266,6.898219,6.751889,6.678016,7.186208,6.707018,7.305089,6.6543,6.313119,6.914851,6.394271,7.351443,7.405759,6.732241,6.858259,6.765295,6.474256,6.541929,6.662086,7.499606
"ATF4",8.337863,8.114678,8.29704,8.153036,8.352357,8.197865,8.377881,8.040061,8.152122,7.948341,8.151349,7.532107,8.324221,8.354293,7.933766,7.84759,7.988693,7.978875,7.897121,7.944946,8.162622
"RBX1",9.10627,8.219673,8.263258,8.807161,9.097567,8.70372,8.351613,8.483264,8.666057,8.093747,8.759499,7.811276,8.94445,9.761074,9.072644,8.657659,8.979142,8.648322,9.272564,9.331394,8.723008
"ACO2",8.343257,8.679525,8.584224,9.006745,8.254509,8.4748,8.213096,8.614762,8.360066,8.105385,8.416516,7.659208,8.471366,8.273831,8.507332,8.497343,8.35481,8.837682,7.979971,8.42289,8.704795
"SMDT1",8.684556,8.847216,8.479696,8.60924,8.624928,8.976748,7.934442,8.325455,8.480871,8.345577,8.078078,7.790242,8.014,9.310217,8.30485,7.974734,8.137577,8.139772,8.03197,8.099361,7.871796
"TSPO",8.051378,8.440315,8.429921,8.147671,8.36494,8.382424,8.193622,8.12731,8.21882,8.232161,8.785827,7.842562,8.09315,8.052092,7.72008,7.772731,7.852367,7.730621,7.888757,7.562621,7.888883
"SAMM50",7.664814,7.835334,7.576352,8.099083,7.528486,7.815336,7.400684,7.615979,7.761522,7.323609,7.671462,6.695346,7.716522,7.817408,7.905476,7.768341,7.589387,7.816161,7.296323,7.732538,7.623236
"NUP50",8.684533,8.860315,8.777244,8.614115,9.012138,8.708496,8.998759,8.519293,8.87084,8.600446,8.989976,8.213028,8.551838,8.674182,8.767836,8.648673,8.6965,9.099766,8.990246,8.860746,8.500723
"FAM118A",8.683536,8.286705,7.901766,7.857221,8.791973,8.472173,7.607391,8.446419,7.775205,7.436691,7.726903,7.73292,7.95507,7.617317,8.027974,7.882967,7.755877,8.406742,7.410927,7.782309,7.646998
"ATXN10",8.88347,8.544159,8.168443,8.911543,8.526969,8.756738,8.393883,8.753795,8.790505,8.310243,8.593332,7.877684,8.807988,9.008901,8.932135,8.947739,8.8179,8.886403,8.973018,9.100506,8.830696
"SELENOO",8.096774,8.222912,8.554014,8.01183,8.157174,8.198728,8.187955,8.374518,8.073811,7.870759,8.319994,7.865134,8.281472,8.13379,7.887182,7.774814,7.531765,8.090172,7.849912,7.842712,8.151337
"XKR3",4.790742,5.043521,5.663902,5.158543,5.782406,4.680428,5.897477,4.817555,4.831289,5.292778,5.3579,5.204951,5.32682,4.483979,4.552395,4.846078,4.915645,4.790525,5.552346,5.359874,4.862555
"ADA2",9.165126,9.967714,9.410109,10.331512,9.182198,9.452103,9.518798,9.518479,9.642487,9.030235,9.700914,8.578308,9.585157,9.062391,9.449523,9.457476,9.431367,9.712068,9.071986,9.36132,10.004736
"BID",9.102583,9.237704,9.32099,8.934976,9.242508,9.208876,9.348439,9.093231,9.235991,8.933488,9.606368,8.908245,9.237639,8.853087,9.156422,8.823813,8.879614,8.958246,9.002287,8.451927,8.864513
"GSC2",8.257946,8.294282,8.965456,7.873266,8.346761,8.30288,8.226129,8.466391,7.958176,8.058453,8.033331,8.012545,8.13616,7.959941,7.925887,7.801421,7.651486,7.449195,7.643657,7.918366,8.25505
"SLC25A1",7.700374,7.689723,7.839436,7.571423,7.531467,7.740332,7.643842,7.906875,7.575948,7.788805,7.50482,7.467865,7.674463,7.748161,7.413508,7.639006,7.485299,7.487423,7.30907,7.627839,7.911281
"RIMBP3",7.745814,7.410065,6.770794,7.186621,7.251672,7.00726,7.046437,7.45768,7.177685,7.267821,6.755411,8.004012,7.329559,7.306242,7.537218,7.351117,7.945161,7.528092,7.302143,7.416721,6.99452
"FAM230B",6.143074,6.161083,6.424098,5.117465,6.154146,6.5486,6.514995,5.777884,6.546657,6.840918,6.244418,7.702762,6.057509,5.861967,6.891294,6.478914,6.721061,5.672302,5.298742,6.176162,5.396294
"YDJC",7.674689,7.554004,7.872041,7.558313,7.80851,7.719098,7.594141,7.929621,7.63958,7.347641,7.543806,7.301486,7.588454,7.914177,7.369701,7.353342,7.442159,7.390884,7.117731,7.139572,7.400955
"FAM230I",4.652113,4.913413,5.029742,4.673992,5.058951,4.826669,5.072698,4.94393,5.126617,5.501741,5.001218,6.315207,4.727612,4.666595,4.810521,4.720915,5.201537,4.726188,4.722701,4.556881,4.486743
"GUSBP11",9.237128,9.31707,9.392145,9.356968,9.256048,9.290499,9.078284,9.235978,9.563192,8.895196,9.301539,8.290308,9.271775,8.952302,9.08535,9.319014,8.884041,8.974888,9.094416,9.074149,9.306932
"VPREB3",7.590412,7.478287,6.981538,7.579546,7.346425,7.921531,7.151848,7.343618,7.477504,7.65454,7.619426,7.487377,7.361651,8.347473,7.356408,7.619584,7.381151,7.521367,7.134114,7.281607,7.28892
"DDT",8.89542,9.271346,8.877127,9.548327,8.955082,9.865547,9.312319,8.929175,9.09719,8.913437,8.988888,7.846922,9.094725,10.156685,8.020383,8.322348,7.931858,7.658191,8.276276,8.481044,7.791056
"GSTT1",6.341063,6.848999,7.130434,6.916238,6.791785,7.224642,7.074477,6.779643,6.591976,6.532207,6.112638,6.709026,6.690766,6.859614,6.248957,6.555575,5.631624,5.939683,6.547854,6.599522,5.645134
"ADORA2A-AS1",6.858872,6.556706,7.043699,6.23787,6.722356,6.544372,6.867372,6.756784,6.72939,7.478473,6.692743,7.702334,6.648778,6.484212,6.355356,6.661718,6.906882,6.452563,6.356855,6.426756,6.802606
"GUCD1",9.251813,9.091446,9.538174,9.913191,9.597552,9.221533,9.153086,9.479818,9.140402,8.468812,9.13924,8.700289,8.868786,9.0812,9.620163,9.200056,8.592249,9.316729,9.362301,9.398115,9.13429
"PITPNB",9.231784,9.203738,8.784732,9.350019,9.135562,9.187799,8.939095,9.065375,9.277587,8.731323,8.921384,8.182125,9.220788,9.051938,9.571705,9.528685,9.043905,9.675514,9.339699,9.343892,9.265834
"ASCC2",9.867909,9.593283,10.21998,10.112112,10.18634,9.449707,9.165136,9.685552,9.576493,8.39757,9.595386,8.936554,9.126389,9.134175,10.185914,9.375071,8.454644,9.703499,9.411161,10.195208,9.697271
"PIK3IP1",9.994575,10.003919,9.515372,10.367482,9.455416,9.733484,9.419053,10.16913,10.058261,9.683559,9.756816,8.312971,9.803161,10.358834,9.63902,9.588595,9.325977,9.649346,9.046778,9.581594,9.55106
"MYH9",9.744577,10.504845,10.592427,10.793605,9.910539,10.190704,10.46029,10.426346,10.067843,9.737193,10.409828,9.551777,10.306654,9.525072,10.224502,9.931278,9.493762,10.741972,9.69295,9.330989,10.035093
"TXN2",6.74264,7.072923,6.828744,7.283644,7.004534,7.30215,7.025849,7.212449,7.266263,6.750105,7.124489,6.074285,7.034801,7.372126,7.205186,7.067523,7.010494,7.127471,7.068582,7.041723,6.938884
"PVALB",5.941175,5.561642,5.889106,5.638302,5.856989,6.223052,5.562731,5.858202,5.464041,5.661029,5.08998,6.003356,5.582243,5.366654,5.438127,5.538791,5.757655,5.701687,5.754268,6.148134,5.477265
"IL2RB",7.985987,8.544907,8.444772,8.194848,7.774721,8.069223,8.402601,8.173578,7.883683,7.520489,7.673912,7.915486,8.872706,7.898714,7.860406,8.804387,7.938846,8.870229,7.935353,8.515662,8.377583
"RAC2",10.671875,11.292925,11.056921,11.290436,10.752981,11.167755,11.131543,11.139316,10.827752,10.65545,11.048656,10.189764,10.835037,10.676325,10.983076,11.03779,11.021601,11.255509,10.888989,10.8448,11.121602
"MFNG",8.785126,9.266445,8.969815,9.207359,8.772776,9.181053,9.007597,9.075837,9.18579,8.722713,8.959799,7.854288,9.032737,9.302965,8.810681,8.948524,8.885593,9.123559,8.713808,8.756732,8.88025
"LGALS2",7.354114,7.052275,8.228856,7.153743,8.489993,8.070967,6.553276,7.815898,8.03979,8.09109,7.228053,6.912233,6.885304,7.833917,7.827097,7.462933,7.564105,6.617607,7.872589,7.263321,7.147864
"TMEM184B",8.124329,8.475174,7.874129,7.976071,8.518974,8.281781,8.425992,7.982137,8.190913,8.070213,8.841951,7.856457,8.236809,7.741064,8.41193,8.343617,8.431493,8.290484,8.460561,7.759167,8.600376
"CBX7",7.961986,8.070351,7.754124,7.892318,8.024428,7.819123,7.942565,8.040926,8.220722,7.633942,7.854202,7.253329,7.817505,8.014922,7.696784,7.733043,7.83195,7.84263,7.980417,7.754258,7.595211
"RPL3",11.950123,11.658605,11.939102,11.824088,11.788234,12.239363,10.831636,11.838625,11.735825,11.70737,11.870839,10.929585,11.880274,12.326422,11.353216,11.52078,11.358537,11.295245,11.378345,11.57365,10.589721
"SNORD83B",8.531223,7.54095,8.0335,7.783508,8.473089,7.657161,8.07121,8.250545,8.279887,8.099557,7.9995,8.002765,8.481701,8.616345,7.477828,8.183174,7.628187,8.032978,7.804264,7.925506,7.644113
"DESI1",8.220029,8.340641,8.151171,8.215193,8.33946,8.364984,8.111859,8.196066,8.170205,8.026815,8.262153,7.892211,8.41434,8.289048,8.104358,8.267164,8.224016,7.964147,8.06749,8.317329,8.498658
"SNORD13P1",3.268212,3.86325,3.412027,3.819222,3.759578,2.996953,3.039428,3.435165,3.20114,3.734252,3.984204,4.801275,3.293163,3.316348,4.750702,4.114272,3.762032,4.06014,3.13046,3.680759,3.46412
"NDUFA6",8.327223,7.768916,7.639639,7.929606,8.371046,8.291358,7.60228,8.033819,8.108573,8.057007,8.183334,7.545868,8.253236,9.412356,8.090971,8.195632,8.043469,8.222149,8.464595,8.301508,7.894419
"NFAM1",8.674447,9.086653,8.924896,8.328966,9.041161,9.030407,9.448332,8.679757,9.011366,8.783492,9.580747,8.676851,8.908172,8.32398,8.74694,8.517286,8.988255,9.049498,9.164847,8.416146,8.888783
"CYB5R3",8.199546,8.490631,8.289775,8.652228,8.349404,8.55275,8.452168,8.213948,8.226646,8.125885,8.09419,7.912152,7.94364,7.926615,8.336733,8.38334,8.127819,8.285673,8.264651,8.877293,8.35039
"KIAA0930",7.732915,8.129916,7.869736,8.094928,8.058455,7.928484,7.783736,7.941774,8.102632,7.927707,8.369575,7.087692,8.004462,7.462462,8.026874,8.049628,8.091616,7.868216,7.989757,7.684277,8.395032
"PLXNB2",7.553828,8.111877,7.831525,8.135405,7.827354,7.775565,8.009312,7.889767,7.851428,7.724799,8.212506,7.495906,8.068545,7.592149,7.982318,7.770763,7.760523,8.105895,7.665598,7.499039,8.459868
"LMF2",7.671523,7.677142,7.775288,7.66437,7.519489,7.711948,7.68412,7.464782,7.686303,7.729862,7.675186,7.452434,7.641918,7.533345,7.287761,7.394119,7.724839,7.305717,7.766541,7.445735,7.675826
"ODF3B",7.34291,7.556911,7.788685,7.560488,8.017134,7.441741,7.505425,7.850766,7.567165,7.297743,7.857023,6.68258,7.677089,7.773774,7.57366,6.930343,7.093571,7.125024,7.270315,7.034302,7.886877
"TRNT1",7.574148,7.06199,6.896225,7.735789,7.267066,7.536166,7.165555,7.196036,7.505554,6.552511,6.995604,5.700717,7.060806,7.689462,7.541913,7.557927,7.125675,7.843004,7.986371,7.687104,7.485817
"THUMPD3",7.572479,7.246031,6.674565,7.67414,7.236201,7.577961,6.742383,7.424513,7.514789,7.047225,7.506602,6.037177,7.359546,7.835736,7.751874,7.650924,7.361162,7.419065,7.735896,7.855655,7.270111
"JAGN1",8.741912,8.684933,8.232572,8.666029,8.643486,8.461612,8.480735,8.62958,8.751065,8.355447,8.489191,7.94475,8.466649,9.068761,8.775261,8.760136,8.689794,8.574652,8.677671,8.768941,8.825463
"BRK1",8.483017,8.57883,8.222517,8.504855,8.752368,8.782542,8.322007,8.599293,8.19069,8.330903,8.817615,7.301034,8.59541,9.144554,8.676664,8.855265,8.549157,8.614334,8.839365,8.621964,8.261888
"ATG7",8.660697,9.175974,8.683846,9.292307,9.090407,8.947048,9.548973,8.703643,9.308098,8.62143,9.580534,8.186491,9.220801,8.254696,8.899156,8.882364,8.86045,9.372037,8.929112,8.959245,9.363448
"LSM3",5.9673,5.171763,5.645454,5.727185,5.28415,5.995504,5.432788,6.059343,5.832255,5.552575,5.664561,5.110419,5.466963,7.256373,6.091309,6.18951,6.203363,6.159109,6.615222,6.298812,5.599324
"SLC6A6",10.403729,10.946297,10.705945,10.067332,10.865478,10.738351,11.35989,10.56705,10.895047,10.600376,11.206176,10.207891,10.735263,9.873736,10.816506,10.165168,10.669718,11.007042,10.912146,9.89146,10.498283
"CAPN7",9.330881,9.218329,8.482763,9.164795,8.884977,9.221149,8.911084,8.997113,9.253757,8.667209,8.956112,7.732509,9.090108,9.310359,9.239493,9.432536,9.270847,9.37959,9.622726,9.357403,9.14588
"OXNAD1",9.957027,9.655429,9.486656,10.112215,9.222812,9.482946,9.280292,9.724153,10.067258,9.648618,9.502774,8.41421,9.632452,9.553124,9.777222,9.879019,9.259869,9.984266,9.436982,9.870434,9.421403
"RPL15",11.100734,11.222351,10.411514,11.553862,11.169916,11.19622,10.723961,10.826099,11.007366,11.011594,10.861987,10.277739,10.730596,11.795724,11.005602,11.14227,11.21407,11.097934,11.425322,11.215579,10.192399
"ZNF860",7.509427,6.983531,6.441641,8.034997,6.921601,7.058229,5.677306,7.112886,7.41372,5.907495,6.440016,6.398307,6.61304,8.804289,7.804256,7.663044,7.504838,8.265281,7.600363,7.746383,5.878445
"CNOT10",8.276585,8.345442,7.71743,8.541198,8.148899,8.300137,8.204894,8.133478,8.367551,8.098433,8.425276,7.635282,8.179682,8.409973,8.622411,8.487578,8.423423,8.622421,8.754093,8.759011,8.342419
"CRTAP",8.629385,9.004534,8.632301,8.839968,8.901557,8.854217,8.964289,8.668686,8.914933,8.841306,9.060512,8.411421,8.709334,8.732019,8.693117,8.714889,8.79744,8.534141,8.717072,8.620411,8.334632
"GOLGA4",8.479344,8.589942,8.13049,8.704832,8.454872,8.533554,7.867624,8.498259,8.488224,7.639837,8.211308,7.293233,8.10881,8.506921,8.692142,8.958392,8.38543,8.970461,8.888941,8.814775,8.575795
"MYD88",9.409062,9.682111,9.184099,9.53726,9.970876,9.798488,9.956221,9.520077,9.699719,9.462691,10.29539,8.984131,9.647661,9.430278,9.599302,9.318783,9.485968,9.521567,9.587563,9.282163,10.120674
"WDR48",8.83661,8.768035,8.626173,9.031402,8.845421,9.061302,8.836492,8.653462,8.835511,8.379897,8.824187,7.634563,8.831631,9.027535,9.320977,9.128801,9.089644,9.063691,9.587466,9.591382,9.180718
"SS18L2",8.631823,8.186397,8.246853,8.124518,8.669366,8.488325,8.175061,8.550759,8.380359,8.441559,8.391255,8.132032,8.388621,9.013487,8.742028,8.300531,8.670616,8.408802,8.594878,8.844804,8.450978
"NKTR",9.587325,9.629031,9.093471,9.83585,9.354531,9.291994,9.313698,9.447092,9.85306,9.178066,9.206212,8.355397,9.733105,9.382977,9.698244,9.91289,9.469398,9.850688,9.963855,9.903252,9.506388
"ABHD5",9.233887,9.747631,8.92516,8.606587,9.895771,9.531565,10.511193,9.29979,9.602635,9.050668,10.402371,8.555319,9.520506,8.734831,10.031771,9.085307,9.151339,9.671171,9.651585,8.716442,8.976257
"ZNF502",6.168732,5.492748,5.330957,5.542454,5.310471,5.769168,5.042271,5.270797,6.079102,5.780288,5.56261,5.486547,5.009478,6.466684,5.936553,5.426328,5.302122,5.290574,6.047125,6.256853,5.435856
"SACM1L",10.017548,9.807024,9.632276,10.016684,9.635126,9.969387,9.760284,9.758506,9.980031,9.244352,9.663344,8.927162,9.920585,9.8679,10.008215,10.381464,9.658531,10.074424,10.153002,10.034188,9.921448
"CCR9",7.513071,6.51161,6.994723,7.124152,6.774081,7.256236,6.549067,6.945944,7.081325,6.879869,6.718993,6.910176,6.959977,7.663047,7.625364,7.260784,7.06747,6.437099,6.858128,7.619483,7.094538
"CCR3",6.330781,7.4353,7.611839,6.711318,7.793843,7.306547,6.874547,7.56837,7.153601,6.810746,6.344923,6.500417,7.690353,6.964304,7.935314,6.519409,7.257992,7.341778,8.180036,7.794483,6.585928
"CCR2",8.949355,9.55899,9.179734,9.446117,9.633145,9.256921,9.662149,8.875097,9.351968,8.987074,9.51223,8.710389,9.54403,8.664836,9.105596,9.446187,9.339671,8.989891,9.756288,9.167833,9.159141
"NBEAL2",8.416221,8.848899,8.676756,8.46064,8.891114,8.935729,9.15058,8.517138,8.854003,8.240642,9.290858,8.299668,9.025039,8.346097,8.449574,8.545931,8.776573,8.903696,8.991229,8.235791,9.140108
"DHX30",7.896946,7.985632,7.905195,8.300364,7.721696,7.998339,7.794081,8.154443,8.013718,7.657514,7.911147,7.407646,8.042674,8.24881,7.792968,7.986229,7.625538,7.883628,7.505532,7.811111,8.035316
"CAMP",7.193675,7.350776,7.651832,6.749963,8.598426,7.438701,7.676347,7.390545,7.293964,7.663351,8.009922,7.945215,7.243948,7.202862,7.299374,7.020916,7.548627,7.067357,8.013479,6.930699,8.229203
"WDR6",8.285887,8.380216,8.242726,8.912679,8.085575,8.443266,8.020018,8.372102,8.680018,8.10965,8.253992,7.653215,8.577455,8.399895,8.31286,8.524012,8.139169,8.874254,8.191775,8.345901,8.509261
"NDUFAF3",8.177897,8.347696,8.204227,8.536519,8.178872,8.407247,8.108639,8.29017,8.213089,7.875993,8.164221,7.501266,8.106723,8.25391,7.928355,7.945714,7.689015,7.986424,7.859017,7.970812,8.14515
"RBM6",8.4331,8.36275,8.155405,8.676048,8.058853,7.966382,7.98512,7.981329,8.517727,8.057147,8.231105,7.828172,8.514423,8.118682,8.487346,8.536054,8.15595,8.861541,8.261305,8.169315,8.355926
"GNAI2",10.297152,10.853479,10.563757,10.681607,10.603843,10.742609,10.812539,10.550317,10.684815,10.443193,11.083745,9.861329,10.707701,10.296586,10.776637,10.647214,10.667273,10.760529,10.755342,10.397991,10.829585
"MAPKAPK3",8.621548,9.040951,8.888358,8.740861,8.854899,8.940554,8.991087,8.97484,9.090762,8.904125,9.229324,8.242596,8.893845,8.754937,8.705986,8.756904,8.794529,8.658679,8.941664,8.760397,8.943237
"DNAH1",7.421855,7.624405,7.59159,7.567662,7.344441,7.461169,7.578083,7.537424,7.753139,7.273268,7.754398,7.026006,7.88555,7.410428,7.475726,7.780466,7.259924,7.649051,7.506734,7.233509,7.659086
"GNL3",7.619873,7.294768,7.143712,7.868911,7.300028,7.719215,6.919741,7.41778,7.590755,7.183073,7.485649,6.563686,7.710495,8.696637,7.824612,7.652658,7.97673,7.992818,7.923353,8.120767,7.570376
"CCDC66",6.42468,6.360638,6.24824,6.977355,6.410803,6.451187,5.905483,6.166758,6.534855,5.729048,6.094997,5.568862,6.244838,7.211555,6.339669,6.655484,6.409413,7.078623,7.059164,6.912681,6.178663
"PDE12",7.587956,7.301606,7.010605,7.713641,7.019784,7.342204,7.232466,7.465992,7.571502,6.657343,7.354582,6.533051,7.186085,7.524625,7.464106,7.874536,7.055494,7.746868,7.46816,7.160175,7.690532
"SLMAP",8.632134,8.645913,8.488505,8.910459,8.800304,8.801065,8.711475,8.525302,8.696381,8.173337,8.85337,7.617516,8.544991,8.747348,8.719665,8.917573,8.657663,8.906607,9.236134,8.687043,8.569701
"RPP14",7.853452,7.583262,6.986168,7.917842,7.511874,7.755798,7.47004,7.82533,7.946443,7.288046,7.681344,6.419365,7.839438,8.061109,7.975274,7.859687,7.522492,7.948642,7.910335,7.860309,7.755531
"ATXN7",9.752976,9.940637,9.732484,9.984687,9.848627,9.907374,10.24392,9.784793,9.924881,9.678405,10.112713,9.284173,10.074333,9.518207,9.836261,9.862552,9.947351,10.101541,10.007396,9.809924,10.077651
"KBTBD8",6.866944,5.98606,6.060715,6.896498,6.225082,6.881528,6.417304,6.221537,6.43866,5.773436,6.391305,6.074485,5.907635,7.327201,6.430908,6.700177,6.776561,6.830017,6.577698,6.47295,6.202294
"PSMC1",9.310751,9.586051,9.147944,8.904167,9.643084,9.515626,8.263376,9.340032,9.382105,9.514063,9.549876,9.158241,9.41343,9.551369,9.445696,9.369955,9.513005,9.22356,9.354213,8.973269,9.434334
"PPP4R2",8.873335,8.54409,8.899637,9.0026,8.905967,9.254328,8.674789,8.824477,8.995509,8.333831,9.081269,7.587808,8.568929,9.36395,9.267441,9.178142,9.431639,9.202753,9.575219,9.353357,9.035688
"CHMP2B",7.867386,7.881931,7.112478,8.013524,8.235598,8.226637,7.708114,7.717192,7.917564,7.135067,8.249373,6.269454,7.686437,8.138395,8.361863,7.99213,8.071195,8.069318,8.76247,8.298918,7.964565
"ZNF654",7.303036,7.11701,7.008861,7.802262,7.077593,7.950198,6.880043,7.083176,7.000488,6.021084,7.372772,5.961507,6.536614,7.949029,7.607751,7.597774,7.173819,8.009528,8.236453,8.223936,7.320986
"C3orf38",8.369528,7.888723,7.614869,8.452556,8.153653,8.579778,7.990358,8.080115,8.323685,7.654993,8.236071,6.559764,8.199559,9.006348,8.129847,8.371047,8.239351,8.0988,8.831095,8.411107,8.355023
"NSUN3",8.251581,8.474278,8.125639,9.380309,8.40296,8.590948,9.090255,8.184057,8.285517,7.866816,8.284,7.661732,8.005423,8.184976,8.640089,8.607271,8.081644,9.084007,9.176404,10.116039,8.432197
"CRYBG3",7.117395,7.11457,6.909907,7.458834,7.370085,6.990705,7.529367,6.830907,7.169868,7.007499,7.600229,6.784846,7.206373,6.375833,7.046449,7.234218,7.907098,7.47019,8.246685,7.996298,7.376107
"GPR15",7.978647,7.833259,8.134215,7.959004,7.392037,8.754224,7.426178,7.859539,7.82798,7.253272,7.136402,7.530969,6.956836,8.63401,8.076161,7.900773,8.418893,7.139374,8.301063,8.483045,7.662204
"NIT2",7.519939,7.719903,7.055641,7.792518,7.619631,7.630225,7.265733,7.49262,7.54141,7.228151,7.386495,6.705824,7.518598,7.831377,7.614853,7.577248,7.55899,7.842586,7.891767,8.001984,7.673659
"TRMT10C",6.967983,6.486823,6.587509,7.007723,7.008207,7.313376,6.424886,6.775624,6.956412,6.572692,6.898003,6.386023,6.523357,8.209756,7.069633,6.872576,6.840652,6.597245,7.208258,7.528318,6.448752
"CEP97",7.919168,7.464246,7.395298,7.936327,7.54056,7.851026,7.553481,7.604181,7.493244,7.280337,7.763825,6.996746,7.757813,7.742487,7.932958,8.013549,8.103391,8.313369,8.248654,8.076183,7.76688
"NXPE3",9.042605,8.891611,8.518291,9.237399,8.88019,9.041788,8.879847,8.929816,9.019321,8.710506,9.095188,7.864729,9.032244,9.058962,8.89491,8.857147,9.048297,9.093395,8.709969,8.630405,9.050673
"ALCAM",7.221315,7.407699,7.2707,7.147448,7.316504,7.554514,7.32563,6.843808,7.166131,6.655986,7.412782,6.417369,7.206389,7.489671,7.471099,7.707696,7.550107,7.336397,8.185585,7.736993,7.057847
"DZIP3",7.450518,6.941771,7.056403,7.784342,6.965393,7.737775,6.365144,6.991174,7.197018,6.346271,6.519253,6.289766,6.879156,7.916937,7.392658,7.413353,7.441943,7.844288,8.291635,8.481488,6.812502
"TRAT1",10.517737,9.314338,9.485308,10.241575,9.7755,10.130554,8.987992,9.748483,9.793419,9.608785,8.97781,8.310828,9.473564,10.797425,10.063641,10.089085,9.743306,10.267648,10.330785,10.371014,9.920546
"CD96",10.380925,10.136671,9.90698,10.620074,9.858506,10.340541,9.677122,10.250172,10.198128,9.949687,9.457552,9.212179,9.946067,10.32755,10.180153,10.52058,10.023475,10.457143,10.340835,10.801124,9.86427
"ABHD10",8.037987,7.892355,7.477039,8.456744,7.996061,8.519614,7.768398,7.99074,8.057544,7.720955,7.844111,6.991388,7.819696,9.209783,8.304622,8.258617,8.366269,8.357546,8.8746,8.815896,8.013956
"TMPRSS7",5.153999,5.014903,5.3403,4.95453,4.978948,4.969588,5.196902,5.506521,4.952134,5.872176,4.819726,6.218685,5.010709,4.934119,4.754746,4.905947,5.69325,4.818484,4.71768,4.881904,4.882333
"CD200",7.786027,7.379599,6.795122,7.634096,7.306923,7.521276,6.786244,7.635293,8.109408,7.242946,7.473918,7.094111,7.419461,8.358983,7.771278,7.811416,7.735251,8.193938,7.829335,7.4551,7.022848
"SLC35A5",9.141364,9.203679,8.594271,9.319018,9.220469,9.278015,9.331971,8.8754,9.376825,8.500143,9.590861,8.054526,9.425061,9.483127,9.488636,9.264071,9.315414,9.276559,9.842516,9.819433,9.46947
"GTPBP8",7.81285,7.095025,7.220544,7.716354,7.468052,7.866746,7.146619,7.626302,7.624458,7.093684,7.469237,6.282351,7.576805,8.254071,7.85577,7.723774,7.633391,7.78877,7.718328,7.707056,7.45277
"ATP6V1A",9.293521,10.094768,9.690303,9.662161,9.780343,9.7962,10.546834,9.594745,9.776525,9.508552,10.017065,9.121516,9.978319,8.81312,9.889096,9.569463,9.525022,10.282535,9.976274,9.864607,9.530142
"GRAMD1C",6.917179,7.742589,6.840672,6.090946,7.588569,7.748619,8.304522,6.969499,7.370938,6.991462,7.001275,6.827578,7.307696,7.228738,7.157847,7.223442,7.636189,7.743611,8.399312,7.484238,5.795954
"POGLUT1",7.439354,7.512823,7.10166,7.832655,7.235163,7.454314,7.248504,7.359384,7.766862,6.932134,7.537285,6.02195,7.441243,7.768405,7.681983,7.811479,7.270734,7.78912,7.893997,7.768122,7.966037
"TIMMDC1",8.179474,8.078729,7.94119,8.4743,8.39831,8.237107,7.723829,8.078811,8.189839,7.745475,8.201643,6.845336,8.233793,8.659639,8.583276,8.378966,8.38838,8.51014,8.792811,8.662376,8.384408
"GTF2E1",8.1406,7.915933,7.612394,8.141294,7.825037,8.301937,7.584655,8.1362,8.121445,7.515983,8.141792,7.323622,7.922057,8.385133,8.169424,8.208965,7.990538,8.094034,8.31819,8.170466,8.432905
"EAF2",7.901998,7.683225,7.761431,8.559828,7.905887,8.496469,7.958935,7.934691,8.18116,7.230844,7.934209,6.846155,7.981566,8.42488,8.131201,8.30407,7.988243,8.839791,8.907004,8.346962,7.607585
"SLC15A2",7.661236,7.376362,7.102725,8.380999,7.492983,8.052179,7.778839,7.411728,7.943865,7.426523,8.029566,7.348349,8.428668,7.488013,8.004762,7.880077,8.101618,8.643297,8.397235,8.30398,7.421392
"CD86",7.843199,7.964154,7.589862,8.210524,8.571486,7.975568,8.278514,8.038212,8.256109,7.847202,9.081446,7.456514,7.993417,8.139477,8.484508,8.107986,8.411303,7.835463,8.573154,8.532549,8.746326
"CSTA",8.355055,7.276307,7.28627,6.963656,9.003679,7.953437,7.785434,6.960339,7.791842,7.327802,9.184653,7.320932,7.685471,8.730792,7.339911,7.198931,7.908874,7.188765,8.048693,7.351544,7.356144
"DTX3L",9.401052,9.339908,9.060443,9.550784,9.491591,9.646949,9.611649,9.535444,9.40076,9.169436,10.022026,8.602021,9.796359,9.336675,9.622009,9.627993,9.669724,9.662351,9.602307,9.237827,10.75293
"PARP15",9.053538,9.089104,8.120663,9.372247,8.651722,9.130931,8.314575,8.936128,9.277184,8.094391,8.52106,7.838647,9.069169,9.152263,8.83709,9.525003,9.227508,9.720713,9.245311,9.29791,8.891345
"PARP14",10.102944,9.895689,9.752576,10.512083,10.04237,10.48642,10.09552,10.246398,10.070854,9.965441,10.72685,9.042211,10.674049,9.83005,10.040152,10.181084,10.349964,10.033407,10.227547,10.214102,11.245869
"SLC49A4",8.578008,8.819159,8.205097,8.639026,8.775723,8.669547,9.219207,8.490766,8.851409,8.416521,9.295574,8.006744,8.876988,8.209227,8.763364,8.375483,9.122494,8.873302,9.313251,8.863116,8.7552
"UMPS",8.150181,7.885705,7.618644,8.249424,8.121283,8.119737,7.409952,7.942784,7.982723,7.597828,7.740266,6.847717,7.770236,8.313968,7.999726,8.088405,8.090896,7.913049,8.023646,7.871365,8.032185
"RAB7A",10.020422,10.542653,10.130534,10.450774,10.441872,10.440689,10.762165,10.036692,10.302683,10.135834,10.719331,9.576845,10.336484,9.795564,10.390453,10.193574,10.309406,10.573236,10.574997,10.209345,10.542303
"COPG1",8.040202,8.390689,8.095161,8.639975,8.098203,8.245864,8.354124,8.218248,8.321644,7.818282,8.418916,7.119652,8.239394,7.822105,8.388859,8.246419,8.096269,8.7249,8.158539,8.232565,8.532662
"ATP2C1",8.302564,8.218812,7.858397,8.556564,8.184411,8.420769,8.321812,8.047197,8.34917,7.754205,8.156717,7.28687,8.231782,8.449597,8.529186,8.704017,8.480638,8.781613,8.972729,9.040642,8.602506
"ACP3",7.243413,8.659582,7.408033,7.90966,7.968193,8.497224,8.95205,7.927908,7.91789,7.685411,8.644145,7.575448,7.792052,7.102496,7.77585,7.38593,7.448359,7.828291,8.760264,8.436393,7.379226
"DNAJC13",8.770801,8.931255,8.661616,9.349686,8.951989,9.057209,9.367967,8.754569,9.041806,8.426212,9.248847,8.05047,9.134517,8.576661,9.204289,9.04322,9.023361,9.354036,9.528628,9.790712,9.788664
"UBA5",8.276048,8.328481,7.821481,8.837626,7.855451,8.465361,7.715021,8.021727,8.107312,7.580629,7.769081,7.331946,7.827608,8.698308,8.445808,8.637575,8.226635,8.884732,8.862497,9.251849,8.349241
"CEP63",8.246371,8.476423,8.364199,8.203355,8.685281,8.408838,8.763095,8.096678,8.679642,7.960576,8.827912,7.782421,8.535583,7.89002,8.49026,8.390655,8.222007,8.694568,8.516583,8.260177,8.295503
"NCK1",8.469966,8.22342,7.600479,8.483632,8.311006,8.508956,7.7797,8.203581,8.401257,7.784937,8.320589,7.143124,8.333999,8.764312,8.735421,8.899997,8.780559,8.733793,9.037854,8.886601,8.44891
"ARMC8",8.737238,8.927294,8.441273,9.178258,8.489508,9.021292,8.857176,8.712856,8.783052,8.128895,8.575268,7.77142,8.727702,8.99376,8.942937,9.054723,8.831054,9.135474,9.506327,9.373978,8.794368
"SLC25A36",7.831546,7.489995,7.298064,8.250757,7.584723,8.020359,7.470737,7.619827,7.908966,7.136132,7.359132,6.698727,7.732624,8.082357,7.755887,8.018501,7.680797,8.076975,8.431466,8.332501,7.804574
"RASA2",9.253196,8.969135,8.672302,9.577928,8.990635,9.14617,9.269013,8.970092,9.311505,8.685225,8.963796,8.013159,9.206835,9.177717,9.10597,9.424799,9.113518,9.777698,9.685506,9.582171,9.076838
"ATP1B3",7.671944,7.77204,7.358299,7.595621,7.673598,7.564987,7.378009,7.240528,7.225659,6.571398,7.729812,6.724213,7.438695,7.412843,7.765095,7.633991,7.177616,6.966933,7.485472,7.311588,7.625032
"TRPC1",5.082967,5.37951,5.105317,5.212834,5.849967,5.000673,5.129967,5.030634,5.358732,5.147492,4.475194,5.116254,5.012298,4.98574,5.573775,5.046873,4.935318,5.344539,5.728039,6.511573,4.957896
"U2SURP",9.645009,9.572034,9.366757,9.992617,9.457042,9.916364,9.308961,9.48068,9.568627,9.350074,9.163033,8.708089,9.244834,9.60426,9.898397,9.920715,9.651312,9.921916,10.33447,10.227806,9.818777
"CPA3",6.418332,7.177043,6.407976,6.590337,6.368992,5.651307,5.351915,6.911374,6.35236,6.409851,5.877576,5.94285,6.261225,6.115325,6.594194,6.711154,5.972272,5.466763,5.961237,7.189121,5.366528
"GYG1",8.813993,9.163974,8.690532,9.114694,9.326491,9.215135,9.093672,8.771544,8.600068,8.216851,9.549774,7.813284,9.041064,8.675716,8.930076,8.855951,9.073955,9.252508,9.508751,8.809423,9.160624
"EIF2A",8.752345,8.280099,8.191857,8.814746,8.827649,8.842574,8.349914,8.406352,8.757231,8.304612,8.494955,7.708116,8.46501,9.657938,8.807989,8.968777,9.000793,8.755945,9.342224,9.240412,8.523322
"LINC02877",4.123792,4.930154,4.596353,4.110422,4.91333,4.794599,4.807225,4.321621,4.50512,4.658883,4.239755,5.115651,4.801708,4.56028,4.830125,4.444219,4.551425,4.053222,5.180076,4.474767,4.127637
"MME",10.55953,10.700322,10.950028,10.319473,11.281689,11.440166,11.352551,10.645452,10.774182,10.426285,11.554501,10.749019,10.850371,10.009951,10.906425,10.548571,10.694899,11.257079,11.458775,10.113559,9.572166
"RSRC1",7.930908,8.023076,7.50473,8.331136,8.197932,8.296431,7.162279,7.850333,7.778351,7.370695,7.869737,7.277549,7.777873,8.208927,8.450011,8.093135,7.845911,8.399523,8.514526,8.563957,8.240787
"GFM1",7.700825,7.920741,7.453777,8.035039,7.389422,7.958169,7.512283,7.765559,7.921274,7.336776,7.552902,6.672962,7.716856,7.845643,7.797626,7.95708,7.486401,7.876006,7.809163,8.115111,7.931845
"LOC100287290",5.464066,5.589194,5.612043,6.066861,5.189559,5.447116,5.519054,5.794589,5.209685,5.569446,5.428565,6.384728,5.903359,4.839018,6.01245,5.75563,5.876431,5.116164,5.828394,4.995977,6.346934
"MFSD1",9.897686,10.257911,9.944244,10.496263,10.197859,10.342271,10.493909,10.007239,10.094072,9.634736,10.705928,9.200322,9.977797,10.082256,10.591623,10.424274,10.220868,10.295114,10.801288,10.531422,10.458929
"SMC4",8.242193,7.761713,7.418282,8.520296,7.525295,8.292129,7.463427,7.996848,7.668819,7.287785,7.856838,6.368562,7.591875,8.597364,8.369857,8.629401,8.592259,8.559346,8.701229,8.695247,8.202417
"MIR15B",4.771704,4.681062,3.773691,4.891492,4.704271,5.317431,4.459601,4.403046,4.436059,3.870623,4.437478,3.493009,4.255908,4.65073,4.533695,5.179449,4.59889,5.429007,5.775324,5.553316,4.291751
"NMD3",8.23918,7.725786,7.795108,8.480116,8.051319,8.445799,7.563659,8.121819,8.029386,7.585505,7.804846,7.190284,7.891492,9.121513,8.225743,8.503815,8.252583,8.06035,8.708595,8.728719,8.120036
"MYNN",7.840896,7.556781,7.370573,8.093149,7.597421,8.173742,7.563471,7.522614,7.684701,7.276444,7.713091,6.835666,7.537788,8.543418,7.9303,8.202434,8.146161,8.067236,8.686446,8.399021,7.778028
"SEC62",8.908826,8.468015,8.493188,9.164852,8.972358,9.152838,8.132963,8.653203,8.596599,7.802058,8.75632,7.674843,8.284063,9.549978,8.981782,8.874306,8.674166,8.893094,9.383021,9.489808,8.474681
"GPR160",7.608769,7.447073,6.480836,7.367676,8.216477,7.516007,7.780802,6.821717,7.267598,6.118366,8.75502,6.070024,6.971679,8.603522,7.955254,7.357591,7.908899,7.776864,8.827213,7.727704,7.762117
"PHC3",6.590238,6.282414,5.756065,6.483779,6.860374,6.746479,6.939889,6.462471,6.576763,6.05569,7.018642,5.649087,5.956136,7.119366,6.495894,6.599315,6.77327,6.343418,7.165183,6.219219,6.531389
"SKIL",7.736832,7.33908,7.307589,8.037408,7.380302,7.660011,7.743754,7.290068,7.590292,6.964336,8.125825,6.771697,7.299677,8.293083,7.947815,8.070674,7.50191,8.266071,8.13328,8.034509,7.940003
"TMEM212",5.441874,5.482669,6.051381,4.975223,5.614172,5.121043,5.426293,5.654344,5.541187,6.394689,5.491408,6.599033,5.595521,5.163647,5.412703,5.158458,5.957213,5.496017,5.383202,5.582928,5.775337
"FNDC3B",9.04174,9.623352,9.175835,9.052748,9.380114,9.444192,10.182754,9.09753,9.5169,9.121471,9.796608,8.990216,9.641619,8.536754,9.337223,9.344751,9.59872,10.153404,9.89627,9.401269,9.795697
"PIK3CA",8.91571,8.88107,8.581378,9.232495,9.043435,9.31513,8.965504,8.79033,8.877874,8.38929,8.99175,7.706819,8.817936,9.108657,8.957424,8.892056,8.874675,9.235564,9.560796,9.191369,8.794927
"ZNF639",6.763367,6.510817,6.261775,6.956434,6.747837,6.78033,6.671386,6.421015,6.819169,6.17517,6.36947,5.573003,6.588301,7.213117,6.404971,6.716537,6.467269,6.662889,7.352127,6.983817,6.718617
"MFN1",8.521885,8.393973,8.29149,8.802268,8.465238,8.80084,8.513744,8.318379,8.625652,7.756817,8.369177,7.313373,8.228598,8.609124,8.577913,8.647944,8.348095,8.826381,8.855926,8.753747,8.400371
"NDUFB5",8.640465,7.997046,7.417809,8.742088,8.450074,8.480772,8.144318,8.120626,8.226442,7.975623,8.579814,7.392352,8.488612,8.898803,8.799367,8.872127,9.077973,8.503302,9.26573,8.974802,8.61503
"TTC14",8.939555,8.727517,8.370694,9.298624,8.676443,9.097136,8.66823,8.737121,8.90418,8.226971,8.483466,7.350687,8.620854,9.297199,8.860614,9.163039,8.820646,9.263526,9.565154,9.516109,8.927493
"FXR1",9.404308,9.148523,8.941326,9.342748,9.172083,9.3229,8.391664,9.27619,9.269539,8.643405,9.156396,8.226521,8.870791,9.769288,9.53376,9.729957,9.253534,9.164387,9.587046,9.50323,9.108911
"ATP11B",10.110353,9.816659,9.672025,10.239514,10.047224,10.307778,10.009956,9.869584,9.989332,9.608161,10.170643,9.094247,9.929207,10.074748,9.925131,10.1359,10.177113,10.281426,10.853973,10.290122,10.010493
"B3GNT5",6.985085,7.244071,6.80321,7.093831,7.329355,6.958621,7.680705,6.879309,7.494647,7.048389,7.819523,7.000815,7.158943,6.670209,7.654407,7.073118,7.709216,7.736643,7.856982,7.09535,7.789246
"KLHL24",9.356429,9.098737,8.801164,9.393827,9.036372,9.209461,9.36363,9.004626,9.23421,8.859896,8.988693,8.036926,9.047461,9.127502,9.294811,9.32712,9.196971,9.562007,9.51899,9.460455,9.014336
"POLR2H",7.565095,7.364903,7.051218,7.802509,7.384839,7.689288,7.356901,7.539948,7.627986,7.250545,7.357653,6.69389,7.639365,7.981792,8.067651,7.791098,8.222679,8.043806,8.325797,8.224945,8.17381
"VPS8",9.319667,9.491155,9.014096,9.424521,9.562764,9.385908,9.956387,9.128863,9.520219,8.973414,9.73116,8.491842,9.506379,8.91341,9.340716,9.232665,9.135161,9.759235,9.848292,9.648841,9.132418
"DNAJB11",8.034506,7.89158,7.924635,7.939467,7.748633,8.270883,7.398069,7.992926,8.060477,7.582095,8.263323,7.415453,8.122696,8.430307,8.521012,8.681094,8.985025,8.455888,8.23567,8.325713,8.331788
"EIF4A2",10.094817,9.70493,9.563534,10.049867,9.845801,10.101972,9.310007,9.814146,10.027751,9.754228,9.593479,8.940633,9.95975,10.452873,9.87685,9.913789,9.741951,9.868996,9.97538,10.238641,9.7244
"ST6GAL1",9.949346,9.926456,9.975802,10.634545,9.50333,10.213126,9.716119,10.189533,9.968566,9.860526,9.553731,9.050627,9.865198,10.144355,10.027079,10.407956,10.224479,10.596992,9.981349,10.303859,10.093551
"RTP4",8.120592,7.506149,7.497113,8.039478,8.006777,8.287362,7.332898,7.962284,7.673577,7.449418,8.194141,7.137057,8.008821,8.619212,7.536401,7.774508,7.647187,7.305336,7.657295,7.873663,9.02607
"LPP",8.811496,8.993411,8.661093,8.772102,9.080501,8.972554,9.519193,8.700093,9.046411,8.583993,8.876497,8.438919,9.321461,8.298762,8.942266,8.917802,9.198149,9.14059,9.297681,9.034569,9.205903
"MIR28",4.973914,4.858333,4.493179,4.65637,5.174492,4.410503,5.614447,4.754507,4.637398,4.833502,4.882427,4.329025,5.106458,4.778744,4.987584,5.506461,4.872201,5.375222,5.470089,5.31428,5.111838
"IL1RAP",8.071389,8.972537,8.258704,7.703144,8.643384,8.757656,9.719401,8.44177,8.386187,8.085735,8.997581,7.675898,8.645905,7.891618,8.751614,8.396334,8.607189,9.050026,9.034114,8.7571,7.791913
"CCDC50",8.055248,7.729111,7.41217,8.070365,7.756715,7.94738,7.236477,7.748088,7.904926,7.768398,7.788634,6.81619,7.837936,8.518361,7.779407,7.993942,8.210991,8.029935,7.711329,8.044441,7.622547
"OPA1",8.83795,8.868816,8.482018,9.337956,8.810127,9.08013,8.845854,8.578177,8.697097,8.186064,8.633221,7.790108,8.302132,8.897871,9.053473,9.203358,8.942055,9.278149,9.627733,9.670755,8.947242
"FAM43A",7.322017,7.6123,7.57471,7.357018,7.729263,7.485498,7.54525,7.653793,7.444717,7.457047,7.454808,7.422083,7.507332,7.738849,7.400877,7.506718,7.196302,7.178013,7.335246,7.502863,7.399506
"MIR570HG",6.974683,7.112063,6.973478,7.298721,6.580551,6.78306,5.656931,7.061382,7.615546,7.513502,6.744745,6.753894,6.954886,6.525701,7.078539,7.054817,6.727135,7.305499,6.903769,7.552663,6.902558
"PIGX",8.289748,8.491491,8.139661,8.086208,8.664418,8.431481,8.698028,8.109294,8.712347,8.193148,8.619619,7.74432,8.78814,8.494419,8.557239,8.484036,8.957129,8.641499,9.617387,8.53852,7.714579
"PAK2",9.50141,9.916878,9.33689,9.839551,9.739411,9.89323,10.405842,9.604108,9.793432,9.641482,10.010679,9.359467,10.115409,9.081064,9.831986,9.408259,9.68126,9.984658,10.09317,9.675791,9.679968
"SENP5",9.453344,9.330912,8.942022,9.578445,9.326491,9.516837,9.254751,9.288227,9.437716,9.014819,9.436874,8.530624,9.370116,9.62453,9.46331,9.598124,9.503641,9.430051,9.688039,9.565977,9.41423
"FYTTD1",8.795843,8.733787,8.449485,8.983114,8.686659,8.960121,8.27669,8.685035,8.845352,8.327519,8.678831,7.631694,8.766074,9.055941,8.958317,9.024688,8.743434,8.722019,8.967236,8.985453,8.978907
"RPL35A",11.067319,10.557887,10.454383,10.581566,10.939966,10.998466,10.095309,10.627063,10.741068,10.585708,10.804514,10.162085,10.786923,11.795026,10.492802,10.451692,10.600757,10.229574,10.886715,10.988128,10.005951
"IL5RA",6.908992,7.243851,7.655791,7.740194,6.895976,8.079962,6.272151,7.272151,6.883995,7.41031,5.719531,6.593323,7.074549,7.386012,7.301234,6.307384,6.442117,6.877001,7.775517,6.815574,5.562144
"CRBN",9.951591,9.551003,9.664491,10.009989,9.817522,10.123228,9.469128,9.694125,9.781475,9.494574,9.40212,8.800822,9.754637,10.355328,9.935279,10.119899,9.996644,9.98447,10.311654,10.182481,9.694824
"EMC3",9.387793,9.577325,9.331729,9.756333,9.955538,9.441008,9.430229,9.444374,9.354376,8.704923,9.710775,8.808168,9.085611,9.547119,9.499333,9.218124,8.574715,9.129577,9.31463,9.960124,9.067974
"TMEM40",6.771389,6.817475,7.075623,6.896662,6.997341,6.945756,7.473931,6.647671,6.429491,7.041416,6.518797,7.189683,6.61144,6.088273,7.102704,6.891456,6.535021,6.529134,6.816055,6.267434,6.705811
"IQSEC1",8.827275,9.255848,9.00887,9.078044,9.190712,9.263608,9.336462,9.165859,9.181137,8.842028,9.401837,8.534016,9.121463,8.718476,9.054245,8.787116,9.02433,9.158118,9.08578,8.64291,9.384717
"NUP210",8.928034,8.910467,8.775856,9.257077,8.504491,8.851315,8.483974,8.970037,9.07031,8.695607,8.692462,8.232917,9.170014,8.876417,8.896427,8.982886,8.899705,9.148056,8.521239,8.69236,9.241576
"XPC",8.048433,8.483117,7.915673,8.342835,8.077193,8.39489,8.318757,7.993843,8.056515,7.88368,8.36375,7.407852,8.254975,7.964338,7.859805,7.868969,7.727847,8.118245,7.943447,7.782594,8.035539
"METTL6",8.171851,8.188987,7.357805,8.326731,7.938596,8.124875,7.525575,7.929912,8.385013,7.831937,7.881117,6.82693,7.831071,8.500664,7.996736,8.296306,8.162414,8.076041,8.047522,8.211036,7.954054
"TOP2B",9.143993,9.029186,8.65278,9.623795,8.812627,9.309846,8.699492,8.967763,8.977543,8.574713,8.698784,7.884415,8.857913,9.180017,9.524598,9.481533,9.182085,9.694184,9.760718,9.706737,9.151761
"NGLY1",9.080214,9.063418,8.58745,9.175725,9.036223,9.239463,8.952222,8.987023,9.048118,8.584751,9.008995,7.920549,9.089758,9.269117,9.405431,9.26809,9.312782,9.595621,9.64217,9.248697,9.193387
"SLC4A7",8.635156,8.279844,7.769315,8.897697,7.920846,8.508849,8.082481,8.280127,8.559096,7.937873,7.617545,7.105348,8.353865,8.487577,8.4377,8.67489,8.492344,8.721288,9.009107,8.898967,8.365263
"AZI2",7.44747,7.139632,6.899509,7.660359,7.67642,7.741225,7.583057,7.132577,7.378442,6.893722,7.883218,6.090494,6.977834,7.887938,7.635711,7.827062,7.891368,7.852907,8.419258,8.159168,8.19245
"OSBPL10",8.181504,8.137773,7.712993,8.40404,7.615701,8.039875,7.529256,8.249369,8.551059,7.974831,7.883875,7.986059,8.344704,8.525129,8.207623,8.204891,8.415778,8.730502,7.754749,7.741841,7.64274
"CMTM6",9.825731,9.934771,9.539312,9.739273,10.168224,10.008566,10.348532,9.650383,9.826397,9.575599,10.534822,9.28804,10.000491,9.639025,9.855962,9.753754,9.780519,9.954869,10.246919,9.490558,9.654752
"DYNC1LI1",8.267181,8.432135,7.958259,7.985855,8.709638,8.636708,8.786072,7.836275,8.326766,7.796077,8.521316,7.289825,8.153263,8.179566,8.579504,8.285336,8.104041,8.571082,8.631249,8.242857,7.969708
"GLB1",7.471394,8.548499,7.98626,8.348067,8.024363,7.97131,8.632112,7.583045,7.994504,7.463684,8.206458,7.372499,8.07061,7.384411,8.037473,8.242108,7.859418,8.325909,8.273861,8.124607,8.330362
"TRANK1",9.36299,9.726134,9.545707,9.765111,9.653001,9.68158,10.146625,9.646609,9.533581,9.135577,10.026847,9.02379,10.322295,9.119355,9.755845,9.466059,9.57531,10.103041,9.45504,9.119022,10.050646
"EPM2AIP1",8.465506,8.079438,7.495449,8.313718,8.260432,8.30252,7.76504,8.08186,8.289138,7.784724,7.955325,6.93313,7.906577,8.703949,8.145112,8.400707,8.172954,8.305509,8.722569,8.557313,7.802271
"RPL29",11.9707,11.854694,11.678642,11.890328,11.809421,12.044599,11.175066,11.952431,11.883353,11.940909,11.894113,11.37855,11.915402,12.417425,11.604119,11.869382,11.756284,11.682313,11.620536,11.759764,11.121818
"CX3CR1",8.995961,9.638341,9.025089,9.692284,8.776361,9.181461,9.612253,9.214651,8.616403,8.045053,8.409037,8.472914,9.715265,8.720717,8.365733,9.700477,9.170446,9.903949,9.228518,9.546067,9.921299
"ZDHHC3",7.532168,8.051793,7.879841,7.859474,7.599557,7.4701,7.618379,7.938315,7.733388,8.159424,7.70241,7.928331,8.125176,7.454425,7.927763,7.537749,7.504953,6.626821,7.494936,7.406758,7.463753
"CCR1",7.434027,8.453734,7.844879,7.907437,8.459758,8.721134,9.09584,8.167731,7.814697,7.855632,8.808443,7.294033,7.831692,7.366545,8.285109,7.243106,8.585008,8.262379,8.652667,9.087505,9.599481
"LTF",6.905656,6.893878,7.056723,7.937651,7.747085,6.916733,7.50188,6.758404,6.346956,7.166001,7.639082,7.353206,6.18634,6.26214,6.449464,6.757268,6.948379,7.391504,7.326252,6.936876,9.568349
"PRSS50",6.888336,7.260515,7.566348,6.895852,7.0826,6.855029,7.235971,7.551404,6.929373,7.109763,7.208335,7.472695,6.883675,7.353224,7.426006,6.80781,6.415366,6.519955,6.773983,7.377085,7.202905
"SNORD13P3",13.02943,12.199235,12.261697,12.391565,12.9216,12.924511,12.508739,13.015942,12.883349,12.778075,12.605679,12.570672,13.050335,13.097657,11.949051,12.237782,11.299092,12.064311,12.029463,12.32756,11.607155
"SHISA5",9.978334,10.22541,9.931323,10.139111,10.191708,10.226459,10.344829,10.312424,10.190125,10.043797,10.265335,9.680143,10.150733,10.054344,10.012998,9.883313,10.104919,9.991789,9.930601,9.773879,10.892806
"SLC25A20",7.261556,7.977102,7.643961,8.198002,7.805142,7.927675,7.324584,7.920859,7.528941,7.325983,8.103791,6.589514,7.64727,7.6423,7.661308,7.257152,7.318667,7.544852,7.79645,7.45593,7.991816
"QRICH1",8.695035,9.178081,8.789978,9.440391,8.597717,9.080841,8.704954,9.03865,9.146226,8.705206,8.774958,8.105146,9.04477,8.850605,9.053366,9.195449,8.909647,9.615542,9.038744,8.830155,9.123049
"QARS1",9.167209,9.291751,8.965212,9.457793,8.940719,9.214764,8.773542,9.136038,9.141044,8.98303,9.203337,8.258361,9.140409,9.593532,8.875537,9.18839,8.894789,8.900449,8.761359,8.741834,8.339824
"UBA7",8.126452,8.47806,8.333534,8.710195,8.015183,8.286413,8.33379,8.241552,8.582375,8.090668,8.477887,7.872351,8.572076,8.284183,8.517854,8.260251,8.32185,8.611222,8.460998,8.19196,9.022008
"TMEM115",7.536644,7.958715,7.991616,7.803174,7.835964,7.837574,7.769137,8.040799,7.619972,7.711244,7.909733,7.71574,7.735288,7.708604,7.793536,7.806993,7.753056,7.596972,7.787014,7.614353,7.689035
"DUSP7",8.37727,8.818344,8.508458,8.473622,8.628902,8.648455,8.586642,8.629504,8.757996,8.350358,8.576418,7.842945,8.697446,8.245417,8.405416,8.49042,8.806674,8.289379,8.520887,8.414397,8.967232
"TWF2",8.637764,9.265991,8.769717,8.904464,8.819648,9.035787,8.975067,8.954403,8.837363,8.702792,9.133677,8.113882,8.834721,8.768433,8.777908,8.8212,8.679576,8.67973,8.621255,8.345543,8.811955
"WDR82",9.713393,10.011878,9.446698,10.139365,9.355176,9.868134,9.686925,9.953098,9.880978,9.139442,9.648126,8.13129,9.813348,9.727783,9.834613,9.818258,8.905402,10.031668,9.289497,9.355118,9.87503
"MIRLET7G",7.731725,7.843321,7.471853,7.84259,7.593512,7.371072,7.826191,7.331546,7.749801,7.18936,7.372866,6.564005,7.460441,7.355651,7.855968,7.674859,7.911887,7.729897,8.142509,7.779783,7.75838
"TNNC1",5.803103,5.813701,6.092577,5.516488,5.951867,5.584734,6.048273,6.275388,5.885045,6.476143,5.659486,6.658091,5.695495,5.800874,5.445692,5.798944,6.212964,5.662858,5.875132,5.60434,5.556647
"TKT",9.551449,10.212909,9.668682,9.703943,9.921555,9.998544,10.175259,9.511748,9.972643,9.530673,10.479018,9.193148,9.786334,9.541782,9.386972,9.659771,9.482912,9.569305,9.499284,9.077006,9.371
"DCP1A",8.326115,8.404057,8.194979,8.621274,8.239478,8.43257,8.377104,8.36415,8.41243,7.925035,8.285502,7.451705,8.334657,8.248844,8.677979,8.519628,8.579047,8.955737,8.642019,8.702197,8.804397
"TASOR",8.864689,8.49184,8.294245,8.946122,8.518411,8.941955,8.516678,8.479933,8.69602,8.109927,8.585809,7.520202,8.486978,8.856796,8.998776,8.966528,8.723016,8.932034,9.192452,9.177907,8.8342
"DENND6A",9.263904,8.995169,8.481713,9.297044,8.909073,8.54025,8.901186,8.862065,9.270035,8.558808,9.019735,7.724825,9.153876,9.315352,9.153286,9.300196,8.918781,9.452797,9.432925,9.023492,9.035479
"FHIT",8.256518,7.469415,7.517533,8.434003,8.007795,7.83812,7.765875,7.603971,7.922192,8.019033,7.73129,7.026459,7.936546,7.880241,7.67758,7.7585,7.442713,8.486624,7.655005,8.132333,8.025063
"THOC7",7.633022,7.232437,6.926153,7.646296,7.564174,7.734167,7.022602,7.017169,7.191175,6.921358,7.601204,6.48678,7.321852,8.075086,7.550726,7.620772,7.344084,7.232628,8.028966,7.898183,7.184266
"PSMD6",8.582993,8.594249,8.403491,8.569171,8.63231,8.706707,8.011082,8.601919,8.3522,8.258329,8.516922,7.580944,8.224286,8.782762,8.739001,8.952212,8.941174,8.857828,8.860632,8.767997,8.726269
"TMF1",8.946566,8.977115,8.71424,9.057637,8.911117,9.267681,8.747155,8.802788,8.821507,8.107657,9.091978,7.849833,8.538538,9.102988,9.322466,9.254452,9.052597,9.266018,9.432215,9.154331,9.119793
"UBA3",9.931598,9.492991,9.224885,9.829236,9.966467,9.889887,9.622894,9.525974,9.910001,9.329225,9.761483,8.988921,9.829118,10.100627,10.018323,9.97535,10.133178,10.169004,10.844737,10.154099,9.905372
"FRMD4B",6.660987,7.529441,7.132889,7.508905,7.222491,7.208211,7.828284,6.425242,6.928956,6.735888,7.580807,6.735844,7.219201,6.495543,6.956229,7.262185,6.922723,7.231536,7.472604,7.42891,7.11696
"PROK2",10.174036,9.876228,9.558789,9.254567,10.880526,10.307073,10.616221,9.569164,10.061626,9.663997,10.388253,10.318783,9.883576,8.577075,10.114354,9.89281,10.336917,10.96418,10.619846,8.992898,9.731403
"ZNF717",7.697596,6.99443,6.952123,7.939614,7.447445,7.928389,7.096721,7.260914,7.845456,7.53496,7.555114,7.746857,7.433126,7.436605,7.845935,7.710957,7.847431,7.917699,7.884287,7.597621,7.971692
"GBE1",7.742616,8.024093,7.646097,7.923481,8.017878,8.277503,8.192644,7.795169,7.889852,7.287271,8.54951,7.109928,7.830993,7.568705,8.092841,7.97284,7.80114,8.340937,8.593106,8.205354,7.803347
"CGGBP1",9.575236,9.573583,8.997277,10.068599,9.606122,9.838717,9.706911,9.544857,9.520116,9.242532,9.496035,8.596538,9.607876,9.930866,9.950839,9.78967,9.813501,9.980839,10.210745,10.176667,9.513348
"PROS1",4.895686,5.343689,5.32257,5.919489,5.728419,6.280052,6.296067,5.329925,4.890522,4.915047,4.894381,5.428509,4.884266,4.928829,5.25994,5.958092,4.743584,5.567768,5.926949,5.432709,4.787412
"ARMC10",7.417435,7.033761,6.743472,7.436141,7.16598,7.477068,7.070031,7.050594,7.521309,6.772748,7.279295,6.033624,7.119003,7.930384,7.439832,7.410027,7.288885,7.451184,7.919115,7.357996,7.388777
"TOMM70",8.353584,7.836943,7.803393,8.44348,7.814693,8.442465,7.806639,8.24761,8.154979,7.90634,7.973435,7.263938,8.031892,8.711495,8.21164,8.400668,8.401425,8.469089,8.545755,8.47833,8.402931
"SENP7",8.581203,8.449949,8.1672,9.184095,8.82934,8.852209,8.834418,8.473755,8.697228,7.945831,8.625351,7.407226,8.496067,9.054512,9.023105,9.018584,8.809693,9.217754,9.638453,9.481332,8.67311
"RPL24",11.250498,10.539098,10.002791,10.297832,11.013371,10.981217,9.846503,10.407069,10.832487,11.015691,10.577277,9.913126,10.624225,12.003069,9.89499,10.141681,9.822935,9.741963,10.108288,10.098844,9.331956
"CBLB",9.448962,9.379434,9.166761,9.637161,8.615261,9.405685,8.98296,9.221602,9.13976,8.86035,8.739291,8.51547,9.328183,9.128315,9.248161,9.556907,9.54247,9.583051,9.576923,9.846005,9.274841
"IFT57",6.739931,6.453425,5.66806,6.783603,6.601016,6.957196,6.008621,6.511877,6.794311,5.997404,6.257601,5.663244,6.288587,7.726878,6.606447,6.348628,6.744002,7.101859,7.161848,7.233901,6.583641
"CIP2A",6.633944,6.164283,6.215347,6.539671,6.34407,6.67119,6.941596,6.643989,6.41923,5.946376,6.221031,6.081571,6.334411,7.120097,6.332352,6.369862,6.682559,7.129311,7.405778,7.314976,6.661526
"GCSAM",8.274743,7.159679,7.483079,8.047872,7.544969,8.265603,7.232674,7.686178,7.838408,7.457012,7.384958,6.981248,7.580275,8.482501,7.96532,7.772797,7.879436,7.964162,8.03216,8.092575,7.384589
"BTLA",9.457794,8.37181,8.449159,9.509003,8.666195,9.669516,8.235371,9.167768,9.356308,8.683882,8.971211,8.339345,8.948915,10.175673,9.019133,9.419352,9.05215,9.702679,9.656633,9.227775,8.662978
"ATG3",9.21983,9.00411,8.975167,8.984304,9.501215,9.515065,9.138783,8.789015,9.201144,8.776585,9.715731,8.200835,9.285712,9.433797,9.246954,9.108036,9.283919,9.350698,10.009937,9.4241,9.428082
"CD200R1",7.373492,7.605218,7.353664,8.020785,7.377152,8.003016,7.402199,7.426536,7.632685,7.337579,7.509553,6.276499,7.534094,7.702325,7.828095,7.796532,7.225475,8.104292,8.277972,8.309397,7.108518
"NAA50",10.625044,10.663665,10.444913,10.806503,10.550863,10.746331,10.773599,10.501616,10.569597,10.361011,10.553842,10.123873,10.439389,10.437241,10.969131,10.928372,11.116932,11.143165,11.272547,10.996917,10.884784
"ZBTB20",7.934554,7.856495,7.209914,8.147171,7.655275,7.909058,7.747728,7.954752,8.01824,7.398973,7.547402,6.6084,7.947724,7.796905,7.705645,8.069063,7.666994,8.092555,8.004676,8.454167,7.815142
"RABL3",8.560747,8.194407,8.200258,8.630468,8.179359,8.66428,7.969674,8.334161,8.212455,7.804365,8.045403,7.409715,8.289246,8.659848,8.551053,8.670852,8.147281,8.676577,8.414688,9.038413,8.292129
"HCLS1",10.489856,11.103146,10.563085,10.300047,10.757095,10.826399,9.929728,10.553045,10.692988,10.477721,11.153016,10.001211,10.703308,10.230813,10.52587,10.276676,10.351308,10.502877,10.576603,9.85503,10.451805
"GOLGB1",8.106974,8.471274,8.208693,8.422825,8.277606,8.500772,7.947454,8.2462,8.161565,7.692874,8.348393,7.662453,8.355147,8.129158,8.343735,8.448708,8.353097,8.682891,8.51488,8.61326,8.217575
"IQCB1",8.406146,7.832414,7.664583,8.488837,7.92641,8.283168,7.431059,8.146672,8.419748,7.494675,8.014266,6.957103,7.866963,8.531682,8.017232,8.109169,7.862852,8.19042,8.249138,7.980689,7.954121
"PARP9",9.374827,9.094183,8.835347,9.400769,9.850549,9.646201,9.484045,9.426511,9.247667,8.904393,10.207793,7.898778,9.836501,9.388261,9.432034,9.278067,9.736598,9.583949,9.734583,9.591517,11.028058
"HACD2",8.466063,8.316631,7.921288,8.513229,8.108215,8.386337,8.168969,8.275148,8.575666,7.802345,8.381096,7.450279,8.525536,8.623504,8.475517,8.583902,8.720083,8.541983,8.688836,8.622649,8.345701
"CCDC14",7.989935,7.723731,7.486816,8.295216,7.666174,8.068134,7.559213,7.444401,7.91072,7.289988,7.232468,7.014108,7.600911,7.916498,8.21137,8.097706,7.606906,8.383435,8.57305,9.095271,7.699659
"SNX4",7.690439,6.985823,7.173531,7.576565,7.367521,7.756446,7.093043,7.388061,7.167777,6.377983,7.248974,6.180534,7.380114,8.413872,7.734589,7.805951,8.01206,7.906799,8.601431,8.407086,7.807419
"TPRA1",7.905204,8.089552,7.889704,8.044754,7.706707,7.806581,8.133674,8.086796,8.050011,7.976387,8.10154,7.696113,8.049148,7.883854,7.842241,8.061961,7.814144,8.015638,7.815854,8.026886,8.080416
"CNBP",10.155251,9.887643,9.804904,10.000038,10.394535,10.129025,9.84591,10.009325,10.136294,9.848283,10.24117,9.239567,10.268051,10.488652,10.28128,10.228244,10.236547,10.114421,10.410099,10.492448,10.15588
"SNORA7B",8.39155,7.636088,7.585058,8.063625,7.937983,8.180428,7.966047,7.839607,8.142434,7.64186,8.011204,7.851687,8.502109,8.840702,7.62753,8.303503,8.267292,8.493141,8.359507,7.839746,8.294552
"TMCC1",8.442708,8.607121,8.162132,7.973893,8.674084,8.460355,9.327284,8.239759,8.780995,8.126421,9.258646,8.073292,8.893432,8.177881,8.844926,8.547089,8.476804,9.013751,8.6171,8.271065,8.514674
"PIK3R4",8.506693,8.248084,7.777768,8.475223,8.186354,8.350395,8.174241,8.17536,8.368227,7.82936,8.120794,7.036471,8.352749,8.196642,8.397423,8.408095,8.14366,8.554982,8.502506,8.727731,8.296971
"ASTE1",6.856241,6.798282,6.272587,7.141042,7.052793,7.293108,6.897324,6.814658,6.577186,6.243332,6.739729,5.416938,6.753352,7.625725,6.913272,7.083587,6.773558,7.043397,7.603766,7.512527,6.811876
"MRPL3",9.11637,8.823397,8.673294,9.130595,8.851729,9.273724,8.81644,8.752328,8.945902,8.694702,8.732142,8.038279,8.90758,9.562171,9.128861,9.315514,9.31192,9.133803,9.59842,9.664471,8.955387
"RYK",8.586723,8.315219,8.085819,8.591798,8.195259,8.525368,8.383733,8.556618,8.599391,8.024787,8.210139,7.235714,8.569922,8.756538,8.546804,8.500137,8.613866,8.675187,8.914726,8.947904,8.56336
"STAG1",8.47603,8.318886,7.919436,8.522666,8.242192,8.597063,8.171155,8.386162,8.299983,7.60512,8.206683,7.181833,8.3202,8.362927,8.554509,8.539874,8.246191,8.514033,8.914251,8.64081,8.015001
"CEP70",5.914795,5.616395,5.355893,6.025946,5.790487,5.918536,5.381329,5.804682,5.673316,5.39258,5.204349,5.186818,5.387381,6.273025,5.843205,6.123189,5.695446,6.521593,6.290091,6.833806,5.856558
"PIK3CB",9.073303,9.146504,8.569114,9.346082,9.212679,9.028854,9.442588,8.979951,9.148463,8.696639,9.279447,8.186148,9.187245,8.56554,9.453012,9.052581,9.180185,9.580759,9.591156,9.318079,9.456019
"COPB2",9.035834,9.395721,8.947274,9.211403,9.077767,9.403633,9.001302,9.159524,9.134124,8.577809,9.338923,8.040527,9.252978,9.056444,9.344218,9.294226,9.131292,9.328875,9.352368,9.276304,9.31253
"TFDP2",7.98297,7.89644,7.427448,8.580594,7.465882,7.782318,7.911837,7.807599,7.758247,7.285537,7.286408,6.819677,7.861222,8.054457,7.912871,8.492754,7.647,8.516772,8.109602,8.977518,8.074792
"GK5",7.05584,7.155983,6.751629,7.213646,6.770157,6.993109,6.83057,6.751028,6.731116,6.189659,6.775047,6.433118,7.194847,6.77712,7.027316,7.710678,6.878333,7.498855,7.70214,7.414793,7.489935
"ATR",8.405933,8.247895,8.023578,8.695862,7.967539,8.36327,8.195523,8.330046,8.495418,7.720798,8.070111,7.193988,8.256399,8.236748,8.423746,8.549106,8.134329,8.728475,8.750791,9.009146,8.395253
"PLSCR1",8.767796,8.11395,8.026907,9.230099,9.410493,9.019991,8.981525,8.675515,8.615997,7.743199,9.785817,7.276835,8.523078,8.425448,8.966989,8.69701,8.896478,8.63495,8.973803,9.419531,10.541722
"HLTF",7.188476,6.802466,6.789653,7.317412,6.482996,7.401592,6.409962,7.061736,6.985102,6.358644,6.509918,6.11895,7.028867,7.478828,7.451927,7.609277,7.34646,7.773493,7.612712,7.783753,7.143492
"COMMD2",8.474477,8.015135,7.597732,8.301128,8.349135,8.32826,7.818414,8.070838,8.278327,7.553673,8.435068,7.133744,8.497311,8.940986,8.170122,7.972792,7.770351,7.910581,8.350435,8.438813,8.098804
"PFN2",5.716165,5.671351,5.628438,5.654632,5.555602,5.672794,5.934411,5.460219,5.967095,5.55749,5.859597,5.672165,6.232167,5.644311,5.966906,5.71563,5.477455,5.14929,5.90694,6.846264,5.765606
"GPR171",8.192392,7.305321,7.558032,8.10625,7.483566,8.131432,7.406412,7.797974,7.741805,7.210215,7.385513,6.028842,7.493037,8.629718,8.230943,8.140115,8.052022,8.251517,8.690356,8.836359,7.574797
"P2RY14",8.061693,8.050948,8.437272,8.953559,8.296312,9.395581,7.930523,8.711384,8.397828,8.353937,8.377288,7.472464,9.002647,8.940396,8.781496,8.392709,8.005081,8.266121,9.519075,8.561135,7.173448
"P2RY13",10.050085,10.740038,10.09794,10.215206,10.921013,11.138834,11.646764,9.915374,10.361611,10.401478,10.569551,10.180263,10.422501,9.555767,10.549753,10.015324,10.940764,10.708527,11.877128,11.129006,10.499056
"P2RY12",5.618027,6.175257,6.110012,6.208272,5.747264,6.480059,6.156427,5.748495,5.595164,5.542145,5.750296,6.017006,5.671219,5.306329,6.773248,6.018579,5.383938,6.029996,6.365625,6.272011,6.779433
"TMEM14EP",8.360168,8.065728,8.215689,8.246325,8.307989,7.896242,8.643608,8.337898,9.005494,8.372365,8.341878,8.057807,8.038772,7.826745,7.649328,7.653632,7.863556,8.02771,7.937853,7.693429,7.61363
"DHX36",8.192771,8.115883,7.88502,8.705834,8.038154,8.140268,7.918018,7.992545,8.02629,7.690454,7.756925,6.895754,7.949827,8.313524,8.352806,8.591437,8.145447,8.641979,8.652596,8.687911,8.300693
"GPR149",6.331007,6.317528,6.46429,6.48856,6.792845,6.445741,6.343988,6.230672,6.396198,7.337946,6.510401,7.569892,6.507363,6.409708,6.600162,6.333316,6.41822,5.892993,6.227776,6.122254,6.283258
"SLC33A1",8.578148,8.376881,7.934843,8.686991,8.440427,8.460537,8.189248,8.221821,8.648526,8.165835,8.333419,7.626196,8.355077,8.646229,8.639244,8.844888,8.726375,8.948285,9.092875,8.896853,8.496662
"SSR3",8.496521,8.301105,7.270201,8.530746,8.214694,8.3756,8.099749,7.743262,8.476473,7.601959,8.18382,7.337558,8.255633,8.70426,8.492865,8.678789,8.884117,8.338649,8.795848,8.43863,8.269964
"CCNL1",9.926981,9.647749,9.29999,9.713392,9.738017,9.916516,10.15928,9.562763,9.938933,9.390773,9.893537,9.175534,9.812075,9.687522,9.807157,9.82731,9.825029,9.987838,10.297179,10.20973,9.683168
"LXN",5.840744,5.872829,5.596046,5.972748,6.207798,6.499658,6.096936,5.955564,5.704361,5.299993,6.376727,5.328425,5.914393,6.411282,6.466886,5.993337,6.147892,5.941463,6.584744,6.49904,5.60648
"IFT80",8.035345,7.786266,7.333229,8.485666,7.495082,8.254865,7.447881,7.853689,7.802453,7.320563,7.533269,6.729708,7.55047,8.552119,8.153543,8.556105,8.412514,8.508645,8.693096,8.901947,7.916413
"TRIM59",7.471037,7.205412,6.68476,7.713975,6.968047,7.687136,6.625052,7.090605,7.181083,6.491027,6.737387,6.449765,6.639487,7.933443,7.425281,8.041518,7.405847,7.654591,7.987253,7.412858,7.214804
"SCARNA7",10.270703,8.462169,8.270025,8.486883,9.76076,9.28783,8.63039,9.154264,9.788079,8.484286,9.8202,8.162726,10.36048,11.291145,9.430439,9.853609,9.686739,9.251625,10.470884,10.204432,9.518877
"PDCD10",8.033217,7.777445,7.739581,8.436999,7.908105,8.429115,7.745287,7.720685,7.949131,7.132683,7.99365,6.512047,7.495049,8.782693,8.193092,8.171192,8.106175,8.176923,9.204848,9.089954,7.591113
"TERC",7.905123,7.496781,7.599605,7.301893,7.784933,7.511978,7.196628,7.546931,7.684858,7.143009,7.581193,6.624089,7.512692,8.135149,6.980598,7.447433,7.016235,6.940759,7.070205,7.326577,7.138765
"RPL22L1",6.066835,5.549444,5.550572,5.86687,6.291202,6.452563,5.760466,5.732326,6.002199,5.370851,5.910677,4.863447,5.628689,7.680077,5.951328,5.97737,6.159732,5.426572,6.560241,6.10156,5.593492
"GHSR",6.853654,6.885882,7.388467,6.702972,7.019,6.986998,7.268974,7.201612,6.70232,7.753249,6.826465,7.827408,6.831448,6.8964,6.441991,7.159638,7.213469,6.843606,6.759522,6.490815,7.141453
"TNFSF10",10.520424,9.871042,10.054683,10.211299,11.078479,10.987774,10.771028,10.600508,10.595778,10.140279,11.251112,9.422069,10.826163,10.471375,10.633095,10.340624,10.842756,10.508606,10.935941,10.078128,11.466198
"TBL1XR1",9.951643,9.610121,9.40324,10.259416,9.662305,9.979451,9.994391,9.641081,10.09146,9.434197,9.790844,8.810057,9.642983,10.012591,9.769242,9.85112,9.700816,10.137446,10.266081,10.199863,9.51444
"KCNMB3",6.449629,5.417905,6.249425,5.266257,4.733032,5.856443,5.408767,5.819754,5.983731,5.544335,6.311896,5.414062,5.504766,5.513763,5.772627,6.695865,4.827315,5.216997,5.143738,4.97473,5.757675
"MRPL47",7.371772,6.784086,6.696892,7.179101,7.396693,7.599923,6.879322,7.029154,7.105919,6.413851,7.267475,6.345923,6.988185,8.369143,7.53128,7.342418,7.796409,7.422979,7.80035,7.758772,7.383177
"DCUN1D1",9.964775,9.828299,9.764998,10.706298,10.146716,10.593012,10.510193,9.577688,9.85194,9.21545,9.73874,8.834746,9.446318,9.668461,10.307305,10.19715,9.918697,10.472864,11.206944,10.926193,9.704051
"LAMP3",6.267493,6.102874,6.237775,6.399016,6.764604,6.562275,6.242662,6.896279,6.37992,6.839959,6.513466,6.775232,6.443469,6.504589,6.318341,5.888207,6.459599,6.301814,6.004423,6.385787,7.587668
"PARL",8.528872,8.570301,8.303137,8.797435,8.669637,8.674995,8.448978,8.521549,8.35155,8.553941,8.637364,8.027777,8.736721,8.938485,8.5543,8.374244,8.53168,8.458944,8.633778,8.539819,8.409557
"ALG3",8.63736,9.00233,8.860281,8.985274,8.656568,8.909992,8.777914,8.471464,8.849509,8.753424,8.900284,9.096777,8.490671,8.560183,8.6634,8.820679,9.130369,9.065128,8.74861,8.867872,8.948266
"IGF2BP2",6.903158,7.100203,7.523929,8.113359,7.831551,7.377034,7.01638,7.220201,6.525424,6.280619,6.998596,7.039943,6.944951,6.865355,7.493294,7.114401,6.57983,7.13474,7.804932,7.93867,7.489338
"BCL6",10.29882,10.227554,10.312758,9.957212,10.888998,10.697697,11.079012,10.322312,10.363973,10.062955,11.275366,9.955456,10.556251,9.371684,10.517381,10.305245,10.965136,11.070451,10.867208,9.979564,10.372156
"ATP13A3",8.971327,8.840873,8.757246,9.345137,8.531541,9.321777,9.257875,8.924923,8.966403,8.8166,8.965342,8.131816,9.018794,8.756977,8.97929,8.983617,9.117375,8.915781,9.422382,9.713986,9.17223
"ACAP2",10.080156,10.39881,10.188165,10.37965,10.197228,10.280767,10.503632,10.102786,10.1856,9.929161,10.441571,9.555336,10.255459,9.882053,10.329647,10.284599,10.136903,10.612651,10.665718,10.224565,10.235627
"TFRC",8.713422,8.390334,8.251272,8.947197,8.734595,8.532018,8.215516,8.345508,8.511595,7.455248,8.374739,7.383276,8.630263,8.754431,8.887756,8.887084,8.437988,8.690656,9.072217,9.429812,8.263276
"CEP19",8.130598,8.16232,7.937628,7.334831,8.567148,8.398735,8.651939,7.94092,8.487081,7.702089,8.749864,7.335124,8.168663,8.074832,8.676853,8.164733,8.359305,8.342609,8.594783,7.657329,7.883603
"NCBP2",8.236606,7.911293,7.255042,8.130916,7.766187,7.935312,7.239367,8.009649,8.184812,7.409331,7.811887,7.222041,7.929697,8.236764,8.151479,7.900973,7.646687,7.801859,7.961935,7.901033,7.783528
"NDUFB4",9.120845,9.172983,8.598784,8.977948,9.177091,9.127345,8.37323,8.934504,8.816398,9.032323,8.887951,8.811043,8.861874,9.485652,8.64962,8.675909,8.595068,8.603608,8.759041,8.41601,8.389019
"ZNF141",8.551265,8.479273,8.35424,9.044027,8.485816,9.110645,7.75789,8.525412,8.329869,7.857572,7.941708,7.323976,7.915136,9.7693,9.02298,9.046168,8.725864,9.224698,9.279974,9.244049,8.212545
"TMEM175",7.514968,7.808492,7.807233,7.807596,7.691996,7.712649,7.707355,7.485322,7.790333,7.500342,7.671798,7.655175,7.865648,7.586269,7.570998,7.419632,7.660196,7.847921,7.567804,7.504613,7.576868
"CTBP1-DT",7.388465,7.290544,6.975314,7.571993,6.985924,7.479955,7.025692,7.52131,7.5743,7.34092,7.10278,7.048623,7.464284,7.357347,7.560161,7.664563,7.413559,7.599574,7.525094,7.286743,7.751294
"ADD1",9.758298,10.029989,10.002027,10.283809,9.718871,9.879142,9.852792,9.864613,9.752183,9.522618,9.63523,9.274885,9.92258,9.47621,10.095615,10.063288,9.842156,10.328317,9.818932,9.856606,10.004804
"LINC01587",6.1771,5.940918,6.246512,5.724191,6.111882,5.901799,6.264733,6.168183,5.806675,6.895887,6.316327,7.59025,6.089014,5.796866,6.013356,6.19925,6.712305,5.999555,5.744606,6.165107,6.003542
"MAN2B2",7.6327,8.087211,7.882788,7.902683,7.761717,7.931562,7.85859,7.77262,8.119675,7.842654,7.911916,7.26708,7.924855,7.728189,7.653273,7.66384,7.70873,7.881335,7.652995,7.512115,8.002568
"MRFAP1",9.735558,9.725366,9.620601,9.713568,9.808061,9.93874,9.579909,9.664297,9.540214,9.450925,9.788658,8.846444,9.602051,9.846416,9.771247,9.527953,9.040244,9.485938,9.510506,9.781779,9.633948
"S100P",7.460319,7.156717,7.842877,6.32603,8.197534,8.257703,7.58607,7.236801,7.382935,7.723335,7.764777,7.827107,7.861042,7.393114,6.788769,6.843887,7.228222,6.987804,7.507048,6.455719,6.705953
"KIAA0232",8.493156,8.839309,8.628337,8.522807,8.894643,8.87006,9.26622,8.442034,8.738221,8.341912,9.090123,8.276655,8.75609,8.28933,9.04705,8.600824,8.821653,8.90344,9.461315,8.728881,8.562849
"TADA2B",8.676055,8.628504,8.434605,8.69477,8.783619,8.867281,8.674294,8.541116,8.835081,8.563122,8.803962,8.157864,8.759894,8.673303,8.874951,8.517444,8.437904,8.587794,8.963439,8.358147,8.734619
"DEFB108B",5.225855,5.131557,5.005076,5.12604,5.142894,4.728389,4.930068,5.138422,5.202031,6.286507,5.049708,7.140872,5.00968,4.750718,4.782558,5.04931,6.717667,4.629077,4.962658,4.93762,4.646802
"CPEB2",8.77965,8.440941,8.20132,8.407526,9.047965,8.868721,9.438172,8.445384,8.877425,8.157155,9.18797,7.752431,8.887005,8.396317,8.98075,8.624005,9.018318,8.715723,9.837239,8.971276,9.178634
"FAM200B",6.437378,6.357394,5.618294,6.636188,6.492465,6.588327,6.327397,5.895207,6.301001,5.567113,6.861286,5.256622,6.040628,7.277186,6.731714,6.549706,6.388216,6.620517,7.86422,7.216117,5.991109
"BST1",9.184605,9.541458,9.362335,9.426159,10.25394,9.707203,10.150397,9.243261,9.616222,9.400444,10.333909,9.306441,9.912463,9.040936,9.562573,9.424012,9.867244,9.362944,10.019937,9.507747,9.985388
"CD38",8.62519,7.814532,8.08376,8.761402,7.881427,8.279091,7.776225,8.356496,8.133583,7.393848,8.360614,7.951774,8.549991,8.458904,8.1184,9.267714,8.999102,9.117256,7.918723,8.544105,9.020468
"LAP3",8.545209,8.622088,8.629129,8.776449,8.913926,8.985503,7.912373,8.985873,8.617179,8.82084,9.154099,7.962622,9.351286,8.918978,8.534223,8.271146,8.627697,8.303455,8.493276,8.306883,9.345583
"NCAPG",5.369536,5.014781,5.135341,5.402105,5.226294,5.219466,5.026261,5.454382,5.101341,5.133541,5.456155,5.216997,5.451434,5.512056,5.669345,5.548987,6.507871,6.104223,5.649777,5.677336,5.878308
"PI4K2B",8.27152,7.806484,7.94619,8.153117,7.844407,8.149937,7.536611,8.074291,7.96288,7.392315,7.835662,6.717998,7.74754,8.63342,8.245188,8.047294,7.85128,7.860016,8.219066,8.27819,8.46973
"ANAPC4",8.275751,8.00018,7.668712,8.448078,7.795874,7.941156,7.956648,7.882224,7.9577,7.300596,7.982335,6.685105,8.175031,8.344232,8.379352,8.290637,8.237524,8.437918,8.992586,8.877604,8.521216
"TBC1D19",7.366578,7.316475,6.88266,7.628734,6.642502,7.119854,6.767342,6.908078,7.209188,6.423261,6.448822,6.383222,6.75564,7.047483,7.282036,7.472739,6.754761,7.533026,7.400394,7.918537,7.069214
"DTHD1",7.172228,7.502868,6.489634,6.678602,6.499044,6.98535,6.500278,7.230958,6.208495,5.631889,6.240136,5.690682,7.450943,7.177856,7.058648,8.309119,6.965053,7.559251,7.505614,8.823808,7.644902
"PTTG2",7.093517,7.656417,7.1022,7.753007,7.610158,6.934297,8.423592,6.700742,7.430982,7.220513,7.824564,6.748292,7.338389,6.869276,7.319628,7.611074,7.34149,8.23449,7.955756,7.308343,7.316851
"KLF3",9.979253,9.946164,9.655228,10.127935,9.854598,9.916921,10.213899,9.940823,9.995925,9.82736,9.914885,9.641477,9.942431,9.721354,10.057714,10.182306,10.291725,10.343507,10.714326,10.460153,10.093967
"KLHL5",7.725583,7.635437,7.456231,7.927268,7.947245,7.854935,7.991288,7.74999,8.071191,7.065493,7.795165,7.216065,8.161661,7.923887,8.114376,8.042187,8.289867,8.543528,8.726193,8.195728,7.848178
"N4BP2",7.93253,7.585258,7.323104,8.388109,7.337012,7.953264,7.109646,7.601916,7.713822,6.914695,7.315738,6.573278,7.449271,8.013533,7.917635,8.197711,7.620808,8.583618,8.447668,8.316505,7.464287
"RHOH",9.638031,9.157197,9.079126,9.849968,9.133811,9.508258,8.531456,9.659433,9.527987,9.146725,8.984203,8.172139,9.401683,9.891815,9.538451,9.500175,8.894414,9.707962,8.887297,9.375127,9.067034
"SLC30A9",8.271363,7.952692,7.424065,8.226217,8.030284,8.149268,7.670696,7.860787,7.945465,7.10877,7.887121,6.385223,7.799532,8.414107,8.258847,8.478486,8.162258,8.347141,8.855056,8.589733,8.164955
"SHISA3",5.837935,5.740113,5.82458,5.456366,5.947935,5.561521,6.109482,5.795852,6.006287,6.8375,5.784225,7.214575,5.86442,5.636995,5.200356,6.255495,6.465062,5.973516,5.851111,5.71718,5.859262
"GUF1",8.210788,7.893631,7.163875,8.529692,7.89903,8.165693,7.651881,7.944704,8.132522,7.386096,7.811926,6.747566,7.647487,8.535584,8.34869,8.432687,8.174768,8.696275,8.831657,8.761741,8.187454
"DCUN1D4",7.223279,6.774915,6.735031,7.186915,6.920936,7.23604,6.752417,6.705526,7.042294,6.133806,6.526087,6.052777,6.953954,7.614782,7.167645,7.321109,7.076568,7.394285,7.802323,7.863422,6.996534
"FIP1L1",8.757736,8.760353,8.422165,8.827642,8.593041,8.697739,8.251599,8.476941,8.796162,8.321908,8.530756,7.749786,8.636596,8.714214,8.699917,8.823437,8.752598,8.798194,8.992386,9.108265,8.978931
"TMEM165",9.714838,9.546283,9.363907,9.552365,9.895521,9.710746,9.747155,9.569348,9.880692,9.349326,10.061221,9.057757,9.8361,9.75625,9.761359,9.853383,9.808977,9.835568,10.053179,9.70152,9.70173
"EXOC1",9.239012,9.391344,8.906173,9.48049,9.546365,9.446715,9.429118,9.136676,9.368358,8.690673,9.375625,8.268819,9.295417,9.351204,9.711039,9.449721,9.423215,9.589192,10.167172,9.811776,9.412331
"CEP135",7.586665,7.377558,7.135548,7.966573,7.427126,7.659247,7.134224,7.725777,7.623596,6.794342,7.419751,6.551454,7.146913,8.02932,8.134456,7.94226,7.507684,8.012211,7.913715,7.990798,7.607473
"SRP72",9.145822,8.731996,8.733651,9.163292,8.996786,9.543645,8.541454,8.940668,8.761678,8.369467,8.840237,7.737961,8.694745,9.581101,9.035667,9.125557,9.40664,9.214881,9.49428,9.426773,8.871161
"POLR2B",10.139839,10.412965,10.096545,10.394732,10.153915,10.391208,10.060887,10.229101,10.073081,9.7312,10.084393,9.399167,10.246758,10.25899,10.442451,10.456072,10.245196,10.550666,10.497629,10.67495,10.286341
"STAP1",7.087462,6.40835,5.827116,7.380693,7.22796,7.322281,5.82755,6.801672,6.867423,6.096751,6.499179,6.13603,6.734883,8.320695,7.234594,7.491695,7.292448,7.772104,7.55039,6.997835,6.521593
"TMPRSS11E",5.114933,6.125986,5.361802,5.955523,6.26646,5.256514,6.079035,5.914951,5.58652,6.817555,6.242619,6.370483,5.749677,5.482041,6.581225,5.695255,5.249422,4.60402,6.372542,3.615607,6.89973
"UGT2B10",3.371628,2.95935,3.043177,4.049953,3.676127,4.107536,4.308594,3.510715,3.149827,4.233752,3.247415,4.860993,3.349311,3.592786,3.670633,3.515976,3.952712,3.096935,3.8978,3.767219,3.382628
"UGT2A3",5.001281,5.030353,5.483377,5.318736,5.261727,5.811801,4.812089,5.370768,4.884211,6.251771,5.145837,6.574193,4.968906,5.178512,5.314221,4.934436,5.117232,4.512178,5.684119,4.957461,5.27111
"SMR3A",5.263248,5.057212,5.478198,4.999063,5.32429,5.394768,5.209736,5.120162,5.09471,6.27314,5.386557,6.566061,5.316065,5.326298,5.268293,5.296724,5.78476,4.832282,5.034232,5.084263,5.505549
"MUC7",5.50359,5.442189,5.652263,5.313687,5.647412,5.433546,5.356083,5.351755,5.351684,6.367022,5.405175,6.714062,5.566889,5.4033,5.494896,6.033522,6.270981,5.399322,5.606763,5.634244,5.308685
"UTP3",8.270966,8.143097,7.973599,8.290986,8.223853,8.502379,7.499092,8.230785,8.245027,7.823047,8.202473,7.29995,7.935245,8.834065,8.318347,8.644268,8.409312,8.270784,7.957187,8.250368,8.092583
"CXCL8",6.782626,7.424437,7.2522,6.462775,7.377665,7.494465,7.86559,6.864734,7.35073,7.520839,7.196102,7.722933,7.670361,7.067718,7.113246,6.978642,7.146102,7.193057,7.778357,7.500072,7.098324
"PARM1",6.091664,5.982782,6.140539,6.116152,6.277025,6.326775,5.978934,5.821118,5.787435,6.307242,5.794398,6.266239,5.971621,6.31249,5.928168,6.218801,6.466678,6.12378,6.337352,5.928452,5.791191
"THAP6",7.20113,6.937813,6.321731,7.260771,7.009416,7.169643,7.091376,6.842961,6.818077,6.409905,6.883074,5.830693,6.734264,7.453222,7.455317,7.054638,7.022394,7.165304,7.85749,7.47593,7.071068
"MRPL1",7.312364,7.100587,6.673169,7.745184,6.904902,7.798142,6.452764,7.044603,7.137416,6.524711,7.087741,6.299909,6.71446,8.465174,7.717914,7.848717,7.476553,7.720023,7.971255,8.154368,7.332616
"ANXA3",7.856428,6.705957,6.96057,7.079755,9.211995,7.538744,8.294248,7.007904,6.953342,6.356066,8.830875,7.308471,7.722345,6.651938,7.585831,7.331886,8.472992,8.317644,8.575814,7.633708,7.932925
"ENOPH1",8.371373,7.895616,7.793076,8.303807,8.09646,8.322446,7.684515,8.135457,8.303871,7.744916,8.127309,7.305211,8.189662,8.771187,8.50814,8.68477,8.223543,8.202943,8.410726,8.329129,8.49041
"COPS4",6.541682,6.045344,6.070076,6.53945,6.415249,6.954187,5.886691,6.105411,6.227187,5.974185,6.213865,5.663763,6.552702,7.708049,6.676019,6.421449,6.442162,6.500339,7.097534,6.632456,6.287304
"MRPS18C",6.01036,5.688083,4.838776,5.732047,5.754963,6.095432,5.043654,5.631839,5.959603,5.246978,5.786366,4.590166,5.8038,7.269889,5.771198,6.726836,5.635368,6.027647,6.556439,6.163866,5.383096
"GPAT3",8.073346,8.521159,8.632198,8.23866,8.875037,9.109698,9.052083,8.353913,8.37219,7.967816,9.934614,8.120142,8.685263,8.056463,8.793553,8.447196,8.570953,8.663118,9.143037,8.039372,8.556412
"AFF1",9.253229,9.26087,9.215405,9.433054,9.442009,9.348056,9.914247,9.214922,9.348845,8.991705,9.569664,8.876204,9.800403,8.874632,9.470066,9.377544,9.75246,9.663729,9.865766,9.499909,9.724477
"PKD2",8.147194,7.418565,7.002929,7.806763,7.376061,7.521894,7.484944,7.345648,8.43724,7.46779,7.621558,7.056721,7.646058,8.204911,7.590223,7.773567,7.802826,7.675712,7.702892,7.587776,7.617247
"HERC6",7.409248,7.406769,7.12437,8.046084,7.501903,7.712232,7.441152,7.524039,7.325661,6.828336,8.030461,6.37936,7.340124,7.349032,7.692394,7.538127,7.535017,7.826286,7.797742,7.919873,10.163378
"HERC5",7.156465,6.444543,6.308896,7.752869,8.328655,8.041461,7.360565,7.751651,7.398916,6.8668,8.871498,6.174404,7.752555,7.573018,7.30648,6.897762,8.308871,7.057629,7.612604,7.887896,10.34094
"TIGD2",5.772681,5.69366,5.542199,6.231753,5.802355,6.355511,5.309313,5.927312,5.503753,5.372719,5.672358,5.155397,5.463052,6.909376,5.735517,6.262394,5.796644,6.321804,6.086431,6.211091,5.696079
"MMRN1",5.773843,6.018902,6.063452,7.034309,6.393153,6.966659,7.672257,6.087625,5.468421,5.466057,5.863859,5.904887,5.441875,5.868363,6.231251,6.507812,5.682926,6.398379,7.372349,6.735793,6.55379
"SMARCAD1",7.598243,7.558613,7.325185,8.056792,7.209361,7.892222,7.15074,7.387875,7.563588,7.046699,7.254624,6.019389,7.342107,7.739538,7.921231,8.022382,7.779475,8.243049,8.45544,8.695132,7.651887
"PDLIM5",7.903978,8.084232,7.726607,8.219804,7.913056,8.069317,8.193699,7.993758,7.903518,7.464636,8.204926,7.416935,8.020032,7.621791,8.298639,8.049059,8.071063,8.131129,8.16355,8.348079,8.492538
"RAP1GDS1",8.277779,8.265364,7.902777,8.581361,8.156006,8.463736,8.157458,8.057008,8.427657,7.761374,8.063279,7.355792,8.195487,8.290404,8.316945,8.707263,8.758798,8.622191,8.84597,8.674519,8.333346
"DAPP1",8.949111,8.667405,8.485121,9.137749,9.534188,9.469098,9.48293,8.880238,9.154403,8.357537,9.668312,8.168261,9.221501,9.103241,8.737201,8.733385,8.793413,8.908591,9.48959,8.777549,8.848044
"BANK1",9.034463,8.474345,8.001552,9.448519,8.580342,9.205643,7.892594,8.874283,9.245152,8.177874,8.216115,7.729221,8.586828,9.814262,9.061839,9.452938,9.16253,9.608825,9.078536,9.229353,8.175158
"CISD2",9.137308,8.566124,9.054933,10.021029,9.294983,9.367721,9.606907,8.697975,8.825931,8.356673,9.068637,7.964345,8.661206,9.290723,9.163405,8.666593,8.827639,8.797133,9.860659,10.451674,8.954671
"TET2",9.787759,10.167844,9.882212,9.593318,10.092677,10.022548,10.940268,9.54824,10.070041,9.486922,10.387873,9.483965,10.093337,9.068268,9.837819,9.57325,9.867873,10.155894,10.513585,10.231031,9.600571
"OSTC",8.754248,8.473056,8.260711,8.523075,8.583947,8.819442,8.240492,8.469578,8.628951,8.335833,8.72219,7.782816,8.632316,9.210274,9.01632,8.889643,9.035745,8.535653,8.878224,8.833203,8.415538
"MCUB",9.431541,8.945969,8.534696,9.654179,9.006302,9.49641,8.733975,9.089039,9.336427,9.264334,9.15286,7.866184,9.231752,10.012467,9.411466,9.455214,9.483692,9.546799,9.804736,9.520269,9.220543
"AP1AR",7.312405,7.034708,6.978164,7.475065,7.254904,7.500399,6.986999,7.35658,7.283168,6.951992,7.206024,6.125708,7.184957,8.231624,7.294926,7.668894,7.41145,7.424249,7.764388,7.506875,7.074742
"ALPK1",8.340071,8.939957,8.124134,8.225954,9.497786,8.830295,9.821318,8.439379,8.858987,8.307572,9.029471,7.96835,9.16631,7.974346,8.887307,8.373391,9.048487,9.326067,9.608515,9.193277,8.863553
"LARP7",6.385288,6.400397,6.217483,6.244266,6.80525,6.72989,5.556257,6.118726,6.349383,5.921568,6.46095,5.418844,5.913812,7.275317,6.611679,6.732194,6.312468,6.575599,7.024175,6.883833,6.561445
"SNORA24",9.807786,7.709881,7.770727,8.501335,9.493156,8.84362,8.784218,8.354019,8.829063,8.168225,9.17541,7.635926,9.727156,10.996705,8.163989,8.497116,8.811737,9.028903,9.801524,9.693969,8.150734
"CEP170P1",6.067647,5.478345,4.957432,6.018666,5.232496,5.537913,6.3825,5.625809,6.3738,5.404707,5.755783,5.503069,5.995925,6.146998,6.488851,5.57179,6.636403,5.800486,6.968601,6.264936,6.028594
"METTL14",8.021404,7.479793,7.533483,8.003816,7.79577,8.126709,7.463133,7.815852,7.708803,7.300891,7.54079,6.594353,7.553649,8.4846,7.966891,8.091358,7.794204,8.21065,8.19535,8.363588,7.980135
"USP53",7.823054,7.53385,7.057017,8.033702,8.514529,7.821047,7.464121,7.540283,7.722676,8.344886,7.419997,6.567105,8.275562,7.87342,7.982059,7.881252,7.424304,7.915823,8.421863,8.311988,7.485332
"EXOSC9",8.167558,8.092147,7.513088,8.086808,7.910218,8.172597,7.371699,8.138521,8.098925,7.747952,7.771067,7.16462,8.03184,8.624197,8.289517,8.550874,8.260905,8.427227,8.503396,8.55317,8.160487
"KIAA1109",9.305115,9.258012,9.171158,9.62569,9.466352,9.64491,10.1602,9.33797,9.506218,8.981835,9.704079,8.521127,9.761521,9.115743,9.563464,9.384254,9.42727,9.839436,10.271069,10.354565,9.875896
"SPATA5",8.03087,7.632202,7.256554,8.151171,7.587601,7.434081,7.19532,7.786964,7.88992,7.194753,7.234377,6.873445,7.838003,7.61689,7.745134,7.908894,7.688745,8.4244,8.016374,8.494126,7.846614
"C4orf33",6.783951,6.719547,6.388045,6.923827,6.953039,7.201391,6.932124,6.37667,6.884246,6.581814,7.297652,5.955213,6.733621,6.804589,7.153673,6.691792,6.839823,6.891995,7.862728,7.259688,7.312743
"NAA15",8.590425,8.529722,8.173461,9.058996,8.170065,8.627828,7.610696,8.55881,8.508002,7.891634,8.031619,6.78042,8.003704,8.796186,8.858199,8.912287,8.58479,9.197337,9.137623,9.175641,8.537427
"MGST2",7.657424,8.467829,7.532495,7.906677,8.102866,8.098764,8.170349,7.691129,7.919837,7.935413,8.501667,7.846373,7.787133,7.985319,8.145194,7.877661,8.053301,7.463862,8.118799,8.197307,8.403062
"SCOC",5.599937,5.426367,5.799361,5.689059,5.501772,6.155622,5.546374,5.38654,5.259121,5.010471,5.264148,4.837311,5.373917,6.41806,5.876592,5.448843,5.46572,5.866992,6.230065,6.158002,5.481435
"ELMOD2",6.848343,7.043694,6.11791,7.17705,7.179335,7.389409,6.947521,6.776043,6.912495,6.421764,6.663856,5.394682,6.486468,7.728122,7.027993,7.235068,7.152644,7.456893,8.179832,7.605968,7.121328
"ZNF330",8.450475,8.479982,7.979575,8.511196,8.475259,8.600324,7.488535,8.522249,8.555352,8.087209,8.37718,7.481802,8.487221,8.351388,8.830284,8.718382,8.487718,8.762433,8.808931,8.856323,8.786006
"USP38",8.943465,9.017523,8.519427,9.131185,8.957279,8.920733,9.097765,8.933829,8.936176,8.530799,8.934192,7.795055,8.985467,9.076863,9.079483,9.014678,9.243126,9.344538,9.517329,9.292628,9.115509
"GAB1",7.792221,8.142389,7.86862,8.090488,8.334045,8.130554,8.903769,7.993342,8.098865,7.464503,8.503716,7.623304,8.317234,7.785776,8.560321,8.27085,8.678464,8.737342,9.045164,8.540434,7.945531
"SMARCA5",9.747761,9.821671,9.722692,10.080708,9.671014,10.013537,9.417914,9.813865,9.784273,9.301355,9.680547,8.681335,9.317158,10.166044,10.142013,9.95978,9.874507,10.083338,10.030703,10.003861,9.875661
"ABCE1",8.155605,7.726458,7.687831,8.550235,7.503254,8.400468,7.385754,7.660234,7.941813,7.080312,7.349525,6.470323,7.707366,8.96195,8.186346,8.44838,8.194594,8.548665,8.981638,8.442143,7.925372
"SMAD1",6.574776,6.880599,6.658692,6.978884,6.880939,7.075353,6.685638,6.253637,6.610432,6.829663,7.130711,6.792042,6.28027,6.457961,6.619438,6.317925,6.641883,6.864035,6.765835,6.516132,7.036195
"TMEM184C",8.469861,8.68524,8.302441,8.890916,8.433061,8.731197,8.524407,8.345375,8.392642,7.878176,8.550219,7.296705,8.445291,8.782839,8.731412,8.728456,8.704605,8.924219,8.790027,8.836861,8.621606
"FAM160A1",5.883507,5.377301,5.943974,5.495172,6.133077,5.478503,5.543385,5.507948,4.704615,5.82365,5.306882,6.436236,5.345428,5.510105,5.08395,6.044828,5.607735,5.258293,5.892079,5.99783,5.608526
"ARFIP1",8.773213,9.140342,8.962895,8.598123,9.500227,9.428548,9.754105,8.968217,9.392329,8.732333,9.387512,7.785681,9.179697,9.068684,9.060063,9.145261,8.996783,9.059239,9.556026,9.004405,8.897117
"TLR2",9.353193,10.362697,9.316562,9.282411,10.073761,9.972922,10.913068,9.253631,9.959677,9.555739,10.077965,9.235837,10.024089,8.733603,9.525397,9.555876,9.944519,10.191669,10.245701,9.337337,9.958186
"GUCY1B1",6.558906,7.235828,7.356648,7.738115,7.560984,7.386464,8.218038,7.008716,6.776203,6.531093,6.831359,6.879705,6.607909,6.58191,6.985679,7.634201,6.599545,7.262294,7.35928,7.05306,7.805177
"TMEM144",5.711885,5.852126,5.363259,5.647931,6.107873,5.594644,7.149429,5.057892,6.491521,5.669852,6.335817,5.842944,6.023095,4.87348,6.132532,6.166781,5.875539,6.247263,6.259655,6.281817,6.2904
"ETFDH",6.583504,7.066017,6.520549,7.251963,6.876389,7.160696,6.531592,6.824226,6.733501,6.465156,6.94483,6.12061,6.772199,6.868671,7.249268,6.932723,6.798118,7.188961,7.46801,7.621537,7.390593
"RAPGEF2",8.635218,9.032706,8.524816,8.1266,8.936094,8.729508,9.467328,8.538327,8.786264,8.482811,9.265009,8.205284,8.918485,8.032895,8.972186,8.370401,8.758751,8.913903,9.213482,8.821931,8.53956
"TMA16",7.435295,7.192208,6.80004,7.55345,7.042943,7.240369,6.706519,6.854149,7.452363,6.523352,7.052131,6.089469,6.950146,7.637259,7.504674,7.754474,7.653472,7.582813,7.872533,7.639284,7.027807
"KLHL2",7.802121,7.827686,7.298036,7.527153,8.143266,7.909643,8.372539,7.633441,7.75675,7.046811,8.530939,6.757145,7.626051,7.746578,8.002277,7.762379,8.041276,8.180792,8.592359,7.56978,7.765849
"MSMO1",7.070246,6.78881,6.105253,7.519995,6.927304,7.521377,6.603074,6.826295,6.727176,6.42526,6.099156,5.668246,6.815008,7.579806,7.225562,6.89112,7.307138,7.521996,7.692148,7.461884,7.034213
"CLCN3",8.380278,8.509395,8.365739,9.09327,8.296344,8.588072,8.859146,8.482486,8.362755,7.873029,8.27645,7.318542,8.409794,8.404892,8.852896,8.85521,8.09411,8.796969,8.682293,9.113609,8.458622
"CEP44",7.021728,6.653655,6.379765,7.175624,6.387859,6.911427,6.40513,6.679528,6.8523,6.027037,6.54243,5.563228,6.3884,7.082064,6.937473,6.989388,6.732984,7.385869,7.489772,7.299916,6.705941
"SPCS3",9.303381,8.995967,8.470228,9.209616,9.039162,9.255566,9.094994,8.908613,9.195227,8.412112,9.023553,7.668168,8.807557,9.341308,9.328151,9.501013,9.600465,9.36769,9.72246,9.519206,8.902799
"NEIL3",5.874916,4.975028,5.638614,5.426686,6.116351,5.367576,5.606684,5.225214,5.254546,5.436602,5.627513,5.751403,5.586942,5.701177,5.869458,5.538188,6.028576,5.305635,6.649988,6.791385,5.857839
"TRAPPC11",8.327485,8.486977,7.818112,8.749344,8.386655,8.430594,8.624966,8.242581,8.485175,8.03168,8.435177,7.646907,8.502951,8.366675,8.679279,8.700802,8.6233,8.913644,9.020845,9.163125,8.706281
"PRIMPOL",7.163823,6.913349,6.702301,7.107166,6.641836,6.955807,6.673545,6.657777,6.949074,6.35065,6.580778,5.835245,6.994388,7.209849,7.212673,7.312458,7.217972,7.52147,7.803528,7.352677,7.265155
"SNX25",7.99397,7.611027,7.227229,7.682913,7.145237,7.894492,7.053547,7.639602,7.710273,7.080736,7.257628,7.254355,7.775598,8.275775,7.846857,8.17855,8.230842,8.070305,7.825243,7.909,7.684367
"FRG1",7.62925,7.57963,6.887393,7.26655,7.562978,7.73474,6.666854,7.17864,7.509136,7.303428,7.470941,6.931457,7.042499,7.867304,7.030857,7.734924,7.32558,7.30527,7.792605,7.557104,7.114826
"ATP5ME",8.844833,8.311475,8.453918,8.135678,9.09972,8.436564,8.10342,8.683927,8.627621,8.895002,8.72124,8.674947,8.420113,9.548341,7.982073,8.107213,8.293274,7.734281,8.127963,8.122068,8.085762
"SPON2",7.558184,7.894014,8.05402,7.350463,7.46185,7.340963,7.663571,7.740811,7.342584,7.336905,7.452348,7.664573,7.783134,7.253148,7.27232,8.035843,6.871488,7.815433,7.160756,7.189763,8.089691
"LRPAP1",8.794745,9.25343,8.864166,8.989124,9.113784,9.089744,8.977535,9.03451,8.711362,8.571035,9.235204,8.072926,8.991136,8.826069,8.793496,8.646574,8.465794,8.733572,8.534761,8.512977,8.689819
"LYAR",7.65031,7.394378,6.813389,7.024817,7.181363,7.472353,6.531511,7.459786,7.508214,6.771636,7.0956,6.124907,7.413204,7.682989,7.675028,7.630642,7.627024,7.324982,7.622641,7.644926,7.752149
"MRFAP1L1",8.498659,8.221242,8.27089,8.275274,8.388634,8.546469,7.27558,8.551556,8.293398,7.946762,8.377892,7.55922,8.445931,8.957181,8.566255,8.466911,8.161143,8.154464,8.305911,8.238245,8.240697
"ZNF518B",7.877193,8.003363,8.137165,8.440193,8.118109,8.611778,7.791536,8.029461,8.081386,7.686108,8.007381,7.34296,7.749199,8.684349,8.316128,8.284066,8.102889,8.43527,8.352408,8.459837,8.032808
"RAB28",7.378237,6.794528,6.493908,7.15297,6.941796,6.912245,6.665511,6.91096,7.047719,6.113679,6.951288,5.795555,7.085681,7.339911,7.436075,7.323378,6.863606,7.054484,7.744652,7.577281,6.704085
"BOD1L1",9.189906,9.355656,8.949732,8.955064,9.350313,9.324381,9.53189,9.025175,9.438315,8.90242,9.754277,8.646705,9.43793,9.025085,9.632677,9.28988,9.217236,9.611701,9.993304,9.507268,9.055037
"FGFBP2",7.865778,7.694235,7.158674,6.730881,7.40916,7.732283,7.310443,7.65542,6.65669,6.271925,6.759138,7.416902,8.14177,8.436212,7.090815,8.304704,6.714607,7.660427,7.808986,8.083339,8.286909
"TAPT1",8.473939,8.174083,7.894464,8.740088,7.851038,8.534098,8.275425,8.346485,8.470389,7.705873,8.361828,7.193711,8.245301,8.816207,8.467533,8.422582,8.483789,8.800447,8.784038,8.573033,8.345284
"DHX15",9.834279,9.785,9.604251,10.033447,9.52282,10.042384,9.246606,9.829245,9.793285,9.439866,9.704558,8.413499,9.787407,9.896557,10.096347,10.132427,9.958873,10.065239,10.222738,10.373744,9.980838
"SEL1L3",9.396059,8.823331,8.44004,9.176186,8.868085,9.282146,8.418789,8.956559,9.375345,8.474208,8.709405,8.095717,9.164343,9.205425,9.060817,9.044144,9.545142,9.740287,9.128671,8.82882,8.772396
"ARAP2",9.353108,9.046149,8.401274,9.357524,9.015139,9.364246,9.026721,9.214476,9.120346,8.31259,8.852853,7.890132,9.025899,9.208308,9.182145,9.669428,9.191708,9.493488,9.685877,10.050463,9.629332
"TLR10",8.810559,8.192996,7.685038,9.024735,8.738667,9.275964,8.711255,8.249519,8.891024,7.695557,8.435972,7.785408,8.38726,9.149835,8.936242,9.147743,9.060215,9.529252,9.477665,9.085586,8.201148
"TLR1",10.42086,10.425879,10.139158,10.107785,10.820418,10.975044,11.344891,9.998954,10.449345,9.970762,10.83123,9.718239,10.301581,10.07046,10.535304,10.197386,10.837478,10.775244,11.418655,10.770104,10.164751
"TLR6",9.09162,9.42088,8.870818,8.833353,9.791052,9.637526,10.227554,8.905021,9.500826,8.956539,9.81109,8.695821,9.449511,8.874785,9.14821,8.882765,9.399326,9.539668,9.978426,9.340618,8.958917
"TMEM156",8.41841,7.703371,7.200865,8.50822,8.028313,8.344709,6.93347,8.130594,8.17954,7.51687,7.678679,6.842509,7.733815,8.787518,8.070185,8.688081,8.379103,8.516033,7.918703,7.981229,7.934043
"RFC1",8.168653,7.976503,7.822438,8.394734,8.014906,8.20619,7.38633,8.019367,7.991902,7.755411,7.932317,7.248805,8.062776,8.369605,8.586312,8.527067,8.209287,8.79267,8.510276,8.884048,8.321412
"SMIM14",8.211654,7.973252,7.753351,8.320694,7.791343,8.356565,7.89377,7.911819,8.053946,7.663484,8.246857,7.378702,8.210545,8.909469,8.469287,8.482521,8.037294,8.19691,8.235547,8.189262,7.744979
"RBM47",9.547932,9.976941,9.878855,9.133131,10.187333,9.779812,10.632366,9.448401,9.577885,9.319928,10.451132,9.171183,9.886463,8.799432,9.878614,9.315023,9.774042,10.155667,9.417417,8.836288,9.372032
"ATP8A1",9.605072,9.100472,9.104772,9.648022,9.119018,9.595432,9.2692,9.380379,9.495567,8.823523,9.129282,8.264606,9.418351,9.621638,9.348158,9.701796,9.35431,9.614267,9.946065,10.056652,9.31171
"GNPDA2",5.993596,5.702676,5.02181,6.218585,5.970644,6.177316,5.184863,5.620743,5.80838,5.035872,5.336588,4.929171,5.31678,6.628042,5.772622,6.309764,5.902159,6.196795,6.693314,6.281373,5.719896
"COMMD8",6.111896,6.221565,5.941437,5.997672,6.304094,6.867503,5.919559,5.579794,5.702434,5.37008,6.141926,5.075469,5.979938,7.202466,5.871809,6.132069,6.089745,6.146682,6.789519,6.673006,5.97718
"NFXL1",7.560648,8.335986,7.013148,7.625202,7.461905,8.748094,7.717105,7.782424,7.594325,7.368772,7.214642,7.091162,7.701102,7.790826,7.482228,8.022019,8.313113,7.914063,9.155064,8.407369,7.387954
"TXK",9.998437,9.980848,9.842127,10.430931,9.655033,9.644609,9.707149,10.190886,9.929761,9.566575,9.342921,8.75102,10.033005,10.032419,9.955478,10.467167,9.730533,10.32478,9.854892,10.41147,10.37259
"FRYL",9.241935,9.167785,8.962992,9.611085,9.088779,9.220754,9.554461,9.242507,9.188443,8.789116,9.075631,8.095197,9.536309,8.965291,9.332869,9.36831,9.082424,9.810064,9.742551,9.968116,9.395974
"OCIAD2",8.189316,7.578405,7.734954,8.250576,7.679929,8.198197,7.073754,7.905899,8.047651,7.921495,7.512564,6.827991,7.960712,9.027679,7.615347,7.599624,7.613005,7.947795,7.604781,7.63473,7.203341
"CHIC2",8.996601,8.866451,8.334537,8.652318,8.76364,8.815505,9.253855,8.698724,8.943761,8.288695,8.935295,7.632343,8.654755,8.781482,8.875437,8.991267,8.934107,9.084098,9.259267,8.75079,8.566664
"AASDH",7.419596,7.668852,7.281037,7.884382,7.443608,7.752087,7.193803,7.737247,7.51051,6.97336,7.373268,6.425223,7.280297,8.02974,7.766692,7.919884,7.550698,8.155528,7.994572,8.157091,7.641346
"CENPC",8.592748,8.056715,7.598788,8.796053,8.028089,8.164064,7.719836,8.177942,8.0975,7.20943,7.999649,7.31305,8.087007,8.335842,8.207996,8.618043,7.88787,8.676179,8.521608,8.815827,8.019485
"UBA6",8.655088,8.653934,8.143168,8.917045,8.501329,8.861605,8.456191,8.401908,8.815373,8.090884,8.375783,7.247594,8.557603,8.752108,8.741479,8.910297,8.635287,9.05599,9.320704,9.351929,8.746136
"YTHDC1",9.565137,9.777992,9.578137,9.792633,9.587696,9.87901,9.166699,9.661598,9.671415,9.319295,9.567061,8.857708,9.740428,9.816866,9.898502,9.846271,9.622014,9.999659,10.19731,9.910184,9.605255
"SULT1B1",9.177301,9.708456,9.387081,9.622455,10.203411,10.036313,10.253418,9.284969,9.355862,9.065832,10.24332,9.005494,9.458428,9.168068,9.780377,9.510704,10.111292,10.381862,11.105225,10.641947,9.478757
"JCHAIN",10.896068,8.699874,9.851937,10.233135,10.11209,10.970314,8.166532,10.357864,10.188068,9.430752,11.066757,9.566005,9.949133,11.061107,10.590851,10.969817,12.780262,11.136958,10.671026,10.712586,9.976506
"GRSF1",8.836587,8.668848,8.492827,9.066193,8.596322,8.912979,8.55627,8.54895,8.644603,8.395579,8.697803,7.821236,8.63131,9.081787,8.909438,8.963234,8.93097,8.945571,9.102639,8.658573,8.929887
"PF4",9.17029,8.9883,9.311972,9.069455,10.262298,9.950459,10.232623,9.021159,8.318198,8.680785,8.535384,8.927291,8.408258,8.209645,9.001507,9.490891,7.847894,8.618934,8.907584,8.689199,9.121152
"PPBP",10.459938,9.947004,10.477966,11.299235,11.071863,11.196504,11.835906,10.628652,10.132751,9.057238,10.087517,10.458092,9.824227,9.924852,10.596957,11.396605,9.520614,10.381859,11.047394,10.81147,10.502318
"PARM1-AS1",4.192911,3.804778,4.223995,3.904538,5.468078,4.657006,3.522207,4.284329,3.85627,5.280678,3.537249,5.040041,4.093965,3.993381,4.05854,4.232881,4.561369,3.634977,3.869603,3.89809,4.177105
"RCHY1",8.316049,7.91279,7.744859,8.446748,7.993624,8.485258,8.037686,8.219652,8.268189,7.255583,7.955897,6.540137,8.023271,8.359233,8.532141,8.594943,7.994773,8.364317,8.896198,8.802008,8.179565
"G3BP2",9.584056,9.783235,9.557179,10.094042,9.333013,9.89879,9.588912,9.878045,9.4709,9.220673,9.489996,8.851127,9.466803,9.680277,9.931589,9.81145,9.616568,9.977573,9.818522,9.971461,9.933754
"NAAA",8.835114,9.278281,9.112585,9.145225,8.825876,8.825304,8.881514,8.793033,9.316021,8.737747,8.962301,7.90815,8.934015,8.503397,9.402112,9.153933,9.367648,9.164732,9.328174,9.034933,9.320257
"SDAD1",8.503807,8.385566,7.940294,8.872987,8.387048,8.580063,7.942404,8.380212,8.44703,8.162777,8.13553,7.417694,8.372359,8.970153,8.710753,8.910518,8.934832,9.038802,9.255041,9.398003,9.042276
"CXCL10",4.548224,3.804233,4.347134,4.322221,4.435252,4.531351,4.013975,4.33876,3.949662,4.239541,4.610973,4.886981,4.691721,4.80808,4.497094,5.095259,4.34249,4.150873,4.957365,4.367164,5.694564
"NUP54",7.880476,7.37224,7.191716,7.779284,7.737064,7.869636,7.332763,7.601808,7.467092,6.877888,7.440642,6.292108,7.5366,8.368816,7.651203,7.652995,7.460895,7.697808,8.216326,8.135442,7.820287
"SCARB2",7.718253,7.683577,7.264293,8.119459,7.755963,7.846921,8.102627,7.513884,7.941123,7.5368,8.358856,6.992379,8.188125,7.721555,7.853515,7.598976,7.917759,7.643653,7.875032,7.871775,8.720576
"HNRNPDL",9.96053,10.011787,9.614151,10.13065,9.737359,9.948958,9.642409,9.871805,9.999452,9.630292,9.520264,9.072718,9.989911,10.112353,10.053558,10.155186,9.946618,10.332654,10.329302,10.328246,10.243647
"HPSE",7.865567,7.754981,7.57518,7.543678,7.633326,7.794465,8.475568,7.738844,7.955078,7.809589,8.783881,7.540449,7.9386,7.043763,7.661594,7.556392,8.062779,8.050941,8.626865,7.347276,8.150296
"ABRAXAS1",7.15721,6.734831,6.210534,7.283927,6.949949,7.267818,6.431206,6.966624,7.059387,6.344705,6.547302,5.771222,6.90289,8.103682,7.162433,7.039005,6.725391,7.000968,7.358932,7.122378,7.134329
"WDFY3",8.939595,9.070901,8.997789,8.56443,9.648278,9.115288,10.567595,8.776872,9.271909,8.711284,10.109676,8.821887,9.409796,7.936731,9.144833,8.737301,9.338232,9.797241,9.805655,9.048457,9.136926
"KLHL8",8.061623,8.064625,7.566499,8.001081,8.020763,8.144495,8.413514,7.720332,8.070838,7.568673,8.439069,7.111069,8.083691,7.842671,8.28454,8.022073,7.905395,8.240115,8.536426,8.415284,8.1169
"HSD17B11",10.704704,11.277396,10.668247,10.665549,11.172646,11.287873,11.347997,10.724486,11.13471,10.898952,11.641866,10.739714,10.931076,11.031169,11.18556,11.009884,11.25132,10.977418,11.660337,11.078344,10.710367
"PPM1K",4.969422,5.893462,6.319922,6.599142,6.263189,7.031006,6.189992,6.285273,6.291607,6.553558,6.253172,6.124075,6.36024,5.251373,6.680774,7.210926,7.393573,7.423648,6.44918,5.767489,7.534066
"SNCA",11.348128,11.310395,11.727668,11.741725,11.847858,11.055469,11.350504,11.106403,10.932678,9.626565,11.264961,10.845674,10.474827,10.315877,11.892496,10.781517,9.481669,11.209493,11.12044,11.741035,10.609772
"TSPAN5",9.339616,8.712246,9.660722,9.724742,9.636791,8.956832,9.34991,9.04984,8.5717,7.814072,8.679279,8.779888,8.272101,8.720061,9.558779,8.774778,7.955237,9.467462,9.57807,10.128191,8.75395
"ADH5",8.892301,8.672906,8.549386,8.7354,8.618659,9.092278,8.034098,8.878593,8.795068,8.614384,8.335539,7.9087,8.64778,9.39011,9.102246,9.023641,8.515945,8.458309,8.845792,8.992667,8.493371
"ADH1C",4.664449,4.030138,4.672721,3.792555,4.104123,4.641447,4.532522,4.59586,4.456522,4.935612,4.448987,5.729545,4.619385,4.314956,4.300496,4.253001,5.01411,4.362349,4.291039,4.478036,4.246951
"LAMTOR3",8.170029,7.655237,7.559152,8.086365,8.422234,8.566335,8.327274,7.790589,7.955158,7.333699,8.783273,6.814938,8.337796,8.85065,8.534608,8.037488,8.145189,8.334433,8.639035,8.583465,7.763562
"DNAJB14",8.780793,9.011143,8.524036,9.062056,8.813487,8.941067,8.502657,8.689797,8.810395,8.136864,8.408714,7.62975,8.230405,9.074069,8.853874,9.0556,8.551313,9.161482,9.092694,8.890603,8.545717
"H2AZ1",9.572395,9.352222,8.902673,8.95912,9.679446,9.770146,8.943951,9.34405,9.487595,9.379365,9.529391,8.719023,9.432588,10.00783,9.120172,8.815482,9.042956,8.928293,9.693037,8.800609,9.097421
"MANBA",8.648149,9.048268,8.476147,8.997169,8.910834,8.755307,9.606512,8.591554,9.133606,8.507992,9.295054,8.074818,9.251938,8.578287,8.884127,8.538713,8.929358,8.867004,9.320272,9.053884,8.967595
"UBE2D3",8.174943,7.902413,8.057049,8.19082,8.344567,8.38875,8.694826,8.124283,8.230641,7.007348,8.332958,6.813265,7.389825,8.16948,8.512014,8.216862,7.667741,8.355786,8.501946,7.974699,7.817331
"BDH2",5.306276,5.482116,5.281257,5.55571,5.089399,5.702749,5.320651,5.452178,5.889166,4.947808,5.220581,4.803108,5.25735,6.676982,6.137062,5.751808,5.274957,6.000459,6.08525,6.146941,5.487614
"TBCK",9.317191,8.970348,8.905831,9.696475,8.958674,9.156295,8.953523,9.017946,9.340796,8.733684,8.922005,7.860854,9.086841,9.170129,9.344839,9.304561,9.177043,9.409698,9.623506,9.856141,9.305312
"PAPSS1",8.128463,8.714441,8.143044,8.384526,8.174321,8.499006,7.747076,8.503461,8.506979,8.104414,8.551117,7.549982,8.107758,8.113114,8.314326,8.152772,8.121025,8.494649,8.685972,8.564446,8.288192
"LEF1",11.0255,10.639103,10.695596,11.521291,10.392249,10.940336,10.40372,11.111026,10.978308,11.080853,10.380884,9.588477,10.906276,10.863477,11.015786,11.143083,10.984534,11.344555,10.879344,11.27604,11.094106
"RPL34-DT",5.545001,6.087166,5.973678,6.924765,6.089917,5.133822,6.028731,5.389733,6.24748,6.665881,6.215572,7.238606,6.645117,5.955177,6.314016,5.500035,6.121377,6.261075,5.997365,6.267986,6.515075
"TIFA",7.27166,7.284641,6.959444,7.526242,7.636102,7.814573,7.309505,7.159728,7.63754,6.999681,7.442601,6.482187,7.237227,7.931592,7.722496,7.789647,7.429193,7.654745,7.717757,7.488386,7.654879
"CAMK2D",8.761221,7.960328,7.744733,8.795359,8.120447,8.498428,7.782131,8.112887,8.756912,7.793557,8.043261,7.259155,8.433249,8.917124,8.401968,8.627059,8.674507,8.886169,8.804712,8.928591,8.160378
"SEC24D",7.334241,7.724305,7.190186,7.568677,7.365131,7.683647,7.935436,7.263694,7.4759,7.231948,7.91377,6.508477,7.668455,7.175226,7.615678,7.560851,8.025832,8.098933,7.899565,7.611886,7.808183
"C4orf3",8.262591,7.736029,7.478061,7.833749,8.169361,8.135281,7.410756,7.886434,7.711521,7.467331,8.040993,7.195222,7.989102,8.264829,8.420377,7.973661,7.627799,8.19225,7.972928,8.105549,8.131959
"PDE5A",6.281265,6.235933,6.661929,7.306242,6.129571,6.659555,7.482276,5.759096,5.645238,5.564969,5.768094,6.020986,5.965506,5.259102,6.818611,6.840215,5.294474,6.8308,6.492824,6.547875,6.688625
"MAD2L1",5.761653,5.219351,5.190292,6.243526,5.810277,5.794844,5.134056,5.416501,5.436551,5.283633,5.295603,5.185039,5.151807,5.826381,5.590793,5.766295,5.551754,5.506521,5.537137,6.226187,5.332786
"ANXA5",9.968713,10.382798,9.70483,10.538712,10.004004,10.296498,10.233691,10.033789,10.263572,10.006675,10.965111,9.487343,10.231045,9.543967,10.471957,10.365862,10.61124,10.341029,10.15457,10.254358,10.979989
"ANKRD50",6.910599,7.098379,6.874973,7.501307,6.969393,7.254188,7.625478,6.917269,7.510016,6.468637,7.680319,6.444706,7.123003,6.562218,7.392116,7.215662,7.439138,7.410114,7.705538,7.463864,6.956072
"SCLT1",8.64188,8.84238,8.566406,8.543531,8.955991,9.102481,9.459615,8.662171,9.000176,8.114067,9.243263,7.926566,8.686336,8.63991,8.969462,8.642017,9.041907,8.903283,10.170314,9.557612,9.076871
"NDUFC1",8.517749,8.416513,8.466208,8.476519,8.432552,8.568422,8.24302,8.444442,8.526971,8.49056,8.491309,8.043581,8.618629,9.140266,8.658637,8.41991,8.525732,8.318737,8.448183,8.332212,8.367978
"INPP4B",9.750525,9.601631,9.108315,9.503048,9.756017,9.428112,9.35883,9.57821,9.658757,8.896506,9.322657,8.771481,9.324933,9.104945,9.840316,9.57433,8.887519,9.983174,9.940856,10.267265,8.830212
"GYPB",6.130507,6.004663,5.973678,6.56369,6.590154,6.63274,6.551563,5.606894,5.837298,4.866875,5.452721,5.126053,5.103726,5.765818,6.285435,5.739481,5.356011,6.107762,6.89027,7.615726,6.614211
"GYPA",6.791463,7.168815,6.663641,8.377866,7.498443,8.004457,7.811685,6.045203,6.692612,5.500348,7.215387,6.341886,6.256847,7.135388,7.243588,6.496159,6.348623,6.797461,8.287419,8.551935,6.465667
"ANAPC10",6.500577,5.828997,5.87609,6.283648,6.092355,6.140284,5.684773,5.829917,6.02661,5.726211,5.953546,5.599904,5.79024,6.869897,6.492343,6.595602,6.468003,6.318454,6.98812,6.864215,6.172165
"OTUD4",7.785152,7.329597,6.614987,8.005549,7.153651,7.414946,7.492859,7.367224,7.612389,7.255046,7.659736,6.421973,7.929382,8.092165,7.767508,7.658167,7.640853,7.785071,8.177456,8.016778,7.764022
"SLC10A7",7.403414,7.221532,6.945764,7.666744,7.108715,7.448112,7.166788,7.33777,7.437744,6.858918,7.095199,6.681196,7.383881,7.529428,7.493597,7.588835,7.497572,7.536727,7.96859,8.150975,7.487395
"LRBA",9.316437,8.934554,8.674157,9.71484,8.799482,9.042092,9.114899,9.161916,9.224555,8.476005,8.664191,8.003357,9.399688,8.882263,9.083905,9.320623,8.978617,9.57426,9.248558,9.830243,9.069951
"FBXW7",7.756655,7.499077,6.840931,7.556017,7.590204,7.640686,7.651749,7.414543,7.731498,6.824297,7.898883,6.434931,7.857108,7.502743,7.728692,7.79768,7.630917,7.569988,8.583557,8.013361,7.574438
"PLRG1",8.566239,8.271864,8.15665,8.795373,8.552591,8.754094,8.090143,8.495108,8.37239,7.990992,8.431234,7.638913,8.111154,9.185615,9.095655,9.19664,9.049417,9.183932,9.463117,9.578851,8.966339
"CTSO",7.434436,7.544659,6.677576,7.734047,7.443312,7.639364,7.355991,7.067886,7.427081,6.987208,7.490213,6.326784,7.5797,7.754822,7.612033,7.57622,7.509451,7.610101,7.995269,8.218191,7.820636
"GASK1B",7.575032,8.522334,7.252481,8.229345,8.289071,8.251924,8.616651,7.334113,8.429489,7.248528,7.985265,7.122131,8.26013,7.455861,7.479991,7.80788,8.343993,7.802344,8.833175,7.944633,8.15291
"PPID",7.644315,7.709522,7.297302,7.918668,7.401602,7.935371,7.483229,7.462375,7.385757,7.173192,7.643939,6.641976,7.433691,7.559791,7.997066,7.936828,7.604585,7.943305,7.917565,7.58246,8.020018
"DDX60",8.059611,7.679365,7.338234,8.790384,8.211923,8.376415,7.978504,8.200627,7.857036,7.249416,8.487217,6.669982,8.337658,8.389486,8.369409,8.211975,8.33424,8.221483,8.528056,8.823212,10.25602
"DDX60L",9.985224,9.845283,9.828588,10.348602,10.578372,10.198,11.059038,10.118071,9.963171,9.473753,10.598029,9.476653,10.532483,9.690958,10.259428,10.316131,10.554031,10.746129,10.538099,10.50866,11.420282
"CBR4",8.279726,8.217995,8.011797,8.369783,7.798478,8.269798,7.836237,7.77581,8.13202,7.485575,8.039592,6.971377,7.837045,8.425378,8.204585,8.415347,8.15737,8.343212,8.70849,8.530947,7.751181
"NEK1",7.704062,7.378787,7.497852,8.050689,7.426227,7.603141,7.250593,7.417039,7.775385,7.019549,7.283744,6.662216,7.432744,7.901521,8.121395,8.215502,7.571231,8.034684,7.996767,8.622761,7.516075
"HSP90AA6P",5.033875,5.107004,4.159838,4.458683,5.071163,5.977751,4.315288,4.317527,5.260527,4.499507,5.360458,4.340905,5.053679,6.368093,5.068018,5.058822,4.059484,4.585049,5.452871,5.560408,5.265974
"HMGB2",7.848766,7.129035,7.543236,7.436327,8.195465,7.934361,6.890618,7.45714,7.350939,7.071997,8.339874,6.705541,7.33194,8.661008,7.840333,7.238888,7.808263,7.379464,8.328855,7.465785,7.839267
"AGA",8.06254,8.270673,7.268806,7.872661,8.084437,7.874244,7.388844,7.897669,7.97494,7.949548,7.648913,6.75086,7.74364,8.469336,7.74046,8.135991,7.772396,7.993074,8.606516,8.127263,8.116631
"RWDD4",6.341806,5.858837,5.717104,6.445092,6.617742,6.194328,5.950688,5.944637,6.29449,6.042435,5.997365,5.504407,5.778527,7.02926,6.151458,6.597657,6.094115,6.318733,7.414237,7.25685,6.396334
"ACSL1",10.91334,11.083806,10.639245,10.69276,11.818415,11.284755,12.059892,10.920646,11.078716,10.582617,11.861441,10.896066,11.277075,9.644192,11.295481,10.808349,11.398523,11.900499,11.722867,10.49709,11.513696
"SLED1",7.573074,7.718092,7.617836,7.418965,8.543821,7.947807,8.611015,7.673392,7.798961,6.976721,8.704146,7.660649,7.759097,6.835969,7.887243,7.442692,7.840877,8.2604,8.300024,7.229604,7.880079
"UFSP2",6.84681,6.61145,6.012129,6.478006,6.250844,6.608755,5.815012,6.105928,6.705864,6.100731,6.255027,5.118099,6.472119,7.280912,6.312436,6.915834,6.51274,6.85932,6.579139,6.942217,6.549384
"LINC01667",5.725329,5.704947,5.588054,5.443892,5.522335,5.451851,5.462942,5.876621,5.79108,6.393144,5.205041,6.892609,5.783555,5.471783,5.60733,5.37746,6.050154,5.636479,5.208128,5.144566,5.59823
"LOC389834",5.713146,7.736971,7.199613,7.905819,6.979441,6.811949,6.38813,6.833188,6.835098,7.413805,8.314719,8.148993,7.622559,7.242787,8.009572,6.511141,8.077664,9.455253,8.516772,7.895221,7.20425
"NDUFS6",8.713092,8.861468,8.536638,8.765468,8.696638,8.944176,8.411189,8.705426,8.693708,8.695594,8.669421,8.519847,8.676723,9.083643,8.459145,8.807865,8.81377,8.375045,8.528033,8.384399,8.347076
"ROPN1L",8.270332,8.339956,8.279309,7.796515,8.946619,8.665215,8.762284,7.976455,8.446118,8.154113,9.101656,7.594146,8.4645,7.633058,8.284656,8.114001,8.425044,8.430262,8.457756,7.159169,8.151931
"BASP1",10.021772,10.205788,9.976141,9.823017,10.466826,10.152721,10.714625,10.095299,10.041503,9.574871,10.847174,9.927897,10.194993,9.221093,10.076838,9.55204,9.820427,10.330821,9.835485,8.860543,9.777947
"SUB1",9.369523,8.343139,8.472773,9.156371,9.362038,9.662748,8.675752,8.98455,8.452364,8.497293,9.197775,8.050969,8.75289,10.471755,9.477862,9.647784,10.168334,9.506669,10.088728,9.69058,9.119616
"TARS1",8.528789,8.314116,8.147441,8.371277,8.129966,8.434645,7.574432,8.439094,8.29325,7.909122,8.413944,7.734596,8.431223,8.522308,8.693279,8.628855,8.612766,8.527491,8.601633,8.496724,8.808822
"BRIX1",7.314789,6.994504,6.307839,6.650412,7.249277,7.119561,6.125439,6.854754,7.178885,6.791923,6.814837,6.451305,7.061432,7.898739,7.098001,7.29266,7.162318,6.916826,7.470207,7.655828,7.131932
"DNAJC21",8.040703,7.700877,7.179066,7.940006,7.647352,7.956779,7.310308,7.648663,7.976096,7.356119,7.575324,6.75179,7.623679,8.151174,8.14354,8.521936,8.125265,8.187014,8.465772,8.185224,8.427625
"C5orf51",8.650273,8.708298,8.464528,9.249951,8.644512,8.966945,9.022363,8.65248,8.870529,8.398014,8.862543,7.924259,8.606718,9.02906,9.013023,9.144077,9.083079,9.1971,9.740596,9.67251,8.953898
"FBXO4",7.059563,6.739658,6.679341,7.031911,7.134236,7.001733,6.575977,6.794126,6.934918,6.414044,6.658227,6.356633,6.612942,7.798309,7.07917,7.159248,7.27088,7.185051,7.923877,7.598579,7.061918
"ZNF131",8.085383,7.860315,7.498999,8.08183,7.755169,8.217856,7.50841,7.884882,8.137128,7.193212,8.033688,6.141586,7.924257,8.587693,8.252515,8.378425,8.117777,8.135395,8.454524,8.177207,7.995346
"NNT",8.811726,8.969513,8.86266,9.344761,8.467552,8.844009,8.925881,8.966873,9.102314,8.426372,8.635586,7.89811,9.09974,8.64788,9.266802,9.242583,8.874014,9.401445,8.908246,9.320899,9.152378
"GZMK",9.84361,9.327384,9.249471,9.025035,8.813349,10.034916,8.744704,8.949161,9.154619,8.716771,8.7803,8.532716,10.162754,10.498188,9.771869,9.528148,10.240688,8.661519,10.023256,10.250026,8.735571
"GZMA",9.062104,8.242606,8.465962,8.294611,8.586924,8.980921,8.437352,8.692088,7.817731,7.752684,7.859494,8.023121,9.507045,10.043102,8.149316,8.935535,8.061121,8.875283,8.92084,9.37964,8.565818
"MTREX",9.738248,9.546224,9.361591,9.826848,9.542093,9.915796,8.646726,9.63263,9.821417,9.200527,9.371429,8.281917,9.290534,10.12407,9.968907,10.122542,10.016723,9.961654,10.079253,10.062683,9.585214
"GPBP1",9.551481,9.583358,9.477466,9.846039,9.583191,9.951485,9.448245,9.540273,9.338054,8.951067,9.611558,8.638852,9.189447,10.020561,9.676328,9.783197,9.626879,9.881916,10.108106,9.934163,9.577752
"GAPT",8.982968,8.544051,8.808432,9.292791,9.240107,9.722464,8.896244,8.88558,9.101033,8.647925,9.243929,8.118443,8.660445,9.812171,9.029133,9.018882,9.466532,9.040135,9.969345,9.382383,8.646467
"PPWD1",8.59105,8.171246,7.894918,8.277291,8.315052,8.464004,8.024216,8.197042,8.312181,7.596356,8.082224,7.200813,8.176397,8.721439,8.42847,8.435106,8.26582,8.626683,8.883559,8.642785,8.26675
"TRAPPC13",7.16719,6.505861,6.749812,7.431099,7.068431,7.439963,6.858693,6.643042,6.922539,6.37128,6.939692,5.832708,7.062641,7.788358,6.859377,7.18406,6.958066,7.194169,7.64667,7.450153,6.850836
"SREK1",8.715769,8.602137,8.267983,8.959909,8.485133,8.716696,8.388581,8.572343,8.80675,7.975614,8.594922,7.571456,8.648534,8.673807,8.836327,9.100372,8.641071,8.918267,9.200692,9.068626,8.754124
"CCNB1",5.58177,5.601399,5.431589,5.832907,5.444985,5.712356,5.350312,5.997367,5.414536,5.177585,5.59843,5.501731,5.686016,5.859183,5.953878,6.456977,6.51681,5.688252,5.637607,5.775293,6.108359
"RAD17",9.175113,9.611525,9.670367,9.308856,9.725557,9.416554,9.194216,9.92981,9.299553,8.692088,9.03153,8.899201,9.372666,9.222976,9.898895,9.470376,8.986733,9.137122,9.002356,9.766213,9.263166
"BDP1",3.116385,3.338423,2.834334,2.948469,2.942538,3.211848,3.338423,2.65355,4.517006,3.245882,2.970611,2.628648,2.920976,3.761013,3.254277,4.648851,3.338423,3.187672,4.18323,2.895247,6.424522
"PTCD2",7.725133,7.504789,7.241829,8.070578,7.257097,7.662218,7.034814,7.584326,7.866783,7.335641,7.487876,7.067224,7.463767,8.017702,7.906977,8.263985,7.653123,7.663349,8.116275,8.160778,7.999589
"FCHO2",8.483372,8.564194,8.211718,8.182026,8.699988,8.500345,9.491549,8.176045,8.363745,7.596202,9.12928,7.768624,8.261748,7.855116,9.112853,8.504,8.395924,8.478988,9.656113,8.807463,8.188741
"UTP15",6.287029,6.104116,5.884887,6.757673,6.196659,6.600309,6.080394,6.465407,6.259967,5.348718,6.024636,5.305873,6.339951,6.846092,6.657702,6.956125,6.201255,6.82544,7.212934,7.651217,6.529528
"NSA2",9.130472,8.406284,6.973106,7.829375,8.843454,8.006495,6.453917,8.489984,8.635368,8.260788,8.306144,7.541992,8.523042,9.870693,9.01537,8.945864,9.009318,8.369691,8.9362,8.862237,8.480449
"HMGCR",8.740366,8.918259,8.66704,9.109158,8.905975,9.191202,9.784125,8.336832,8.766654,8.305703,9.299741,8.162724,8.975699,8.477877,9.175613,8.836893,8.594445,9.185862,9.597042,8.896849,8.941249
"POLK",8.033034,7.838176,7.218955,8.325366,7.968979,8.005933,7.744495,7.707186,7.978893,7.435652,8.020932,6.267541,7.638565,8.208868,8.15377,8.294645,8.262722,8.270151,8.740393,8.288844,8.325237
"F2R",7.545147,7.442868,7.266953,7.449778,7.227403,7.296096,7.929224,7.521395,7.027613,6.575531,6.972774,7.194411,7.499076,7.329304,7.396365,7.408568,6.945738,7.835193,7.442343,8.232769,7.737462
"F2RL1",8.291552,8.800141,8.67806,8.283215,9.356773,8.504304,9.46026,8.252595,8.346543,8.630183,8.590761,8.781596,8.665134,7.795792,8.43975,8.131976,8.720404,9.010372,9.127845,8.646332,8.434464
"S100Z",6.616467,7.672767,7.187158,7.190327,6.998589,6.8962,7.88642,7.142377,7.070441,7.095257,7.522892,7.510215,7.304818,6.279245,7.661412,7.458873,7.592772,7.544221,7.769385,7.540224,8.03396
"SCAMP1",9.020629,8.910446,8.368215,9.134032,8.958338,9.011739,9.037782,8.650124,8.934069,8.217525,9.017255,7.614843,8.979589,9.307498,9.203692,9.236898,9.01804,9.055657,9.51688,9.500859,9.097364
"JMY",7.439326,7.011962,6.732488,7.601724,6.716135,6.885925,7.026715,6.949391,7.152052,6.651529,6.952468,6.400043,7.035722,7.100344,7.171247,7.209806,6.968637,7.562066,7.300354,7.387319,7.372517
"ZFYVE16",8.443087,8.485556,8.200421,8.335979,8.896396,8.997704,9.248672,8.203883,8.535599,7.747062,8.998822,7.522026,8.565219,8.031181,8.697855,8.391479,8.677776,9.322848,9.831191,8.994754,8.464614
"FAM151B",6.696594,6.467437,6.345032,6.694996,6.480364,6.584485,7.1671,5.867312,6.490438,6.331477,7.528741,6.640247,6.835666,6.135452,6.8925,6.583555,7.030226,7.359381,6.991621,6.454172,7.068039
"ZCCHC9",7.513473,7.087063,6.493648,7.295506,7.340347,7.404995,6.657349,7.290584,7.355421,6.464629,7.25192,6.500924,7.289454,7.515635,7.804157,7.632899,6.999495,7.306162,7.908486,7.614456,7.378412
"XRCC4",6.165361,6.24593,6.129128,6.147824,6.809188,6.972814,6.055444,6.283591,6.419942,6.07542,6.98903,5.995813,5.853481,6.960143,6.554221,6.424934,6.379363,6.443179,7.559681,6.821835,6.336694
"VCAN",10.439411,10.926028,10.45629,11.073072,10.895164,10.22143,11.77003,10.067574,10.921697,10.510188,11.543855,10.272863,10.930249,9.442035,10.386491,10.542892,10.317862,10.965595,11.204343,11.412671,10.817702
"COX7C",8.095571,6.654811,7.047333,7.618942,8.004848,7.673349,7.280237,7.407082,7.597676,7.116808,7.855002,6.646655,7.886431,9.281446,7.493797,7.084717,7.856343,7.335328,8.234712,8.223529,6.75417
"SLF1",6.611086,6.444837,5.887936,6.738912,6.363301,6.942007,6.467663,6.105924,6.390983,5.603793,6.281851,5.175653,5.941576,6.993138,6.590635,6.483685,6.584054,7.111978,7.648925,6.956033,6.193078
"RFESD",5.373006,5.290698,4.850377,6.086056,5.690377,5.567861,5.357342,5.767408,5.18905,5.222727,5.022646,4.503791,4.912203,5.817042,5.280708,5.434467,5.319222,5.780584,6.232112,5.662641,5.798519
"RHOBTB3",6.451532,6.382502,5.958887,6.54412,6.374705,6.949466,6.019642,6.214373,6.05877,5.774278,5.937869,5.748024,6.534698,6.532623,6.506353,6.922995,6.180904,7.082432,7.354451,7.261312,6.325992
"ERAP2",9.495688,9.444596,7.90488,10.050049,8.229792,9.657558,9.305667,9.971719,9.882496,9.020183,9.371532,8.1723,10.030388,10.03623,9.572035,9.784141,9.388404,10.400288,9.614201,8.882192,8.940545
"LNPEP",10.367145,10.134976,10.090195,10.959986,9.848225,10.295008,10.505677,10.184742,10.270143,9.78092,9.997688,9.448222,10.452341,10.175346,10.283592,10.42131,10.186883,10.837011,10.935228,10.923526,10.535391
"FAM174A",7.154493,7.183917,6.881515,6.991824,7.343685,7.390278,8.176201,7.220253,7.468225,7.367858,7.968975,6.765949,7.535946,7.296681,7.728671,6.839516,7.487109,7.255163,7.95179,7.112383,6.892446
"PAM",7.401701,7.968972,7.769208,7.562083,8.078387,7.063621,8.523109,7.106025,7.023439,6.534758,6.861034,6.949663,7.985133,6.93118,8.079212,7.839459,8.002674,8.010743,7.486837,8.299261,7.216744
"PPIP5K2",9.218682,9.587369,9.105179,9.581635,9.210058,9.676569,9.283137,9.156459,9.384116,8.850127,9.357946,8.059696,9.15457,9.314214,9.414174,9.797472,9.662454,9.781131,10.358984,9.936127,9.351607
"FER",7.028916,6.629033,6.444448,7.091991,6.745469,7.059393,6.444576,6.642914,7.02542,6.387744,6.639291,5.997574,6.654691,6.901346,6.72915,6.968453,6.60136,7.198755,7.377333,7.645375,7.36377
"WDR36",8.521996,8.415752,7.991415,8.888264,8.128503,8.464982,8.303237,8.291762,8.524541,7.910264,8.275737,7.318646,8.372251,8.63903,8.690378,8.618379,8.518892,9.050825,8.955027,9.088578,8.63851
"CAMK4",9.946572,9.250253,9.269017,10.10529,9.304104,9.602806,8.97113,9.821329,9.684831,9.271706,9.124526,8.060116,9.571247,10.067189,9.605134,9.776815,9.36223,9.843561,9.506457,9.690003,9.53332
"EPB41L4A-AS1",8.291038,7.809206,7.609661,8.016233,8.186274,7.880677,7.61627,7.880983,8.104824,7.925582,7.948334,7.587922,8.005078,8.884582,8.104187,8.118264,7.968868,8.096322,8.195574,8.365499,8.164334
"SNORA13",6.709908,6.210648,6.069549,6.27851,6.639437,6.302955,6.301674,6.295978,6.534629,6.367969,6.415604,6.245016,6.80176,7.055757,5.973941,6.658666,6.142978,6.839434,6.973559,6.607566,6.208808
"APC",7.756434,7.967301,7.489697,7.866006,8.011552,8.265678,8.237951,7.733305,7.952595,7.110546,8.077621,6.468486,7.829263,7.982589,7.944514,8.018875,7.912052,8.251821,8.443679,8.126251,7.710162
"YTHDC2",8.361527,8.269855,8.025295,8.727931,8.142505,8.595208,8.192712,8.242133,8.456817,7.812217,8.273077,7.042932,8.227227,8.133403,8.333551,8.497161,8.196874,8.77589,8.896013,8.839637,8.42388
"COMMD10",8.83066,8.404731,7.695372,8.917819,8.394561,8.565855,8.117268,8.48449,8.770893,7.839877,8.21915,6.974673,8.505009,8.869854,8.675093,8.754423,8.355281,8.765749,8.741287,8.848165,8.340105
"DMXL1",8.570327,8.270798,8.003976,9.027838,8.289191,8.477478,8.61694,8.425572,8.87049,7.944173,8.376748,7.508836,8.662359,8.705519,8.701635,8.803451,8.537605,9.142396,9.284855,9.24866,8.777159
"SRFBP1",7.631217,7.347938,6.86811,7.506463,7.43159,7.698993,6.649385,7.416808,7.419949,6.849313,7.139304,6.614519,6.88616,7.811404,7.62574,7.38697,7.26594,7.600518,7.672986,7.86776,7.483491
"SNX2",9.349727,8.890876,8.671355,9.636486,9.580187,9.594061,8.939353,9.161318,9.36236,8.499949,9.485483,7.762221,9.237715,10.259434,9.313158,9.40181,9.329562,9.615238,9.781568,9.40397,9.151388
"CSNK1G3",7.363253,6.902451,6.508399,7.585172,7.416653,7.621873,7.037247,7.060751,7.230149,6.17547,7.068559,6.047786,6.600197,8.144127,7.499882,7.824836,7.380726,7.932514,8.296814,8.024284,7.09433
"PHAX",7.022479,6.773101,6.430341,7.088015,6.970259,7.168353,6.360463,6.961707,6.934727,6.342811,6.813681,5.671431,6.580627,7.430333,7.042334,7.29757,6.701653,6.831788,7.007097,6.94476,7.165406
"LMNB1",8.666119,8.283656,8.411667,8.742694,8.796112,8.576806,8.320801,8.533756,8.519656,7.876677,9.160414,7.614466,8.339682,8.235868,8.542363,8.314686,8.442846,8.725217,8.651065,8.177315,9.135057
"PRRC1",8.371116,8.609521,8.017819,9.122851,8.224031,8.618848,8.379332,8.527837,8.603003,8.193117,8.406961,8.073718,8.620314,8.351109,8.802449,8.6833,8.70269,9.018728,8.699433,9.111439,8.755884
"LYRM7",6.475578,6.05303,6.049215,6.468354,6.253328,6.64629,5.934702,6.489287,6.567522,5.892937,6.174809,5.641767,6.208848,7.13718,6.763916,6.668637,6.23771,7.012525,6.802354,6.841479,6.202677
"CDC42SE2",11.713389,11.690498,11.589108,11.935914,11.552009,11.825379,11.544966,11.676483,11.73017,11.67626,11.44943,11.092228,11.716589,11.655131,11.881546,11.782449,11.663121,11.944436,11.956314,11.979884,11.696234
"SLC22A4",7.541995,7.511451,7.471214,7.937185,8.522584,7.850826,8.448748,7.512231,7.755879,7.154012,8.746102,7.042231,7.557269,7.214104,7.687289,7.368567,8.247451,8.231379,8.481552,7.578956,8.013439
"RAD50",8.451563,8.3283,7.790465,8.78974,7.888351,8.470724,7.589423,8.318269,8.186264,7.640278,8.129729,7.489733,7.857276,8.620246,8.70104,8.815394,8.483767,8.791974,8.58423,9.004373,8.67483
"UQCRQ",7.901161,7.253887,7.159082,7.392433,7.888542,7.764992,7.28607,7.450972,7.598837,7.526676,7.803319,6.98791,7.642913,8.909084,7.376549,7.673467,7.549183,7.369479,7.578454,7.54692,7.341791
"HSPA4",8.719822,8.680287,8.382986,8.807661,8.354887,8.783428,8.304729,8.66644,8.576295,8.262651,8.720608,7.539353,8.47713,8.760411,8.65231,8.680586,8.669725,8.746536,8.60479,8.404793,8.704914
"TCF7",9.419803,9.284901,9.296953,9.820758,8.998669,9.335469,8.875337,9.484735,9.400225,9.484864,8.790047,8.566175,9.303674,9.424314,9.190134,9.447181,9.324242,9.713513,9.319087,9.316626,9.371721
"CAMLG",8.030173,7.761189,7.40687,7.902043,8.021961,8.01311,7.668646,7.871948,7.920946,7.518323,7.989608,7.497225,7.795679,8.597481,7.878028,7.547469,7.805745,7.672525,8.354852,7.952126,7.804413
"DDX46",8.686025,8.999431,8.408327,8.978952,8.666846,8.759728,8.025423,8.77379,8.781116,8.307498,8.537158,7.746125,8.87172,8.628405,9.158766,8.801353,8.561537,9.160194,8.862262,8.659961,8.826367
"TXNDC15",8.782027,8.610565,8.347541,8.852274,8.470861,8.733834,8.4763,8.574586,8.758506,8.509427,8.805354,7.952649,8.716541,9.072624,8.996746,9.064308,9.238099,8.788954,8.919086,8.782777,9.012753
"TGFBI",8.872473,9.237759,8.856422,9.359703,9.310875,8.966838,9.443497,8.679714,9.646221,9.188885,9.905415,8.954708,9.263555,8.797635,9.500066,9.011045,8.98381,8.930963,9.229442,9.224179,9.256085
"CTNNA1",7.507698,8.647307,7.966223,8.406472,7.933169,8.177786,8.601893,8.064037,7.859138,7.348478,8.51264,7.497295,8.372306,7.257132,7.935247,7.526996,7.884883,8.674787,8.100824,7.96333,8.503609
"PURA",8.763164,8.725494,8.580202,8.860095,8.570486,8.697293,8.672984,8.836095,8.751313,8.626838,8.65977,8.543519,8.643719,8.794275,8.470878,8.551652,8.713268,8.466506,8.777418,8.572445,8.719869
"IGIP",7.406617,7.498604,7.354474,7.996733,7.463666,7.68986,7.455076,7.425903,7.46297,7.14184,6.98637,6.99869,6.922807,7.558288,7.835539,7.390866,7.287063,8.126997,8.159744,7.811604,7.124663
"SLC35A4",8.537105,8.828193,8.423639,8.822233,8.393569,8.760617,8.416952,8.723609,8.597547,8.336172,8.812259,7.850927,8.602927,8.789079,8.801929,9.084504,9.007111,9.133388,8.802985,9.006791,9.434961
"ZMAT2",8.859379,7.972314,7.937132,7.768159,9.205058,8.461722,7.244713,8.073195,8.392874,8.05511,8.954918,7.798843,8.56819,8.994877,8.745535,8.397024,8.566244,7.644408,8.427455,8.086663,8.501145
"PCDHB2",5.772362,5.962148,6.361025,5.853003,5.831364,5.911416,6.023218,6.087069,6.055977,6.690719,5.810016,7.108973,5.792274,5.657578,5.854351,6.586292,6.604238,5.796908,5.68273,5.491515,5.937279
"RNF14",8.758833,8.615778,8.68691,9.069751,8.804945,8.785955,8.94967,8.544915,8.544458,8.150581,8.753014,7.644563,8.447566,8.771634,8.956358,9.028634,8.288942,9.161159,9.076226,9.725092,8.810955
"NDFIP1",9.384514,9.331084,8.879787,9.400055,9.066996,9.439521,9.209504,9.381686,9.325198,8.948116,9.471169,8.210098,9.173351,9.5665,9.410311,9.155841,9.259267,9.518238,9.342099,9.381519,9.437799
"ARHGAP26",10.099767,10.551288,10.19434,9.86652,10.420358,10.188933,11.202005,10.025537,10.321622,9.981791,10.787723,10.151788,10.711605,9.311337,10.355437,9.989054,10.414779,10.783303,10.571526,10.26381,10.243681
"NDST1",7.299907,8.143409,8.002722,7.635077,8.08897,8.058806,8.459611,7.574756,7.826769,7.891929,8.029377,7.838401,7.742267,7.4064,8.184306,7.846206,7.774552,7.53331,7.79209,7.526276,8.387316
"GM2A",9.146623,9.489371,8.562628,9.156167,8.820619,9.389048,8.752327,9.113847,8.82304,8.635771,9.825086,8.273701,8.615114,9.069226,8.992074,9.43973,8.992413,8.98944,8.638241,9.234801,9.850446
"MFAP3",8.498025,8.520339,8.029147,9.006994,8.569153,8.839711,8.530282,8.527286,8.570818,7.698876,8.790978,7.204632,8.444974,8.871554,8.649237,8.969772,8.515416,8.927296,9.222133,8.88947,8.801053
"MRPL22",6.418383,6.387835,6.280462,6.604071,6.61697,6.464251,5.974771,6.419482,6.570592,6.078536,6.545198,5.751995,6.453069,7.444253,6.526136,6.705338,5.969025,6.439202,6.634014,6.70295,6.748894
"ITK",10.737382,10.365202,10.158219,11.042915,10.029207,10.356307,10.02901,10.641866,10.699448,10.445305,9.973602,9.154971,10.58946,10.618018,10.609582,10.849384,10.186813,10.910756,10.562389,10.852165,10.77045
"UBLCP1",7.926665,7.723453,7.529384,8.144291,7.971885,8.064756,7.962798,7.585261,7.545658,7.460211,7.7093,6.949539,7.717453,8.232475,8.267431,8.249347,8.563114,8.630864,9.248146,8.850842,8.222858
"TTC1",8.128328,7.836843,7.459838,7.533249,7.825617,7.889452,7.208999,7.718403,8.005629,7.545891,8.164524,6.966519,7.787245,8.046913,7.924975,7.826873,7.676769,7.772896,7.995652,7.449107,7.875473
"PTTG1",7.646066,7.66397,7.506675,7.405192,7.600963,7.420733,7.046845,7.680437,7.568483,7.190341,7.249351,7.352791,7.493218,7.819223,7.495095,7.384001,7.638898,7.471987,7.298843,7.244704,7.189488
"CCNG1",8.559633,8.333699,7.914727,8.844984,8.230918,8.674673,8.235179,8.227319,8.37173,7.8373,8.053105,7.077986,8.135538,8.74942,8.384471,8.679306,8.317379,8.605874,8.753308,8.817272,8.233846
"MAT2B",9.734897,9.513174,9.154987,9.706173,9.585886,9.647666,9.285895,9.536041,9.628185,9.239083,9.502102,8.552486,9.619995,9.760521,9.636781,9.745561,9.412325,9.541625,9.811252,9.805044,9.450299
"RARS1",8.285512,7.839254,7.41343,8.141485,8.092835,8.121913,7.373193,7.739194,7.930481,7.337747,8.130238,6.756945,7.893459,8.37282,8.262516,8.160281,8.117194,8.03649,8.370869,8.37648,8.205254
"SPDL1",6.033181,5.828848,5.260077,5.814077,5.466191,5.977464,5.346355,5.672314,5.951845,5.222401,5.628376,5.310601,5.623036,6.726441,6.089248,6.24152,5.852422,6.541158,6.43816,6.712703,6.105509
"NPM1",5.294219,5.620093,6.275676,5.892133,5.62486,5.646649,5.682043,5.616175,6.109709,6.464794,5.804218,6.5377,5.5129,5.378496,6.10497,6.021114,5.653362,6.282401,5.36542,6.227357,5.378071
"ERGIC1",9.133987,9.582822,9.04576,8.842523,9.489431,9.248676,9.737172,9.257832,9.410445,8.972942,9.889571,8.640752,9.220467,9.136539,9.322917,9.239157,9.358132,9.269268,9.289902,9.116322,8.986221
"ATP6V0E1",10.679915,10.572233,10.378853,10.495009,10.914219,10.683001,10.659463,10.71658,10.694841,10.531446,11.054195,9.891173,10.832358,10.980422,10.815327,10.650941,10.684961,10.503615,10.872832,10.495583,10.878674
"CPEB4",8.87607,8.989258,8.830901,8.765511,9.089628,8.999007,9.854274,8.59977,8.801293,8.306123,9.592021,8.170122,8.903971,8.301197,9.289447,8.708435,9.145293,9.469104,9.450763,9.272576,9.098422
"HRH2",8.919503,9.330691,8.869221,8.67365,9.498012,9.418082,9.792306,9.093853,9.326548,8.803296,9.720799,8.645901,9.177376,8.445811,8.981829,8.774123,9.184386,9.033659,9.457584,8.807663,8.714005
"HIGD2A",8.634479,9.167314,8.514615,9.025679,8.785001,9.080908,8.488653,8.688214,8.808285,8.552134,8.802568,8.039222,8.702434,8.990353,8.493718,8.329997,8.461872,8.368256,8.540542,8.665389,8.472197
"PRELID1",9.822972,9.903478,9.696924,9.83575,9.991252,9.917168,9.772431,9.823245,9.789642,9.892014,10.46629,9.519431,9.947534,10.006557,9.876033,9.937232,10.056452,9.9241,9.766972,9.650112,9.954263
"B4GALT7",7.523469,7.682345,7.481254,7.574956,7.676804,7.509783,7.482094,7.859885,7.774781,7.700484,7.4962,7.421462,7.569381,7.718777,7.441446,7.358038,7.45912,7.276108,7.211473,7.544865,7.816342
"ZNF354B",7.098484,6.742847,6.298169,7.183542,6.670139,7.169868,6.726336,6.605075,6.933183,5.909358,6.525923,5.816243,7.015834,7.582268,7.175081,7.312584,6.791885,6.917723,7.469562,6.8963,6.870792
"OR2V2",5.944004,5.851793,6.256165,5.849558,6.342357,5.804682,6.138828,6.105187,5.73949,6.853461,5.936012,7.187389,6.09357,5.601082,6.231288,5.834177,6.448992,5.88021,5.956295,5.651183,6.055721
"CTC-338M12.4",7.509365,7.589226,7.077384,7.68969,7.448562,7.842401,7.215803,7.425347,7.973796,7.128159,7.504567,6.918609,7.431833,8.066134,7.78173,8.005246,7.71596,7.840497,8.26218,7.626904,7.463951
"CCDC127",8.11145,7.923041,7.455156,7.70362,7.811445,8.209452,7.522128,7.888504,7.659599,7.594437,8.279017,7.250776,7.611302,8.148027,8.068958,7.480744,7.469621,7.337585,7.401145,7.872118,7.59319
"SLC12A7",6.913502,7.306395,7.485204,7.460527,7.091822,7.435532,7.52122,7.020429,7.361167,7.557959,7.413907,7.032673,7.279813,7.198737,7.336366,7.606959,7.210398,6.903733,7.463685,7.039271,7.886764
"MRPL36",8.945097,8.775076,9.254963,8.663276,9.535827,9.21798,9.248678,9.742089,9.1407,9.045683,9.094012,8.901786,8.843543,8.889402,8.966048,8.512659,8.458455,8.598452,7.6611,8.748579,8.921521
"MED10",8.589887,8.287433,7.966987,8.486611,8.61137,8.444674,8.00765,8.123188,8.506015,8.320226,8.502757,7.048941,8.483329,9.082629,8.598755,8.658748,8.479522,8.314418,8.844261,8.57937,8.19556
"NSUN2",8.811294,8.749567,8.226744,9.268786,8.620817,8.775003,8.474067,8.537858,9.064707,8.481953,8.512448,7.917648,8.94827,8.893615,8.861345,9.017088,8.791302,8.770253,8.77854,8.694238,8.85846
"LOC442132",7.866419,7.018161,7.663173,7.603853,7.085906,7.294713,7.783259,6.827491,7.286829,8.632316,7.616684,9.516973,7.743421,6.762362,7.761896,7.053051,8.148192,6.113049,7.120243,7.049976,7.462858
"FASTKD3",6.178303,5.514305,5.577628,6.23159,5.927204,6.187518,5.565989,5.788259,5.88213,5.526457,5.798311,5.287697,5.901869,6.529342,5.660357,6.173267,6.184915,6.514381,6.611902,6.453871,5.885364
"ATPSCKMT",7.610235,7.707071,6.95207,7.614691,7.393587,7.72252,7.076387,7.200258,7.499201,7.088759,7.432423,6.814609,7.329858,7.948941,7.966503,7.838778,7.154177,7.978184,7.855073,7.888269,7.100109
"RAD1",7.835755,7.588922,7.489033,8.189029,7.551162,7.901385,7.61456,7.788365,7.860851,7.64912,7.565355,6.995154,7.639471,8.467923,8.037699,7.775678,7.687475,8.123144,8.022249,7.891224,7.828342
"LMBRD2",7.741589,7.887028,6.910255,8.329769,7.49654,7.988129,7.70793,7.581607,7.754016,6.935226,7.626463,5.968797,7.300248,8.106109,7.918958,7.93917,7.76783,8.109667,8.721607,8.256874,8.049134
"NADK2",7.276115,6.838005,6.62159,7.615708,6.95099,7.082283,6.776587,6.972612,6.773314,6.421207,6.625714,6.311848,7.066434,7.129178,7.76328,7.464317,7.078499,7.522345,7.763725,7.931664,7.460781
"RICTOR",10.058749,9.912125,9.672667,9.982819,10.165226,10.313296,10.641372,9.768361,10.161887,9.602566,10.156342,9.030052,10.186808,9.925297,10.040255,9.990109,10.126995,10.43483,10.948773,10.240694,10.047284
"DAB2",6.709439,7.251717,7.128804,7.564171,7.119022,7.090842,7.65476,6.907628,6.819492,6.408599,6.959629,6.824808,7.276811,6.083348,7.4469,8.056236,6.797914,7.803755,7.77381,7.218906,7.361871
"TTC33",7.281144,6.831433,6.937862,7.426306,7.068338,7.651129,6.799337,6.79189,6.914795,6.398406,6.970595,6.008636,6.741024,7.880938,7.1158,7.157086,6.752547,7.446245,7.342934,7.23509,6.882549
"OXCT1",8.4148,8.021209,7.625765,8.461659,7.863146,8.200735,7.502063,8.18806,8.337368,7.675199,7.797331,7.202055,8.002493,8.241487,8.384706,8.455817,8.177711,8.290335,8.35777,8.53528,8.155464
"ANXA2R",7.892237,7.766026,7.500039,8.239817,7.619601,7.9958,7.042873,7.932306,7.975624,7.139393,7.480564,6.837694,7.649307,8.968098,7.990084,8.174049,7.138104,7.670931,7.958188,7.885517,7.465224
"LOC100132356",7.505828,7.414251,7.205596,7.268029,7.378945,7.485642,7.126586,7.581143,7.70053,7.261324,7.467242,6.873143,7.305689,7.749451,7.103049,7.044933,6.60402,7.093762,6.997477,6.940374,7.100163
"CCL28",6.271344,6.340415,6.001589,6.403045,6.2552,6.479974,5.955302,6.313716,6.49961,6.233871,6.319221,6.531643,6.113528,6.351302,6.555356,6.143369,6.273081,6.578175,6.380399,6.455476,5.804898
"HMGCS1",7.501333,7.455073,7.200298,7.87239,7.584521,7.729912,7.298559,7.395358,7.5822,7.103506,7.260747,6.765823,7.59484,7.722695,7.622395,7.813498,7.474372,8.043522,7.899703,7.562803,7.642959
"TMEM267",6.773718,6.565982,6.314225,7.173208,6.658322,6.713394,6.212021,6.561315,6.744052,6.180876,6.637841,5.767996,6.639657,7.411132,6.947478,6.63918,6.788316,7.138467,7.174971,7.003697,6.630381
"PAIP1",7.545281,7.322132,7.084598,7.410486,7.393045,7.465316,6.998669,7.40744,7.428242,6.939671,7.29699,6.645421,7.185988,8.007761,7.42818,7.429321,7.400453,7.534328,8.071156,7.917481,7.221959
"EMB",9.605263,9.345038,8.856909,9.406977,9.565713,9.691638,9.425308,9.201165,9.581436,8.992743,9.435665,8.592082,9.53014,9.9629,9.116663,9.671919,9.728433,9.397674,10.347376,10.104051,9.432924
"MOCS2",6.767455,6.554568,6.383718,7.003827,6.715131,6.854351,6.211662,6.816638,6.636614,6.318832,6.63079,6.024924,6.405937,7.489433,7.051631,7.161538,7.035313,7.133035,7.508934,7.450802,6.947262
"ARL15",8.059418,7.552943,7.355496,8.227779,7.603575,8.25589,8.110825,7.627801,8.022231,7.208739,7.913997,6.597619,7.77914,7.850253,7.509113,7.594911,7.444253,7.76062,8.223703,8.157318,7.707197
"DHX29",8.09855,7.914856,7.661218,8.258044,7.884878,8.089584,7.890033,7.662933,8.034104,7.375439,8.002835,6.963528,7.794875,8.47042,8.171217,8.339391,8.196249,8.155274,8.659629,8.701392,8.05685
"SLC38A9",8.06618,7.666379,6.936628,8.077096,7.649767,7.869318,7.440447,7.675662,7.919452,6.995581,7.720604,6.468444,7.771777,8.133841,8.203002,8.158106,8.120406,8.345257,8.459409,8.420787,7.827676
"IL6ST",9.787589,9.414865,9.146022,10.326845,9.336995,9.653255,9.514778,9.996099,9.895881,9.66194,9.275961,7.825221,9.76951,10.161119,9.493484,9.785989,9.677607,10.05339,9.870772,9.854039,9.98998
"MIER3",7.573809,6.896491,6.815612,7.83463,6.962115,7.911941,6.889047,6.945601,7.246589,6.526226,7.004703,5.921229,7.221425,7.873397,7.446186,7.744299,7.046245,7.656498,7.949244,7.766559,7.607815
"ELOVL7",7.577758,7.875616,7.912813,8.813439,7.646949,8.159808,8.840133,7.282095,7.089756,6.848118,7.010432,8.022307,7.299309,6.483602,8.52282,7.633697,7.267716,7.97313,8.46498,7.773886,8.013535
"SMIM15",7.74948,7.536223,7.293721,8.030738,7.320329,7.807179,7.106998,7.721887,7.651019,6.846687,7.44428,5.900157,7.193889,8.490545,7.734285,7.951008,7.453776,7.737291,7.891762,7.424716,7.594175
"ISCA1",8.368468,8.282466,7.8,10.129923,8.424492,8.675504,10.521067,7.972072,8.437257,7.615788,7.926447,7.333504,7.704707,8.490342,8.496847,8.52826,7.870082,8.506015,9.206905,10.804583,7.583852
"SREK1IP1",7.02277,6.838327,6.653465,7.292466,6.948771,7.388623,6.745372,6.853075,6.973967,6.525329,7.066917,6.043119,6.740381,7.635563,7.565001,7.593763,7.412251,7.849022,8.100274,7.657468,7.248316
"CENPK",6.785618,7.635185,7.081253,6.538275,7.451212,7.74177,7.269627,7.542784,7.754318,5.701325,7.062,5.866743,7.072433,6.602568,6.36989,6.227174,6.357994,6.836647,7.108038,6.941769,7.617714
"TRIM23",7.837526,7.696652,7.448044,8.269192,8.040502,8.267428,7.851197,7.798409,7.736471,7.013077,7.796249,6.832236,7.4237,8.131129,8.096951,7.96914,7.554885,8.355492,8.485495,8.44916,7.603377
"SGTB",7.848503,8.104383,7.675064,8.542646,7.979673,8.000392,8.184698,7.983267,8.200364,7.489151,7.873138,6.796596,7.731236,8.352878,8.335318,8.231383,7.862596,8.592519,8.766895,7.79973,8.164593
"CD180",8.807447,8.654953,8.386425,9.469186,8.567148,9.532254,8.503747,8.957554,9.25836,8.593604,8.320607,8.349469,9.040948,9.701728,9.135931,9.497825,9.546769,9.83402,9.405901,8.895623,9.205895
"CCDC125",7.447962,7.997059,7.361689,7.324239,7.687676,7.712783,7.666049,7.447998,7.798733,7.36491,8.026176,6.792297,7.63583,7.539612,7.69514,7.608133,7.47102,7.508581,8.10843,7.621996,6.941374
"ANKRA2",6.954731,6.764191,6.321741,7.188735,6.93782,7.155627,6.790464,6.659923,7.102854,6.136854,6.837997,5.776178,6.752375,7.620005,7.07439,7.20759,6.713107,7.190169,7.840784,7.234554,6.469027
"ENC1",7.058714,7.108274,6.984493,7.321217,7.11042,7.569499,8.02121,7.168941,7.665547,6.821458,7.492512,6.818229,7.499261,7.007553,7.733357,6.929269,6.577566,6.799956,6.93217,7.499841,7.058757
"GFM2",7.501215,7.441534,7.214241,8.004624,7.538256,7.861502,7.504989,7.550776,7.643066,7.156167,7.616442,6.728636,7.513556,7.888748,7.836458,7.88845,7.47434,7.966906,8.207849,8.215926,7.687835
"GCNT4",8.416001,8.041217,7.728064,9.071241,7.864546,8.54227,7.259378,8.475349,8.280806,8.042253,7.478567,6.653739,7.844995,8.841229,8.161386,8.361396,8.36729,8.828151,8.584945,8.668651,8.313117
"CERT1",9.275097,9.386889,9.105672,9.49093,9.220714,9.272872,9.371948,9.16233,9.343169,8.795943,9.437059,8.398304,9.131669,9.120517,9.567819,9.50157,9.293769,9.563564,9.578761,9.356938,9.38984
"MTX3",7.944902,7.548596,7.211729,8.335802,7.573526,7.749175,7.557857,7.664977,7.894002,7.153338,7.10544,6.789481,7.653125,8.030954,7.552628,7.672404,7.433853,8.230172,7.913926,8.221487,7.542022
"DHFR",7.996603,7.540851,7.271033,7.98646,7.704957,7.857682,7.464621,7.539519,7.543052,7.367746,7.446215,7.19299,7.616109,8.100828,7.846805,8.13816,8.676678,8.004681,8.43923,7.995048,8.433596
"RPS23",9.480639,8.771065,8.533516,9.206238,9.476437,8.977004,8.623249,9.77385,9.242556,8.894304,9.273596,8.884325,9.248233,10.215346,9.787462,9.433476,9.593634,9.132159,9.45537,9.258131,9.026207
"TMEM167A",8.672169,8.757966,8.408494,8.973333,9.101465,8.944624,8.805037,8.395353,8.722691,8.041454,9.02869,6.87223,8.488467,9.213483,8.837125,8.723202,8.851368,8.923983,9.755564,9.3438,8.624734
"CCNH",8.785388,8.715979,8.42649,8.949832,8.785086,8.864211,8.626233,8.551801,8.84469,7.942239,8.732363,7.104397,8.550314,8.800555,8.740305,9.022789,8.778691,9.145266,9.261412,9.04498,8.627394
"TMEM161B",8.970298,8.648132,8.406286,9.090033,8.401592,8.884808,8.582719,8.631348,8.723568,8.182902,8.518254,7.660906,8.754529,8.905114,9.153447,8.940431,8.847167,9.125057,9.481685,9.502548,8.795945
"MEF2C",9.674786,9.62624,9.258098,10.077818,9.305648,9.894249,9.086457,9.483744,9.980607,9.309972,9.813542,8.907274,9.629705,9.97362,9.762988,9.890611,9.664869,10.0805,9.909389,10.106605,9.34438
"CETN3",4.301851,3.926506,4.296553,4.830672,4.231018,4.478344,3.803732,3.884783,4.287357,3.834473,3.887698,3.565079,3.847541,5.673538,4.485795,4.560698,4.238119,4.401635,5.075703,5.058326,4.582587
"LYSMD3",8.248952,8.268162,7.813468,8.722092,8.440868,8.740109,8.06121,8.186456,7.815854,7.521089,8.04855,7.014953,7.655189,8.624012,8.548786,8.578011,8.441107,8.596227,9.093397,8.804717,8.056141
"ARRDC3",10.719395,10.593088,10.581487,10.994263,11.33817,11.116614,11.365566,10.574896,10.59021,10.403329,11.062831,10.188575,10.568778,10.972037,11.052236,10.912735,10.614207,10.661151,11.502144,11.220112,11.003279
"FAM172A",8.77264,8.827292,8.398085,9.148476,8.872152,8.925849,8.473487,8.46594,8.886621,8.312539,8.68982,7.66252,8.463528,8.61076,8.987525,9.17894,8.983696,9.13733,9.437099,9.372478,8.963632
"KIAA0825",6.764327,6.946167,6.610056,6.520911,7.310846,6.962887,7.852165,6.494983,7.274312,6.083624,8.17686,6.404872,6.901658,5.859522,6.639933,6.159629,7.21174,7.665067,8.141563,7.05867,6.723881
"MCTP1",8.227568,8.363814,7.877431,8.464704,8.67674,8.484186,9.047443,7.8633,8.618403,7.717196,9.046803,7.513943,8.51162,7.683633,8.637461,8.201477,8.458984,8.360916,9.320887,8.723951,8.578208
"TTC37",8.716121,8.217573,8.204921,8.877484,8.354998,9.013541,8.149115,8.459922,8.623029,8.016662,8.17982,7.276943,8.48382,9.045591,8.718617,8.89668,8.506529,8.90499,8.955242,9.092895,8.51637
"GLRX",9.251682,8.644448,8.495146,8.953893,9.494202,9.287408,9.318476,8.650979,9.066806,8.701263,10.176128,8.00545,9.25443,9.807736,9.592161,9.121444,9.610667,9.366906,10.305946,9.440603,9.706593
"ELL2",7.61357,7.232697,7.326669,7.525088,7.564657,7.696375,7.651833,7.320327,7.480832,7.39256,7.80584,7.026468,7.587788,7.425754,7.507547,7.60512,8.861676,7.829344,8.246022,7.840609,7.600355
"RIOK2",7.119181,7.102831,6.736653,7.319924,7.140883,7.536274,6.776522,7.096316,7.238027,6.607047,7.068276,6.233321,6.773506,7.811099,7.460742,7.639279,7.166747,7.537904,7.827556,7.781139,7.205478
"CHD1",9.502031,9.487766,9.216091,9.775524,9.403547,9.709929,9.490498,9.387264,9.533424,8.97134,9.573117,8.196495,9.317917,9.513082,9.824567,9.734183,9.531335,9.8678,10.302092,10.190671,9.689898
"ST8SIA4",9.680806,10.108227,9.586087,9.743477,10.139859,10.36,10.791562,9.803618,9.97083,9.641843,10.205548,9.200515,10.105805,9.84038,10.163807,10.040983,10.227491,10.38026,10.442384,9.830461,9.996541
"SLCO4C1",7.427498,8.271413,7.833108,7.752878,8.074735,8.152552,8.266493,7.186295,7.296174,6.870485,8.662116,7.391037,8.15953,7.582396,7.92053,8.599325,7.754477,8.394466,9.243252,7.930246,8.085699
"GIN1",6.037027,5.780304,5.628166,6.18868,6.278039,6.020917,5.727531,5.832899,6.067233,5.591569,5.872899,5.363051,5.771451,6.707922,6.687965,6.135194,5.979831,5.991345,7.001033,6.840689,5.911262
"PJA2",10.428496,10.535358,10.27776,10.49708,10.692708,10.666503,10.494207,10.37621,10.520238,10.326686,10.439812,9.826753,10.322736,10.37107,10.761467,10.643307,10.483468,10.739216,10.840017,10.645757,10.470873
"STARD4",7.88707,7.281109,7.367166,8.223143,7.423563,7.784375,7.46013,7.687977,7.806967,7.046311,7.292619,6.848398,7.794182,7.988115,7.252387,8.017219,7.754891,8.108303,8.049425,8.025312,8.132467
"NREP",7.749598,7.250375,7.021298,7.755324,7.177127,7.797401,7.136827,7.451726,7.641399,7.993568,7.163713,7.690585,7.596607,7.964443,7.822497,7.861885,8.05943,7.738733,7.694893,8.247446,7.62423
"REEP5",8.922822,9.05028,8.803248,8.79869,9.256387,9.262508,8.950624,8.982842,9.08303,8.681772,9.580588,8.167303,8.968929,9.407626,8.994663,9.0094,9.268124,8.898939,9.567336,9.126532,8.942372
"PGGT1B",9.138595,9.160673,8.187964,9.033334,9.137829,9.472129,8.758666,9.209578,9.082939,8.419202,8.95681,8.064617,9.057977,9.333811,8.97887,9.568325,9.023656,9.162098,9.612493,9.308708,8.949224
"CCDC112",5.579238,5.498562,5.504095,5.658064,5.611884,5.858164,5.184563,5.393881,5.466105,5.152997,5.065266,5.241826,5.384675,6.203048,6.394977,6.554016,6.01529,5.852539,6.884515,5.629302,5.579571
"MARCHF3",7.705469,7.322313,7.154449,7.844398,7.459696,7.532235,7.043663,7.466599,7.895199,7.273369,7.509501,7.374179,7.45696,7.919885,7.298039,7.55389,7.415433,7.804897,7.704406,7.374497,7.365774
"C5orf63",7.974958,7.050238,6.638843,8.238772,7.14606,7.505188,7.066469,7.653013,7.892583,7.285362,7.322034,7.293516,7.282837,8.109219,7.550099,7.965369,7.301687,7.840211,7.774617,8.136167,7.495776
"RAPGEF6",9.474943,9.346544,9.138932,9.895399,9.083632,9.475568,9.074372,9.376261,9.418264,9.043097,9.105462,8.201159,9.283427,9.25765,9.397377,9.568146,8.936644,9.975936,9.57024,9.62761,9.233858
"FNIP1",9.042794,9.368195,8.818393,9.060942,9.402,9.442583,9.870097,8.865908,9.337746,8.829327,9.558003,8.514644,9.199403,8.914192,9.354951,9.054317,9.400388,9.722906,9.942989,9.226241,9.163504
"KIF3A",6.705594,6.71683,6.263574,6.819629,6.535419,6.681628,5.936918,6.775098,6.483268,6.224645,6.393872,6.159752,6.432344,6.570232,7.020078,7.28719,6.364374,6.837252,6.835338,7.188242,6.536853
"ZCCHC10",7.057523,7.047303,6.798691,7.199913,7.107892,7.371172,6.56328,7.036855,6.861929,6.550699,6.842089,6.727143,6.620867,7.494533,7.109354,7.11532,6.756889,7.34826,7.175901,6.796562,6.940394
"SKP1",6.308266,6.775545,5.053988,6.747634,6.200426,5.311627,6.177882,6.171828,6.671764,5.352278,6.48314,4.67793,5.998807,6.212127,6.160847,6.772924,5.720096,7.18672,6.265484,4.358009,6.432487
"SAR1B",8.060299,8.202442,7.652681,8.602503,7.989246,8.435768,7.874751,8.037687,7.990754,7.221154,8.054248,6.53651,7.805485,8.6453,8.527797,8.62956,8.251511,8.694927,8.891884,8.797315,8.137179
"CDC23",7.763216,7.867889,7.640041,8.312694,7.607461,7.811367,7.553889,7.786097,7.887018,7.178412,7.384346,6.432039,7.882071,7.963629,7.915321,7.965668,7.797999,8.270113,8.104289,8.47233,8.135353
"HSPA9",9.241324,9.330616,9.333254,9.466205,8.9903,9.410041,8.347373,9.391043,9.370252,8.97877,9.182937,8.283436,9.467124,9.157509,9.309495,9.371336,9.184494,9.410691,9.225067,9.331794,9.462106
"SNORD63",5.333404,4.501606,4.059746,5.281233,4.9622,4.635393,4.722448,4.873668,5.18912,4.485108,4.675541,4.365913,5.854881,5.617012,4.997064,5.59784,5.175004,5.454333,5.443805,4.999205,4.774959
"MZB1",7.63772,7.274255,7.613613,7.626487,7.341889,7.776795,7.194024,7.740737,7.560338,7.357626,7.898299,7.463036,7.357469,7.599967,7.321612,7.285388,8.340803,7.764679,6.967237,7.18011,7.396684
"STING1",8.291765,8.65614,8.298956,8.755473,8.36443,8.296359,8.689395,8.515259,8.613009,8.342847,8.2039,8.057063,8.471455,8.373036,8.313966,8.58501,8.467414,8.558709,8.363005,8.480534,8.839549
"APBB3",7.718459,7.530721,7.605866,7.752046,7.766879,7.672052,7.651109,7.442611,7.775005,7.828052,8.133231,7.51498,7.688443,7.505901,7.674573,7.629586,7.739471,7.938885,7.72678,7.745281,8.048182
"CD14",10.022576,11.09041,10.258763,10.780649,10.45498,10.591101,10.957459,10.142938,10.100813,9.968948,11.162873,9.764725,10.209724,9.294626,10.66645,10.070684,10.082178,10.862987,10.101142,10.605358,11.155447
"NDUFA2",7.854668,7.910983,7.198887,7.38551,8.233807,7.921626,7.258163,7.693439,7.782174,7.520804,8.274948,6.546932,7.718112,8.444754,7.543109,7.373624,7.279758,7.287456,7.730243,7.448482,7.390786
"DND1",9.389323,9.044558,9.636511,8.709859,9.149393,8.773389,9.220298,9.238286,9.091069,9.371969,9.072423,9.620424,8.900903,8.76238,9.246531,8.94733,8.509532,8.692398,8.614348,9.466158,9.165955
"TAF7",8.56557,8.038618,8.355676,8.366943,8.749102,8.981633,8.063594,8.347877,8.172461,7.977815,8.620814,7.444508,8.182478,9.570899,8.596048,8.402553,8.389265,8.583351,8.568939,8.655635,8.312141
"YIPF5",8.153795,8.251076,8.083306,8.427234,8.268772,8.257113,7.886152,8.258757,8.071706,7.489916,8.201811,6.785453,7.96319,8.628453,8.198778,8.276975,7.85602,8.077817,8.347808,8.412713,8.217739
"LARS1",9.235808,9.311651,9.022775,9.603635,8.72542,9.236689,8.488641,9.045258,9.157022,8.752331,8.778922,8.202615,9.172991,8.995894,9.281279,9.317042,9.206209,9.649188,9.406251,9.565184,9.225291
"CSNK1A1",10.081457,10.040692,9.785327,10.190984,10.087468,10.14523,10.074475,9.97073,10.161869,9.786725,10.160529,8.90096,10.097217,10.052077,10.169698,10.183265,10.195144,10.286342,10.472706,10.060254,10.164546
"CSF1R",7.806788,8.880889,8.478361,8.930279,8.285649,8.385537,8.867455,8.40918,8.186293,8.173466,8.676879,8.042303,8.302539,7.803939,8.57297,8.46209,8.176194,8.725988,8.184217,8.258273,9.185796
"CD74",11.36699,11.930235,11.601794,12.140728,11.539843,12.08127,11.480185,11.862975,11.814855,11.752071,11.788247,11.383067,11.681871,11.770759,11.387934,11.687485,11.678106,11.80543,11.231733,11.24976,11.554009
"RPS14",11.463134,11.214697,11.138088,10.755617,11.252935,11.463587,10.282443,11.037395,11.238906,11.56815,11.19536,11.071718,11.200261,11.890997,10.475002,10.315276,10.267131,9.985003,10.180267,10.142055,9.822669
"ANXA6",10.366832,10.458877,10.235725,10.591878,9.865933,10.594495,9.851428,10.771858,10.609833,9.991399,10.207919,9.757575,10.444651,10.326495,10.073989,10.496494,10.030388,10.359937,9.469928,10.009956,10.099406
"SPARC",7.499613,8.345285,8.066064,9.3902,7.427117,8.646535,8.878597,8.283116,7.041503,7.007441,6.738734,7.722198,7.622148,6.295954,8.621275,8.546488,7.157888,8.119724,8.308035,7.519135,8.566531
"FAM114A2",7.049044,7.347121,6.849919,7.573253,7.314979,7.448196,6.999584,7.045255,6.985555,6.62308,7.235768,6.36614,7.037619,7.309669,7.660243,7.195544,6.993802,7.872531,7.786002,8.015924,7.652339
"FAXDC2",7.867398,8.101004,8.269471,7.947529,8.576571,7.832677,8.301736,7.895562,7.292614,7.387668,8.009106,7.545333,7.481037,7.184071,8.555285,8.009715,7.195428,8.391983,8.105463,8.630517,8.151231
"MED7",8.564297,8.229796,8.059222,8.684593,8.732541,8.921301,8.239731,8.438035,8.453894,8.089563,8.381711,7.787599,8.102135,9.283649,8.660817,8.662279,8.384647,8.691713,8.85893,8.884963,8.14751
"ADAM19",8.906604,8.965773,8.851649,9.114043,9.021419,9.366865,9.386499,8.878053,9.334119,8.806018,9.465016,8.877893,9.100331,9.114459,9.073644,9.144173,9.367687,9.528352,9.345306,8.740659,8.534827
"EBF1",7.677124,7.472983,7.182561,8.05971,7.360827,7.914342,7.109514,7.721158,7.839532,7.034818,7.382729,7.662008,7.575418,7.956891,7.612602,8.034738,7.939199,8.292014,7.663638,7.71976,7.187864
"RNF145",9.400563,9.569181,9.317929,9.348887,9.160831,9.332202,9.421453,9.552185,9.370834,8.791082,9.732577,8.594631,9.315051,9.254981,9.457059,9.356651,9.237801,9.538158,9.48333,9.360846,9.232707
"CCNJL",8.283136,8.484493,8.664359,7.659772,8.736543,8.568644,9.015065,8.210691,8.175395,7.931023,8.562689,8.211654,8.301291,7.767811,8.323205,8.06174,8.396296,8.594118,8.238496,7.805922,7.788591
"SLU7",8.161821,7.852576,7.495773,7.915114,8.536606,8.491699,7.568957,7.945307,8.08501,7.313058,8.512425,6.879783,7.974546,8.834231,8.709779,8.699019,8.250563,8.260002,8.903379,8.434843,8.302105
"DUSP1",10.514676,10.879433,10.561851,9.897057,10.868828,10.763874,11.237273,10.718466,10.485302,10.173138,11.613449,9.72048,10.522699,10.294632,10.668019,9.886576,10.701044,10.763321,10.517623,10.122288,10.521745
"KIAA1191",7.329044,7.256227,7.428843,7.898587,7.200385,7.583158,7.327248,7.176545,7.559568,7.034591,7.22791,6.481039,7.569326,7.454882,7.050913,7.349617,7.225489,7.380554,7.483315,7.943442,7.545168
"LMAN2",9.670055,9.94188,9.614887,9.823294,9.733516,9.934191,9.61764,9.748264,9.68895,9.382363,9.998409,8.756593,9.803251,9.847713,9.705727,9.681057,9.528615,9.578505,9.563272,9.417206,9.740105
"DOK3",7.839678,8.187959,8.197984,7.779356,8.327599,8.053071,8.519307,7.756914,7.994262,8.39484,8.511562,8.51156,8.020625,7.517954,7.809345,7.943707,8.185033,8.157783,8.119207,7.77873,8.314863
"CLK4",8.940092,9.103697,8.65688,9.306669,9.06196,9.43178,9.123544,8.99888,9.056111,8.309474,9.173009,7.958524,8.798604,9.228332,9.282109,9.175861,9.467905,9.580379,10.209038,9.759221,8.823587
"ZNF354A",6.848509,6.616879,6.393537,6.62778,7.254884,7.406949,6.982555,6.743035,6.74583,6.157787,7.35083,5.905725,6.706067,7.510546,7.382733,6.82256,7.095562,6.890016,7.950416,7.03011,6.654924
"HNRNPH1",10.830958,10.689288,10.747539,11.038382,10.345534,10.605342,10.341585,10.668406,10.892617,10.55998,10.615399,10.106736,10.855902,10.594248,10.777146,10.886593,10.469346,10.988753,10.657862,10.778237,10.777485
"RNF130",9.808196,10.334162,9.84881,9.791204,10.365323,10.216581,10.4281,9.668404,10.125422,10.004187,10.710033,9.395742,10.133395,9.678385,10.324847,10.124219,10.553071,10.084267,10.71252,9.798807,10.103768
"ZFP62",8.52097,7.986443,7.730776,8.560131,8.080856,8.324811,7.430553,8.191124,8.468992,7.726189,7.933722,7.271971,7.994702,8.93714,8.214873,8.610432,7.69444,8.130817,8.065794,8.148453,8.048598
"RACK1",12.717929,12.722936,12.551302,13.040192,12.593085,12.894125,12.391049,12.752446,12.71137,12.582182,12.623474,12.005651,12.693153,13.032073,12.417448,12.616766,12.384926,12.563654,12.237673,12.647985,12.119284
"SNORD95",12.247548,11.105728,10.977459,11.908999,11.639423,11.227242,11.463842,11.942084,11.997117,11.532,11.578068,11.718219,12.131517,12.043608,11.564598,12.123728,11.676332,12.100629,11.4703,11.797362,11.748232
"NQO2",8.808821,8.547513,8.190229,7.671015,8.759979,8.672701,8.816987,8.111401,8.686665,8.319,9.24347,7.97156,8.44525,8.21676,8.565791,8.561556,8.362297,8.911549,8.901577,8.01283,8.17508
"PRPF4B",9.1913,9.134564,8.683653,9.443559,8.893532,9.285462,8.940636,8.915034,9.145105,8.798522,8.920685,8.146166,9.206179,9.158195,9.384772,9.533709,9.254696,9.665169,9.929117,9.75783,9.266296
"FARS2",7.490867,7.658405,7.208893,8.147394,7.488694,7.519205,7.603697,7.757952,7.722107,6.813501,7.397097,6.847219,7.752963,7.38053,7.544588,7.688981,7.554632,8.02606,7.569539,8.00489,7.90195
"LY86",8.417124,8.969038,7.996621,8.646092,8.650912,8.735758,8.635578,8.513979,9.023678,8.573786,8.827027,7.556004,8.463314,9.324089,9.197389,8.825046,9.33611,8.179604,9.248061,9.256552,9.004236
"RIOK1",7.766023,7.716299,7.345514,8.06791,7.544198,8.057343,6.958061,7.773236,7.740063,7.525453,7.587877,7.1191,7.677703,7.942197,8.259753,8.176516,8.000879,8.293977,8.031914,7.954352,8.022273
"SNRNP48",7.982901,7.917019,7.430934,8.062582,7.651997,7.714899,7.523364,7.797649,8.067373,7.236673,7.97789,6.930054,7.419667,8.181288,8.512858,8.227777,8.157107,8.156467,8.586917,8.105524,7.81577
"PAK1IP1",6.40035,6.055133,5.771792,6.195733,6.299181,6.556593,5.863203,6.345082,6.481824,5.8744,6.119173,5.433454,6.044712,7.006681,6.329833,6.309101,6.310415,6.298812,6.68625,6.499589,6.467315
"TMEM14C",8.136344,8.098766,7.557224,8.179056,8.28767,8.485838,7.595104,8.099484,8.376742,7.972183,8.278289,6.88877,8.004626,8.899677,8.050976,7.718757,7.969058,7.678519,8.228232,8.183628,7.924985
"SYCP2L",4.459131,4.64319,4.677363,4.585054,4.627324,5.012839,5.029648,4.726449,4.5233,4.899601,4.652148,4.922644,4.946757,5.617386,4.575336,5.055198,5.050787,4.7153,6.483443,4.831099,5.256293
"RNF182",5.422863,5.740323,6.120933,6.156069,6.903145,7.614621,6.065309,5.666109,5.906426,5.815263,6.334388,6.393763,5.693895,6.072128,5.991735,5.556267,5.511538,5.743077,6.7174,7.364395,5.400415
"GMPR",8.636582,8.413967,8.546495,8.701766,9.283421,7.64046,7.953478,8.548901,7.882262,7.198811,8.007049,8.09404,7.729282,7.635682,8.787781,7.599392,6.757016,7.786518,8.779538,8.572277,8.201117
"E2F3",7.339167,7.795702,7.552039,7.648437,8.090334,7.728113,8.278517,7.607866,7.819737,7.331981,8.198311,7.349201,7.902868,7.211311,7.735033,7.590576,7.845104,8.055825,8.010677,7.677993,7.910881
"MRS2",7.896573,8.040037,7.378064,8.325171,7.739199,8.155305,7.520929,7.864668,8.027664,7.446827,7.85544,7.002239,7.791147,8.308424,7.998571,7.988608,7.949385,8.238159,8.167828,8.216044,7.981428
"ACOT13",7.243526,6.91743,6.617106,7.151854,7.424684,7.215303,6.929474,6.872356,7.150015,6.760283,7.075032,6.841525,6.867782,7.728823,7.12123,7.162312,6.913464,7.395942,7.272874,7.274886,7.248304
"TRIM38",9.410278,9.294469,8.667289,9.551088,9.365785,9.511121,9.337579,9.551466,9.661084,8.792649,9.688186,8.07573,9.423698,9.609185,9.590721,9.539605,9.680776,9.694141,9.629074,9.41237,10.129633
"H3C1",6.626592,6.57754,6.550465,6.358582,6.353673,6.800765,6.657873,6.570797,6.42137,6.031918,6.452501,6.364738,6.480587,7.444749,6.119568,6.095792,6.410981,6.51388,6.034421,6.304982,6.065639
"H4C3",10.142468,7.887603,8.457301,9.042817,9.288,9.269566,8.164685,8.852961,8.915522,8.620295,9.06608,8.2785,9.344149,10.2452,8.567965,8.80606,9.423187,8.175388,9.046639,9.275447,8.425738
"H1-4",11.490055,11.255632,10.931944,11.501039,11.058151,11.468383,10.608681,11.396329,11.215872,10.818325,10.738276,10.057372,10.815741,11.569816,10.56798,11.42592,10.50809,10.639731,10.307399,11.038011,11.079467
"H2BC5",8.185241,7.766624,7.651949,7.808497,7.660507,8.131327,7.509137,8.234797,7.597178,7.174553,7.874633,6.62346,7.772747,8.510906,7.299904,7.687822,7.463602,7.314578,7.621987,7.634534,8.551412
"H2BC6",6.852232,6.352721,6.257853,6.468067,6.735957,6.583162,6.672349,6.781033,6.571801,6.181562,6.469507,6.128713,6.61275,7.349239,6.158893,6.244154,6.428017,5.883874,5.944184,6.197327,6.252719
"H2BC7",9.102915,8.281064,7.429594,8.541533,8.487787,8.421538,8.021959,8.93647,8.568297,7.552482,8.213941,7.241397,8.538773,9.422764,8.080677,8.341149,8.714957,7.87471,7.834285,8.139876,8.320682
"H4C5",8.379805,7.71112,7.21884,7.177429,8.054164,8.108803,7.19701,8.013972,8.289241,7.540303,7.965918,7.37196,8.284681,8.722609,8.083767,8.093309,7.668818,8.018954,7.85035,7.794721,7.751912
"H2AC8",7.011938,6.562771,6.327878,6.536819,6.458733,6.673401,5.958107,6.809803,6.776167,6.143233,6.626367,5.795698,6.479521,7.490891,6.27377,6.561951,6.450503,6.07448,5.651145,6.206013,6.304234
"H3C6",5.299039,4.406498,4.742789,4.842942,4.959845,4.939857,4.904755,4.887035,4.793022,4.476007,4.878836,4.34065,5.272473,5.781464,5.264957,4.756749,4.879011,4.804657,5.822146,6.005976,5.515017
"H4C6",7.471434,6.791651,6.59257,6.628595,7.148779,6.868983,6.170288,6.904622,7.005961,6.466601,6.962499,6.399864,7.18504,8.254244,6.739387,6.975475,7.133613,6.69429,6.754745,7.252964,6.456148
"H2BC9",9.355301,8.774741,8.578174,9.028436,8.866381,9.069155,8.439736,9.249143,8.893591,8.224751,8.627752,8.096262,8.798682,9.640695,8.393105,8.708873,8.632217,8.518861,8.152519,8.209642,8.613691
"BTN3A2",10.149616,10.140018,9.738049,10.435471,7.977769,10.275233,9.678162,10.136591,10.221081,9.901005,9.869738,8.501106,10.33924,10.244198,10.175322,10.115693,9.397829,9.986809,10.024386,10.224359,10.448685
"BTN3A3",9.305727,9.201008,8.563655,9.719876,8.800264,9.158965,8.678806,9.248065,9.415685,8.842436,8.780312,8.074679,9.480499,9.312511,9.395637,9.480578,9.350635,9.533684,9.287693,9.404449,10.064685
"HMGN4",9.09234,8.765224,8.486885,8.931938,8.852787,9.067704,8.951369,8.772169,8.907351,8.633467,8.880776,7.980039,8.783158,9.097388,8.89494,8.616364,8.853666,8.616721,9.282099,9.045306,8.80241
"H2AC11",7.55017,7.599337,7.555679,7.694623,7.924246,7.939387,7.671481,7.751638,7.629268,7.011075,7.573845,7.264532,7.450459,7.700081,7.834406,7.550553,7.037516,7.140094,6.993048,7.160593,7.821044
"H3C10",8.11055,8.354693,8.363044,8.507289,8.100252,8.651452,8.458068,8.270954,7.597193,6.531065,7.765239,7.541442,7.993055,7.913456,8.771767,8.011522,7.320339,8.181995,7.827174,8.685807,8.212302
"H2BC14",9.942424,8.432222,8.389418,9.520661,8.619255,9.330599,7.513185,9.663402,8.737199,8.393599,8.633964,8.071473,8.495869,10.049791,8.694752,9.078231,10.222625,9.129402,8.216994,8.420174,8.871724
"H2AC16",5.988653,5.82557,5.8941,5.823957,5.892445,5.95829,5.57055,6.279607,5.953064,5.7484,5.842696,5.793549,5.965111,6.352989,5.608536,5.799588,6.037754,5.659266,5.497781,5.785196,6.042336
"ZSCAN16",6.810865,6.792655,6.34486,6.740298,6.90392,7.170705,6.886983,6.599326,6.973555,6.269849,6.99836,5.97541,7.273094,7.402596,7.032185,6.903318,6.740282,6.738607,7.218029,7.140315,6.928535
"GPX5",5.198524,5.143878,5.424964,5.267311,5.163989,5.297966,5.324384,5.300143,5.095285,5.844391,4.827452,6.643704,5.211948,5.130039,5.186865,5.112921,5.656445,5.526279,4.946285,5.174122,5.147471
"SNORD32B",8.31817,6.939854,7.210581,7.895957,8.165087,7.71739,7.86789,8.119779,8.157004,7.567818,7.790875,7.348111,8.026214,8.709301,6.924143,7.527693,6.848204,7.593024,7.140548,7.17223,6.946157
"MOG",7.436505,7.169996,6.697038,7.309175,7.576961,6.226129,6.481197,7.448311,6.646576,7.645883,7.176103,7.852241,7.600035,7.364686,8.124066,6.434045,6.2649,7.089567,6.82519,6.981705,6.041313
"HLA-F",10.186007,9.901647,9.651053,10.079495,10.041593,10.111308,10.317354,9.844401,10.620257,10.133909,9.947128,9.762149,10.823356,10.088168,9.970276,9.904129,10.437729,10.154734,10.250946,10.131046,10.081394
"DDR1",3.943859,5.749039,4.742147,3.914207,2.544746,5.012808,3.833172,4.657731,4.240994,4.195621,3.737118,5.526868,3.571876,3.029986,4.753814,4.943126,4.53872,5.687845,3.63839,3.400425,4.528632
"VARS2",6.818983,6.926162,7.652239,7.295571,6.533995,7.006565,6.351223,7.493225,6.720937,7.574515,6.933092,7.497862,6.637834,7.066653,3.335217,7.103278,7.087851,7.26381,6.896673,7.01463,7.077284
"MUCL3",5.688674,5.65235,5.622309,5.363606,5.720429,4.963019,5.780495,5.308944,5.452215,7.203209,5.060095,7.118231,5.657254,5.165831,5.424407,5.88902,5.763585,5.653736,5.658231,5.573978,4.901316
"HCG27",5.859996,5.391118,5.474715,5.417147,6.295326,5.856776,5.533535,6.34233,6.62111,5.489474,5.89289,5.802875,6.201942,6.4909,5.334497,5.710447,5.411099,4.920282,5.594674,6.200892,5.586253
"HCP5",10.483698,10.088687,9.734497,10.439172,9.257434,10.609752,10.135635,10.337279,10.453199,9.915198,10.102314,8.70202,10.256356,10.567512,10.026973,10.295932,9.813731,10.020061,10.206801,10.280888,10.56071
"MCCD1",8.449771,8.633651,8.294459,8.182216,8.822784,8.202195,8.571053,8.582075,8.1872,9.173169,8.331391,9.362381,8.413328,8.286317,7.775061,8.260021,8.488464,7.903352,7.987669,8.40611,8.279619
"PRRC2A",7.919311,10.149903,10.093627,10.277762,9.024622,9.890089,9.629623,9.343722,9.670199,9.256666,9.115301,9.069555,9.604472,8.867216,9.474172,9.760924,10.338701,10.624581,9.204987,9.313485,10.053333
"LY6G6D",5.674696,6.082837,5.871281,5.48,5.818858,5.504011,5.748127,5.991242,5.916861,6.284636,5.893508,6.414123,5.610545,5.897243,6.104336,5.41808,6.423214,5.487478,5.629641,5.838191,5.344642
"MPIG6B",8.329718,9.103327,8.864588,10.354331,8.970048,9.671459,10.165719,8.592826,7.213991,8.04438,7.636322,9.608129,7.689044,6.84114,9.789397,9.997543,8.629229,9.389491,9.821969,8.846,9.798417
"SNORD52",7.857583,7.788968,7.217554,8.208658,7.551152,7.630964,7.206501,7.596418,8.097159,7.176434,7.600915,6.669199,7.843635,7.936866,8.198412,8.543737,8.114984,8.329558,8.124842,7.941063,7.723294
"C2",2.801511,4.417692,4.525445,4.959938,3.119557,5.053341,4.622721,5.239602,4.852849,5.927208,3.192785,6.177497,4.648851,3.522217,3.416157,5.118234,3.848745,4.161081,5.684119,3.306134,4.080213
"CFB",7.058988,6.80551,6.934106,6.980936,6.690669,6.672867,7.476223,7.536644,7.455248,7.945883,6.514217,8.381043,7.23724,6.278624,5.938156,7.722595,7.127377,6.439002,6.997477,7.025787,6.957106
"CYP21A2",8.146206,8.378403,8.865267,7.90472,8.404424,8.089467,8.198017,8.264185,8.360647,8.883783,7.380981,8.809768,9.283837,8.024981,8.158366,8.114977,8.124499,8.410489,8.184924,8.029588,7.622036
"TSBP1-AS1",6.711774,6.532621,6.735054,6.293336,6.795632,6.753743,6.737632,6.676857,6.751519,7.639926,6.249207,8.046068,6.82561,6.53691,6.339138,6.791963,7.769629,6.701666,6.501139,6.290565,6.812455
"HLA-DQA1",10.095417,10.478074,9.860524,10.761774,10.088473,10.327599,8.352475,10.209383,9.172633,8.56611,9.813896,8.536852,8.882368,11.220928,8.05454,10.295138,8.730348,10.312149,9.112324,10.530985,9.452705
"HLA-DPB1",9.565289,9.535187,9.288576,9.776961,9.706971,10.150175,9.196253,9.984267,10.099382,9.817888,9.316905,7.499155,9.921474,9.951979,9.934176,10.034663,8.864916,10.033494,8.989795,9.977468,9.655491
"MIR219A1",7.129401,7.074358,7.322862,6.805683,7.428814,7.052375,7.041743,7.11516,6.757758,6.701993,6.854531,7.013034,6.950787,7.048033,7.00839,6.806214,6.605236,7.15569,6.894855,6.809622,7.08981
"RING1",4.526398,5.814666,4.316586,6.244788,5.722767,4.159099,4.363409,4.601787,6.131508,7.018371,4.525282,4.941053,5.212485,5.571261,5.593206,4.040122,6.216527,4.513919,5.207371,5.236965,5.221516
"PHF1",8.132589,8.128667,7.953146,8.253065,8.18755,8.263762,7.978969,7.978939,8.258824,8.024353,8.011024,7.728543,8.400344,8.324611,8.11264,7.848585,8.325182,8.456396,8.332322,8.388711,8.618079
"ITPR3",7.448165,7.404553,7.149021,7.471343,7.052595,7.094242,7.062443,7.417383,7.215816,6.878449,7.226628,7.004395,7.666245,7.64408,7.507785,7.425916,7.255153,7.656312,7.309743,7.262421,7.50644
"SNRPC",8.108928,8.443964,7.908104,8.284236,8.14156,8.339678,7.773245,8.174674,8.162331,7.850608,8.16139,7.320222,7.976871,8.669126,7.790483,7.554364,7.694453,7.822425,7.640504,7.945746,7.877205
"PPARD",7.577765,7.90245,8.033671,7.688853,7.704246,7.66784,7.605304,7.639308,7.762483,7.646756,7.643664,7.601888,7.795375,7.464722,7.636269,7.577,7.541936,7.58956,7.636605,7.385435,7.757214
"RPL10A",10.606264,10.319967,9.802164,10.008042,10.433504,10.250996,9.182166,10.349101,10.466408,10.608217,10.130494,9.791784,10.173597,11.433258,10.161897,10.437489,10.371225,10.030623,10.256662,10.225153,9.374219
"SRSF3",10.559203,10.479952,9.869093,10.565126,10.191121,10.546915,9.956163,10.220162,10.473078,10.087579,10.505494,9.191168,10.408837,10.844683,10.6341,10.794785,10.569121,10.614083,10.836122,10.586045,10.38545
"CDKN1A",7.395424,7.221905,7.530639,7.534845,7.453051,7.722276,7.503504,7.448589,7.026672,7.478132,7.499041,7.580805,7.160052,7.229542,7.275426,7.375364,7.083668,7.16344,7.215428,7.195861,7.977132
"PIM1",9.808592,9.84316,10.198649,10.267692,9.961673,9.789209,9.874333,9.673936,9.544435,8.964705,9.711741,9.125626,9.508667,9.301701,9.86234,9.590339,9.009249,9.526267,9.635697,9.822357,9.704114
"TBC1D22B",7.886344,7.547371,7.899147,8.246651,7.700801,7.688794,7.472499,7.698564,7.752254,7.23881,7.650715,7.070896,7.604414,7.424905,8.205644,7.700262,7.734883,7.977329,8.00867,8.292505,8.10177
"CMTR1",8.237591,8.4457,7.954713,8.73634,8.404765,8.419152,8.088728,8.5764,8.610083,8.101173,8.548958,7.343693,8.690473,8.451412,8.394361,8.493355,8.481615,8.618173,8.108489,8.471133,9.504355
"TREML4",6.599142,6.602382,7.486047,6.379756,6.641787,6.279693,7.017252,7.271918,7.863687,8.076435,7.616613,7.767368,6.682389,7.373132,7.165363,6.734303,6.940114,6.462463,7.198622,7.020862,6.820584
"UBR2",10.135125,10.396657,10.153848,10.248089,10.340681,10.312749,10.904657,10.09811,10.257232,10.06763,10.600928,9.690715,10.489102,9.588283,10.55719,10.138595,10.271299,10.8694,10.852118,10.481602,10.111302
"RPL7L1",5.98192,5.200233,4.410866,5.398144,4.65612,4.970936,5.056431,5.591848,5.672381,4.915445,4.750397,5.195927,5.413569,4.511111,5.401885,5.286469,5.354226,6.328579,5.292821,4.62826,4.860974
"CNPY3",9.704247,10.264213,9.888288,9.955632,10.14657,10.221265,9.926284,9.782622,9.95664,10.08284,10.275152,9.370956,9.877112,9.721236,10.071869,10.073849,10.290259,9.912609,10.006803,9.845591,10.156713
"KLHDC3",8.481802,8.407022,8.262299,8.808038,8.341776,8.730349,8.347077,8.250056,8.485813,8.334077,8.648634,7.859901,8.433368,8.650481,8.334723,8.416892,8.394318,8.595607,8.302972,8.374847,8.437093
"SRF",8.261888,8.522626,8.680045,8.41381,8.624452,8.700754,8.541996,8.606741,8.297898,8.522234,8.522438,8.346961,8.223475,8.265464,8.187606,8.224949,8.413313,8.286071,8.096044,8.064291,8.422711
"POLR1C",8.360685,8.32251,7.880982,8.524196,8.297002,8.547788,7.749353,8.449924,8.185688,7.866032,8.26233,7.410725,8.405313,8.612841,8.53166,8.599932,8.243153,8.478137,8.203195,8.40678,8.315341
"POLH",8.271861,8.102839,7.898493,8.573676,7.777278,8.244156,7.967778,8.196116,8.446752,7.926158,7.868357,7.433815,8.320873,8.16972,8.167078,8.376876,8.278959,8.452464,8.281692,8.214613,8.270632
"MAD2L1BP",7.674978,7.574631,7.359444,7.752029,7.369732,7.878984,7.606317,7.638021,7.663542,7.444031,7.902728,7.344483,7.612305,8.139063,7.574092,7.478053,7.677047,7.359205,7.472974,7.475797,7.728364
"TMEM63B",7.843806,7.634657,7.996903,8.307893,8.098785,7.506026,7.414512,7.721563,7.261294,7.249009,7.810625,7.762692,7.275703,7.043125,8.512454,7.50847,7.406931,8.05308,8.110278,8.650989,8.040175
"HSP90AB1",10.684459,10.788567,10.584796,11.118995,10.233453,10.714887,9.606138,10.801986,10.574135,10.373533,10.689339,9.700988,10.643318,10.782688,10.733298,10.69331,10.492658,10.777657,10.18485,10.566624,10.484599
"RUNX2",7.763118,8.749572,8.128917,7.915376,8.01659,8.197452,8.791657,8.129469,8.531067,8.093917,8.093928,7.37231,8.084041,7.42437,8.03939,7.843935,8.426057,8.237585,8.508543,8.300984,8.084214
"ENPP4",7.265004,7.247386,7.365369,7.473285,7.179178,7.654996,7.071942,7.492756,7.204629,6.710832,7.193202,6.73124,7.480772,7.947193,7.353457,7.85123,7.022278,7.656477,7.999274,8.044704,7.649763
"CD2AP",8.486251,7.96986,7.805302,8.694941,7.920609,8.609686,7.471677,8.283675,8.27781,7.780137,7.953949,7.571707,8.047217,8.749115,8.634471,8.906463,8.677861,8.82644,8.936251,8.998491,9.096946
"CENPQ",4.808892,4.595358,4.488522,4.735462,4.520808,4.643887,4.526548,4.539912,4.525441,4.419385,4.610199,4.320191,4.554287,5.107208,5.20271,4.961313,4.843079,5.359774,5.428796,5.165481,4.607382
"IL17A",6.652996,6.492791,6.928457,6.504401,6.587303,6.143108,6.570675,6.794515,6.488282,7.165045,6.267939,7.580284,6.345535,6.252256,6.656424,6.808067,6.385676,5.891752,6.47009,6.425238,6.652734
"RN7SK",13.597771,13.093847,13.33468,13.438227,13.53197,13.520609,13.559712,13.360999,13.383375,13.345189,13.490694,13.195393,13.622927,13.843099,13.11975,13.310408,13.48467,13.463118,13.551271,13.409057,13.149424
"FBXO9",8.805792,8.64379,8.667562,8.819946,9.047249,8.718311,8.667449,8.315973,8.627087,7.992959,8.838436,8.019819,8.580619,8.814637,8.786357,8.914564,8.597501,9.05662,9.260524,9.225516,8.777975
"KIAA1586",7.786188,7.764687,7.698969,8.514892,7.766167,8.411564,7.790173,7.664247,7.310825,7.220806,7.472353,6.975252,7.142342,8.151736,8.327236,8.384963,7.729085,8.506268,8.728368,8.49028,7.118995
"ZNF451",8.924899,8.673803,8.27581,9.181745,8.502885,8.852804,8.60284,8.538684,8.817164,8.139748,8.542336,7.350146,8.471159,8.520073,8.782896,8.894095,8.327927,9.006313,9.316913,9.359175,8.541606
"FKBP1A",9.631405,9.841475,9.512041,9.700582,9.804516,9.818749,10.054048,9.675572,9.798137,9.764351,10.307562,9.483741,10.120079,9.2302,9.642019,9.691904,9.859636,9.78899,10.114975,9.661031,9.647782
"FAM135A",6.874555,6.895829,6.745882,7.186077,6.859685,7.083033,6.709452,6.847207,7.103068,6.148763,6.835448,6.219763,6.800734,7.094445,7.387202,6.86147,6.939118,7.152024,7.749119,7.893731,6.695638
"OGFRL1",9.867355,9.939401,9.684624,9.303434,10.242788,10.107636,10.636324,9.62425,10.227135,9.789183,10.310742,9.727951,10.233335,9.626817,10.011765,9.752234,10.159611,9.762777,10.508326,9.609414,9.585049
"KCNQ5",6.556593,6.130051,6.131684,6.602836,6.102625,6.355631,5.93776,6.62486,6.74986,6.296754,6.041282,6.203774,6.659006,6.618272,6.720828,6.767703,6.847813,7.090806,6.62085,7.308797,6.183289
"SENP6",9.030958,9.05404,8.500574,9.318569,9.160635,9.364374,9.02672,8.978736,9.133146,8.747792,9.229016,8.276463,8.601786,9.219803,9.295419,9.194389,9.123045,9.411683,9.83899,9.414628,8.818502
"IRAK1BP1",5.638138,4.902357,5.132717,5.553769,5.203953,5.688913,5.342297,5.665808,5.63728,4.620438,5.388537,4.637375,5.101647,5.539903,5.691481,5.27562,5.131742,4.994988,5.437756,5.953264,4.963904
"SH3BGRL2",7.711177,8.095761,8.309547,8.944983,8.004273,8.458682,9.190966,8.009649,6.758661,6.954504,7.384088,7.692679,7.318204,6.352249,8.147842,8.565606,6.937515,7.970694,8.260601,8.094285,7.923731
"BCKDHB",8.344786,7.959048,7.688848,8.662919,7.716329,8.007728,7.630876,8.115313,8.095939,7.797711,7.511881,7.346743,7.984894,8.069414,8.094013,8.370991,8.320297,8.577125,8.447617,8.957893,8.363032
"CYB5R4",9.491726,9.718916,9.253261,9.262161,9.824453,9.805845,10.084325,9.174698,9.594196,9.206085,10.234262,8.506,9.550712,9.286516,9.72349,9.421071,9.593332,9.858496,10.380155,9.35586,9.356329
"NT5E",7.019114,6.64343,6.771314,7.81574,6.780152,6.813011,6.564883,6.802744,7.59603,7.103451,6.784421,6.324307,6.806191,7.986055,7.518168,7.319272,7.030138,7.65151,7.841232,7.411821,6.654915
"ZNF292",9.905859,9.80817,9.580699,10.129125,9.870109,10.264803,9.728412,9.708393,9.780988,9.341308,9.614359,8.766496,9.550012,9.909839,9.982978,10.101564,9.904437,10.273266,10.560871,10.316733,9.41699
"SMIM8",8.225719,8.278226,7.61947,8.085183,8.186795,7.744906,7.90539,8.21436,8.076224,7.315915,8.117071,7.070468,7.934653,8.508221,8.176697,8.167779,7.746412,8.696815,8.593994,9.003373,7.754886
"SLC35A1",8.383757,7.858747,7.659686,8.465299,8.173098,8.482075,8.259095,7.977539,8.052008,7.290513,8.413195,6.834102,7.922281,8.99798,8.763913,8.81621,8.586017,8.792759,9.625251,9.367103,8.286881
"ORC3",8.02931,8.055801,7.550099,8.325089,8.247398,8.444186,7.751036,7.894163,7.996712,7.702276,7.781679,6.793017,8.10448,8.776295,8.373795,8.505149,8.3168,8.251776,8.994515,9.005739,8.460292
"CASP8AP2",7.894042,7.622691,7.293629,8.018547,7.733334,8.018158,7.252538,7.462836,7.808842,6.8132,7.355721,6.701483,7.44638,8.248235,7.860742,7.97621,7.784147,7.754539,8.196559,7.951359,7.337899
"GJA10",5.539546,5.549916,5.851121,5.609623,5.915028,5.416536,5.598328,5.835917,5.500971,6.213857,5.589333,6.99479,5.672574,5.334503,5.599514,5.2841,6.264376,5.442949,5.588328,5.444393,5.410447
"MANEA",8.030508,7.469846,7.644044,8.116607,7.566525,8.085071,7.250116,7.829484,7.722739,7.622272,7.981673,6.447808,7.490497,8.081467,7.764021,7.933035,8.272553,8.421932,8.56482,8.450644,7.801694
"UFL1",8.457114,8.233719,7.997779,8.666111,8.296809,8.746951,7.859226,8.474699,8.634947,7.820511,8.295698,7.308786,8.149691,9.130793,8.894611,8.864323,8.404719,8.571686,9.071762,9.087761,8.371215
"PRDM1",8.317581,9.069585,8.573674,7.933918,8.690423,8.887409,9.259823,8.486612,8.440141,8.339588,8.761475,8.257152,9.01549,8.003612,8.746931,8.551951,9.019679,9.023159,8.85026,8.051104,8.791423
"CRYBG1",9.3789,9.564416,9.142849,9.625316,9.395024,9.560389,9.453862,9.359424,9.468215,9.077076,9.449486,8.871863,9.429962,9.129191,9.548193,9.446885,9.383909,9.78939,9.407311,9.407397,9.649155
"QRSL1",8.525643,7.896943,7.459261,8.499245,8.142474,8.489005,7.596976,8.210937,8.460001,7.790144,8.107188,7.416845,8.190357,9.033243,8.237983,8.501283,8.282379,8.881298,8.189098,8.190477,8.340908
"MTRES1",7.198732,6.986924,6.47712,6.985564,6.977427,6.948499,6.264083,6.909014,6.96766,6.674764,6.656292,6.56121,6.669902,7.379061,7.370984,7.043576,7.48039,6.87716,7.138099,7.018904,7.328006
"CEP57L1",4.938699,5.126264,4.888513,5.529545,4.935023,5.203631,4.62433,5.029918,5.098949,4.99211,4.794179,4.924471,4.856904,5.743721,5.447005,5.607521,5.221879,5.427649,5.558448,6.248193,4.843579
"SMPD2",7.898322,7.735843,7.228315,7.867789,7.235975,7.933873,7.121311,7.443528,7.883981,7.268903,7.821521,7.382301,7.816806,8.172234,7.50134,7.840585,8.004485,7.776164,7.953359,7.783061,7.622103
"AMD1",9.770345,10.071449,9.677506,9.962017,10.012612,10.187667,10.368534,9.824913,9.953875,9.744747,9.923346,9.383797,9.748939,9.647009,10.338411,9.929526,10.113126,10.191688,10.271532,9.858097,9.66439
"GTF3C6",7.761567,7.654325,7.121625,7.592379,7.726871,7.612558,6.842438,7.407422,7.501656,7.006546,7.503885,6.893419,7.765695,7.99038,7.844918,8.373745,8.275261,8.053643,8.281449,7.393737,8.023943
"MARCKS",9.191247,9.468768,9.221017,9.39683,9.838727,9.314046,10.148137,9.507191,9.167553,9.294501,9.656006,9.300635,9.23599,9.047818,9.21728,9.148894,9.688028,9.945186,9.686116,9.444667,10.562942
"DSE",8.250429,8.275831,8.039819,8.499275,8.837545,8.613284,8.413568,7.683096,8.294754,7.605382,9.126321,7.754529,7.913461,8.423209,8.582519,8.554043,8.238039,8.743342,9.253894,8.703486,8.639318
"RWDD1",7.264696,6.94502,6.99668,6.951412,7.180038,7.431386,7.208108,7.159392,7.263754,7.341997,7.142826,7.255544,7.329001,7.795657,7.189408,7.16648,7.322548,6.959784,7.61623,7.997016,7.155058
"KPNA5",7.433175,6.892107,6.174869,7.753276,7.033791,7.503425,6.872725,7.102695,7.385081,6.254173,6.486245,5.693663,7.035702,8.199589,7.485377,7.785421,7.301768,7.890034,8.232135,8.115347,7.036
"BRD7P3",5.301729,5.133519,5.471394,5.328424,5.679827,4.964771,5.491924,5.430172,6.111439,5.226704,5.524971,5.968684,5.803446,5.436418,5.481131,5.365335,6.111505,4.386468,5.485303,5.293938,5.772249
"ASF1A",8.784069,8.281963,7.700767,8.724734,8.257998,8.664558,7.695437,8.314444,8.529753,7.974357,7.801524,7.169662,8.177745,9.226806,8.455047,8.554024,8.262977,8.414801,8.836294,8.924131,8.378854
"HINT3",7.62451,7.444522,6.970098,7.826098,7.898865,8.012051,8.135323,7.455817,7.596449,6.95215,7.956203,6.607252,7.498768,7.842579,7.953316,7.824302,7.607286,7.591536,8.167111,7.705556,7.943867
"TRMT11",7.10815,6.930846,6.628189,7.192917,6.857695,7.170765,6.663077,6.832469,7.141016,6.319847,6.576702,5.981251,6.875381,7.177955,7.142067,7.40175,6.675507,7.507265,7.739411,7.838549,7.175901
"L3MBTL3",9.036299,9.178675,8.573571,9.251959,9.007028,9.125355,8.218434,8.772564,9.348971,8.656521,8.660093,8.171156,9.141886,9.250814,9.005992,9.533741,8.865891,9.511218,9.054857,9.110081,9.235909
"AKAP7",6.391983,6.045219,5.945267,6.955947,6.17418,5.899725,5.861363,6.059698,6.51995,5.680817,6.237369,5.399755,6.17687,6.317752,6.24519,6.277182,6.295575,6.607704,7.049829,7.306213,6.450761
"SNORA33",6.086304,5.258697,5.065494,6.131476,5.390812,5.967922,5.471246,5.354206,5.886575,5.134113,5.676016,5.014099,5.603298,6.505744,6.231288,6.141805,5.607735,6.000668,6.274908,6.419871,5.678439
"TBPL1",8.646152,8.62336,7.948913,8.664862,8.644212,8.652165,8.746287,8.265678,8.424025,7.881007,8.440633,7.326495,8.249787,8.768562,8.62952,8.66458,8.160752,8.596768,8.940043,9.062031,8.509059
"CCDC28A",8.007862,8.251115,7.718533,8.074728,8.20156,8.211612,7.713826,7.974398,7.99614,7.839793,8.202086,6.839058,8.024322,8.400803,8.210745,7.793307,7.883325,8.111916,8.276471,7.91016,7.87249
"ABRACL",7.780995,7.758176,7.145885,7.705998,8.016922,7.885778,7.06125,7.615822,7.633917,7.69112,7.830976,6.768834,7.368671,8.175244,7.505001,7.882716,7.528155,7.738936,7.723681,7.317826,7.606822
"VTA1",8.4086,8.134491,7.411338,8.363173,8.464906,8.565325,8.167996,8.199841,8.445967,7.719575,8.424111,7.475189,8.340346,8.808222,8.484509,8.69907,8.649681,8.484233,9.101537,8.70338,8.631182
"PEX3",7.564423,7.1207,6.551528,7.576355,7.245009,7.405296,6.675345,7.397147,7.573671,6.873404,6.971688,5.982719,7.069638,8.034174,7.642473,7.565085,7.324478,7.692722,7.786732,7.93585,7.023272
"LTV1",7.678771,7.633049,7.150178,7.861213,7.631917,7.754748,6.648508,7.763642,7.748928,7.368734,7.712738,6.732577,7.697524,8.463216,8.217744,8.384171,8.31015,7.918368,8.293458,7.947624,8.02593
"STX11",9.021589,9.162029,8.901467,9.019659,9.460131,9.176854,9.657446,9.237342,8.99846,8.725041,10.121999,8.504637,9.526023,8.410872,9.27729,9.076196,9.345956,9.209804,9.209496,8.750156,9.410547
"TAB2",9.813376,9.811372,9.452998,10.032897,9.907153,9.85071,10.175759,9.527646,9.881111,9.493628,10.121957,9.129099,9.928748,9.813603,10.139082,9.844021,9.975742,10.31746,10.577815,10.270788,10.031534
"SUMO4",8.429092,8.505407,8.038202,8.518744,8.311457,8.568464,8.257867,8.119343,8.464759,7.29085,8.554224,7.519913,8.220341,8.21937,8.570221,8.536137,8.375724,8.713009,9.201074,8.857818,8.193265
"GINM1",8.418685,8.503278,7.674752,8.55116,8.341323,8.401169,8.400608,7.905101,8.398474,7.79473,8.286275,7.100578,8.366948,8.691103,8.43258,8.43387,8.304066,8.463895,8.589397,8.72013,8.507455
"RPS18P9",9.960737,9.146526,8.898108,9.15514,9.298829,9.582588,9.107602,9.269421,9.593475,9.691869,9.445848,9.203564,9.884667,10.533088,8.816431,8.793936,9.01086,8.630053,9.081923,9.007587,8.317435
"PCMT1",8.624463,8.275496,8.000454,8.35769,8.545933,8.69043,8.027065,8.424585,8.494561,7.768382,8.775757,7.430241,8.575915,9.07336,8.641651,8.928154,8.644519,8.288261,9.186514,8.66861,8.749972
"PLEKHG1",7.116133,6.701871,5.990713,7.523422,6.610788,7.319536,6.058719,6.933834,7.48272,6.703239,6.885969,6.103525,7.189766,7.583406,7.099737,7.449988,7.03476,7.781935,6.613759,7.049998,6.948405
"ARMT1",7.655944,7.319548,7.139804,7.672368,7.623025,8.06499,7.678072,7.387695,7.430238,6.885709,7.766315,6.511081,7.458674,8.097598,8.035751,7.865152,8.161577,7.865639,8.716523,8.256159,7.741046
"MYCT1",5.192946,5.360137,5.695165,5.107422,5.186366,5.686482,5.908626,4.894955,4.754933,5.404711,5.005984,5.682113,5.351638,5.173704,5.534775,5.661317,5.149462,5.109162,5.371914,5.960517,5.376415
"GTF2H5",6.821487,6.563684,6.905886,6.695187,7.138792,6.859828,6.223913,6.682574,6.718611,6.435241,6.776427,5.832403,6.526045,7.68391,6.665401,6.986236,6.771922,6.673756,7.024366,7.036851,6.329669
"SYTL3",7.979858,8.731622,8.031499,8.098866,8.297474,8.169739,8.854484,8.520684,8.086998,7.642798,9.038282,7.764801,8.218679,7.828174,8.132323,8.429294,7.819711,8.459373,8.079171,8.051774,8.638765
"C6orf99",5.839932,5.555437,5.903354,5.118655,5.558964,5.944629,5.901875,5.890349,5.723802,6.032296,5.474297,6.141093,5.82922,6.370487,5.957698,6.00552,5.51274,5.096054,5.749961,5.092437,6.218154
"WTAP",9.148727,8.873596,8.900158,8.959716,9.08474,9.169782,9.256449,8.976513,8.966661,8.624511,9.140508,8.074591,9.090085,9.340819,9.190613,8.958578,8.76494,8.95505,9.27821,8.97388,8.559025
"IGF2R",9.942563,10.349201,10.386774,9.645958,10.291429,10.254819,11.382481,10.152323,10.20741,10.027838,10.94192,10.074316,10.880593,9.296414,10.27028,9.946371,10.075251,11.036468,10.187881,9.307718,10.275594
"PLG",6.372128,6.329898,6.346674,6.026124,6.433116,5.951625,6.280915,6.719172,6.140584,6.862721,6.091038,7.07534,6.443084,6.372542,6.491122,5.492707,6.453669,6.144376,6.144812,5.908648,5.926577
"QKI",9.332935,9.450506,8.967191,9.222193,9.481925,9.507086,9.946006,8.703504,9.485386,9.064367,9.866357,8.84107,9.544582,8.990841,9.381732,9.344594,9.704603,9.701792,10.429529,9.557604,9.543408
"CEP43",7.63696,7.760819,7.075383,7.752939,7.637337,7.759725,7.72496,7.67149,7.853799,7.18865,7.642225,6.240661,7.572945,7.582475,8.126689,7.73081,7.806897,8.191811,8.288832,8.007412,7.476555
"CCR6",7.670965,7.705709,7.211389,7.94739,7.56224,7.917212,7.559436,7.491731,7.770285,6.985504,7.604501,7.018149,7.476113,8.295393,7.668896,7.674671,7.641719,8.209771,7.51445,7.025172,7.125171
"C6orf120",8.386447,8.35377,7.696145,8.534641,8.521179,8.957665,8.326835,8.217107,8.281318,8.053119,8.282188,7.405564,8.285501,9.35667,8.522109,8.420817,8.19311,8.541478,8.910627,8.638527,8.263517
"ERMARD",7.349892,7.154638,6.569468,7.607483,7.055361,7.467789,6.874102,6.751551,7.045399,6.667038,6.831518,6.359113,7.162243,7.35511,7.329742,7.307651,7.359808,7.840192,7.912285,7.964473,7.495715
"SERPINB1",9.817813,9.819083,9.343074,9.762321,10.071081,9.948663,9.975722,9.488743,9.635644,9.214686,10.345879,8.942655,9.805696,9.73549,10.180424,10.044432,10.159583,10.043856,10.6753,10.150379,9.833592
"SERPINB9",9.187474,9.235757,9.081751,9.648476,8.688495,9.172,8.981465,9.263597,8.934714,8.400423,9.519503,8.29481,9.460849,8.7696,9.091685,9.130043,9.186212,9.475982,9.065492,9.262434,9.482891
"HTATSF1P2",7.326556,7.637449,7.759305,6.760956,8.011362,7.84946,8.281229,7.285963,6.98521,7.307466,8.273534,7.69104,7.012235,7.097625,7.782791,7.551061,7.950717,7.544133,7.683739,7.31707,7.501945
"F13A1",9.302527,10.377591,10.122312,10.689406,9.830942,10.273977,11.256552,9.898432,8.991396,9.257794,9.231437,9.544816,9.250858,7.877466,10.268144,10.121399,8.886608,10.284061,10.318102,10.345965,9.901367
"LY86-AS1",8.194887,7.632509,8.134091,7.524947,8.171584,7.650688,7.865473,8.087313,7.944809,8.599759,7.47541,8.997206,7.884299,7.875167,7.356133,7.966092,8.611255,7.435881,7.438048,7.376039,7.776228
"SSR1",10.254561,10.461549,10.157005,10.446273,10.179678,10.450815,10.238321,10.145688,10.232174,10.003268,10.297611,8.974152,10.253516,10.208964,10.49158,10.504923,10.760963,10.638578,10.571607,10.62952,10.457508
"MAK",7.12644,7.976143,7.163568,7.053174,8.166223,7.498345,8.036243,7.389843,7.118007,6.546714,7.679211,6.740174,7.117566,6.39935,7.710696,6.799114,7.807592,8.010707,7.826882,7.534596,6.845032
"ERVFRD-1",6.551541,6.324586,6.717859,6.378022,6.189648,6.338491,6.446035,6.591518,6.603205,7.313038,6.47287,7.745196,6.495461,6.185445,5.375569,6.811955,7.000629,6.075146,6.28165,6.181153,6.462987
"KIF13A",7.791173,8.767673,8.266121,7.966002,8.814094,8.438725,8.958696,7.900209,8.653922,8.180069,9.049278,8.043551,8.732121,7.557722,8.652155,8.195009,8.366843,8.607135,8.831284,8.113222,8.505284
"TPMT",6.805735,6.878276,6.671042,6.647382,6.771101,6.848896,6.680701,6.741649,6.769042,6.692706,7.212178,6.044826,6.533571,7.394405,6.875184,7.399112,6.88495,6.652719,7.026378,7.127307,7.132123
"DEK",9.388735,8.857822,8.799293,9.085577,9.238268,9.389957,8.689713,9.017364,9.022354,8.72036,9.161777,8.341371,9.039993,9.810019,9.564024,9.595236,9.48725,9.179324,9.971276,9.453042,9.347503
"TDP2",9.547843,9.159039,8.990248,9.2289,10.019369,9.717091,9.599878,9.30536,9.592458,9.065672,9.937801,8.836971,9.654359,9.5103,9.895866,9.637037,9.834654,9.996428,10.204453,9.402155,9.708255
"C6orf62",10.293418,10.248923,9.940816,10.527933,10.443377,10.506,10.530922,10.147273,10.229146,9.931965,10.347949,9.361491,10.356559,10.582721,10.377889,10.265027,10.280673,10.487019,10.863353,10.276855,10.443338
"CMAHP",7.690143,7.069124,6.909197,7.667871,7.180822,7.371358,6.926543,7.124466,7.326365,6.69652,7.089852,6.380007,7.318847,7.347338,7.308788,7.747415,7.657678,7.438391,7.54628,8.094279,7.245857
"H4C2",8.586158,7.418303,7.53328,7.340918,8.152449,8.1325,7.705797,7.923917,7.707063,7.412018,8.021258,7.233017,8.111441,8.990652,7.882469,8.205796,7.873539,7.470192,7.484219,7.655435,7.677504
"H3C2",8.353988,7.149389,6.921334,8.060396,7.371443,7.893379,6.945256,8.276227,7.644507,6.809551,7.548028,6.568244,7.278409,8.975966,6.926123,7.500798,7.750797,7.168376,6.625863,6.534576,7.240381
"H2AC4",7.113091,5.462126,6.013508,6.29305,6.175635,6.043407,5.55702,6.326374,6.08465,5.594643,5.868088,5.895599,6.260092,7.51254,5.779088,6.075804,6.483095,5.732167,6.078589,5.913359,6.675425
"H2BC3",5.871376,5.569559,5.770365,5.497812,5.664415,5.335584,5.166042,5.779938,5.79038,5.349792,5.677733,5.537953,5.354456,6.532775,5.746433,5.610196,5.438381,5.438381,4.996554,5.825069,5.251845
"H1-2",8.360742,8.013752,7.768414,8.134741,7.895727,8.327885,7.720004,8.029361,7.982658,7.728851,7.810274,7.071466,7.937599,8.815203,7.889457,8.016752,7.37803,7.475724,7.528132,8.056114,7.720194
"H1-6",6.642067,6.839311,6.774258,6.108694,7.096375,7.077314,7.90623,6.685162,6.982471,6.970393,7.242928,6.623955,7.030461,6.001985,7.152157,6.102738,6.832839,6.820442,6.863802,6.378063,7.503359
"H2BC4",8.66255,8.673257,8.066719,8.426661,9.204017,8.804269,8.165483,8.566338,8.687037,7.894183,8.812614,6.945551,8.593795,9.19399,7.999081,8.274162,7.562457,7.745763,8.128424,7.811817,7.760922
"H4C4",8.645267,7.91364,7.449855,7.688057,8.490943,8.367628,8.517753,7.952004,7.822785,6.626671,8.369063,6.904906,8.630884,8.69799,8.464854,7.853921,7.863807,8.087336,7.592949,7.930523,8.646357
"H1-3",9.957367,9.304105,8.837398,9.362794,9.534099,9.507192,8.480808,9.700474,9.633901,9.07989,9.243567,8.517702,9.399166,10.568275,9.108956,8.926557,8.362459,8.729457,8.422326,9.264413,8.555617
"H3C7",8.053644,7.130332,7.177801,7.557507,7.122008,7.687969,7.085197,7.544759,7.4286,6.853845,7.434745,7.25629,7.337895,8.011297,6.67735,7.269504,7.747883,7.304525,6.80551,6.785942,7.367506
"ZNF322",8.690571,7.973271,7.647057,8.26466,8.19405,8.780401,8.125032,7.944367,8.395262,7.159571,8.004622,7.667602,8.005072,8.704163,8.380182,8.288415,7.568533,8.487335,9.266589,9.259612,7.745316
"H2BC12",9.276124,9.070798,8.656541,9.846779,9.615949,9.447549,9.37379,9.3664,8.958999,9.183375,9.377253,9.191346,9.586852,9.629798,9.645602,9.465084,9.68395,9.21708,9.685461,8.961979,9.579784
"ZNF204P",5.268977,5.02237,3.980523,4.408336,5.332502,5.340748,4.561355,4.25181,5.875806,5.13835,4.91619,5.17101,4.671869,5.744862,5.769239,4.68291,5.375831,5.787063,6.444242,6.574324,4.463439
"H2AC14",5.161728,3.853373,3.683877,4.147985,4.180029,4.143508,3.793297,4.598192,4.325821,3.819595,4.629418,3.842738,4.412255,5.904596,3.705194,4.849029,3.900812,4.344719,3.914259,6.290589,4.445638
"H2AC15",7.87147,7.506716,7.395532,7.66012,7.898981,8.414971,7.571839,7.741216,7.913972,7.140827,7.736727,6.816186,7.497812,8.556351,8.023217,7.593616,6.929299,7.373463,7.507156,8.023517,7.65741
"H1-5",9.061335,7.713448,7.554349,8.508919,7.813142,8.674511,7.093441,8.774245,8.138151,7.205984,7.937203,7.331105,7.844649,9.240915,7.963043,8.248153,8.844336,8.395788,7.338815,7.848077,7.792783
"H3C11",11.662612,10.879244,10.364545,11.361735,10.745053,11.357777,10.394316,11.48139,11.187884,10.497579,10.713125,9.718692,11.165833,11.838988,10.627797,10.945454,10.573841,10.386412,9.791867,10.81752,10.344994
"H4C13",7.871268,6.676242,6.549876,7.339739,6.919305,7.405864,6.511927,7.337515,7.265714,6.695035,6.929642,5.780173,6.785848,8.369108,6.570042,7.039992,6.983785,6.903757,6.716833,7.128884,6.749031
"H3C12",7.14014,6.325602,6.693694,6.781594,6.432659,6.918814,6.155609,6.633712,6.420878,5.926327,6.134505,5.977131,6.694859,7.4541,6.166512,6.422391,6.312021,6.145314,5.933792,6.121502,6.668308
"OR12D3",7.784817,7.411159,7.427803,8.026082,7.802003,7.728113,7.663512,8.158447,7.582691,8.701566,7.192269,8.581483,8.148434,7.764268,8.034229,7.578026,8.239672,7.221708,7.5242,8.522268,7.437338
"UBD",4.994979,5.800284,6.513465,6.527535,5.154601,5.911035,6.996671,6.266892,6.477449,5.282115,6.037749,6.118417,5.572491,6.09062,6.62938,5.868377,5.512056,7.221708,5.684119,7.049976,6.161856
"GABBR1",7.190624,6.958733,7.636691,6.881591,7.325604,6.940851,7.598472,6.827561,7.020653,7.761356,6.326656,8.214304,6.959459,6.60402,6.363229,6.797834,7.213187,6.939541,6.163154,6.868861,6.921938
"ZNRD1ASP",7.708942,7.74143,7.36289,7.856358,7.860618,7.559812,7.836873,7.574003,7.807913,8.359111,7.467895,8.687001,7.824984,7.591145,7.889768,8.106544,8.458953,8.011938,8.131972,8.018848,7.905539
"DHX16",10.326193,9.825608,9.650545,9.452739,9.890469,9.536393,9.919436,9.917342,10.134553,11.622555,9.881684,11.620331,10.157742,9.565653,9.335239,9.753939,10.808335,9.262998,9.469407,9.644335,9.340494
"NRM",4.489845,4.097833,5.270758,4.838078,5.124347,4.081278,4.367999,5.089071,4.551658,4.897728,4.366858,4.404926,4.766669,4.150963,5.152654,4.542287,4.331629,4.546529,3.502169,4.683182,4.933684
"SFTA2",4.224895,4.810283,4.81435,5.126688,4.76869,5.086569,4.666724,4.681561,4.849906,4.746272,5.362918,4.546148,4.444514,4.228777,3.900124,4.681287,4.052213,3.975611,4.319175,4.669853,4.985169
"C6orf15",7.211839,7.582173,6.608933,6.887075,7.186807,6.926952,7.312209,6.678321,7.302062,7.136417,7.760533,8.225191,5.90257,7.128502,8.227511,8.00984,7.54003,7.194364,7.340933,7.51095,7.531768
"SNORD117",8.199159,7.12243,6.344015,7.869975,7.711396,7.404147,7.417077,7.258877,7.991692,6.803364,7.695346,6.383581,8.207376,9.006829,6.678456,7.320998,6.170646,7.456199,7.229642,7.886052,6.622128
"BAG6",7.347268,6.818772,5.771791,4.607947,7.182862,6.188902,7.349376,6.370483,6.527535,6.627991,6.116933,7.743421,6.253621,6.897715,6.937473,6.62938,6.4512,4.463775,7.086917,7.479303,6.286006
"LY6G5C",6.107249,5.391118,5.340264,5.955523,5.150446,5.918282,6.370437,5.779938,5.026057,6.461479,5.975384,6.458385,5.335933,5.74655,4.989601,5.922857,6.196746,6.620517,4.780046,5.836735,4.975573
"LY6G6C",5.087462,5.899978,5.906404,5.360137,6.775091,5.164207,4.957992,4.744672,5.957412,6.68399,4.585453,6.34021,6.085734,4.635617,5.196443,5.647161,6.087002,6.575599,5.923355,6.757,6.596267
"DDAH2",6.80819,6.845985,6.781735,6.810615,6.361399,6.214385,7.181223,6.479915,6.999353,7.394077,7.957108,7.033605,7.264548,6.782528,7.350438,7.281691,7.495941,7.058772,6.212328,6.335402,7.362289
"HLA-DQB1",7.553764,8.431505,6.343442,8.710012,6.600788,5.970034,6.310958,7.785355,6.069576,6.181121,7.874963,6.182419,6.288217,7.156156,6.091791,7.594822,6.391418,8.466133,5.861589,8.404615,6.90564
"HLA-DOB",2.716863,2.931882,2.920976,3.071879,2.786677,3.925518,2.803865,3.818114,2.874942,2.582966,3.339327,3.110625,2.623319,2.647933,6.295326,3.316617,3.403611,3.425552,3.455204,4.275385,2.65355
"TAP2",7.674119,6.612695,7.301193,7.980902,6.72077,7.600052,8.365189,7.426417,6.763767,6.352734,7.769141,6.700945,8.304125,7.320005,7.644887,7.974895,8.380682,8.401324,8.789799,8.055305,8.974347
"HLA-DMA",7.536644,8.360601,5.673204,7.443069,7.002537,7.139805,7.015508,6.816946,7.862882,7.459352,7.553375,5.618744,7.105179,8.854286,8.132487,7.101683,6.792973,6.173725,7.352945,6.999855,5.880614
"HLA-DOA",7.858983,8.246828,7.682263,8.664115,8.075006,8.473151,7.538966,8.095182,8.389153,8.331224,7.692584,7.518146,8.438021,9.485132,8.193637,7.858511,7.763809,8.21355,7.880863,8.195384,7.000929
"RXRB",7.868688,8.81911,8.017301,8.953667,8.966042,8.898794,8.684764,8.549835,9.164874,8.31875,9.171736,6.975285,8.383538,8.547881,9.026898,8.356597,8.816686,9.058995,9.305896,8.747382,8.800164
"RGL2",6.992345,6.733802,7.198121,6.703279,6.89142,6.92519,7.347214,7.429268,6.120393,6.809119,7.046864,7.223773,7.001806,6.94783,6.856283,6.757,7.271862,5.515533,6.946173,6.46256,6.599485
"TAPBP",8.479513,8.389059,8.361855,8.30559,8.492865,8.268341,8.624459,8.616387,8.320904,8.508125,8.513768,9.084273,8.544133,8.213854,8.306765,8.151437,8.957287,8.527316,8.719756,7.94343,8.480372
"ZBTB22",9.281872,9.226204,9.752403,8.971725,9.364455,9.227614,8.924399,9.480317,8.959221,9.12831,9.422277,9.189907,9.114618,9.549051,9.139161,8.989744,8.436394,8.604875,8.817376,8.897878,9.011892
"DAXX",5.783059,4.811384,6.204602,5.65635,4.984216,4.517006,5.804682,5.144759,5.673204,5.651918,5.826677,6.403374,5.981599,5.996598,7.340404,6.025597,4.313403,6.113049,5.684119,4.585453,6.715996
"BAK1",7.942166,7.90122,7.956463,8.486292,7.475839,7.90447,7.968963,8.218415,8.238001,7.797789,8.211965,7.12953,8.064962,7.973913,7.941417,8.016262,7.796654,7.98048,7.663485,7.740051,8.238574
"UQCC2",7.302925,7.253173,7.070751,7.067059,7.273023,7.209186,6.763391,7.001605,7.17498,6.613924,7.119808,6.316281,7.23177,7.816979,7.27376,7.36548,7.314315,7.384499,7.137449,6.958692,6.924642
"TAF11",7.682175,7.481101,7.217535,7.891025,7.537625,7.49806,7.496221,7.327152,7.693687,7.112311,7.534638,6.730173,7.663996,7.865659,7.744874,7.98506,7.737947,8.035971,8.126506,7.68852,7.802632
"SLC26A8",6.03936,5.988865,5.602102,5.805281,6.959823,6.081341,6.736143,5.83745,5.809012,6.017797,6.777689,6.718862,6.702359,5.55888,6.292651,5.866426,6.773775,6.699097,7.056719,6.107415,6.740103
"ETV7",6.435573,5.796131,6.319698,6.017024,5.928434,6.202843,6.208299,6.082021,6.425258,6.339801,6.16673,6.450727,6.493541,6.224046,6.349854,5.990187,6.108793,5.888701,5.94065,6.223388,7.087311
"MTCH1",8.460716,8.478648,8.056819,8.363988,8.434549,8.323224,8.424052,8.272124,8.434065,8.101099,8.596414,7.85014,8.669598,8.487334,8.25244,8.117814,8.121952,8.181194,8.207996,8.076629,8.397793
"OARD1",8.17051,8.076734,7.646546,8.09474,8.064308,8.040674,7.498004,7.947229,8.003292,7.483391,7.758504,6.846224,7.797791,8.553418,8.265297,8.357685,8.02216,8.297652,8.158184,8.526662,8.175277
"TREML1",7.680496,7.722445,7.757957,8.257475,7.598586,8.121255,8.37793,7.68554,7.364012,7.571563,7.688115,8.349609,7.443842,6.842771,7.895227,7.842236,7.516574,7.570933,7.617988,7.478769,8.088619
"TREML3P",6.395082,5.828258,6.989177,6.178766,6.382437,6.325784,6.608991,6.52554,6.928055,7.28407,6.412509,6.815619,6.566635,6.24326,6.27222,6.080066,6.66204,6.624773,6.763091,6.132354,5.99621
"TREM1",10.02282,10.578897,10.153727,9.211908,10.749508,10.443099,10.784228,10.206889,9.804164,9.531812,11.135319,9.640615,10.385879,9.519208,10.726336,9.918595,10.441577,10.523509,10.504683,10.187488,10.038833
"CCND3",8.932416,9.367569,9.141384,9.329664,8.982471,9.288826,9.467273,9.321039,9.122173,8.9497,9.419379,8.511369,8.9709,9.085363,8.777442,9.170187,8.595579,8.944352,8.784402,8.666831,9.457988
"MRPS10",8.896194,8.899605,8.377005,8.885885,8.851022,8.946333,8.676062,8.884859,9.126302,8.542386,8.557157,8.005199,8.686977,9.07993,9.141545,9.073618,8.743911,9.130847,8.843855,8.992047,8.622786
"MEA1",7.914495,7.686425,7.322638,7.454176,7.876643,7.60499,7.009781,7.853537,7.61645,7.507789,8.020726,7.409828,7.808975,8.135999,7.867123,7.961953,7.816575,7.534751,7.781592,7.755043,8.01894
"DNPH1",7.023863,6.949343,6.907493,6.729396,7.210761,6.764702,6.656144,7.080139,7.0425,6.879705,6.5681,7.022717,6.918184,7.320754,7.08312,6.490862,6.752065,6.734782,6.482705,6.888494,6.984427
"YIPF3",8.58015,9.171115,8.778209,8.832291,9.008282,9.118583,9.352518,8.724448,8.725551,8.63909,9.101398,8.3451,8.853125,8.535021,8.904066,8.830733,8.796453,9.234861,9.154909,9.093623,9.081538
"GTPBP2",7.866244,8.074657,8.069201,8.216563,8.161246,8.139002,8.134218,8.098029,8.083605,7.781889,8.229132,7.779063,8.263218,7.887511,8.190979,8.202665,8.133039,8.140199,8.202149,8.076038,8.881878
"MRPS18A",7.946062,7.822203,7.5549,7.858277,7.492139,7.867835,7.468155,7.808696,7.951098,7.573633,8.021317,7.12629,7.692942,8.074838,7.940256,8.070012,7.742203,7.536349,7.728975,7.909106,7.986766
"SLC35B2",7.167175,7.217252,7.257317,7.165902,7.098724,7.144168,7.288559,7.246184,7.178452,6.803108,7.012788,6.726347,7.071651,7.177563,7.114501,7.279816,6.889762,7.190824,6.986388,7.110062,7.4736
"SUPT3H",6.661132,6.499201,6.262291,6.826858,6.38157,6.68526,6.356399,6.204353,6.825382,6.221678,6.158155,5.992853,6.125312,6.590464,6.36005,6.721491,6.379952,6.802733,7.072635,7.419921,6.40037
"ENPP5",5.677609,5.244862,5.421354,5.590352,4.934236,5.387461,5.29945,5.269191,4.656639,4.991828,4.857376,5.179352,5.470716,5.710119,5.349646,5.984213,5.225009,5.574099,5.449589,5.687227,5.607499
"PLA2G7",6.707422,8.150871,7.64777,7.343868,7.740811,7.524853,7.101183,6.899968,7.486617,6.924952,8.810641,7.748701,7.582992,7.23285,8.38554,7.811869,7.628187,7.126543,8.800488,8.970812,6.862819
"PTCHD4",5.756332,5.57703,5.793761,5.314123,5.746046,5.231815,5.536747,5.609679,5.554933,6.427025,5.180751,6.848237,5.592625,4.99141,5.525047,5.394729,5.849825,5.023582,5.498927,5.039384,5.783967
"CRISP3",5.388728,5.010442,5.05864,5.458824,6.138665,5.494551,5.879106,5.056653,4.830672,5.219567,6.929583,5.92446,5.612327,4.987768,5.217829,5.29382,5.879591,5.521003,7.554784,5.903215,8.346936
"TRAM2",7.738139,7.579005,7.670116,7.936446,7.483086,7.871475,7.748423,7.737463,7.946819,8.00176,7.50248,7.766793,7.788001,7.544497,7.568645,7.803523,8.404019,7.825633,7.767348,7.724458,7.867124
"CILK1",7.71127,7.562736,7.395136,7.818699,7.433068,7.77386,7.562977,7.350832,7.639711,7.165775,7.369,6.659171,7.659414,7.778602,7.68662,7.883488,7.474616,7.975229,7.669294,7.879817,7.856088
"GCLC",8.104896,8.319931,7.726488,8.644485,7.99969,8.314466,8.059869,7.853208,8.117778,7.616315,8.036628,7.617624,7.968456,8.054743,8.07817,8.265509,7.892487,8.198086,8.339127,8.838907,8.490725
"EYS",5.159351,5.659859,5.235042,5.131216,5.561532,5.733119,5.757768,4.984212,5.156967,4.797058,5.465522,4.722808,4.655438,4.817093,5.119584,5.29521,5.029873,5.208373,5.534279,5.402999,5.042456
"LMBRD1",9.775104,9.804699,9.476825,9.605323,9.719069,9.999802,10.005156,9.535095,9.717245,9.275796,9.847732,8.700181,9.477764,10.04049,10.030338,9.837994,9.915814,9.648263,10.629115,10.172489,9.280833
"MIR30C2",5.798735,5.363786,5.58654,5.143967,5.409267,5.273125,5.656067,5.363042,5.366624,5.903849,5.544733,6.340956,5.928658,4.831072,5.80657,5.690042,5.007046,5.432034,6.005566,5.277935,5.649576
"CGAS",7.90083,7.655159,7.244265,7.710415,7.667043,7.712339,7.830592,7.469209,7.835411,6.988868,8.449472,6.782412,8.033405,7.693168,8.093886,7.962941,7.82735,7.442991,8.138156,7.305832,8.204291
"EEF1A1",8.407483,8.00378,8.220944,8.386817,8.120586,8.194268,7.961342,8.204501,8.117953,7.852539,7.84508,7.158125,8.076463,8.656035,7.371299,7.927348,7.585908,7.95396,8.214114,8.0999,7.806051
"COX7A2",8.927514,8.055806,7.878923,8.435463,8.817658,9.017231,8.215535,8.484186,8.344585,8.496535,8.772086,7.200188,8.67054,9.877812,7.949534,7.984092,8.273308,7.796347,8.182249,7.98276,7.870553
"TMEM30A",9.136686,9.395763,8.805866,9.36241,9.115201,9.410253,9.491504,9.118665,9.296139,8.363695,9.547789,7.866347,9.18638,9.41027,9.548995,9.309128,9.169217,9.485212,9.771019,9.362246,9.220947
"PHIP",9.503953,9.446896,9.266655,9.774045,9.461737,9.74439,9.561629,9.394702,9.620999,9.008038,9.426611,8.515932,9.400297,9.234408,9.47515,9.672332,9.391619,9.860302,10.045334,9.958536,9.560962
"HMGN3",7.708214,7.259284,7.159238,7.225284,6.879127,7.623367,7.056263,7.487105,7.340769,7.068926,7.383651,6.799605,7.595818,7.729364,7.203439,7.569213,7.280053,7.764286,7.537272,7.961867,6.929788
"LCAL1",4.438803,5.00508,5.790216,4.676101,5.257332,4.829441,5.440892,5.276135,4.902291,5.733419,5.345445,5.292548,5.110674,4.59306,4.566695,4.590359,4.74089,5.109162,5.59028,4.989185,5.04616
"IBTK",8.222003,8.065524,7.788368,8.597445,7.853887,8.105209,7.869641,7.989315,7.970732,7.367041,7.808591,6.945854,8.105199,8.238838,8.260601,8.423142,8.341726,8.709883,8.729808,8.941859,8.363223
"PGM3",7.175355,7.013764,6.514135,7.422309,6.730014,7.02049,6.72367,6.903316,7.120784,6.133266,6.922224,5.780698,6.950015,7.296203,7.515699,7.341633,7.276567,7.576503,7.392267,7.347468,6.768066
"CEP162",5.668191,5.621878,5.123911,5.712245,5.504365,6.020967,5.431972,5.683214,5.450212,5.023184,5.872304,4.799476,5.073199,6.11277,6.461056,6.214361,5.879311,5.919915,6.549605,6.702218,6.23728
"SNX14",8.452517,8.296513,7.802499,8.613752,8.378016,8.492697,8.297187,8.034206,8.378577,7.623296,8.129835,6.995738,8.176444,8.701364,8.454004,8.631778,8.625133,8.744618,9.139423,8.65285,8.452904
"SNORD50A",10.622013,9.3632,8.620631,10.094947,10.125667,9.840352,9.692984,10.272005,10.528424,10.047088,10.172581,8.991481,10.400259,11.439701,9.830339,10.340858,10.18672,9.878233,10.323517,10.45699,9.614891
"SNORD50B",7.885445,7.597998,6.914259,8.170102,7.242839,7.71241,7.151525,7.648272,7.761093,6.770413,7.117103,6.007342,7.29057,8.566403,7.97979,8.339113,7.876851,8.253959,8.64379,8.52371,7.510338
"RARS2",8.251689,8.188237,7.856226,8.552638,8.337885,8.447199,8.258613,8.050042,8.393025,7.707743,8.174008,6.987669,8.138428,8.408144,8.298887,8.438192,8.130762,8.705983,8.695585,8.423937,8.178694
"RNGTT",8.229714,8.502949,8.154753,8.966992,8.202765,8.417802,8.171494,8.228617,8.407662,7.788129,8.248763,7.17243,8.140443,8.067417,8.664823,8.77455,8.50628,8.793329,8.893559,8.745915,8.640157
"UBE2J1",9.128528,9.04286,8.59725,8.916059,9.392055,9.542539,9.276211,9.02486,9.25113,8.789786,8.794976,8.309641,9.416149,9.232269,8.950313,9.51731,10.23037,9.681766,9.664999,8.776013,9.548615
"RRAGD",7.218808,7.656926,7.476803,7.191371,7.942002,7.779914,8.371133,7.105552,7.463766,7.277268,8.215915,7.217114,7.555425,7.183035,7.489319,7.231032,7.722227,7.930472,8.384709,7.37297,8.040284
"MDN1",7.923,7.914438,7.787685,8.508933,7.761155,7.776941,7.902213,8.050229,8.200441,7.652246,7.74329,7.339954,8.354667,7.79969,8.153852,8.035665,7.746957,8.495911,7.972347,8.113332,8.123458
"BACH2",8.825831,8.37909,8.121405,9.35258,8.27414,8.58031,8.174189,8.809611,9.075285,8.623596,8.433822,8.071536,8.719267,8.993861,8.657076,8.883462,8.433576,9.306801,8.738519,8.418443,8.397438
"NDUFAF4",6.971363,6.436202,6.567683,6.990825,7.018807,7.155584,6.032923,7.10552,7.052652,6.405569,6.583147,5.893219,6.910814,7.819821,7.595534,7.332382,7.067198,7.05575,7.604841,7.336081,7.184989
"MMS22L",6.66973,6.705685,6.138763,6.986706,6.498195,6.93405,6.468017,6.439022,6.953246,6.020638,6.177185,5.36608,6.252304,6.71915,6.801131,6.62161,6.668422,7.11066,7.408677,7.303395,6.62411
"FBXL4",8.298465,8.224887,8.112887,8.944442,8.20851,8.460167,8.569352,8.179381,8.441217,7.671129,8.094516,7.274786,8.170534,8.281943,8.523435,8.357838,7.995619,8.64668,8.889673,8.971053,8.224537
"PNISR",10.348258,10.254304,10.02531,10.343685,10.223158,10.406761,9.782779,10.139095,10.465324,10.026891,10.005781,9.378253,10.15211,10.307044,10.477203,10.5006,10.191566,10.650908,10.742734,10.787972,10.094343
"CCNC",8.285404,7.921024,7.752803,8.499928,7.993627,8.551147,7.800336,7.707564,8.088924,7.403241,7.787042,6.677189,7.776523,8.96251,8.117196,8.268636,8.393307,8.407526,8.761618,8.568935,7.877772
"ASCC3",8.635874,8.454313,8.042501,8.794455,8.249649,8.56659,8.127848,8.430506,8.65299,7.890379,8.248878,7.307591,8.366854,8.531223,8.59408,8.647052,8.388999,8.990046,8.873895,9.063994,8.684882
"ATG5",8.251912,7.977271,7.7174,8.345139,8.079179,8.432853,8.007281,8.043896,8.294107,7.830482,8.190788,6.962163,7.952421,8.629245,8.303041,8.316617,8.270731,8.409676,8.855706,8.463552,8.224106
"RTN4IP1",6.989626,7.139442,6.679772,7.500219,6.81917,6.881035,6.69064,6.817426,7.269606,6.644103,6.84903,6.357002,7.028309,7.437604,7.643074,7.469377,7.372148,7.358747,7.10979,7.453383,7.259193
"OSTM1",7.634578,7.658969,7.123694,7.622563,8.105682,7.881023,8.140353,7.600504,7.860526,7.125383,8.08468,6.914708,7.673988,7.925589,7.598271,7.752044,7.869594,7.854384,8.509102,7.987464,7.868759
"SESN1",8.350684,8.621098,8.106429,8.498219,8.349839,8.224809,8.412158,8.254948,8.213752,7.647503,8.401662,7.611251,8.272558,8.679097,8.370917,8.132983,8.368916,8.591055,8.846971,8.68784,8.305506
"HDAC2",8.426907,8.147728,7.737609,8.337107,8.133686,8.581432,7.849848,8.074478,8.196502,7.863646,8.288643,7.448815,8.192576,8.61514,8.760684,8.715381,8.586526,8.850441,9.026868,8.592087,8.533855
"TSPYL1",7.337992,6.802593,6.250616,7.142569,7.095372,7.30273,6.918704,6.837059,7.403949,6.844524,6.7116,6.106122,6.988356,7.592044,7.067839,7.334878,7.16296,6.926028,7.613143,6.735878,7.228204
"ZUP1",5.934265,6.191839,5.504879,6.359377,6.060632,6.413919,5.822198,5.771352,5.90301,5.727736,5.914546,5.366828,5.793746,6.645689,6.073336,6.209518,5.900681,6.438671,6.09296,6.562706,5.86004
"GOPC",8.589105,8.399805,8.186469,8.809259,8.22003,8.56125,8.050011,8.409558,8.767725,7.900533,8.442516,7.248072,8.406256,8.833955,8.627916,8.785657,8.352714,8.61868,8.825639,8.905066,8.669453
"CEP85L",8.551847,8.243378,7.867171,8.565518,8.232149,8.515012,8.307594,8.029807,8.744959,7.913616,8.068749,7.086115,8.352121,8.703628,8.342336,8.604629,8.315104,8.508935,8.766059,8.765507,8.06373
"MAN1A1",8.643079,8.808207,8.811774,8.90191,8.809008,9.029202,9.431396,8.982171,8.384514,8.146166,8.93716,8.280535,9.045755,8.302655,8.848118,8.897803,9.61233,9.617448,9.084475,8.848087,8.792757
"TBC1D32",7.062312,6.781561,6.447959,7.229648,6.812615,7.026586,6.318833,6.922955,7.033326,6.272613,6.668688,5.85941,6.712863,7.096444,7.131369,7.30999,6.983385,7.477606,7.654505,7.875826,6.754902
"SERINC1",10.580606,10.412973,10.403862,10.634229,10.60759,10.732868,10.873987,10.423775,10.401357,9.903228,10.794578,9.57258,10.528985,10.836421,10.920424,10.619667,10.581692,10.772249,11.05078,10.805106,10.714741
"HDDC2",8.59832,8.079209,7.655061,8.19987,8.368102,7.836353,7.343124,8.286248,8.133581,7.801382,8.223646,7.401474,8.122203,8.957806,8.532146,8.781158,8.443528,8.543661,8.273927,8.709545,8.423467
"ECHDC1",8.597965,8.396277,7.856656,8.717946,8.775875,8.902167,8.147158,8.511537,8.645262,8.072218,8.853972,7.415719,8.578104,9.466423,8.840344,9.082605,9.188086,9.108363,9.76866,9.210569,8.686432
"THEMIS",9.649311,9.30233,8.724436,9.770322,8.856275,9.577013,8.827639,9.49468,9.653506,9.140702,8.909541,7.711855,9.133227,9.544206,9.334478,9.352099,8.888959,9.586682,9.649794,9.855101,9.223374
"SAMD3",9.110428,8.824589,8.335869,8.250958,7.961165,8.760147,7.890346,8.649527,8.489324,7.855143,8.019093,7.768138,9.063451,8.889041,8.497219,9.434112,8.601285,9.045075,8.777018,9.24816,8.737853
"STX7",9.897584,9.739621,9.242078,9.91566,9.959953,9.918031,10.033762,9.780225,10.084555,9.293534,10.16751,9.11258,9.89634,10.096915,10.047376,10.110492,9.789934,9.967251,10.349416,9.869222,9.483385
"TAAR3P",4.715872,4.731421,5.121709,4.651842,4.796489,4.746108,5.061588,4.902472,4.730221,5.690228,4.63118,6.296278,5.106538,4.405865,4.385955,4.636767,4.924387,4.898947,4.83516,4.275931,4.856368
"VNN1",8.741435,7.273164,7.364577,7.819056,7.965209,8.082709,9.043323,7.712215,7.315848,6.918889,8.644628,7.65456,8.258075,7.225138,7.333525,7.585685,7.021027,8.399849,9.200256,8.018956,7.608792
"VNN3",8.379716,9.599437,9.177209,7.166961,9.813387,9.501288,9.865755,8.536434,9.288241,8.462194,10.303413,8.139227,9.532394,8.627722,9.719088,8.854114,9.563022,9.796087,10.232275,9.428981,9.045726
"VNN2",11.560272,11.699962,11.620432,11.242901,12.447201,12.353065,12.268612,11.400547,11.972071,11.756798,12.444887,11.10054,11.73936,11.41083,12.002096,11.831664,12.157018,12.123933,12.173465,11.308851,11.527943
"SLC18B1",7.792029,7.745665,6.123971,8.172657,7.075625,7.69007,7.930936,7.538898,7.976108,7.512329,7.582607,6.914926,7.737438,7.896414,7.673932,7.953943,7.469678,8.294202,8.347409,8.587723,8.228141
"SGK1",7.20847,7.846817,7.625516,7.051946,7.625081,7.753789,8.408482,7.121589,7.417039,7.393143,7.67132,6.902148,7.54489,7.158849,7.744183,7.167372,7.19632,7.800156,7.820515,7.190487,6.931283
"HBS1L",8.937142,8.513353,8.136779,8.801983,8.381547,8.919157,8.006732,8.526538,8.555815,8.000748,8.352665,7.36573,8.342296,9.062688,8.837483,9.088172,8.870447,8.863793,9.287029,9.209513,8.773784
"AHI1",6.467191,6.6497,5.807486,6.596123,6.157009,6.412551,6.379053,6.630677,6.410759,5.85808,5.966706,5.862712,5.679261,6.346384,6.660239,6.729737,6.81368,7.047619,6.724422,6.955087,6.174068
"BCLAF1",10.047849,9.886863,9.603558,10.16402,9.830686,10.038287,9.493763,9.966393,9.966467,9.559168,9.716553,8.996058,9.723453,10.063153,10.101436,10.197894,9.867435,10.341625,10.424061,10.426177,9.810205
"IFNGR1",9.866185,10.171244,9.906077,9.896042,10.363583,10.599851,10.649019,9.663446,9.97334,9.837059,10.470887,9.390546,9.825334,9.999526,10.166667,9.955976,10.321035,10.12597,11.097814,10.255453,10.116931
"REPS1",8.201915,8.385376,7.919949,8.843934,7.948466,8.242012,8.362596,8.369485,8.612151,8.043804,8.066629,7.320079,8.170849,8.39801,8.212487,8.456618,8.361845,8.684556,8.577597,8.627753,8.489052
"CITED2",8.389214,8.65903,8.37857,8.708685,8.435794,8.726151,8.591802,8.544161,8.272805,8.437754,8.545356,7.966453,8.366542,8.308014,8.154005,8.173966,8.624937,8.63335,8.418944,8.51154,8.662268
"ADAT2",8.448637,7.88752,7.867279,8.435387,7.75609,7.795082,7.698526,8.039077,8.248145,7.984431,7.816704,7.63937,8.511779,8.339978,8.499933,8.569176,8.398771,8.576273,8.505478,8.970983,8.046562
"SF3B5",8.530387,8.518918,8.210829,8.346508,8.729085,8.776482,8.053342,8.493138,8.272512,8.384056,8.847991,7.781052,8.291933,9.169781,7.830009,7.699733,7.762475,8.085263,7.887418,7.913258,8.083275
"SHPRH",8.585758,8.151571,7.869498,8.60617,7.941965,8.367962,7.942408,8.28492,8.428295,7.826302,7.888104,7.243957,8.348574,8.136639,8.309406,8.616819,8.253074,8.763239,8.747423,8.940682,8.333689
"PPIL4",8.067875,7.760316,7.578616,8.076258,8.003395,8.10468,7.251053,7.788461,8.006816,7.224236,7.712827,6.494507,7.592492,8.419848,7.920338,7.974728,7.506949,7.879707,8.252178,8.092821,7.755374
"SYNE1",8.338427,8.443392,8.52271,8.679991,8.103479,8.538211,8.450232,8.379616,8.117046,8.044018,7.947364,7.863296,9.05601,8.15777,8.363304,8.7231,7.962202,8.797615,8.51347,8.681591,8.40224
"FBXO5",6.963668,6.505902,6.117806,7.065528,6.484632,6.976592,6.215176,6.561569,6.741277,6.37204,6.817126,6.050992,6.673271,7.51371,6.808423,6.847689,7.00146,7.481692,7.321558,6.79913,6.734914
"TFB1M",7.518117,7.511649,6.853376,7.688408,7.271128,7.374832,6.783669,7.36814,7.620346,6.922551,7.265757,6.012649,7.257775,7.432891,7.856055,7.608005,7.284843,7.684678,7.764911,7.871184,7.505069
"TMEM242",8.293707,8.138595,8.893746,8.24183,8.444931,8.352322,8.200274,8.083688,8.105428,9.055357,8.225511,8.676557,8.081788,8.21503,7.673809,7.437932,8.257068,8.023708,8.203307,8.012046,8.298352
"DYNLT1",8.447432,8.265768,7.785239,7.990851,9.05794,8.799921,8.445593,8.142349,8.413671,8.115716,9.3931,7.086591,8.638607,8.833087,8.222014,7.90329,8.185437,8.300531,8.669126,8.157693,8.581195
"EZR",9.416708,9.596116,9.467033,10.020809,9.18159,9.748599,8.881913,9.811468,9.50997,9.057937,9.08216,8.564496,9.526974,9.411622,9.658134,9.501968,9.23232,9.832352,9.240239,9.448031,9.578954
"SOD2",11.236847,11.471089,11.18528,10.775973,11.548951,11.26141,11.82795,11.425339,11.296694,11.114441,11.732613,10.969488,11.608098,10.462714,11.251721,10.781119,11.141929,11.254176,11.351798,10.66713,10.529501
"TCP1",10.272694,10.432801,10.076289,10.755511,10.164162,10.579394,10.014917,10.253543,10.305804,10.162878,10.070658,9.288261,10.198231,10.379631,10.843342,10.888098,10.672652,10.678527,10.524465,10.596654,10.607885
"SNORA20",8.412473,6.330839,6.434952,7.425508,7.237981,7.077951,7.493309,6.743537,7.292374,5.798633,6.967227,6.655417,9.012748,8.917751,6.857735,8.303225,7.056966,8.793718,8.109657,8.666917,6.990484
"SNORA29",6.738797,7.129563,6.615972,7.162441,6.603931,6.473325,6.615486,6.895677,7.247657,6.466147,6.700279,5.935127,6.816261,6.639614,7.492587,7.15804,7.141202,7.791252,7.771499,7.246274,6.776433
"LPAL2",6.481367,6.26279,6.252708,6.148511,6.569551,6.102014,6.304409,6.601495,6.294131,6.666826,6.056882,6.337393,7.186034,6.134595,6.682385,7.20143,6.733359,6.481123,6.284864,7.441326,6.982583
"SFT2D1",8.255641,8.20876,7.940638,8.489517,8.434214,8.76304,8.299701,8.090342,8.24935,8.037621,8.478769,7.47843,8.235686,8.620505,8.609009,8.123162,8.558215,8.621651,9.089925,8.383102,8.598645
"PSMB1",8.968342,8.770537,8.607444,8.704757,9.111683,9.212973,8.47837,8.649906,8.698349,8.358229,9.19439,7.684274,9.010516,9.525405,8.670907,8.503853,8.818588,8.61288,9.098218,8.849873,8.578327
"GPR146",7.437962,7.458271,8.323992,8.348735,8.043838,7.133789,7.587673,7.369875,7.474536,6.921757,7.310703,7.26991,7.039574,6.903715,8.159833,7.173497,6.907828,7.869893,7.565269,7.7901,8.101184
"LFNG",7.874938,8.100368,8.223227,8.266841,7.717143,7.920342,7.62984,8.060542,8.259772,7.6183,7.961341,6.921863,8.005914,8.068312,7.621221,7.788249,7.302568,7.761433,7.530352,7.494577,7.766309
"SNORD13P2",8.155988,8.434193,7.534345,8.633732,7.773282,7.811209,7.443721,8.352083,8.336257,7.69829,7.69629,7.279526,8.503951,7.44798,8.155504,8.239331,7.984976,8.360992,7.529481,7.320426,8.081058
"LOC100419773",5.536028,5.275587,5.328183,5.382059,5.408314,6.214308,5.02885,5.447421,5.188315,5.622326,5.492493,5.895347,5.10972,5.426215,6.581225,6.126759,5.743022,5.58502,5.594674,5.481931,5.178439
"C1GALT1",7.750734,7.266228,7.296576,8.299364,7.964926,8.058759,7.47015,7.918379,8.019664,7.19571,7.685563,6.085579,7.809931,8.358915,8.00117,8.141556,8.189727,8.139574,9.251511,8.463386,8.535066
"MIOS",8.137812,7.970159,7.701173,8.514406,7.64304,8.501201,7.695392,7.885862,8.046793,7.436088,7.980669,7.023187,7.714571,8.395711,8.226535,8.387019,8.077247,8.373237,8.661355,8.749051,8.097092
"PHF14",8.525618,8.197713,7.945853,8.636663,8.114628,8.274581,7.335268,8.319872,8.479095,7.767951,8.029183,7.209989,8.110325,8.453391,8.510854,8.559956,8.185483,8.475807,8.407168,8.846327,8.270474
"TMEM106B",9.112726,8.37101,7.909879,9.05504,8.608285,8.943403,8.29776,8.391904,8.907928,8.446961,8.367248,7.319357,8.489533,9.477256,9.086874,9.380857,9.053134,9.218459,9.612667,9.225527,8.805448
"BZW2",7.835199,7.669868,7.396654,8.204026,7.406854,7.958579,7.526267,7.703156,7.801388,7.31106,7.563355,6.776255,7.67306,8.261356,7.577472,7.957181,7.814131,7.871571,7.610784,7.593188,7.46599
"TSPAN13",7.560904,7.368356,7.379625,7.977289,7.459988,7.929064,6.712449,7.694385,7.812438,6.838808,8.120906,7.196147,7.473087,8.649455,8.08612,8.214353,7.828675,8.354205,7.928732,7.284968,7.125474
"RPL23P8",5.86785,5.181397,5.500002,5.509421,5.628913,6.465843,5.539888,5.911304,5.69625,6.054731,6.328723,6.468267,6.289946,7.185914,5.864664,6.022147,6.430121,5.715675,6.802647,6.439356,5.813702
"KLHL7",7.006876,7.236032,6.713228,7.440092,7.032239,7.398321,6.804098,6.928212,7.171331,6.741408,6.837165,6.121207,6.915799,7.312852,7.505878,7.512241,7.035982,7.431661,7.717977,7.598542,7.273186
"CCDC126",7.95704,7.908623,7.862658,7.966555,8.049786,8.223904,8.054719,7.755415,7.639542,7.295907,7.86843,7.320765,7.841204,8.476927,8.313547,8.233778,7.908295,8.312694,8.624178,8.113408,7.610322
"MPP6",6.66799,6.13934,6.214559,6.830031,6.401436,6.5494,6.025751,6.497512,6.332787,6.277922,6.101427,5.86016,6.212829,7.392429,6.800675,6.876035,6.454973,6.995201,6.867683,7.2098,6.194693
"CBX3",8.925436,8.628796,8.768741,8.708946,8.842876,8.956187,8.55424,8.777637,8.755069,8.531955,8.549337,8.082738,8.736554,9.12713,8.997843,8.679465,8.968764,9.006902,8.804685,8.631954,8.72574
"TAX1BP1",9.498457,9.134098,9.08455,9.370564,9.56528,9.701345,9.3448,9.176994,9.264312,8.910849,9.726577,8.034992,9.062586,10.011553,9.641873,9.505956,9.389121,9.336503,10.105101,9.755385,9.258695
"CREB5",8.501717,8.59445,8.288817,7.973334,9.122715,8.805526,9.25191,8.204373,8.21667,7.860761,9.384282,8.473427,8.856817,7.541794,7.994753,8.080816,8.7786,8.754409,9.099861,7.889883,8.194872
"GARS1",8.322373,8.615424,7.951381,8.951184,8.247225,8.728711,8.214419,8.364069,8.460125,8.263151,8.269204,7.394884,8.218096,8.435587,8.686579,8.718721,8.964929,8.938163,8.942508,8.888399,8.934899
"SEPTIN7",9.33031,8.984799,8.691829,8.864452,9.087954,9.077826,8.522069,9.193977,9.177857,8.725484,9.044072,8.317171,9.138686,9.539611,9.184283,9.611269,9.2171,9.169544,9.681198,9.378883,9.035329
"GPR141",8.227993,8.836711,8.451556,8.511673,8.964987,8.908355,10.417475,8.49163,8.784878,7.937794,9.721671,8.021367,8.933078,7.444089,8.419014,8.579419,8.548153,8.875217,9.441627,9.608807,9.004387
"NME8",5.579149,5.569828,5.328504,5.348782,6.074654,6.164569,7.076404,5.620003,5.251601,5.391586,6.176532,5.789643,6.044894,5.444347,5.569348,6.3258,5.522756,5.700887,7.092952,7.017986,5.7824
"YAE1",7.199036,6.490197,6.46965,7.222933,7.103188,7.100163,6.384401,6.740431,6.941949,6.58132,6.739316,6.396044,6.60292,7.868203,7.270697,7.23745,7.28485,7.263942,7.98711,7.79779,7.156539
"STK17A",10.057221,9.701392,9.501846,10.141592,9.558581,9.901274,9.822864,9.903636,9.917529,9.750226,9.672156,8.889064,9.846316,10.22572,9.963513,10.133074,9.717773,10.184398,10.247565,9.927689,9.635747
"BLVRA",8.00384,8.39885,7.79142,7.924155,8.308653,8.237746,7.395695,8.025506,8.149655,7.727503,8.482509,7.1597,8.032936,8.352964,8.394219,7.940253,8.160409,7.635084,8.181181,7.755692,8.900614
"DBNL",9.231728,9.538161,9.126459,9.492576,9.205955,9.494803,9.408898,9.416066,9.574452,8.948652,9.750822,8.197259,9.376791,9.401393,9.166532,9.305047,8.84497,9.262253,8.898372,8.769831,9.186919
"C7orf69",4.342874,4.178891,4.363151,4.68718,4.550306,4.21542,4.358172,4.531751,4.467642,5.266244,4.371851,5.480176,4.716047,4.298192,4.753814,4.798405,5.05655,4.730929,4.205464,4.658525,4.186587
"CDC14C",5.583615,5.494331,6.315061,5.135845,5.321142,5.352286,5.370401,5.804922,5.193813,5.211728,5.030385,5.311704,5.30058,5.315371,5.271025,5.00729,4.739306,5.126239,4.750829,5.380201,5.667334
"HAUS6",7.645346,7.456928,7.172105,7.674722,7.38626,7.629893,7.403262,7.758041,7.204629,6.619405,7.441864,6.77789,7.494239,8.084138,7.871231,8.085471,7.804532,7.45426,8.253151,8.621422,7.587754
"NIPSNAP2",8.150989,7.768071,7.457996,8.127442,8.262528,8.219703,7.680395,7.845468,8.309032,7.764238,8.249167,7.207057,8.234683,8.620304,8.335391,8.288095,8.283185,8.242825,8.619694,8.266674,7.965889
"CCT6A",8.732976,8.873822,8.419277,8.824632,8.524421,8.923842,8.028071,8.707424,8.613179,8.35782,8.608657,7.623228,8.505876,8.879667,9.037949,8.952339,8.545271,8.581924,8.925176,8.721611,8.498436
"SNORA15",3.986583,4.811384,5.639036,5.423712,5.727622,6.055165,6.295763,5.68345,5.186792,5.282115,5.363443,4.704458,4.077188,5.337831,6.527535,5.2841,5.014784,6.780058,6.602556,5.485771,6.880739
"SUMF2",8.556321,8.636463,8.253185,8.949065,8.34585,8.506197,8.26869,8.484901,8.525019,8.037109,8.436709,7.758727,8.508025,8.764147,8.427978,8.600226,8.324553,8.637539,8.27801,8.503033,8.485513
"ZNF107",8.632163,8.340969,8.085832,8.415646,8.474429,8.410967,7.738861,8.139006,8.543064,7.962952,8.414544,7.864046,8.319278,8.889756,8.234093,8.545533,8.959423,9.075962,8.883745,8.580156,8.400005
"ZNF138",7.633123,7.209862,6.644707,7.558888,7.279523,7.701296,6.342747,6.953641,7.363564,6.689251,6.916061,6.06692,6.694645,7.937431,7.334156,7.331806,7.572741,7.611273,8.002168,7.978201,6.470348
"ZNF273",7.436468,7.187571,6.59566,7.782728,7.098606,7.543122,6.926839,7.271427,7.416042,6.953425,6.887138,6.525316,6.807716,7.826469,7.547794,7.644721,7.513228,7.645515,7.837781,7.64046,7.283519
"ZNF92",6.539283,6.226752,5.965394,6.504477,6.057866,6.570293,6.001462,6.268136,6.32847,5.941241,6.234977,5.857854,6.307016,7.295752,6.163085,6.757562,6.652872,6.679297,7.231385,7.223724,6.611429
"SNORA22",9.008926,6.689524,6.353343,7.873332,8.755654,7.627321,7.806432,7.968356,8.351383,6.938239,7.851177,6.820784,8.901543,9.22083,7.883827,8.66944,7.175546,9.09814,8.565104,8.577118,7.132367
"TPST1",7.188894,7.805695,7.297499,7.12148,7.150824,7.653765,8.945583,7.350875,7.611852,7.125065,7.945298,7.237533,7.349912,7.322225,7.608422,7.249188,7.06667,7.452145,7.379332,6.719047,6.860132
"KCTD7",8.163716,7.989642,7.701404,7.992711,7.977726,8.166039,7.758974,7.981978,8.243769,7.905627,7.6386,7.298433,8.010327,8.011165,7.839611,8.022471,8.101637,7.797712,8.121747,7.962231,7.866433
"RABGEF1",8.440335,8.279951,8.05475,8.484406,8.410181,8.550232,8.148501,8.051655,8.3168,8.045138,8.543766,7.761345,8.39929,8.240099,8.741944,8.592126,8.517416,8.762948,8.619948,8.695838,8.26806
"TMEM248",9.189799,9.25305,8.975122,9.350314,8.804453,9.332001,9.031372,9.222061,9.191839,9.117718,9.262477,8.573313,9.381313,9.243716,9.34585,9.226011,9.223527,9.187188,8.993733,9.103731,9.325668
"TYW1",7.248149,7.091348,7.093827,7.526995,6.779939,7.368269,6.61566,7.123525,7.18217,6.861179,6.743717,5.252315,7.134119,7.444354,7.197122,7.150956,6.871455,7.301752,6.64098,6.975993,6.843525
"STAG3L4",7.139562,6.328328,6.85595,7.294596,6.951039,6.78495,6.874194,7.174944,7.013045,6.546446,7.083032,5.576717,7.156334,7.055536,6.791229,7.293885,6.360947,6.99327,7.082203,6.72485,7.043896
"EIF4H",9.54635,9.722423,8.861319,9.643906,9.420764,9.26837,9.161505,9.211971,9.583634,9.220746,8.859054,8.271368,9.06518,9.380214,8.640861,9.621924,9.15958,9.359594,9.021783,9.180705,8.354563
"GTF2I",9.286989,9.333607,9.25696,9.788219,8.763184,9.324933,8.690309,9.442559,9.43845,8.547272,8.764866,8.126218,9.591395,9.354458,9.396366,9.79958,9.111151,9.874779,9.348669,9.201809,9.505337
"RHBDD2",8.585206,8.889185,8.570264,8.811425,8.601849,8.820533,8.760088,8.575654,8.61807,8.591061,8.787601,8.076667,8.552842,8.604346,8.928001,8.747353,8.882208,8.909109,8.868768,8.741678,9.083527
"POR",7.67742,7.683161,7.856794,7.90273,7.657353,7.693923,8.144702,7.581022,7.450575,7.4969,8.057464,7.508167,7.771058,7.500385,8.044905,7.754013,7.473577,7.974857,7.59814,7.650781,8.148902
"HSPB1",8.243995,8.260306,8.546328,8.527733,8.525532,8.525818,8.109943,8.520541,8.136815,8.348902,8.12426,7.977613,8.060916,8.183007,8.40566,8.454985,7.862872,8.302206,7.958916,8.277487,8.909694
"CCDC146",6.267282,6.890448,6.901275,6.343788,7.208091,7.094701,6.431691,6.891278,6.94911,6.680782,7.466212,6.37867,6.676116,6.794608,7.460852,7.137324,6.763657,7.722447,7.455854,7.347196,6.265494
"RSBN1L",9.069858,9.1004,8.452497,9.111421,9.109684,9.285823,9.319523,8.935763,9.007205,8.501308,9.220416,7.761937,8.998247,9.149995,9.22615,9.074397,9.284516,9.420908,9.669211,8.896481,8.881032
"PHTF2",8.319838,8.080685,7.415112,8.467343,8.151821,8.38132,7.854337,7.90243,8.360858,7.654828,7.694556,6.990212,8.141674,8.36796,8.505925,8.274742,8.600606,8.728218,8.786653,8.15109,8.210885
"CD36",9.650944,10.022163,9.382472,10.242947,10.332265,10.20329,10.513861,9.416081,10.225866,9.927293,9.834904,9.198708,10.248405,9.121429,9.93252,10.17721,10.076099,10.145886,10.902122,10.103324,10.314196
"DBF4",4.524713,4.305308,4.865283,4.609795,4.258903,5.127782,4.151259,4.559691,4.978434,4.377948,4.42935,4.281483,4.575492,4.911557,5.658369,5.429059,4.072007,5.433445,5.340817,5.047037,4.537392
"GTPBP10",8.212441,7.985072,7.909291,8.379376,7.93026,8.255257,7.907322,7.900699,8.293876,7.846241,7.942044,7.263446,7.741477,8.582495,8.493253,8.380091,8.05488,8.395599,8.630046,8.792391,8.411012
"AKAP9",7.747375,7.836418,7.748075,8.407555,7.681596,8.112707,7.539618,7.800289,7.787342,7.065904,7.722037,6.636719,7.528203,7.713683,8.138663,8.046589,7.715168,8.744242,8.318205,8.479647,7.937925
"RBM48",7.932929,7.701794,7.220273,7.915206,7.568092,7.725626,7.353055,7.650959,7.703616,6.721717,7.557992,6.143204,7.63379,8.225511,8.23098,8.312983,7.51681,8.255203,7.942143,7.775485,7.636355
"VPS50",7.151883,6.867152,6.578102,7.481636,6.86145,7.306048,6.846746,6.817904,7.085406,6.505446,6.897603,5.83232,6.810863,7.500012,7.440654,7.46374,6.844159,7.1868,8.087591,8.140756,7.103668
"GNG11",7.010969,6.532443,6.988974,6.941281,7.214786,7.593074,7.531937,6.675084,5.979816,5.722592,6.559989,6.370069,6.495246,6.169941,6.796859,7.250198,5.828864,6.763729,6.832083,6.257277,6.840486
"CASD1",9.174811,8.5956,8.25161,9.262735,8.347424,8.908628,8.357348,8.584886,8.971261,7.887632,8.083407,7.453901,8.575596,9.115956,9.035135,8.924726,8.80384,9.281777,9.284057,9.419525,8.656122
"ARPC1B",10.071651,10.509466,10.177967,10.580533,10.409675,10.502391,10.570328,10.088535,10.427518,9.935884,10.709504,9.319597,10.194688,10.078745,10.190867,10.177423,9.999412,10.099969,10.12576,9.662896,10.204135
"BUD31",7.859516,8.178657,7.874209,7.78823,8.065743,8.212024,7.577833,7.907655,7.811404,7.924507,8.146002,7.458438,7.838097,8.54729,7.527109,7.241464,7.46448,7.30324,7.553419,7.570919,7.482507
"LAMTOR4",9.169678,9.580743,9.446935,9.001236,9.757511,9.52041,9.024709,9.167906,9.278368,9.470771,9.702273,8.988215,9.172202,9.31033,8.311544,8.279473,8.551521,8.681679,8.537492,7.931571,8.423211
"PILRA",8.942608,9.828041,9.539246,9.103853,9.591418,9.557099,9.811961,9.191761,9.354742,9.329866,10.165896,9.00136,9.346758,8.750375,9.234604,8.926424,9.411565,9.313284,9.544119,8.737514,9.539326
"GNB2",8.539026,8.881313,8.765649,8.742151,8.892224,8.7669,9.091514,8.688501,8.681916,8.552483,9.196675,8.356781,8.881174,8.605209,8.609958,8.424957,8.509808,8.577172,8.53118,8.36906,8.767463
"SLC12A9",8.13475,8.387314,8.330188,8.10865,8.604798,8.2992,8.556702,8.218443,8.600379,8.067222,8.636493,8.133028,8.497444,7.916186,8.158497,8.17687,8.511178,8.48018,8.228918,7.945071,8.467497
"MUC12",7.889895,7.528871,8.292025,7.402158,7.875181,7.752852,7.803514,8.32444,7.590476,9.470787,7.459327,9.911152,7.998088,7.635218,7.240029,8.151119,9.184824,6.769668,7.674852,7.321399,7.349894
"ORAI2",8.317446,8.525014,7.859644,8.301516,8.691205,8.345867,8.629165,8.35055,8.478911,7.845095,8.855466,7.683284,8.552751,8.221793,8.486631,8.254541,7.985955,8.223318,8.047639,7.982425,8.377396
"FAM185A",7.511833,7.335559,6.910687,6.959129,7.059404,6.894577,7.25873,7.259164,7.383977,6.534633,7.026715,5.987811,7.078168,7.157221,7.37232,7.754502,7.612423,7.976125,7.377757,7.653122,7.144704
"NFE4",6.90142,7.038798,6.599775,6.397924,7.435802,6.754008,7.976435,6.687163,7.247591,7.240693,7.94297,7.407226,6.509317,6.208251,7.442155,6.190376,7.698578,7.180583,7.247681,5.880317,6.605842
"PMPCB",8.747689,8.667868,8.216665,9.045797,8.515821,8.949946,8.41388,8.393104,8.712751,8.145891,8.582037,7.045471,8.604426,9.212539,8.974742,8.723109,8.60485,8.92613,9.12308,9.091188,8.360574
"PSMC2",8.806403,8.1689,8.247094,8.483114,8.632268,8.802989,7.583601,8.653311,8.470999,8.048427,8.711367,7.471923,8.692514,9.399362,8.801296,8.915813,8.850998,8.527712,8.636951,8.692745,8.837307
"RINT1",7.324971,7.394163,6.869061,7.624951,7.104186,7.445478,7.149877,7.314653,7.424609,6.831257,7.077597,6.386969,7.373966,7.703836,7.385724,7.369049,7.358265,7.673356,7.545942,7.520446,7.384449
"PRKAR2B",8.841007,9.096986,9.190316,9.83468,9.381428,9.448777,9.792334,8.887621,7.942994,7.654311,8.23249,8.387628,8.213257,7.386441,9.841278,9.975701,7.895887,9.070446,9.327462,8.931381,9.163948
"HBP1",9.513953,9.549748,9.243702,9.508094,9.671508,9.799071,9.795466,9.346105,9.56443,9.112445,9.806343,8.083763,9.33442,9.762863,9.837183,9.456724,9.476047,9.80886,10.160601,9.683436,9.370051
"CBLL1",8.689018,8.62741,8.141097,8.844147,8.568392,8.832095,8.789744,8.698393,8.853221,8.071848,8.451927,7.852294,8.526668,8.664244,8.790464,8.91963,9.101029,9.107962,9.325696,9.056648,8.872001
"DLD",8.783162,8.489542,8.443725,8.741928,8.628298,8.863009,8.292911,8.563811,8.639061,7.938076,8.798936,7.470757,8.480883,8.86225,9.080238,8.98287,8.356497,8.866551,9.15473,9.062227,8.859144
"LRRN3",8.519574,7.701671,7.941573,8.809345,7.382698,8.455492,6.969453,8.612026,8.60755,8.493251,7.984834,6.488521,7.971574,9.354255,8.150764,8.634458,7.612664,8.639677,8.334369,8.547058,8.241194
"ZNF277",7.602959,7.195693,6.868742,7.60395,7.51186,7.552627,6.952902,7.343815,7.419315,6.807976,7.369724,6.688712,7.062215,8.175485,7.754709,7.732951,7.44517,7.63624,8.149674,7.897062,7.449916
"IFRD1",8.803121,8.622143,9.000158,8.555224,9.653862,9.293712,9.633635,8.738533,9.343896,8.86778,9.635808,8.112111,9.079362,8.794471,8.959065,8.637728,8.796915,9.413582,9.386187,8.756844,8.762973
"LSMEM1",6.157477,6.019848,5.563695,5.8039,6.814447,6.150559,7.216815,5.6149,6.20316,5.858766,7.09305,5.699191,6.026453,5.639648,5.788071,6.223759,6.328092,7.063318,6.681529,6.028278,5.789673
"CAPZA2",10.078172,9.220355,9.530365,9.756826,10.052629,10.17469,10.017815,9.465622,9.659578,8.980909,10.357035,8.889265,9.683679,10.337338,10.349121,10.073844,9.942679,10.152948,10.698283,9.942136,9.751316
"LSM8",8.452227,8.273741,7.697604,8.677744,8.405475,8.695951,7.846739,8.248957,8.350872,7.653713,8.067146,6.759253,7.761124,9.109031,8.55397,8.851487,8.560446,8.618558,9.154201,8.909958,8.181048
"ARF5",8.68797,9.157681,9.132939,8.733472,9.04141,9.107098,8.979465,8.931507,8.751303,8.650478,9.045028,8.503169,8.865708,8.87495,8.550928,8.469751,8.543913,8.301456,8.652368,8.495599,8.742014
"ATP6V1F",8.943935,9.312886,9.153647,9.081989,9.133883,9.063699,9.158285,9.103269,9.018433,9.468654,9.188796,8.934117,9.105754,9.242118,8.606242,8.576198,8.965386,8.651321,8.852908,8.592665,8.86468
"TSPAN33",7.605545,7.497279,7.736841,7.703793,7.678668,7.967211,7.840804,7.574659,7.583417,7.403023,7.724658,7.44788,7.673171,7.586401,7.945679,7.874015,7.491544,7.697869,7.813654,7.706874,7.912904
"MKLN1",9.634248,9.627943,9.21661,9.723435,9.568053,9.854853,9.7893,9.476394,9.830048,9.153026,9.539309,8.678084,9.600974,9.335295,9.660314,9.807415,9.581672,9.872476,10.092864,9.933854,9.759321
"BPGM",8.931804,8.678168,8.913778,9.716109,9.647666,8.824212,9.956032,8.561894,8.395579,7.716143,8.590234,8.118209,8.238138,8.538267,9.328067,8.703685,8.137775,9.263683,9.674608,10.559229,9.376441
"TMEM140",9.630087,9.954722,9.527708,9.736049,10.106713,10.097837,10.387604,9.862333,9.893645,9.450717,10.772336,8.760583,9.930452,9.597668,9.74359,9.420531,9.296886,9.585626,9.548692,9.158154,10.080852
"NUP205",8.445309,8.381291,8.353794,8.965152,8.269151,8.632439,8.404417,8.474144,8.459564,8.127744,8.052008,7.429112,8.52998,8.470453,8.74609,8.651595,8.374253,9.008723,8.576766,8.974989,8.771944
"AGK",8.178261,7.934074,7.14195,7.972319,7.656982,7.890091,7.362941,7.832611,7.991147,7.369512,7.432529,7.014193,8.095399,8.001283,7.951778,8.348725,8.212536,8.264023,8.127298,8.467616,8.105647
"SSBP1",9.242074,9.124541,8.411807,9.164783,8.929448,8.986703,8.178972,9.034905,9.175059,8.733942,8.98063,8.336063,9.031826,9.68175,9.214899,9.477597,9.010371,9.167507,9.277842,8.977871,8.897334
"TAS2R4",7.416594,7.802008,7.039113,7.759913,7.280531,7.031365,7.596145,7.253701,7.968899,7.309963,7.395552,6.793826,8.039042,6.564391,7.49972,7.875279,7.127377,7.476953,7.801754,7.793602,7.700572
"MGAM",9.379199,9.88966,10.013619,9.803206,10.442554,10.072959,11.686025,9.722855,9.469301,9.281013,11.051389,9.828221,10.351463,8.521722,10.138003,9.812792,10.22503,10.879809,10.914004,9.87438,9.632838
"MGAM2",6.861855,6.192162,6.170502,6.659887,7.158086,6.561988,8.319573,6.663541,6.60577,6.278057,8.467469,6.75974,6.967362,5.815453,6.629758,6.800868,7.487503,7.426305,7.686907,6.46256,6.833628
"PRSS2",4.652429,4.52674,4.568947,4.419789,4.56341,4.487687,4.997226,4.418968,4.390518,5.527048,4.104384,5.784214,4.511379,4.078086,4.040004,4.103374,5.317222,4.90356,4.8175,5.299728,4.254104
"TAS2R39",5.102287,5.093207,4.984506,5.004573,5.452879,4.882737,5.143705,5.190272,4.789203,6.556419,4.871526,6.670381,4.937522,4.608374,5.050775,5.297986,5.427462,4.790113,4.854213,4.99156,5.142531
"GSTK1",9.594518,9.900217,9.333027,9.932848,9.673181,9.670834,9.383043,9.597801,9.863794,9.480282,9.727701,8.678812,9.793203,9.812667,9.568409,9.634332,9.634768,9.651521,9.691045,9.891013,9.705382
"ZYX",9.189866,10.059952,9.72214,9.573102,9.912853,9.709324,9.97744,9.558152,9.539404,9.702884,9.833556,9.518571,9.551347,8.764946,9.95804,9.595258,9.940922,10.177085,10.0849,9.33593,10.293202
"TAS2R60",5.410898,5.930303,5.615468,5.937166,5.396774,5.406365,6.076251,5.557817,6.275596,5.921686,6.244335,5.952138,6.318793,5.263942,5.608243,5.562473,5.620654,6.016649,5.923039,5.569022,5.935178
"OR2F2",4.897805,4.958888,4.964748,4.886511,5.120299,4.68411,5.063776,4.959507,4.206345,5.361402,4.63553,6.259084,5.012737,4.810949,5.28645,5.046658,5.217929,5.007022,4.975725,4.993426,4.864675
"OR6B1",5.721209,5.632696,5.607606,5.245863,5.366253,5.75429,5.678974,5.756293,5.968519,6.366076,5.567279,7.189176,5.90209,5.645962,5.63192,5.673711,6.037729,5.815868,5.768275,6.124293,5.729462
"OR2A5",5.012272,4.97921,5.308599,5.090769,5.506961,4.889966,5.092499,5.126778,5.266134,5.903792,5.235187,6.844301,5.197711,5.131258,4.846999,5.605324,5.719231,5.192694,5.346564,4.881859,5.2897
"OR2A14",6.211868,6.059128,5.965696,5.93376,6.017004,6.228277,5.790001,6.141088,6.049804,6.330295,5.963329,6.532153,5.591402,6.260445,5.803451,5.864515,5.753539,5.693089,5.700734,5.795493,5.287321
"MPLKIP",10.790205,10.08483,10.419666,10.480842,10.463431,10.085275,10.002676,10.317309,10.741202,10.74636,9.896518,10.889973,10.612912,10.523064,10.286672,10.863949,10.919373,10.577626,10.56379,10.717001,10.218921
"ATP6V0E2",8.083337,8.065045,8.256004,8.039202,7.992605,8.054623,7.975761,8.181846,7.992429,7.92478,7.676562,7.972123,7.969567,8.2257,8.100365,7.874325,8.064052,7.642284,7.894753,8.058984,7.992564
"GIMAP8",8.716887,9.202442,8.446973,9.361072,8.579144,8.646582,8.685655,8.881492,8.897432,8.52635,9.083424,8.17198,8.911309,8.526506,8.683152,8.780808,8.523461,8.717846,8.321822,8.72402,9.341051
"GIMAP7",10.504689,10.042563,9.764817,10.015484,10.158445,10.23111,8.423425,10.083525,10.126615,10.266237,10.010952,9.151091,10.150671,11.13973,10.417893,10.512425,10.109629,10.409945,10.289492,10.243043,10.265957
"GIMAP4",10.351249,10.305896,9.844041,9.861603,10.232238,10.354815,8.792505,10.570007,10.234473,10.093079,10.459239,9.269542,10.151253,10.453192,9.988374,10.229585,9.989569,9.999253,10.162408,10.070542,10.558387
"GIMAP2",10.258791,9.185778,9.011315,9.851269,9.72425,9.975796,9.214757,9.864666,9.849042,9.416186,9.92958,8.220342,10.032005,10.804217,9.772749,9.721126,9.747707,9.645516,10.194805,10.086565,9.636962
"TMEM176A",7.967338,5.818681,6.343971,6.383614,8.135845,8.043282,6.948155,7.29637,6.062856,6.946491,5.868251,7.451127,7.697154,7.215811,6.468116,6.810475,7.718997,8.487849,8.093548,6.872735,8.131321
"ADAP1",7.662644,7.680642,7.373951,7.343432,7.707168,7.5848,7.836398,7.372955,7.731953,7.34778,7.882295,7.026022,7.645324,7.393469,7.526659,7.772411,7.460771,7.608237,7.713501,7.420663,7.909221
"ACTB",12.61458,13.328942,13.131247,13.255793,12.886025,13.144005,13.242693,13.062175,12.863217,12.916842,13.08017,12.798035,13.017469,12.481185,12.895561,12.985947,13.01373,13.188132,12.85493,12.69059,13.105969
"KDELR2",8.540095,8.881101,7.9713,8.83662,8.630471,8.567161,8.570777,8.765517,8.756868,8.344847,8.915167,7.578197,8.73469,8.817594,9.051728,8.863102,8.974612,8.931556,9.068951,8.432792,8.809759
"ZNF12",8.629352,8.392367,8.019493,8.612839,8.543263,8.656366,8.214686,8.492709,8.384929,8.008291,8.416585,7.070773,8.371072,8.974774,8.179578,8.405791,8.26912,8.36139,8.880428,8.493264,8.418165
"NDUFA4",7.740782,6.508435,6.725819,7.715666,7.67822,7.746957,7.003087,6.979811,7.00943,7.019753,7.617357,6.383538,7.470035,8.722878,7.574381,7.38051,7.983784,7.725621,8.234931,8.419607,7.562261
"ANKMY2",7.102442,6.968429,6.489753,7.003008,6.958518,6.983356,6.238381,6.848478,6.89295,6.290469,6.803412,6.08623,6.874111,7.142381,6.883969,7.465492,6.545846,7.168685,7.232523,7.383752,7.240278
"SNX13",8.908328,8.76848,8.60146,8.818228,9.128218,9.204157,9.368569,8.41401,8.984984,8.415998,9.103572,7.688624,8.802528,8.94912,9.076765,8.915672,8.887246,9.113484,9.642388,9.272848,8.662291
"CDCA7L",8.76884,7.352465,7.77205,8.892367,7.694294,8.642338,7.006136,8.451916,8.671006,7.453287,7.987487,7.341689,8.217997,9.124084,8.423112,8.688159,8.067236,9.063388,8.118657,7.904314,8.078672
"FAM126A",8.032477,8.115245,7.210984,8.343126,7.720715,8.089351,7.722376,7.83236,8.048992,7.364493,7.842699,6.820955,7.833334,8.707162,8.070067,8.544294,8.329454,8.515333,8.935676,8.861611,7.943053
"IGF2BP3",5.444621,5.407158,5.166317,5.68486,5.595911,5.605739,5.60392,5.248278,4.776312,5.211715,5.209628,5.596436,5.01995,5.227003,5.955449,6.382571,5.68925,5.667815,5.771947,5.63137,5.905293
"TRA2A",10.370268,10.1835,9.786781,10.301888,10.099507,10.201069,9.941951,10.22254,10.276811,9.869342,10.348897,9.026782,10.210027,10.291712,10.170607,10.297733,10.041512,10.218601,10.122963,10.057023,9.662718
"CYCS",8.34768,8.013963,7.722578,8.041778,8.073671,7.707628,7.293602,8.025371,8.101046,8.107456,7.622459,7.164014,7.845069,8.298255,8.262334,8.361568,8.164778,7.784218,8.114788,8.219646,8.029561
"HNRNPA2B1",10.918642,10.964402,10.734752,11.125313,10.717958,10.962307,10.149006,10.921492,10.942119,10.709292,10.861052,10.193689,11.020434,10.712425,10.879093,11.174394,10.677064,11.081954,11.13819,10.635511,10.954601
"SKAP2",9.70364,10.199925,9.680401,9.591761,10.22557,10.16771,10.535308,9.215321,9.911198,9.169874,9.955252,9.844672,10.004138,9.354022,10.692515,9.932979,10.098545,10.406366,10.778671,10.295884,10.046715
"HOXA2",5.690372,5.696481,5.662945,5.573348,6.426802,5.670062,5.900553,5.674378,5.999658,6.655633,5.656809,7.393524,5.658567,5.843881,6.122007,5.731706,6.478228,5.346681,6.011468,5.70243,5.691307
"JAZF1",8.862216,8.997156,8.711502,9.55792,9.117124,8.645812,9.214386,8.460446,8.794247,8.12339,8.790434,8.890313,8.731836,8.540523,9.493306,9.253463,8.716862,9.259304,9.295744,9.492281,9.047606
"CPVL",8.82537,9.354959,8.794517,9.384538,9.102077,9.030741,9.035696,8.928128,9.151683,9.057431,9.68237,8.289246,9.377644,8.600221,9.458538,8.99152,9.267651,8.361524,9.542446,9.049226,8.853997
"LSM5",6.218435,6.104314,5.678807,6.280305,6.266193,6.335681,5.498039,5.966152,6.276679,5.948106,6.082887,5.219978,6.100392,7.218017,6.795455,6.659458,6.425881,6.25687,6.92966,6.788949,6.340725
"KBTBD2",9.090247,8.869966,8.493633,9.114661,9.062916,9.054776,9.286481,8.830714,9.181548,8.473022,9.200873,7.684033,9.096219,8.974372,9.1699,9.020677,8.798754,9.322549,9.448949,9.009214,8.896358
"NT5C3A",6.816641,7.487936,6.903411,7.707228,6.948557,7.224007,7.484108,7.262921,7.591086,7.574426,7.372747,7.748701,7.244946,7.195536,7.086665,7.004673,8.059171,6.532926,7.676497,7.834571,7.047383
"DPY19L1",7.081917,7.281109,6.910143,7.701895,7.07203,7.369176,7.253004,7.412427,6.81929,6.944661,6.976457,6.411427,7.223782,6.875,7.51744,7.747403,7.731849,7.377958,8.122374,7.980755,7.979437
"TRGV7",7.09417,7.177671,6.90908,6.594117,6.912654,7.238037,7.08911,7.046608,6.893006,6.414475,6.741643,6.88535,7.005111,6.98808,6.653502,7.749181,7.134592,7.230699,7.603112,7.736657,7.096269
"TRGV5",7.012601,7.188501,6.924238,6.332758,6.359414,7.007309,6.520586,6.50302,6.633187,6.854207,6.484948,7.188684,6.165643,5.654808,6.678456,7.793283,6.422932,7.030243,7.082139,8.221328,6.825043
"TARP",8.138474,9.131315,8.262447,7.721131,7.498194,9.084176,7.16698,8.499291,8.114099,8.288171,7.714608,7.864357,7.61454,8.895622,8.06265,8.396947,8.05143,7.6852,7.839331,9.17919,7.722081
"FAM183BP",6.846149,6.272293,7.069438,6.314993,6.374204,7.239851,6.667987,6.876005,6.425321,6.856038,6.887654,6.939402,6.321141,5.818256,6.989244,5.922264,6.551691,6.701666,6.476602,6.797188,6.754866
"VPS41",9.223429,9.577973,9.258506,9.372895,9.327873,9.513719,8.958356,9.381843,9.428938,8.975177,9.422002,8.369411,9.472843,9.353695,9.602791,9.635509,9.219228,9.74621,9.602018,9.651892,9.401091
"C7orf25",6.997068,7.071957,7.19077,7.14937,7.429827,7.396797,7.114638,7.185609,7.13013,6.71556,7.414327,6.013894,6.960804,7.356316,7.474872,7.574275,7.300977,7.783551,8.147675,7.413769,6.627961
"PSMA2",7.299181,6.821738,7.055008,7.189877,7.457203,7.749083,6.539742,6.675403,6.944134,6.702365,7.363242,6.311995,7.126068,8.614954,7.084755,6.903837,7.52198,7.159059,7.749216,7.352912,7.016508
"COA1",9.481367,9.473674,8.876342,9.522792,9.403569,9.546439,9.57681,9.669803,9.667306,9.178996,9.573786,8.064386,9.580716,9.789346,9.46523,9.246954,9.364541,9.616621,9.531431,9.534451,9.515698
"TMED4",8.735702,8.858207,8.439667,9.048062,8.595154,8.965094,8.658085,8.863349,9.027541,8.270759,8.803707,7.826747,8.965488,9.109761,8.621068,8.999954,8.477913,8.647942,8.750843,8.624618,8.737436
"MYO1G",8.721291,9.317122,8.567065,9.221327,8.705244,8.886816,8.459015,8.860294,9.226547,8.536896,9.000483,8.077644,9.126463,8.973315,8.629664,8.9843,8.896433,8.865431,8.732632,8.671977,9.196913
"SNORA5A",8.091737,7.509053,6.935113,7.936547,8.007616,8.191047,7.538794,7.704983,8.621008,7.610534,7.858022,6.456722,8.262498,9.060524,7.30467,7.569907,7.565324,7.484243,7.593385,7.626883,7.453125
"FIGNL1",6.970357,6.747832,6.545925,6.978947,6.483945,6.993477,6.340495,6.515736,6.658233,6.37979,6.160513,6.063846,6.776431,7.418242,6.871894,7.020115,6.508801,7.313908,7.056744,7.218426,6.341173
"SEC61G",8.805032,9.109063,8.118772,8.358761,8.869876,9.092903,7.707335,8.620837,8.645059,8.660518,8.890236,7.86963,8.452274,9.499654,8.047433,8.59304,8.450213,8.335042,8.593963,8.408445,8.298696
"CHCHD2",9.179558,8.800365,8.360911,8.925857,9.291439,9.4746,8.778455,9.112912,9.217224,8.406375,9.192568,8.308309,8.918144,9.908694,8.581665,8.269175,8.546536,8.257988,8.470262,8.392714,8.707636
"ARAFP2",6.261174,6.063687,6.177822,5.844391,6.426423,5.832386,6.210413,6.140331,5.896399,7.324876,6.094226,8.17886,6.079256,5.972684,5.657189,6.271866,7.032642,6.082861,5.918529,5.795169,6.068672
"ZNF680",6.275321,6.007598,5.548218,6.03022,5.694674,6.09491,5.52523,5.643575,6.130619,5.032693,5.448036,5.322478,5.580861,6.913145,6.286982,6.381353,6.221979,6.876884,6.817512,7.222835,5.977195
"ERV3-1",9.543085,9.389509,9.515535,8.480779,9.658296,9.307435,9.943442,9.329842,9.839196,9.050186,9.640505,8.843308,10.107498,9.292567,9.324367,9.565865,9.92135,9.950943,10.136171,9.695505,8.991996
"LINC00174",6.263093,6.784536,6.41487,6.753978,6.321845,6.701064,6.521721,6.554945,6.35018,6.766542,6.502419,6.514255,6.37734,5.726765,6.85058,6.508787,6.689182,6.932691,6.879977,6.927281,7.153876
"SPDYE7P",7.744446,7.380559,7.684731,7.407311,7.54177,7.495732,7.460957,7.44207,7.947448,8.623064,7.558411,9.507106,7.837708,6.866576,7.230297,8.086854,8.504296,7.052185,7.413965,6.883334,7.461429
"NSUN5",8.261881,8.159495,8.074755,8.225679,7.999493,8.075058,7.98773,8.200407,8.167886,8.13764,8.056062,7.974255,8.122201,8.136182,8.100907,7.986069,8.032979,8.142811,7.905727,8.018151,8.425126
"HIP1",6.772312,7.511745,7.039526,6.78609,7.969162,7.658011,7.280789,7.066386,6.636698,7.323266,7.758999,7.170104,7.082429,6.858766,8.096603,7.70653,7.129032,7.620213,7.685761,6.77955,7.407046
"FDPSP2",6.226466,6.619291,6.37536,6.351268,6.380613,6.547681,5.351432,6.278315,6.407281,6.489011,5.972426,6.488574,6.401581,6.690488,5.8729,6.123917,6.084705,5.668236,5.594674,5.28698,5.450919
"FGL2",11.522818,11.828481,11.641796,11.58626,11.841161,11.971942,11.766748,11.907016,11.694807,11.547255,12.197353,11.248555,11.787716,11.402135,11.715686,11.551455,11.444863,11.257004,11.90793,11.631619,11.731525
"GSAP",8.100897,8.370761,7.896296,8.334937,8.121316,7.94895,8.75862,7.872741,8.046655,7.495052,8.22706,7.486276,8.69523,8.57109,8.540865,8.963958,8.453871,8.884925,9.0279,9.109973,8.375434
"ELAPOR2",6.980164,7.298136,6.091573,7.82078,6.179868,7.037351,6.450635,6.643544,7.375475,7.023866,6.83031,7.005704,6.999316,6.550712,7.049153,8.202352,6.701586,7.289777,6.143398,7.519625,7.186004
"ABCB4",7.067449,6.702053,6.623558,7.640244,6.846023,7.253807,6.181341,7.054736,7.449785,6.729478,7.159573,6.640001,7.30451,7.537189,7.144494,7.387698,6.970251,8.038761,7.223309,6.852183,6.655714
"SLC25A40",8.507062,8.564919,7.358529,8.678497,8.202643,8.470456,8.583275,8.118631,8.526567,7.703383,8.624362,6.89963,8.379401,8.309748,8.478872,8.657308,8.419421,8.753483,9.248672,8.634123,8.236767
"SRI",8.678608,8.750639,8.54015,8.746686,8.575899,8.858242,8.265301,8.242283,8.724015,8.163956,8.694165,7.551962,8.499167,8.821936,8.619013,8.428182,8.451822,8.240459,8.749654,8.683341,8.431363
"STEAP4",9.489914,10.145963,9.782389,9.273132,10.620147,10.686419,11.264938,9.59533,10.494215,10.122919,11.082232,10.11885,9.821452,9.47217,10.387062,10.06844,10.320135,10.602752,10.780923,9.629249,9.478539
"MTERF1",6.728472,6.47724,6.135151,6.775021,6.569634,6.938997,6.232456,6.807574,6.714351,5.96741,6.639724,5.853869,6.118034,7.528519,7.036998,6.949297,6.741226,6.811507,7.305345,7.232094,6.729588
"CYP51A1",7.190607,7.203287,7.963794,7.348858,6.724771,6.840907,7.030948,7.17575,7.230703,7.051812,6.818813,6.922788,6.829066,7.065128,6.060379,6.710934,6.339011,7.558491,6.781451,6.099054,7.201244
"ERVW-1",5.885887,5.955507,6.150449,5.45005,5.722027,5.713105,5.459491,5.811333,5.995784,6.560391,5.690805,7.465457,5.590509,5.323759,5.008576,5.765076,6.172098,5.842845,5.35434,5.567361,5.221298
"SAMD9",8.914275,8.641904,9.103843,9.555362,9.460509,10.25802,9.14926,9.031013,8.693138,8.310286,9.48031,7.506632,8.493222,10.330919,9.38678,9.352881,9.575979,9.397615,9.922851,9.81255,10.476619
"SAMD9L",9.422241,9.020832,8.793948,9.889033,9.711649,10.110914,9.608285,9.69296,9.325029,8.72497,10.191893,8.118766,9.963227,9.798707,9.383502,9.498076,9.985373,9.678963,9.65598,9.88861,11.009668
"BET1",7.670463,7.27549,6.789639,7.839037,7.556673,7.748634,7.132297,7.372424,7.400042,6.960212,7.503104,6.539943,7.087148,7.962182,7.864548,8.033445,7.575951,8.012251,8.164302,8.180479,7.537897
"PDK4",7.768857,7.088063,8.132615,9.150097,8.594103,8.294119,8.825581,7.313561,7.949108,8.140091,8.854572,7.186041,7.959429,8.167452,8.020106,6.998168,7.940565,7.399931,8.832252,8.101352,8.535138
"CCZ1P-OR7E38P",9.522319,9.224533,9.108174,9.019385,9.198088,9.062202,9.153489,9.410437,9.558662,9.595056,9.117825,10.043311,9.465753,9.152255,9.026577,9.068344,9.824119,9.52012,9.419612,9.30491,9.252699
"FAM200A",5.65953,5.50294,5.224856,5.807019,5.55313,5.900899,5.449272,5.195532,5.722855,5.006798,5.704348,4.748691,5.65243,6.703288,5.165529,5.838517,5.52527,5.813495,5.772759,6.169338,5.227589
"CYP3A4",3.895608,4.297499,3.965672,4.124884,4.301094,4.208318,3.902616,4.272482,3.776263,4.37636,3.93929,4.829565,4.006893,4.062383,4.406115,4.312314,5.196399,5.044686,3.91534,4.381636,3.687124
"PMS2P1",8.877379,8.990299,8.609184,9.269666,8.490323,8.814372,8.280873,8.681662,9.139731,8.408539,8.466004,8.2232,8.93938,8.886486,8.859326,9.579512,8.981121,9.26869,9.114963,9.082571,9.195294
"FBXL13",7.072261,6.986561,6.849633,6.386495,7.454136,7.344987,8.487889,6.770607,7.385629,6.252328,7.859316,6.12773,6.674575,6.028942,7.806475,6.383238,7.565001,7.837681,7.782635,5.963325,6.450807
"NAPEPLD",7.793983,7.430275,6.69488,7.790431,6.984455,7.370694,6.93279,7.207173,7.281903,6.437775,6.849935,6.152601,7.196839,7.542443,7.280659,7.840671,7.177962,7.671182,7.437367,7.812963,7.313472
"ORC5",7.946,7.643132,7.28619,8.236791,7.873499,8.086316,7.545469,7.816073,7.818681,7.286729,7.602581,7.009194,7.602803,8.310691,7.92218,8.196823,8.095245,8.147314,8.434025,8.521303,7.748654
"SRPK2",9.829029,10.275193,9.774363,9.92914,9.926291,10.094668,10.41415,9.92656,9.973589,9.614943,10.117844,9.510801,10.231673,9.49204,10.187442,10.151353,10.030739,10.38107,10.390871,9.89201,9.81625
"PUS7",6.051396,6.072565,5.636864,6.253131,5.851898,6.294529,5.490954,5.635759,5.934622,6.018509,5.915757,5.423868,6.165982,6.285453,6.388842,6.664898,5.901943,5.876219,6.208232,5.85704,5.752739
"ATXN7L1",7.807644,7.589127,7.286335,7.865141,7.606814,7.645714,7.563368,7.658181,7.846789,7.674102,7.588944,7.696198,7.727141,7.871941,7.716917,7.817274,8.092942,7.631866,7.860077,7.78273,7.855452
"SYPL1",9.597772,9.581167,9.061064,9.90987,9.213216,9.790884,9.152115,9.505368,9.68581,8.98404,9.291,8.579972,9.394801,10.044918,9.889529,10.000322,9.677948,10.067511,9.946635,9.986575,9.569141
"PNPLA8",8.067954,7.734425,7.398083,7.989957,8.128945,8.23709,7.99928,7.674142,7.898158,7.118664,8.151448,6.750719,7.612569,8.702097,8.3209,8.367174,8.195426,8.233422,8.839088,8.347947,7.733927
"C7orf66",4.683828,4.618242,4.930809,4.732808,4.702066,4.417495,4.864835,4.912671,4.736928,5.786849,4.747188,5.99065,4.843577,4.835122,4.603877,5.112967,5.050228,4.938782,4.88667,4.707464,4.775198
"IMMP2L",5.686066,5.137758,4.910382,5.790778,5.256398,5.344668,5.1623,5.434983,5.670335,5.087856,4.95672,4.886483,5.579404,5.542222,5.397499,5.544037,5.16787,5.380705,5.580843,6.017231,5.115758
"DOCK4",7.300213,7.451223,6.978865,7.210822,7.691731,7.628572,7.909423,7.290013,7.446796,6.676846,8.91373,7.017928,8.090043,6.759043,7.646959,7.274953,7.663404,7.608159,8.135135,7.264815,8.582675
"TMEM168",9.208694,9.169237,8.700269,9.426114,8.948789,9.218464,8.955801,9.031802,9.281094,8.739389,8.65998,7.976334,8.979171,9.275871,9.279074,9.441979,9.090718,9.377667,9.729147,9.72044,8.731685
"SMIM30",6.953214,6.259397,6.83602,6.964591,6.790463,7.237527,6.530329,6.603432,6.483897,6.841986,6.595414,6.443938,6.679224,7.984806,7.405405,7.327541,6.949391,5.791274,7.016582,6.917026,6.815471
"TFEC",6.94623,6.981029,6.657705,7.264856,7.464452,7.4868,7.327731,6.813295,7.145359,6.566287,8.092376,6.226611,6.899063,7.201417,7.513856,7.416096,7.499464,7.275213,8.152121,7.613981,8.061233
"TAS2R16",4.015257,3.830259,4.333312,3.552442,4.188499,3.531736,4.357996,4.0396,3.989237,4.029384,4.022476,4.670824,4.081785,4.026904,3.633485,4.188964,3.851925,3.591081,3.923571,3.937206,4.130998
"NDUFA5",6.862138,6.458746,6.484761,6.721094,6.993221,7.158766,6.181024,6.420857,6.330847,6.098773,6.376907,6.096774,6.348253,8.077236,7.050671,6.787389,6.477276,6.706861,7.526211,7.91883,6.589289
"TMEM229A",5.71795,5.307901,6.359087,5.521644,5.705876,5.468569,5.569191,6.383896,5.234073,5.221287,5.498414,5.536905,5.566142,5.561148,5.9505,5.694808,5.579376,4.800776,5.635501,5.667426,6.301213
"POT1",7.191305,6.762085,6.607905,7.582104,7.285159,7.57231,7.027927,6.824472,7.098842,6.383632,6.950494,5.509713,6.767975,8.131024,7.013894,7.355448,7.28355,7.497691,8.243492,7.9248,7.16862
"LRRC4",7.323325,7.655766,7.805317,7.065724,8.029969,7.788284,8.060881,7.54808,7.731621,7.386973,8.092907,7.034658,7.768939,7.029248,7.536918,7.403616,7.534334,7.398078,7.696985,7.001616,7.816718
"CDC26",7.560325,7.187422,6.66687,6.568543,7.236688,7.174494,6.119813,7.137591,7.145817,6.898909,7.476121,6.656325,7.459513,7.666529,7.373763,7.524914,7.350408,7.184655,7.076858,7.420297,7.193909
"TMEM209",8.464639,8.515348,8.063806,8.898015,8.208157,8.456816,8.278582,8.253738,8.368819,7.999297,7.985844,7.268332,8.381744,8.430499,8.539523,8.736048,8.630052,8.960185,8.843062,8.900412,8.551344
"MIR29A",4.656478,5.539009,4.325378,4.48175,5.531412,4.537757,5.830528,4.720948,5.162118,4.396833,5.073452,3.788428,5.293435,4.512909,4.902435,5.526813,4.895158,5.953195,6.0198,5.756709,4.672767
"MIR29B1",3.316227,3.902648,3.129185,3.289286,3.852766,3.224123,4.3311,3.263612,4.224526,3.384348,3.701088,2.946901,4.078999,3.245456,4.190611,3.507208,4.100593,3.975987,4.67863,3.873193,3.862382
"CHCHD3",7.694378,7.448492,7.497975,7.448995,7.339696,7.496994,6.704488,7.633416,7.433001,7.345538,7.49303,6.205423,7.628738,7.884356,7.533724,7.418346,7.377638,7.620138,7.567852,7.515722,7.29428
"AKR1B1",8.066501,8.265338,7.721471,8.292683,7.703845,8.312091,7.422096,8.198254,8.109838,7.808802,7.889421,7.285316,7.884908,8.525609,8.034352,8.119444,7.945427,8.073138,7.957785,8.431726,7.964414
"HIPK2",8.022102,8.376482,8.263326,8.411894,7.982845,8.081788,8.274058,8.231945,8.035896,8.060814,8.121745,7.864357,8.344477,7.918039,8.144589,8.485957,8.226528,8.637494,8.129731,8.107103,8.704666
"PARP12",8.866705,8.743277,8.349642,9.045047,8.826039,8.894756,8.763151,8.722572,8.986428,8.517869,9.355081,7.921477,9.161654,9.150927,8.753584,8.867363,9.01979,8.657167,8.663861,8.858421,10.103679
"MKRN1",11.812718,11.667112,12.042854,12.069833,12.109771,11.408878,11.69057,11.682859,11.374403,10.761721,11.341045,11.486026,11.234118,11.042026,11.996608,11.600123,10.861733,11.945065,12.122763,12.320504,11.655765
"MRPS33",7.095745,6.528151,6.24132,6.948212,7.060088,6.998176,6.006936,6.715259,6.888928,6.555515,6.805851,6.409976,6.62272,8.20196,6.719481,6.896742,6.87449,6.663927,6.724257,7.064637,6.79623
"DENND11",8.360477,8.053282,7.711861,8.709561,8.061596,8.189431,8.028183,8.048241,8.517021,7.675992,7.610632,6.964327,8.478094,8.261358,8.298181,8.386445,7.950134,8.855181,8.293928,8.407089,8.092289
"CLEC5A",5.825874,5.649085,5.561982,5.574645,5.782654,5.953867,5.974413,5.684153,5.74761,5.768034,6.91112,6.186194,5.913812,5.529928,5.571891,6.496089,6.122581,5.890606,6.052114,6.037547,6.932484
"OR9A2",5.243343,4.901004,4.932753,4.810484,4.746145,4.861221,4.866249,4.793108,4.852849,6.162007,4.902022,6.790124,5.079895,4.826797,5.213291,5.382142,5.540176,5.034968,5.188964,5.021745,4.730429
"TCAF1",5.946023,5.363628,6.076998,6.089959,6.091897,5.716526,5.76941,6.229371,5.182445,5.93135,5.984144,4.614369,6.110767,6.577615,5.748791,5.6875,5.028746,6.086636,6.17031,4.892702,6.105972
"TPK1",7.50665,7.71809,6.724773,7.641983,7.219061,7.326274,7.794445,6.79128,7.482464,6.89824,7.182177,6.3926,7.364915,7.258387,7.718819,7.621685,7.365839,7.445106,8.157493,8.328341,7.384755
"PDIA4",8.438128,8.639548,8.437319,8.844617,7.974796,8.61261,7.928206,8.718696,8.457575,8.082197,8.416524,7.423239,8.66619,8.369946,8.512647,8.771634,9.130941,9.109171,8.055289,8.441792,8.628254
"ACTR3C",7.784931,7.754288,7.033626,7.087219,8.011316,7.714007,7.159551,7.588581,7.898838,7.270531,7.375894,6.592019,7.657799,7.177195,7.573633,8.018609,7.576623,7.267579,8.020875,7.218786,7.468364
"TMEM176B",9.464435,7.505734,7.852904,7.783278,9.567325,9.198819,8.050371,8.603974,7.539553,7.79735,7.60494,8.699658,9.148917,8.82842,7.903118,7.717841,8.28796,9.267755,8.69707,7.89936,8.984907
"IQCA1L",4.82768,4.488081,4.945207,5.240521,4.784338,4.431078,5.668615,4.92354,4.409331,4.344745,4.388913,4.214373,4.368415,4.937501,4.612294,4.426812,4.691997,4.543084,4.464841,4.191399,5.621995
"RHEB",7.563707,7.389757,6.894122,7.46491,7.448271,7.377984,7.576983,6.978089,7.401001,6.837172,7.599285,6.092685,7.426605,7.634863,7.244344,7.954125,7.448601,7.572744,7.916341,7.624047,7.6601
"ERVFC1-1",6.27702,5.953503,6.422858,5.894234,6.440016,6.127606,5.796561,5.885307,5.934453,6.809119,5.60835,7.548418,5.926343,5.657802,5.687634,6.200855,6.642135,5.134627,5.694724,6.055692,5.944276
"THAP5P1",3.911332,3.679649,3.511772,4.250901,3.865192,4.049838,3.700976,3.97444,3.804525,3.498375,3.492443,3.469438,4.007691,4.766441,4.035613,3.959822,3.658516,4.334984,4.740897,3.524205,3.780899
"NCAPG2",6.92006,6.810544,6.6864,7.144023,6.525453,6.909022,6.802738,6.793332,6.9185,6.502923,6.392328,6.340449,7.196753,6.912606,6.983934,6.962463,7.25267,7.241629,7.21029,7.025105,7.177786
"AGPAT5",8.317874,7.951015,7.770962,8.649077,8.030989,8.403216,7.750648,8.167254,8.139995,7.623683,8.001869,7.218833,8.133552,8.855755,8.463099,8.522306,8.128004,8.472005,8.482345,8.719737,7.930451
"MICU3",6.457427,6.245318,5.775076,6.458689,6.359648,6.495665,5.367869,6.430835,6.277039,5.67978,5.758008,5.505405,5.80985,6.799654,5.890306,6.284818,5.837232,7.271257,7.204885,6.839129,5.949521
"PCM1",9.212328,8.981611,8.751235,9.436272,8.822266,9.327884,8.768777,9.127214,9.123072,8.41637,8.730216,7.792315,8.994205,9.009145,9.153733,9.330092,8.886215,9.435159,9.54448,9.715063,9.181909
"INTS10",8.541295,8.211912,7.988524,8.620918,8.339042,8.569212,8.271354,8.298925,8.607593,8.085229,8.396597,7.39247,8.611702,8.64427,8.265895,8.620765,8.539728,8.642923,8.830813,8.431458,8.492367
"DMTN",9.766757,9.530296,10.241553,10.482397,10.008956,9.515163,9.306527,9.701329,9.261031,8.294683,9.407646,9.222606,8.890124,8.633138,10.681306,9.596379,8.698974,9.620957,10.282009,10.479982,10.187659
"POLR3D",7.764764,7.477971,7.573493,7.929505,7.200525,7.700099,7.167069,7.653487,7.705952,7.588919,7.586461,7.136319,7.91667,7.827711,7.503039,7.490998,7.631201,7.749535,7.467055,7.469365,8.013518
"PPP3CC",9.545614,9.225599,8.837984,9.476831,8.900149,9.327677,8.681812,9.391255,9.359794,8.814873,8.657672,8.08334,9.421313,9.591592,9.514853,9.713324,9.597431,9.821513,9.696368,9.589076,9.284524
"SLC25A37",11.552624,11.40727,11.678116,11.935248,11.927126,11.583953,11.904581,11.464722,11.231967,10.634752,11.626529,11.312204,11.144084,10.652895,11.882903,11.23921,11.122406,11.642353,11.944306,11.906477,11.333308
"ADAM28",8.617786,8.970151,8.706199,9.43673,8.460297,8.890485,8.544539,8.43827,9.191319,8.559255,8.361842,8.203501,8.726929,8.929987,8.784815,9.026492,8.46662,9.843354,9.563463,9.282253,8.301057
"DOCK5",9.542021,10.029446,9.736503,9.006387,10.257143,9.829342,11.253081,9.558845,10.037435,9.60635,10.631027,9.393923,10.339893,9.043989,9.890168,9.39111,9.817734,10.254118,10.292459,9.312292,9.574144
"BNIP3L",11.395109,11.562181,11.875486,12.150493,11.836997,11.948896,11.96339,11.277282,11.166034,10.57469,11.293477,11.000393,11.011673,11.048482,11.459169,11.295303,10.718589,11.664081,12.02332,12.333915,10.790898
"FZD3",6.561822,6.159217,6.166264,6.271217,6.005822,6.606809,5.896305,6.046502,6.476071,6.376482,6.047485,6.055309,6.202997,6.400424,6.702856,6.123301,6.830538,6.783537,6.679343,7.06466,6.148436
"LEPROTL1",10.536058,10.400859,9.963586,10.729735,10.114877,10.496278,10.172468,10.220499,10.524508,10.180803,10.119768,8.965433,10.2766,10.865016,10.319099,10.518516,10.381953,10.698886,10.728121,10.709316,10.409193
"DCTN6",6.519792,6.165876,5.922521,6.405576,6.35205,6.233432,5.908976,6.315414,5.997123,6.082271,6.667439,5.782292,6.381718,7.01944,6.708841,6.748659,6.696906,6.424996,7.140286,7.028168,6.652102
"WRN",7.105754,6.919942,6.866075,7.740168,6.970965,7.243536,6.771205,7.182234,7.112709,6.575653,6.595604,6.265208,6.873118,6.987874,7.154778,7.506226,7.117617,7.496477,7.818951,8.231174,7.036781
"MAK16",7.94341,7.553536,7.159675,7.778295,7.382894,7.741956,6.703136,7.697086,7.793529,7.142147,7.504654,7.171662,7.699849,8.198687,7.854267,7.938867,7.653886,7.978516,8.050035,8.018592,7.787655
"PLEKHA2",9.62734,9.528116,9.143984,9.83658,9.122264,9.620217,9.158028,9.594333,9.760084,9.075454,9.724961,8.552214,9.671909,9.919929,9.268408,9.652431,9.316725,9.620096,9.172738,8.952841,9.454278
"IDO1",5.683094,5.391426,6.156141,6.877849,6.026703,7.402051,5.264656,6.384689,5.925644,6.841273,5.652296,5.15844,6.1642,6.389322,5.70322,5.47518,5.481841,6.145241,6.165308,5.524469,5.277429
"AP3M2",8.106184,7.700709,7.797447,8.473898,7.767037,7.854152,7.645612,7.70303,7.822202,7.639505,7.415367,7.394547,7.937911,7.843044,8.076243,8.193104,7.962408,8.451485,8.445008,8.48262,8.015035
"POLB",8.152721,8.12805,7.972067,7.936876,8.431308,8.671306,8.469836,8.145361,8.284406,7.738569,8.781988,7.033331,8.83777,8.6186,8.350033,8.433681,8.259296,8.419871,8.743229,8.483114,8.365726
"UBE2V2",7.310686,7.390944,6.860402,7.466316,7.14715,7.438935,6.906303,7.281527,7.336061,6.761803,7.210533,6.865934,7.116493,7.855389,7.690844,7.94099,7.459352,7.476933,7.828375,7.928834,7.538862
"PCMTD1",6.116953,6.18974,6.210614,6.399483,6.495733,7.011811,6.120897,6.114173,6.000784,6.779943,6.093032,6.427037,5.586842,6.85658,5.110557,6.01756,6.132608,5.842845,6.719251,5.860745,5.651384
"LYN",10.842193,11.502986,11.122195,10.949389,11.454591,11.321279,12.025069,10.938359,11.144019,11.017092,11.620973,11.133595,11.544299,10.320836,11.278583,11.049939,11.499191,11.73743,11.567983,10.786595,11.492421
"CHCHD7",6.869319,6.695332,6.144018,6.421737,6.625323,6.532876,5.978595,6.845444,7.002236,6.45095,6.5919,5.855246,6.425439,7.164367,6.876504,6.909961,6.633835,6.878723,6.881431,6.722431,6.952389
"UBXN2B",9.458589,9.460104,8.836056,9.040274,9.53555,9.432345,9.765055,9.235244,9.641866,8.922724,9.94383,8.9028,9.244885,8.892665,9.458405,9.393096,9.470544,9.78963,10.087204,9.186536,9.300462
"RAB2A",8.993584,9.026373,8.465289,8.874935,9.099325,9.165907,9.220575,8.626146,9.096906,8.536851,9.208906,8.098109,8.963992,8.85376,9.098167,9.265344,9.321741,9.217511,9.89267,9.086538,9.176096
"ADHFE1",6.797507,7.105609,6.698472,6.817293,6.921122,6.696387,7.112388,6.754697,7.014761,6.487944,6.859653,6.869865,7.591723,6.690766,7.266748,7.526854,7.306467,7.630263,7.239455,7.408112,7.091188
"LY96",6.224089,6.782905,5.739781,5.825629,7.398386,6.700395,7.492507,5.676755,6.407378,5.453352,7.439115,5.268701,6.575313,6.958435,6.509155,5.659795,6.533082,6.879003,7.677901,6.535622,6.137388
"ZC2HC1A",6.995273,6.245577,6.270697,6.914475,7.337093,7.045888,6.702463,6.692597,6.496313,6.108639,6.95952,5.833435,6.714016,7.247111,6.158096,6.553826,6.538018,6.969868,7.450246,7.111732,6.381371
"E2F5",7.241254,6.20055,5.979613,7.08244,6.314266,7.196115,5.816862,6.64809,7.14658,6.142244,6.466895,6.033545,6.856327,7.740339,7.077044,7.392318,7.421057,7.809868,7.21865,7.231598,6.472628
"CA2",7.43665,7.557203,8.12878,8.258733,8.149856,8.30946,8.248157,7.844438,7.178432,7.418088,7.197895,7.670014,7.83748,7.180751,8.402028,7.725327,7.118935,7.949182,7.923804,8.253995,7.780903
"CPNE3",8.854898,9.233845,8.909633,9.422042,8.948715,9.408618,9.287802,8.953197,8.953581,8.592297,8.929183,7.913963,9.097242,8.804898,9.236859,9.090912,9.040167,9.384148,9.712745,9.738859,9.398336
"OSGIN2",8.341353,8.059168,7.835824,7.944565,8.481233,8.577316,8.370839,8.022393,8.268951,7.825243,8.410278,7.27486,8.342955,8.076177,8.178954,8.155997,8.498073,8.231607,8.899145,8.192942,7.789904
"DECR1",9.465844,9.532848,9.256578,9.168969,9.212406,9.295949,9.397736,9.347897,9.470006,9.290799,9.744385,8.542749,9.415055,9.34661,9.210961,9.172562,9.068791,9.183308,9.3653,9.050296,9.105421
"OTUD6B",7.899701,7.560651,7.389199,7.73227,7.843122,7.715627,6.744707,7.788502,7.718973,6.897688,7.697564,6.651764,7.346396,8.063996,7.801573,8.175538,7.717582,7.720096,8.070865,7.945875,7.71708
"DPY19L4",7.234119,6.991489,6.78162,7.556372,6.887148,7.083113,6.703824,7.039708,6.966878,6.603212,6.689955,5.967145,6.924975,7.317983,7.555303,7.140504,6.797032,7.600809,7.704398,7.599032,7.210226
"INTS8",8.683423,8.482218,7.970058,8.852121,8.534455,8.733,8.653321,8.445973,8.52777,8.211113,8.355878,7.309406,8.631916,8.76433,8.724135,8.642727,8.941825,8.869692,9.381694,8.785686,8.679072
"PLEKHF2",8.399116,8.075635,7.849018,8.539632,8.312151,8.681611,8.161129,8.134684,8.363679,7.686587,8.150596,7.412279,8.251421,9.04115,8.867288,8.938016,8.705678,8.918739,9.22001,8.876471,8.15651
"CPQ",8.7592,9.590462,9.10441,8.561488,9.337948,9.112283,10.162404,8.93559,9.208537,8.717128,9.446217,8.528434,9.115261,7.992954,9.133742,8.747755,8.762525,9.12741,9.479073,8.84149,8.460655
"POLR2K",7.272954,6.234184,6.355131,7.125406,7.033471,7.423375,6.460465,6.706353,6.685952,6.545971,6.907541,6.918662,6.872788,8.442371,7.126498,7.038661,7.596689,7.193089,8.275528,7.990656,7.219636
"ATP6V1C1",8.319315,8.334207,8.183198,8.492433,8.758722,8.7261,8.39263,8.299209,8.441532,7.857177,8.645764,7.370422,8.216671,8.568543,8.862968,8.997048,8.73211,9.127361,9.446881,9.090016,8.810946
"DCAF13",8.216099,7.892614,7.81407,7.748094,7.915776,8.011001,7.46597,7.994014,7.880002,7.552745,7.921947,7.201176,7.813951,8.556781,8.082794,8.176819,7.588718,7.75877,7.975453,8.185795,7.875904
"OXR1",8.072609,7.666252,6.917098,8.032488,7.916774,8.299101,7.587992,7.481611,7.887667,6.995708,7.751388,6.442996,7.727337,8.337077,7.986866,8.154086,7.884777,8.026773,8.599315,8.073292,7.92974
"EMC2",7.82493,7.790603,7.462273,8.178958,7.915124,7.883247,7.3342,7.966295,7.772035,7.005497,7.670837,6.307894,7.107089,8.378878,8.129183,8.539079,7.895704,8.522513,8.489797,8.38648,7.786327
"ENY2",7.007828,6.641377,6.062475,6.925151,7.181929,6.954112,6.525628,6.796151,6.742345,6.388746,7.239523,6.07758,6.890677,7.706491,7.481359,7.059498,7.198933,6.979103,8.125557,7.417188,7.099629
"EBAG9",7.302254,7.22144,6.832148,7.108915,7.248589,7.253674,6.619507,7.155022,7.134553,6.938131,7.151945,6.349483,6.85801,7.804204,7.303197,7.190149,7.118559,7.039612,7.297571,7.604614,7.122689
"MTBP",5.956648,5.84628,5.552818,6.175961,5.833395,6.351771,5.453652,5.845072,5.746236,5.306148,5.609082,5.052686,5.723981,6.230221,6.148504,6.160415,6.331293,6.538524,6.870888,7.043958,5.792845
"TBC1D31",7.981155,7.900656,7.543517,8.226524,7.807726,8.055191,7.783334,7.887706,7.693736,6.947754,7.46397,7.078581,8.095779,8.007684,8.118999,8.397864,7.864027,8.347169,8.424945,8.942169,7.944407
"NTAQ1",6.432244,6.675242,6.40247,6.465751,6.227716,6.463729,5.971474,6.911529,6.778284,6.105731,6.348029,6.232858,6.548543,6.393048,6.88769,6.631296,6.655487,7.039503,6.734443,6.640005,6.881305
"TRMT12",7.480349,7.358825,6.94511,6.945443,7.164872,7.243638,6.659155,7.007085,7.077077,6.541678,7.156675,6.105315,6.908861,7.712547,7.120204,7.015125,7.075129,7.406502,7.227572,7.299282,6.912584
"NSMCE2",7.531369,7.169741,6.71444,7.614186,7.26038,7.450974,6.92017,7.106535,7.362077,6.597002,7.055736,5.967534,7.139881,7.822078,7.254415,7.330026,7.092396,7.586657,7.751193,7.499524,7.365584
"TRIB1",7.613163,8.047313,8.032259,7.797451,8.348258,8.310862,8.530687,8.200346,7.865455,7.815901,8.59678,7.296672,7.903418,7.817837,8.08049,7.761518,8.174702,8.209301,8.058573,7.636184,8.421141
"POU5F1B",7.539566,7.513717,7.841798,7.245616,7.350575,7.841419,7.953236,7.320897,7.531804,7.354739,8.104467,7.819316,7.171662,7.550585,7.282411,6.754871,7.02392,6.791359,7.317174,6.413641,7.26537
"PHF20L1",8.743933,8.461914,8.244945,8.627437,8.71754,8.859255,9.260404,8.365923,8.686829,8.184869,9.136916,7.571469,8.607226,8.714928,8.866338,8.813957,8.86697,9.06727,9.758456,9.129766,8.62544
"DENND3",9.540577,10.053111,9.689131,9.40061,10.084512,9.822062,10.539601,9.494198,9.88763,9.532738,10.058616,9.122859,10.249859,9.105638,9.754625,9.506311,9.667625,10.141884,10.12546,9.152472,9.872009
"PTP4A3",7.587121,8.121567,7.909979,7.653532,7.709847,7.782962,8.054851,8.014602,8.143803,7.964071,7.978097,8.158395,8.158994,7.580148,7.89419,8.142405,7.911268,8.043943,8.029271,7.53338,8.152641
"LY6E",8.720904,8.949974,8.783293,9.777006,8.623371,9.576679,8.466703,9.626768,8.823653,8.541199,9.870551,8.475735,8.786321,9.141444,8.558567,8.886113,9.27187,8.585081,8.718945,8.720444,11.261809
"GRINA",8.206855,8.608195,8.636575,8.629539,8.724783,8.09717,8.320808,8.153991,7.975955,8.077225,8.487332,8.340596,7.869228,7.716467,9.062679,8.150648,8.087734,8.218705,8.285792,9.155349,8.841924
"EXOSC4",7.104667,7.141767,7.767318,6.899945,7.220023,7.065702,7.238911,7.460601,6.994792,7.374766,7.26887,7.210919,7.147348,7.140739,6.880934,6.728712,6.83636,6.747935,6.650437,6.773118,7.083212
"GPAA1",7.823657,7.875557,8.17416,7.869018,7.660213,7.846806,7.820129,7.977255,7.690929,7.620408,7.681246,7.288887,7.602294,7.573926,7.649381,7.569951,7.653046,7.38268,7.538977,7.49848,7.782194
"TMED10P1",7.349422,7.238967,6.720889,7.228014,7.247402,7.494877,7.085345,6.870358,7.373503,7.182597,7.129754,6.859604,7.401794,7.391776,7.053494,7.15479,7.414394,7.115176,7.240187,7.021026,6.939268
"RPL23AP53",5.447294,4.981276,5.197509,5.383686,5.105745,5.340685,4.792494,5.023059,5.667075,4.824054,4.882092,4.754209,5.313853,5.405629,5.195877,5.797367,5.268341,5.651943,5.783174,4.907558,5.50014
"PPP1R3B",8.425182,8.514469,8.440905,8.196474,9.060162,8.769749,9.277372,8.453311,8.833643,8.360929,9.406554,8.393989,8.569798,8.121212,8.584995,8.058122,8.523871,8.677379,8.903332,7.913918,8.407236
"DEFB134",5.513863,5.365435,5.375134,5.20516,5.139463,4.917418,5.388439,5.330073,5.170564,6.049295,5.196805,6.491404,5.459108,5.030788,5.45112,5.74426,6.131712,5.035902,5.556054,5.295431,5.433898
"LONRF1",7.824299,7.776709,7.58247,7.732501,7.975589,7.93962,8.088198,7.743635,7.771262,7.503771,7.899205,6.832712,7.963609,7.888702,7.770584,7.997523,7.878064,7.932942,8.468082,8.088389,8.134487
"MSR1",4.948974,5.111446,5.511568,5.051141,6.042892,5.484211,5.346911,5.338775,4.812813,5.12505,6.203951,4.819325,5.198533,5.641331,5.029564,5.252264,5.601207,4.798668,4.99745,5.120201,7.188681
"CNOT7",9.365741,9.314064,9.037613,9.868469,9.288034,9.785046,9.236217,9.590161,9.441326,9.35322,9.21074,8.491895,9.531287,9.954124,9.811953,9.986267,10.024003,9.684783,10.210005,9.863902,9.69505
"CSGALNACT1",8.302994,8.397444,7.814388,8.435528,8.570739,8.064543,8.405309,8.02301,8.387894,7.964772,8.629741,6.893886,8.5564,8.571328,8.41603,8.235182,7.990344,8.631416,9.094254,7.993001,8.157386
"CLU",8.051794,8.431921,8.46487,9.156646,8.410776,9.031629,9.187357,8.485449,7.595829,7.713635,7.656076,7.971828,7.996796,7.443283,8.890188,8.839251,7.40556,8.325875,8.358481,8.305418,8.932799
"RNF122",7.535632,7.906865,7.445199,7.962501,7.537694,7.942551,7.989145,7.913654,7.851696,7.344553,7.741445,7.293578,7.873013,8.018422,7.93684,8.091891,8.160885,7.952796,8.014207,7.43756,8.157133
"LSM12",8.611933,8.844585,8.522635,8.940728,8.640961,8.876719,8.553386,8.61993,8.583713,8.738401,8.70179,8.320138,8.642153,8.697336,8.513012,8.722563,8.806745,8.680375,9.019145,8.630533,8.781645
"RAB11FIP1",8.834251,9.236262,8.781881,8.564592,9.238305,9.080602,9.737349,9.018171,8.901315,8.766038,9.715091,8.660539,9.358696,8.404626,9.396023,8.837497,9.12434,9.513819,8.992636,8.53922,8.887375
"LSM1",7.553284,7.037884,7.446452,7.234556,7.705411,7.845059,7.328433,7.337545,7.383237,7.009852,7.776115,6.31629,7.532513,8.366723,7.485318,7.316748,7.351056,7.159852,7.841679,7.303592,7.621409
"PLPP5",8.301893,7.980338,7.618779,8.728441,7.93858,8.367639,7.855704,8.146068,8.327265,7.813143,8.001675,7.849147,8.311038,8.53977,8.39441,8.13258,8.411457,8.916372,8.230068,7.792511,7.630242
"NSD3",9.702365,9.525606,9.431719,9.890535,9.446896,9.644388,9.706223,9.58478,9.787446,9.529664,9.589135,8.943049,9.810782,9.340223,9.755126,9.760914,9.678187,10.098737,9.859899,9.845511,9.664655
"ANK1",7.391862,7.54089,7.948056,8.210844,7.851459,7.40464,7.378933,7.486788,7.104779,6.945896,7.264766,7.506077,7.037589,6.900612,7.821631,7.160977,6.894209,7.689615,7.50804,8.056634,7.577779
"KAT6A",9.774992,9.91788,9.805521,10.104482,9.815418,9.8497,10.31279,9.910551,9.962733,9.765648,9.948716,9.342234,9.986812,9.505127,9.956886,9.902806,9.596912,10.346283,10.043864,9.924023,9.924816
"RNF170",8.16937,7.912699,7.559203,8.417929,8.116815,8.221357,7.496508,7.787982,8.235403,7.695489,7.960038,6.850638,8.060984,8.696294,8.262158,8.321853,8.171624,8.330621,8.285554,8.277389,7.81486
"CEBPD",8.420185,8.920185,8.56853,8.169506,8.869133,8.669626,9.162007,8.592266,8.574776,8.310292,9.131729,8.045183,8.474436,8.398304,8.616907,8.168188,8.511531,8.335643,8.400335,8.339161,8.701827
"PRKDC",8.762548,8.793819,8.68871,9.424348,8.709721,8.64481,9.193308,8.856142,9.02658,8.417817,9.036974,8.250695,9.328739,8.451355,9.093101,9.088413,8.813098,9.651377,8.784415,9.141536,9.134055
"RB1CC1",8.704977,8.536608,8.290227,8.755768,8.788966,8.957312,8.894325,8.46085,8.519397,8.116355,8.913339,7.400697,8.439654,8.790138,8.731124,8.653338,8.79538,8.881967,9.59224,8.983893,8.48481
"ATP6V1H",8.449552,8.499461,8.031013,8.658377,8.247538,8.572016,8.358412,8.228099,8.377622,8.147214,8.509868,7.60032,8.407285,8.387992,8.489391,8.490132,8.259042,8.565691,8.66825,8.410147,8.658835
"RPS20",11.563719,11.06705,10.730317,10.68426,11.436248,11.089849,10.087059,11.119565,11.237983,11.343599,11.201107,10.838994,11.141702,12.252158,11.115005,11.079456,11.180878,10.47923,11.219759,11.098873,10.416389
"SNORD54",9.753864,7.261722,6.749582,8.934323,9.42722,8.652173,8.620118,8.815409,9.356667,7.985145,8.984092,7.676824,9.366766,10.258992,8.758352,8.639756,8.739973,9.141528,9.371845,9.177072,7.99083
"BPNT2",7.024957,6.717192,5.883009,6.866197,6.392848,6.894986,6.995646,6.361543,6.964506,6.087606,6.69776,5.654328,6.682376,6.88392,7.294621,7.341695,7.460367,7.266086,7.488476,7.216223,7.473359
"TOX",7.861751,7.455678,7.593903,7.971712,6.877289,8.004362,7.260576,7.896402,7.235762,7.121787,6.883035,7.455172,7.815407,7.839815,7.605084,8.349785,7.842556,8.107921,7.762473,8.302744,7.456948
"ARMC1",7.883786,7.388236,6.872477,7.944711,7.306763,7.828867,6.991423,7.540245,7.593948,6.779393,7.218441,6.13096,7.480699,7.875493,8.115212,8.081137,7.39188,7.733764,7.817827,8.018243,7.922609
"PDE7A",9.782659,9.372029,9.039124,10.045086,9.500032,9.646879,9.373895,9.69014,10.006148,9.40658,9.340657,8.558211,9.701448,9.772695,9.808628,9.888145,9.545028,10.161974,9.906659,10.018751,9.626719
"MYBL1",8.165607,8.370601,8.15119,7.865733,7.769908,7.900085,8.357108,7.970862,8.044021,6.541919,7.715862,7.411575,8.754101,7.784864,8.152862,8.92595,7.69857,8.570356,8.803139,9.273208,8.362204
"COPS5",7.778616,7.760891,7.489893,7.646146,7.683782,7.774723,7.528555,7.656476,7.746667,7.449723,7.688799,6.563855,7.692653,8.22899,7.651406,7.734969,7.648224,7.768675,7.75265,7.760398,7.343799
"TRAM1",10.599158,10.287839,10.083207,10.593062,10.229438,10.50984,10.212706,10.265588,10.569167,10.104769,10.411912,9.581161,10.465633,10.870149,10.481905,10.709667,10.961012,10.597171,10.94577,10.743935,10.519061
"UBE2W",10.01211,10.01194,9.999321,10.065897,10.357208,10.548941,10.462359,9.864649,10.020846,9.595909,10.396943,9.480419,9.950207,10.329283,10.514512,10.496149,10.636227,10.556359,11.097429,10.353954,10.169529
"PEX2",7.630159,7.192811,6.82273,7.486389,7.560397,7.804805,6.948118,7.209519,7.399034,6.94121,7.252443,6.009784,7.397724,8.152372,7.675165,7.497038,7.265511,7.506413,7.986343,7.669118,7.415363
"IL7",6.863711,6.522754,6.202075,6.786868,6.6936,6.924382,6.048702,6.454551,6.612068,5.940336,6.448353,5.964381,6.314109,7.461295,6.902363,7.06162,6.664065,7.14667,6.694245,7.219147,6.23348
"MRPS28",5.648275,5.559321,5.204391,5.802833,5.311027,5.894193,4.93511,5.43799,5.71259,4.968922,5.531911,4.664438,5.458623,6.086261,5.468805,5.579979,5.421728,5.354766,5.997365,6.600434,5.328059
"TPD52",8.003252,7.716753,7.186939,7.928002,7.418589,7.715069,7.029504,7.662753,7.812803,6.910426,7.321185,7.127502,7.488534,8.019665,7.682773,7.678346,7.856032,8.163669,7.910629,7.429473,7.056381
"IMPA1",8.71931,8.38719,8.195982,8.66706,8.47247,8.999233,8.163081,8.572857,8.344437,8.093213,8.536863,7.443118,8.248036,9.005686,9.165217,8.986955,8.67686,9.210679,9.400598,9.197324,8.900959
"ZFAND1",7.663565,7.329506,7.255714,7.964848,7.636677,7.896098,7.227252,7.445523,7.704742,6.920492,7.219385,6.166956,7.424166,8.544438,8.290864,7.681151,7.937137,8.327307,8.647155,8.509171,7.760651
"SNX16",6.95012,6.897925,6.22585,6.670054,7.327904,7.256998,6.639893,6.56392,6.714695,6.201987,7.141047,5.959592,6.011266,7.36416,7.096967,7.139876,7.208406,7.497782,7.885568,7.654693,6.687038
"RBIS",6.257599,5.992189,5.744875,6.729147,6.266587,6.447518,5.464759,5.858847,6.373771,5.454623,6.010753,4.971573,5.908988,7.315198,6.151771,6.321849,5.919523,6.328234,6.447239,6.405612,5.999017
"CA1",8.754689,8.593373,8.213352,9.216276,10.421899,8.497255,9.763808,8.076964,7.815263,6.95643,7.792423,8.054749,7.763546,8.770308,9.284204,8.906829,8.195504,9.599817,10.332274,10.283581,8.967948
"REXO1L1P",10.520403,10.109074,10.325967,9.678355,10.195113,9.654651,9.888145,10.064225,10.321412,11.912291,10.119746,12.3444,10.149661,9.955292,9.705201,10.860572,11.537947,9.427004,9.550243,9.552102,10.044107
"NBN",8.178436,8.096139,7.994794,8.479201,8.168109,8.53816,8.49318,8.136094,8.075411,7.510426,8.560013,7.334789,8.229874,8.253163,8.341485,8.373149,8.206181,8.506468,9.203009,8.920356,8.367777
"PIP4P2",8.829043,8.860723,8.534216,8.689818,9.380976,9.34007,9.85072,8.616882,9.188914,8.417295,9.807681,8.165771,9.076342,8.482159,9.029757,8.861677,9.211812,9.308478,10.012069,8.777549,8.869225
"RBM12B",9.297283,9.300698,9.073959,9.458437,9.241813,9.485263,8.850396,9.383234,9.35169,8.656138,9.153731,8.157582,8.889353,9.648681,9.567144,9.691779,9.337236,9.650538,9.757869,9.41789,9.007533
"VIRMA",8.07203,8.171422,7.813601,8.377004,8.110071,8.287141,8.110215,8.020108,8.123315,7.6715,8.105427,7.245655,8.187802,8.213399,8.342253,8.260879,7.925863,8.557926,8.449625,8.670551,8.183771
"MTERF3",7.109789,6.811589,6.527884,7.136506,6.66862,6.858643,6.991248,6.710729,6.876403,5.876963,6.806338,5.937506,6.862511,7.422293,7.071315,7.075358,7.064086,7.177154,7.368412,7.395509,6.786806
"RPL30",11.665086,10.613957,10.663879,11.304611,11.42292,11.322695,10.644171,11.015001,11.053987,11.088319,11.159413,10.50753,11.167146,12.19418,11.07902,11.109284,11.172158,11.115194,11.429576,11.638643,10.597307
"RIDA",6.061647,5.505431,5.359057,5.978599,5.582369,5.984941,5.817478,5.994606,5.840163,5.972478,5.930889,6.346905,5.817819,6.667774,6.193031,5.656498,6.15319,6.208135,6.306797,7.165665,5.835287
"NIPAL2",6.864667,6.700396,5.866844,7.041597,6.926652,7.182923,6.849118,6.543694,7.073269,6.454186,6.909842,6.379448,6.813655,7.270471,7.213666,7.226352,7.220989,7.18632,7.730296,7.528554,7.144537
"COX6C",8.44623,7.432329,7.784611,8.275004,8.138989,8.56681,7.602014,7.86858,7.875541,7.634925,7.757088,6.974574,7.756821,9.988739,8.034675,7.925883,8.031209,8.065658,8.252309,8.133165,7.522839
"RNF19A",9.485176,9.370214,9.030953,9.486776,9.349035,9.526822,9.329527,9.357862,9.5765,8.725903,9.274122,8.66223,9.266489,9.569103,9.599802,9.512383,9.363905,9.631969,9.803492,9.834155,9.432061
"UBR5",9.000116,8.982647,8.745316,9.381398,8.746343,8.888847,9.118815,8.908503,9.027488,8.524081,8.965657,8.058007,9.364733,8.700801,9.112386,9.06375,9.025131,9.617079,9.401205,9.471142,9.073535
"AZIN1",9.354236,9.357091,9.17407,9.852626,9.283413,9.572064,9.592301,9.131015,9.321949,8.813862,9.410448,8.449053,9.098589,9.552758,9.478759,9.572207,9.519548,9.825708,9.795737,9.71662,9.425585
"EIF3E",9.491357,8.288054,8.104193,8.950018,9.338901,9.391573,8.665295,8.907723,9.101506,8.778414,9.106531,7.945287,9.056668,10.454141,9.187014,9.386197,9.523649,8.821977,9.862471,9.388122,8.804412
"NUDCD1",7.262651,7.017661,6.758959,7.518462,7.224994,7.756241,6.427007,7.159494,7.270561,6.591947,7.089792,5.914535,6.763592,8.294893,7.458371,7.623914,7.492972,7.347004,7.739535,7.869616,7.17663
"RAD21",9.835708,9.781344,9.500589,9.877965,9.724413,9.929609,9.881247,9.802082,9.849233,9.354346,9.833662,8.635083,9.901729,9.741195,10.007032,9.864844,9.742849,10.057546,10.21069,9.918262,9.995524
"SAMD12",5.425078,5.676751,4.971653,5.509555,5.887606,5.155967,5.127462,5.158155,6.177558,5.485535,5.419968,5.470576,4.750719,5.205908,5.347706,5.626401,5.217132,5.835669,5.453221,5.313673,5.409821
"DERL1",8.962447,9.201054,8.544487,9.410206,8.785249,9.173806,9.019443,8.910063,8.976007,8.600235,8.993545,8.070258,9.124035,9.191534,8.993184,9.09379,9.278666,9.340877,9.469658,9.360874,9.240276
"ATAD2",6.792933,6.642102,6.573867,7.105583,6.651274,7.00201,6.335422,6.685533,6.460699,6.122059,6.26702,5.7046,6.572006,6.993659,7.231984,7.10512,6.885557,7.316396,7.108597,7.289314,7.093952
"TMEM65",8.855892,8.863642,8.847665,8.864855,8.828058,8.952099,8.977607,8.555642,8.979007,8.48045,8.630666,7.853735,8.524235,8.71587,8.878612,8.683263,8.496157,8.853103,9.002219,8.833484,8.457349
"TATDN1",9.073515,8.830174,9.373776,8.291483,9.248555,8.905937,9.038184,9.546589,8.484633,8.648556,8.239807,8.3821,8.871901,8.449939,8.603936,8.514134,7.444253,8.478205,7.740522,9.106778,9.128339
"MTSS1",8.377274,8.369642,8.333411,8.62623,7.74485,8.331853,8.386944,8.578333,8.493679,7.716304,7.88995,8.129417,8.506443,8.29379,8.363976,8.837461,8.361575,8.736525,8.578198,8.204264,8.607289
"LRRC6",5.760405,6.247974,5.820995,4.371112,6.651834,5.800146,6.868573,5.505471,5.234748,5.054646,7.044833,5.563052,6.021644,4.97128,6.497179,6.205595,5.320491,6.497254,6.888419,6.754805,5.476628
"TMEM71",10.366247,10.679264,10.338239,10.288685,11.009184,10.796265,11.131076,10.375448,10.422751,10.313571,11.062054,10.096245,10.625886,10.273766,10.720663,10.484305,10.854283,10.775974,11.418517,11.029906,10.572277
"SLC45A4",7.804528,8.433247,8.448862,7.62081,8.448471,8.586979,8.891081,8.61086,8.337092,8.154575,8.6043,8.168469,8.283577,7.661275,8.299484,8.015578,8.808256,8.307629,8.735097,7.899763,8.231249
"EEF1D",10.665029,10.356581,10.390451,10.518301,10.519298,10.870445,9.865161,10.712135,10.566048,10.395911,10.519062,9.819263,10.525894,11.233778,10.51747,10.404881,10.155374,10.264126,10.193195,10.492741,10.000494
"GFUS",7.726637,8.126615,7.931954,8.796448,9.061609,8.362129,7.83902,8.03107,7.958629,7.525808,8.13421,6.980984,7.807585,7.848393,8.415103,8.167589,7.669669,8.005945,8.253836,8.910103,8.075404
"VPS28",8.429272,9.222128,9.13052,9.056403,8.914595,9.263063,8.800739,8.787042,8.588101,8.548479,9.081227,8.26695,8.620344,8.687698,8.572435,8.510136,8.238508,8.473992,8.542474,8.730448,8.471849
"RPL8",11.663292,11.585459,11.490383,11.931034,11.489125,11.826883,11.214416,11.567631,11.58589,11.391454,11.449009,10.7939,11.656349,12.100695,11.68858,11.717348,11.414942,11.705599,11.604168,11.790394,11.207897
"ZNF252P",6.645454,6.356466,5.961365,7.033289,6.824838,6.879902,6.312366,6.41266,6.713839,6.152245,6.517579,5.647767,6.126674,7.34884,7.21167,7.059547,6.403207,6.85713,7.273263,7.085472,6.489119
"DGAT1",8.133077,8.406161,8.464478,8.089414,8.286923,8.459822,8.429172,8.262679,8.249494,7.864607,8.623179,7.679476,8.289485,8.219908,8.238962,8.12131,8.224976,8.136187,8.246795,8.255225,8.261123
"CDC37L1",7.518818,7.36151,7.102782,7.842684,7.406865,7.701016,7.302701,7.492381,7.540184,6.942459,7.4766,6.413573,7.244326,8.171002,7.782545,7.558403,7.325833,7.680825,8.228925,8.143288,7.64148
"JAK2",9.009758,8.939074,8.648463,9.086217,9.189639,9.261635,9.225214,8.964867,9.010757,8.425216,9.237785,7.757138,8.829354,9.222378,9.122664,9.203779,9.301578,9.381721,9.842867,9.238026,9.625712
"CD274",7.044198,6.835534,6.535568,7.557433,7.229574,7.455982,7.015138,6.8962,6.631015,6.603557,7.629389,6.395649,7.974041,7.061644,7.48237,6.750037,7.223457,7.311153,7.621988,7.743537,7.223465
"RIC1",8.736515,8.773136,8.300889,9.135312,8.666032,8.929793,9.087536,8.665362,8.979463,8.210321,9.066477,7.609697,8.99074,8.684406,8.871731,8.952818,8.924824,9.14937,9.196761,9.093588,9.320387
"UHRF2",9.239394,8.818211,8.359698,9.247234,8.630047,9.020566,8.709318,8.86783,9.107301,8.53455,8.714569,8.005983,9.012596,9.342673,9.004116,9.346665,9.00595,8.990131,9.41228,9.354074,9.081856
"KDM4C",9.279013,8.998614,8.672719,9.666867,8.935131,8.898314,8.858805,9.05445,9.410428,8.6983,8.879641,8.006976,9.392074,9.141082,9.231209,9.518428,9.079719,9.674918,9.366154,9.570594,9.338041
"SNAPC3",9.307217,9.243485,8.915972,9.624532,9.116286,9.21222,8.819089,9.301675,9.46064,8.931521,9.173908,8.385284,9.270223,9.46343,9.215248,9.496793,9.242038,9.442052,9.267307,9.029134,9.437458
"DENND4C",8.878314,8.846282,8.681468,9.277011,8.415721,9.015042,8.822816,8.909392,8.84315,8.304404,8.488188,7.842048,8.937159,8.736842,8.94339,9.036691,8.70696,9.061413,9.169148,9.424998,9.002605
"IFT74",5.226231,4.96195,4.755571,5.252918,4.921046,5.050804,4.231042,4.925654,5.281836,4.467437,4.73626,4.419714,4.517381,5.43919,5.490683,5.54905,5.236378,5.2828,5.373107,5.482712,5.006322
"MIR622",9.039114,8.88549,8.879111,8.920896,8.787992,8.642583,9.22529,8.8929,8.95129,9.461278,9.260601,9.724458,9.041809,8.195175,8.649841,8.186885,8.444218,8.571862,8.113273,8.742086,8.26508
"SLC25A6",10.017338,9.91746,9.685537,10.032622,9.727907,10.006368,9.604206,9.889072,9.912144,9.693878,9.86605,9.129478,9.796362,10.071141,9.539102,9.827348,9.377693,9.365429,9.101651,9.468764,9.427732
"DNAJA1",8.573481,8.263837,8.238162,8.192026,9.007257,8.825574,7.663702,8.538791,8.601786,7.777474,9.275702,7.234499,8.729418,9.400676,8.810689,9.000027,8.79756,8.391783,8.612796,8.58815,8.694185
"CHMP5",7.688116,7.348481,7.175536,7.485515,8.113822,7.923201,7.394375,7.213744,7.395799,6.637044,8.037804,6.139135,7.337556,8.42957,7.641988,7.297049,7.801752,6.932441,7.840518,7.607918,8.285935
"UBE2R2",9.114066,9.232679,8.745844,9.223526,9.499683,9.158172,9.586063,9.162306,9.199993,8.927738,9.605334,8.439144,9.396492,8.848547,9.534333,9.14177,9.564502,9.773889,9.678192,8.925418,9.386788
"CREB3",7.419921,7.625516,7.425368,7.348417,7.2132,7.520899,7.526994,7.197663,7.303237,7.294191,7.705289,7.2581,7.353505,7.471344,6.857886,7.56645,7.584591,7.584227,7.232382,6.946813,7.339189
"GLIPR2",10.059025,10.212279,9.638202,9.963178,10.475387,10.308694,10.314059,9.998819,10.248142,9.915778,10.69072,9.576391,10.136787,10.009135,10.375588,10.23127,10.02478,10.209192,10.458409,9.983849,10.129318
"CCIN",5.700457,5.459455,5.947629,5.407953,5.31245,5.54966,5.809168,5.76883,5.489535,6.266638,5.859066,6.805277,5.424837,5.422473,4.743373,5.655649,6.222612,5.596299,5.256196,5.581994,5.476218
"ZCCHC7",7.920563,7.359189,6.888945,7.849615,7.491564,7.752298,7.237816,7.606034,7.905592,7.397923,7.344433,6.661125,7.458883,8.108076,7.554907,8.021882,7.669054,7.962179,8.369785,8.036223,7.344902
"LINC00268",7.172639,7.223757,7.286256,7.059806,7.400342,6.710961,6.925836,6.7422,7.237628,8.634597,7.298608,9.521345,7.557047,7.124866,7.153233,7.777754,9.079462,6.950532,7.250688,7.130645,6.769989
"SMC5",8.71559,8.424201,8.290666,8.885931,8.302989,8.85582,7.739878,8.552974,8.542157,7.845891,8.253424,7.340562,8.430629,8.814749,8.600803,8.921435,8.660433,8.814418,9.024157,8.894319,8.505936
"ANXA1",10.386953,9.409484,9.87699,9.838873,10.508418,10.526638,9.969147,9.697139,9.73796,9.551102,11.105829,9.106072,10.370948,11.126226,10.645481,10.317821,10.950083,9.791601,11.409562,10.911737,10.341537
"VPS13A",8.248221,7.945666,7.779203,8.60447,7.801732,8.488501,7.885895,8.204675,8.149253,7.431901,7.541912,6.915777,7.947377,8.127494,8.297732,8.682253,8.207245,8.805327,9.10581,9.420613,8.179433
"CEP78",8.068468,7.610015,7.12044,7.608169,7.045014,7.627329,7.321142,7.713779,7.415783,6.484137,7.074725,6.113928,7.814759,7.781446,7.390964,8.297711,7.459477,8.019531,8.032327,8.092466,7.965695
"PSAT1",7.698631,7.267322,6.627511,7.05386,6.965948,7.115261,6.811628,7.189722,7.214526,7.139161,6.809716,7.76411,7.177334,7.00711,7.506364,7.348286,7.949553,7.419696,7.062674,7.482484,7.631227
"RMI1",7.035877,7.042321,6.871347,7.131287,7.095996,7.112066,7.059669,6.95516,6.989923,6.469496,7.309763,6.157821,6.612888,7.377539,7.483591,7.23546,7.030536,7.242336,7.964714,7.476891,7.313385
"NAA35",8.549294,8.538454,7.920162,8.917647,8.305778,8.466656,8.233392,8.377599,8.645912,7.960872,8.292716,7.463247,8.468038,8.530776,8.646546,8.869824,8.583125,8.90067,8.88845,8.959361,8.806892
"CTSL",6.45687,5.977656,6.299195,6.458078,6.557169,6.282259,6.036791,6.631255,6.41212,6.253527,6.281725,5.978393,6.472458,7.040521,6.176823,6.120103,6.298309,6.120793,6.387609,6.614512,7.925529
"CKS2",6.39317,5.789639,6.270202,5.593746,6.11422,6.217134,5.474346,5.964163,5.858828,5.527561,6.303136,4.886908,6.188568,7.323275,5.590443,5.617609,6.226912,5.8046,5.823621,6.108438,6.081135
"MIRLET7F1",7.05638,7.217526,6.636102,7.469511,7.090786,7.411449,6.837811,7.375946,7.216437,6.591036,6.954855,5.878084,6.469486,7.817491,7.627961,7.519417,6.843368,7.48957,7.635778,7.650514,6.958823
"MFSD14B",9.408645,8.996555,8.790075,9.256852,9.262478,9.659964,9.472042,9.272482,9.057397,8.486593,9.78103,7.868008,9.704672,9.025537,9.098194,9.030713,8.968413,9.183797,9.336789,9.254283,9.528408
"ERCC6L2",8.545649,8.285145,7.701887,8.32162,7.827056,8.272469,7.88987,8.158594,8.542963,8.161134,7.890481,7.167902,8.232947,8.259635,8.290818,8.427482,8.358382,8.332751,8.565996,8.615806,8.021366
"TDRD7",7.653429,8.043372,7.722335,8.078327,8.12624,8.310046,8.248296,7.951475,7.985307,7.583196,8.435667,7.018249,8.131117,8.094549,8.092088,8.013636,8.254064,8.137026,8.306957,8.200817,9.086841
"TMOD1",8.869585,8.897585,9.299614,9.45722,9.676329,8.572983,8.759218,8.658843,8.029527,7.957021,8.101364,8.844467,7.946556,8.220475,9.449853,8.770476,7.834398,8.959373,9.615453,9.761145,8.997441
"TGFBR1",9.996511,9.786415,9.796743,9.920897,9.989388,10.23193,10.0315,9.773742,10.217575,9.549628,10.053722,9.347674,10.295196,9.968994,9.979905,10.063197,9.765834,10.016691,10.261833,10.004585,10.038564
"RNF20",8.713904,8.940588,8.736552,8.849159,8.53401,8.925074,8.411183,8.829483,8.892803,8.463098,8.918098,7.940432,8.8193,8.644775,8.817021,8.854842,8.26564,8.872926,8.700066,8.572735,8.853992
"SMC2",6.601759,6.410344,6.032207,6.794673,6.37097,6.761216,5.648476,6.532792,6.491534,5.97751,6.052158,5.391386,6.088011,6.939752,6.847255,7.053051,6.344573,7.126283,7.043217,7.050741,6.825358
"NIPSNAP3A",7.023209,6.720072,6.215228,7.411865,7.095948,7.492997,6.727166,6.523687,7.077324,6.492581,7.174599,5.434208,6.950251,8.064804,7.279739,7.109144,7.050893,7.235537,8.297979,7.933927,7.070291
"NIPSNAP3B",5.172866,5.219991,4.74929,5.466782,5.495778,5.41578,5.148496,4.966625,5.740794,4.94913,5.123225,4.695441,5.168257,5.711346,5.174816,5.287279,5.451824,5.876736,5.911826,6.408754,4.702187
"TMEM38B",6.638558,6.292582,6.038992,6.996037,6.963453,6.977179,6.221956,6.427129,7.159325,6.039557,6.430515,5.934987,6.567332,7.376162,6.943522,6.652362,6.787239,7.063115,7.236687,7.43474,7.03119
"ZNF462",5.918087,5.63153,5.895435,5.443024,5.631456,5.677168,5.766233,5.961446,5.674859,6.419705,5.775773,6.643686,5.559696,5.408555,5.82149,5.688463,6.277094,5.14003,5.452383,5.284923,5.912667
"ABITRAM",6.56859,6.389616,6.111859,6.84702,6.78394,6.47199,6.909766,6.233577,6.685591,6.507918,6.652726,6.279873,6.338109,6.770706,6.759751,6.680059,6.771094,6.856412,7.167893,7.127292,6.934293
"UGCG",8.093908,7.784033,7.533981,8.260202,8.003489,8.055865,8.116145,7.8935,8.162063,7.308029,8.161804,6.686696,8.011419,8.558121,8.240892,8.578842,8.287459,8.619028,8.773465,8.563523,8.638566
"HSDL2",7.933621,8.65538,8.190605,8.187598,8.914329,8.833391,8.813845,8.199426,8.515033,7.895509,8.646742,7.516246,8.131409,7.882581,8.721662,8.228071,8.38661,8.724473,9.212985,8.478145,7.946529
"SLC31A2",9.284377,9.604933,9.437138,9.098461,9.637678,9.488038,10.147383,9.646214,9.293443,9.167664,10.407933,8.962375,9.747048,9.09033,9.496018,9.281545,9.569991,9.324805,9.471973,9.17179,8.936661
"SLC31A1",7.32136,8.146288,7.329957,7.835923,7.757547,7.832785,7.733185,7.717414,7.504383,7.587204,8.282867,6.689953,7.654461,7.529526,7.9969,7.481472,7.537302,7.652417,7.676151,7.609851,7.860551
"ORM1",5.394896,5.711691,5.895146,4.920725,7.231734,5.958071,5.289548,5.505977,5.197963,5.838889,7.060071,6.166801,5.575577,5.678374,6.047664,5.80293,6.238572,5.687335,5.672333,5.142721,5.540242
"ATP6V1G1",9.241129,8.653985,8.723702,8.827398,9.386524,9.134087,8.715048,8.981865,8.985587,8.95299,9.36326,8.65631,9.420641,9.787801,9.054697,8.88068,9.036799,8.876381,9.048964,8.9793,8.747074
"TLR4",10.622543,10.664933,10.491225,10.398046,10.827195,11.096046,11.502835,10.665093,10.852845,10.378661,11.709971,10.191946,10.773165,10.098189,11.03874,10.587144,10.71403,11.20992,11.123085,10.749647,10.849386
"CNTRL",8.419466,8.311372,7.804512,8.869351,8.073803,8.337578,7.713123,8.226282,8.492815,7.805085,8.208928,7.318273,8.384315,8.417825,8.577326,8.497362,8.19149,8.943691,8.499842,8.501201,8.493574
"GSN",8.410953,9.070829,8.861008,9.056383,8.869227,9.068206,9.306829,8.901041,8.458933,8.707347,9.485196,8.293667,8.843024,8.298594,8.860057,8.423914,8.202598,8.832708,8.851547,8.748053,8.76795
"OR1J4",4.993424,4.686072,4.908795,4.678681,5.025478,4.684576,4.548015,4.304184,4.675266,5.486332,4.698955,5.453383,4.810686,4.712152,4.927242,5.04606,5.42808,4.676548,4.735352,4.79566,4.487955
"OR1Q1",4.682575,4.710339,4.812239,4.938907,5.600295,4.995572,4.80656,4.757703,4.652988,5.510665,5.145859,6.123445,5.024268,4.610572,4.473013,5.199332,5.566819,4.882296,4.687919,5.143987,5.274066
"GPR21",7.447093,7.388491,7.094407,7.537843,7.003388,7.337066,7.852855,7.325876,7.763491,7.014125,7.326334,7.143088,7.975287,6.891757,7.188551,7.603527,7.227444,7.983824,7.52053,7.816347,7.507669
"MIR181A2",5.134172,5.51153,5.628418,5.28842,5.379199,5.221645,5.829705,5.740247,5.444652,5.564764,5.285797,6.325424,5.890752,5.073145,5.755833,6.493185,5.465666,6.249884,6.317147,6.067659,5.732976
"GAPVD1",8.693495,8.923016,8.691593,9.160641,8.568533,8.769141,9.121763,8.833392,8.755194,8.497442,8.988707,7.930776,9.032269,8.521841,8.965739,8.842738,8.638635,9.506165,8.993727,8.810329,8.921957
"CDK9",9.431068,9.589082,9.387113,9.579961,9.13519,9.502763,9.494793,9.405568,9.559096,8.929894,9.412315,8.920797,9.456097,9.350472,9.531227,9.525627,9.31284,9.533609,9.233297,9.415476,9.458957
"LCN2",7.301198,7.349,7.680519,7.515294,7.744828,7.015933,7.834359,7.343906,7.207993,7.570668,7.814632,7.697572,7.159266,6.840997,7.235841,7.515169,7.42948,7.171838,8.019456,6.770048,9.355163
"TOR1B",8.306726,8.316367,8.119232,8.667583,8.551125,8.665749,8.414729,8.248089,8.406247,7.95928,9.397325,7.555202,8.636999,8.327282,8.573036,8.406128,8.295161,8.27171,8.422602,8.115231,9.559232
"EXOSC2",8.527641,8.334921,7.957807,8.660118,7.990856,8.388689,7.592057,8.378319,8.698135,8.112715,8.18766,7.420167,8.53515,8.892232,8.191136,8.436377,8.069563,8.365879,7.975813,7.997196,8.176483
"NUP214",8.525052,8.915016,8.605652,9.020139,8.52707,8.698099,8.83347,8.596238,8.778239,8.530735,8.491338,8.021328,8.89784,8.391254,8.716368,8.716792,8.708794,9.174211,8.914257,8.924789,8.949652
"LCN1",5.73335,5.467692,5.924141,5.051972,5.607145,4.913133,5.289501,5.50512,5.7773,5.740526,5.327638,6.480508,5.888688,5.146693,4.789153,4.817794,5.762483,3.822142,5.03216,5.044473,4.998753
"SNORD36B",6.145702,5.814647,5.016164,6.860219,5.546413,6.182318,5.620348,5.994783,6.428769,5.586432,6.22219,4.742772,6.312543,6.897507,6.14963,6.352962,6.199006,6.538239,6.195991,6.040241,5.70095
"RXRA",8.62068,9.12456,9.124117,8.911155,9.093354,8.799877,9.15682,8.61695,8.870958,8.647165,9.500127,8.58945,8.866952,8.040861,9.045222,8.653427,8.487898,8.678211,8.632733,8.350061,9.056997
"OBP2A",9.62882,9.88402,10.126117,9.707815,9.309135,9.299243,9.863478,9.731073,9.627447,9.266089,9.880555,9.703968,9.3049,9.781639,9.205797,9.325058,8.808417,8.737938,8.709741,9.521319,9.309395
"SSNA1",7.999733,8.182824,8.206724,7.886739,8.095938,8.219708,7.875632,8.265576,7.986339,7.700194,8.244886,7.185117,8.195674,8.1113,7.899966,7.526004,7.441317,7.399622,7.488476,7.37592,7.737938
"TUBB4B",8.906515,9.110733,8.834591,8.932853,8.950539,8.815281,8.814478,8.947964,8.82455,8.627575,9.019121,8.258747,8.814205,8.757401,8.826703,8.855532,8.756628,8.563878,8.665479,8.597624,8.742016
"NELFB",7.795276,7.980569,8.021214,7.931757,7.736658,7.929905,7.724522,8.039777,7.869136,7.488145,7.94228,7.393798,7.908094,7.856441,8.019119,7.55297,7.54482,7.740815,7.518484,7.537558,8.093032
"PUM3",7.694189,7.507545,7.076079,7.624711,7.399642,7.417426,6.628686,7.616126,7.693413,6.932806,7.375353,6.149705,7.486007,8.004686,7.792518,8.020362,7.493593,8.108009,8.095404,8.21907,7.663211
"ERMP1",8.74145,8.562994,8.19302,8.902429,7.966601,8.51706,8.956035,8.57734,8.269999,7.952798,8.305564,8.160878,8.794116,8.380944,8.754283,8.837559,8.570742,8.972392,8.755361,9.185385,8.452163
"KIAA2026",9.742143,9.926514,9.358608,9.941793,9.676356,9.725963,10.119598,9.607971,9.83755,9.399475,9.629298,9.026523,9.953232,9.313003,9.98983,10.067024,9.966696,10.347937,10.498091,10.38432,9.985878
"RANBP6",8.206737,7.79583,7.601734,8.540556,7.961674,8.429913,7.860805,7.895562,7.936312,7.444657,7.993474,6.565934,7.628477,8.957004,8.296266,8.338691,7.964815,8.312745,8.646166,8.816186,7.956926
"GLDC",7.012351,6.195158,6.939245,6.763629,6.865578,6.517831,6.66099,7.381579,7.137776,7.827178,6.918281,7.75488,7.036462,6.924833,6.457592,6.74648,7.778574,6.6026,6.526287,6.897715,7.06662
"DMAC1",7.82893,7.307819,7.530002,7.72532,7.471851,7.804169,7.495603,7.619144,7.399859,7.360846,7.653791,7.149517,7.465209,8.226812,7.595476,7.584561,7.506317,7.463776,7.677102,7.750091,7.259738
"ZDHHC21",8.239382,7.808939,7.371464,8.36993,7.93895,8.470687,7.837589,7.966591,8.122907,7.272481,7.673752,6.822041,7.908837,8.648157,8.272151,8.700778,8.430031,8.764019,8.493929,8.916546,8.337323
"TTC39B",7.509652,7.497279,6.758534,8.376655,7.384582,7.790836,7.342627,7.760505,7.429051,6.466845,6.8789,6.102247,7.773769,7.87203,7.579464,7.848098,7.192767,7.85547,8.374071,7.999302,7.372128
"PSIP1",8.322464,8.053122,7.793727,8.337236,8.275951,8.523709,7.577078,8.141581,8.37373,7.869836,7.815436,6.660596,7.854074,8.805992,8.35937,8.632844,8.23097,8.523193,8.656184,8.419023,8.29136
"SCARNA8",7.682724,7.23312,7.340385,7.453377,7.113953,7.192198,7.349527,7.34068,7.578317,6.951251,7.271607,6.902222,8.100804,7.197877,7.285026,7.802208,7.339405,7.75685,7.577226,7.628507,7.455731
"RPS6",10.94361,10.484445,10.261392,10.093234,11.092885,10.865479,9.306401,10.743655,10.752536,10.485619,10.599237,10.145815,10.753488,11.452905,10.350772,10.607984,10.617331,10.344404,10.652718,10.614769,9.859637
"MLLT3",8.324912,7.339169,7.168912,8.404393,7.815682,7.928192,7.128251,8.069377,8.047394,7.715065,7.693532,6.74177,7.934592,8.326761,8.241017,8.343844,7.873016,8.381556,8.343765,8.325674,8.124187
"CAAP1",7.563069,7.36052,7.137256,7.57946,7.380407,7.627848,6.775465,7.194867,7.443711,7.009182,7.24849,6.423896,7.082867,7.788746,7.707857,7.585825,7.320177,7.574348,7.508624,7.613086,7.190801
"C9orf72",9.366184,9.290875,9.01165,9.640602,9.673268,9.662229,9.62238,9.071696,9.634931,8.956328,9.769118,8.258798,9.386787,9.201159,9.41534,9.168619,9.519285,9.750691,10.429272,9.714922,9.62355
"DDX58",8.922361,8.811844,8.511968,9.02845,9.122312,9.308467,9.063953,9.187184,9.247764,8.308936,9.653258,7.74469,9.214344,8.938773,9.00202,8.890889,9.368607,8.964487,9.2257,9.177067,10.186287
"TOPORS",8.19214,8.223816,7.771215,7.654688,8.489068,8.573267,8.059182,8.12861,8.190327,7.554445,8.626298,7.328496,7.778955,8.411802,8.689281,8.365373,8.255757,8.487721,8.956503,8.288009,7.561872
"NDUFB6",7.496418,7.569065,6.349597,6.867064,8.022805,7.794062,6.843355,7.059999,7.223107,7.203059,7.808927,6.212872,7.197701,7.831691,6.841066,6.991785,7.35248,6.842253,7.267016,6.395352,6.378255
"BAG1",9.327014,9.093364,9.319896,9.201791,9.437199,9.037983,8.732545,8.861895,8.569197,7.900435,9.084562,8.295247,8.596421,8.750079,9.098366,8.404106,7.843,8.412876,8.728192,9.200096,8.465718
"DCAF12",11.793757,11.727579,12.376361,12.468822,12.08355,11.380411,11.66475,11.704414,11.278269,10.24852,11.431821,11.494951,10.917687,10.909162,12.412472,11.46795,10.512463,11.856465,11.92262,12.337681,11.522453
"SIGMAR1",7.894405,8.026595,8.459957,7.768925,8.01104,7.934616,8.047471,8.147915,7.898099,7.900686,7.803199,8.243445,7.985131,7.844961,7.881824,7.73982,7.777773,7.782287,7.794594,7.975216,8.104982
"FAM205C",4.497237,4.445616,4.880339,4.789346,4.440409,4.192492,4.378937,4.677564,4.592672,5.101838,4.308967,5.753578,4.826566,3.980154,4.399759,5.042393,5.104268,4.603321,4.087897,4.34177,4.404363
"CD72",8.018778,7.513457,7.416321,8.05134,7.642004,8.092308,6.966547,8.114254,8.074992,7.55537,7.897183,7.454194,7.962514,8.923142,7.906987,8.175906,7.616213,8.044669,7.189301,7.495063,7.66066
"SIT1",8.075578,8.346169,7.93455,8.502073,8.046043,8.659203,8.012053,8.283216,7.950418,7.807174,7.824722,7.052946,7.801697,8.565954,7.798867,7.958862,7.816808,7.824806,7.950045,7.828652,7.793731
"RMRP",12.059824,10.9623,11.058445,11.568376,11.556116,11.834895,11.420415,11.549184,11.757902,11.30331,11.598852,10.477396,11.802987,12.56584,10.557583,11.310318,10.844938,11.034299,11.021542,11.338848,11.089707
"TLN1",9.175209,9.934036,9.871534,10.174257,9.417704,9.7147,10.473354,9.741936,9.536014,9.145259,10.066468,9.207081,9.964921,8.934118,9.858446,9.620585,9.215883,10.333165,9.387471,9.264525,9.981776
"RNF38",8.679439,9.031947,8.696164,9.36777,8.965829,9.072875,9.100657,8.756512,9.065335,8.835416,9.047922,8.207336,9.100011,8.771439,9.021717,9.024407,9.23671,9.162418,9.385403,9.207599,9.181383
"PAX5",8.657716,8.098594,7.925527,9.150626,8.329395,8.886326,8.115963,8.830372,8.968528,8.374315,8.120631,8.546156,8.638991,8.990739,8.568907,8.908994,8.495417,9.249301,8.500406,8.177584,8.079423
"RAB1C",7.379658,7.916416,6.819731,7.506397,7.118013,7.900435,7.835851,7.626863,7.49965,6.720451,7.270099,6.720042,7.629297,6.894807,7.498287,7.655903,7.633912,8.220709,7.708649,7.394301,7.507486
"EXOSC3",8.70631,8.389206,7.796065,8.623382,8.312012,8.373862,7.87451,8.407616,8.609868,7.942574,8.430687,7.282807,8.333242,8.841171,8.623411,8.672134,8.277649,8.396784,8.960809,8.699905,8.226532
"SLC25A51",5.566785,5.571997,4.620451,5.365218,5.997002,5.739031,5.230832,4.726711,5.861875,4.858752,5.158342,4.84909,5.51504,6.036913,5.37175,6.804712,5.486084,5.714426,5.276469,5.501621,5.269999
"TMEM252",6.913087,6.5724,7.04247,6.465044,6.985283,7.187271,7.782024,7.108839,7.899635,7.447254,7.926541,7.054069,7.073483,6.537292,7.479302,6.876891,7.225678,7.080992,6.909782,6.630339,7.125546
"CEMIP2",9.269843,9.112543,9.01534,9.550061,9.066521,9.314125,9.551529,9.257013,9.183896,8.765042,9.595657,8.467095,9.425645,9.074239,9.138609,9.283512,8.713873,9.683946,9.433688,9.378332,9.257026
"ZFAND5",9.784256,9.755588,9.334771,10.087845,9.930355,10.01378,10.359547,9.676776,10.030109,9.599919,9.99747,9.311301,9.823918,9.732456,9.82767,9.968079,9.924613,9.950342,10.417304,9.84347,10.174978
"ALDH1A1",7.907602,8.504281,7.796421,7.351459,7.695319,7.874869,7.69395,7.7292,8.680296,8.224076,9.412325,7.428079,8.392026,7.591289,8.081497,8.120611,7.969941,7.630507,8.002074,8.397569,7.75109
"TRPM6",7.424689,7.43979,7.409226,7.07231,8.159741,7.712787,8.248187,7.216619,7.020101,7.006534,7.354865,7.273893,7.589932,6.769108,7.400947,7.347546,7.485188,7.985455,7.930726,6.443686,6.962864
"CARNMT1",8.237493,7.924481,7.708356,8.275356,7.660243,8.068691,7.609754,7.8746,8.077498,7.216629,7.618613,6.574193,7.973632,8.398116,8.134038,8.117516,7.79717,8.370438,8.197722,8.186608,8.191491
"NMRK1",6.024517,5.886357,4.810986,5.857322,6.183206,5.725926,5.78465,6.395096,5.984053,5.283206,6.234354,4.732603,6.119962,7.018128,6.754451,6.044656,6.086606,6.003354,7.113654,6.852823,6.077674
"GNAQ",8.737863,8.710174,7.612303,8.499955,8.996515,8.534686,9.524951,8.79863,8.419775,8.105802,8.817642,8.160189,9.267064,7.790724,8.830489,8.717327,8.991869,8.310845,9.184884,8.733229,7.754439
"C9orf64",7.353941,7.436102,6.918133,7.329155,7.144923,7.236006,6.903279,7.212676,7.486328,6.750253,7.44353,6.361353,7.377016,7.54809,7.678878,7.655723,7.304485,7.587742,7.4656,7.386228,7.301125
"AGTPBP1",9.85466,9.550721,9.412545,9.544247,10.032492,9.791145,10.416666,9.274258,9.652575,9.211658,10.216216,8.94792,9.837748,9.425685,9.952486,9.938719,10.100659,10.248495,10.909682,10.352798,9.741065
"TUT7",10.032672,10.289038,9.936343,9.734341,10.402667,10.382334,10.496582,9.96367,10.109761,9.90074,10.439118,9.484802,10.256467,9.668799,10.127754,10.080897,10.308813,10.512628,10.681692,9.919401,10.068559
"LOC440173",5.5841,5.218186,6.174419,5.368083,5.654917,5.616195,5.441378,5.409535,5.025225,6.401366,5.315634,6.795874,5.977761,5.019094,4.873475,5.761724,6.041348,5.098533,5.540359,5.515808,5.868998
"NFIL3",8.80887,9.134965,8.816079,8.700476,9.505309,9.270615,9.540407,8.796623,8.89099,8.503397,9.771546,8.353169,8.869013,8.619843,9.193669,8.885171,9.243636,9.021957,9.599725,8.45171,8.856724
"SPTLC1",8.162925,8.22336,7.918941,8.095628,7.956416,8.267063,8.134921,8.078359,8.039497,7.590288,8.239498,6.817762,8.086844,8.021635,8.2744,8.2256,7.876031,8.419676,8.427424,8.087758,8.181572
"IARS1",9.100934,9.060802,8.626318,9.629382,8.814612,9.0129,8.619282,9.147073,9.163801,8.585573,8.612618,8.229893,9.201076,9.070209,9.304575,9.373844,9.177567,9.55909,9.209705,9.557824,9.443937
"ZNF484",8.521629,8.482886,7.971632,8.804768,8.415715,8.662949,7.927338,8.602935,8.573373,7.747296,7.985694,6.941145,8.00386,8.974939,8.486165,8.590817,7.98924,8.700689,8.754382,8.828942,8.019353
"NINJ1",8.820806,9.067846,9.085503,8.549305,8.988035,9.072259,9.156787,9.108653,8.86897,8.695896,9.233973,8.401315,8.927816,8.490091,8.920068,8.686908,8.854188,8.705426,8.960789,8.807887,9.248565
"FBP1",7.864171,8.697547,7.924674,8.42197,8.149547,8.515814,8.173936,8.342508,7.902488,8.259911,8.282847,7.64402,8.050411,7.739183,8.480053,7.995981,7.769366,7.784966,8.24403,7.983741,8.119299
"PTCH1",7.243655,7.67131,7.269101,7.161303,7.152817,7.323315,7.592054,7.092182,7.241656,7.274314,6.509264,7.207361,7.394069,7.104501,7.274404,7.254409,7.173055,7.452669,7.446803,7.632253,7.399298
"ZNF510",7.545726,7.189818,6.530007,7.804137,7.332683,7.766693,6.881555,7.309542,7.287751,6.697688,6.727351,6.539583,7.098671,8.19187,7.705435,7.923226,7.404658,7.768871,8.084694,7.986614,7.3969
"XPA",8.812593,8.435539,8.004126,8.621233,8.261477,8.734592,7.983443,8.442865,8.548012,8.027788,8.323981,7.94597,8.286164,8.786903,8.905711,9.125262,8.632391,8.61742,9.079419,8.857592,8.651546
"HEMGN",6.729645,6.770133,7.069463,7.569568,7.853181,7.329851,7.659684,6.694379,6.924074,6.232303,6.643682,6.377656,6.204982,6.955798,7.457527,6.845034,6.486821,6.744799,7.60891,8.255614,6.446072
"TRIM14",8.336201,8.430451,8.244922,8.782306,8.364217,8.535077,8.211001,8.596838,8.239381,8.032102,8.471232,7.40698,8.317115,8.249104,8.25074,8.403589,8.250801,8.347374,8.200146,8.174177,9.159256
"TEX10",8.279022,8.131355,7.694999,8.555769,7.718172,8.355192,7.98995,8.106047,8.31382,7.693435,7.817734,7.30106,8.226916,8.366842,8.297006,8.609974,8.296221,8.6324,8.571726,8.791374,8.346912
"MRPL50",7.781984,7.405466,7.116748,7.631731,7.508573,7.935263,7.187698,7.349999,7.692638,7.503824,7.578321,7.306629,7.420753,8.547962,7.956542,7.777035,7.680899,7.621553,8.150362,8.229768,7.175945
"OR13C4",5.068248,4.878455,5.172968,5.241578,5.567477,4.589366,4.919831,4.884309,5.105189,5.289894,4.676028,5.585328,5.220162,4.591298,5.251279,5.311004,5.47599,4.661395,5.277947,4.864073,4.83118
"ABCA1",7.578942,8.35699,8.004474,8.303112,8.537858,8.492336,9.14147,8.088706,8.259632,7.518199,9.039524,7.587434,8.298215,7.687012,8.215036,7.675875,8.500201,8.80388,8.255761,8.158086,9.469048
"KLF4",7.785145,7.795255,7.686625,7.886248,7.956002,8.060884,8.044804,7.667508,7.939612,7.457292,8.215999,7.510038,7.837869,7.480705,7.828769,7.945805,8.026801,7.841465,7.803391,7.431368,8.282601
"MIR32",5.943381,6.529335,5.854628,6.979464,6.248416,6.029901,5.601491,6.594977,6.817616,6.064695,5.945871,5.932053,6.283832,6.338702,6.184719,7.038319,5.929116,7.208903,6.724854,6.336404,6.023479
"TXN",8.696222,7.73022,7.828097,7.959047,9.580822,8.781276,8.387221,7.809612,8.179831,7.644855,9.303694,7.944908,8.567122,9.428218,8.805814,8.438014,8.539862,8.301635,9.357214,8.368009,7.978873
"OR2K2",4.68096,4.561976,5.378199,4.45706,4.58038,4.365247,4.924632,4.776946,4.51605,5.378757,4.532633,5.950735,4.783088,4.434439,5.352942,4.409051,5.474614,4.613511,4.969122,4.469961,4.393134
"ECPAS",8.568334,8.835596,8.434279,8.885473,8.387215,8.63226,8.763461,8.54904,8.729136,8.272743,8.536528,7.87662,9.036517,8.383148,8.766795,8.831695,8.612617,8.836131,8.899792,8.9482,8.972264
"TNFSF8",9.322926,9.081514,9.001477,9.214841,9.093641,9.314521,9.155265,9.173723,9.3,8.770086,9.323624,8.138142,8.870132,9.199783,9.2891,9.232559,9.021525,8.860159,9.356509,9.597857,9.638102
"MIR147A",6.862234,6.803421,6.627409,6.474313,6.91437,6.156508,7.144064,6.970539,6.740437,7.355979,6.573983,8.116099,6.754363,6.612922,6.296124,6.929898,7.218458,6.703831,7.006533,6.669009,6.682024
"MEGF9",10.247266,10.387353,10.400067,9.945041,10.757954,10.612986,11.280201,10.223157,10.29819,10.032348,11.166207,10.189804,10.607491,9.502462,10.544402,10.163593,10.52088,10.493751,10.818964,9.939662,10.495891
"STOM",8.850203,9.214851,8.88675,9.561675,9.196233,9.138639,9.639844,8.852926,8.530747,8.076568,8.683034,8.524892,9.104098,8.521506,9.201318,9.2583,8.469235,9.082053,9.340674,9.799397,9.67196
"OR1N1",5.770052,5.991072,5.844625,5.606896,6.266553,6.18003,5.922173,5.787074,5.579876,6.795372,5.774021,7.639956,5.513224,5.648253,5.917154,5.815259,6.491977,5.037393,5.594536,5.724281,5.923339
"PDCL",7.163686,7.099178,7.033197,6.973448,7.082024,7.147712,6.56265,7.113156,7.108251,6.31855,6.945153,5.703426,7.22617,7.253955,7.43006,7.321669,7.086628,7.090239,7.476019,7.287242,7.099092
"ZBTB6",7.319356,7.240762,7.30811,7.615745,7.305765,7.839048,7.304906,7.38802,7.327032,7.186436,7.12195,6.589572,7.154213,7.692784,7.700787,7.685739,7.484225,7.7405,7.971243,8.023764,7.512188
"MIR600HG",7.165523,6.83138,6.749157,7.388601,7.133176,6.88951,6.853862,7.111839,7.607204,7.173374,7.08248,7.183441,7.179809,7.227771,6.823327,7.566975,7.121385,7.970701,7.293527,7.37863,6.282453
"STRBP",8.211167,7.66584,7.141352,8.409304,7.759657,8.221774,6.855075,7.908441,8.337217,7.249163,7.442727,7.245063,8.060693,8.652409,8.037623,8.62902,8.001936,8.779724,7.952608,8.429952,7.355179
"RPL35",9.525113,8.705389,8.82128,8.773214,9.481413,9.677911,8.465993,9.154956,9.031586,9.180039,9.322076,8.451067,9.259636,10.940242,8.716097,8.576849,9.030709,8.496292,9.093772,8.904382,8.056125
"SCAI",8.347773,7.972999,7.841626,8.591983,7.614345,8.072487,7.631481,8.072659,8.225884,7.699928,7.490044,7.240799,7.874863,8.123955,8.01511,8.303708,7.958752,8.314916,8.314904,8.44488,7.827783
"PPP6C",9.519193,9.631708,9.25286,9.819999,9.523654,9.743468,9.654536,9.365107,9.442302,9.262102,9.482596,8.67619,9.601585,9.285784,9.841371,9.749687,9.698962,10.03502,9.988034,10.017686,9.711056
"RPL12",8.473933,8.249397,8.416268,8.748358,8.887865,8.467712,8.152023,8.626436,8.324389,8.445367,8.647886,8.313104,8.527266,9.838681,8.253455,8.198322,8.032548,7.677922,8.44732,8.197616,8.337523
"ST6GALNAC4",8.237128,8.785658,8.632216,8.565617,8.892089,8.326462,8.329806,8.579542,8.691786,7.217426,8.493187,7.797092,8.544346,7.99243,8.850188,7.701914,8.232288,7.360179,8.019814,8.789865,8.496329
"DPM2",7.813597,7.523935,8.390705,7.907703,8.157343,7.639398,7.722485,7.656339,7.739607,6.792038,7.71474,7.165305,7.761549,7.948204,8.138736,7.419488,6.870783,7.762045,7.753731,8.382752,7.8503
"FAM102A",9.061684,9.017233,8.750891,9.351907,8.604858,9.015729,8.381766,9.144431,9.126298,9.027767,8.687545,8.160981,8.920433,9.100467,8.846806,9.037128,8.968016,9.136613,8.854801,9.020482,9.262391
"ZDHHC12",8.12761,8.220718,8.509035,8.051372,8.434867,8.209253,8.301512,8.389153,8.16424,8.357571,8.229905,8.498121,8.178212,8.246714,8.139882,8.084506,7.946839,8.010457,8.032439,7.999829,8.388748
"ZER1",8.113961,8.513951,8.54013,8.89496,8.729206,8.317787,8.424314,8.37764,8.205595,7.674919,8.241942,7.706488,8.291961,7.923902,8.894682,8.263106,7.769118,8.584888,8.484239,8.698907,8.556772
"CRAT",7.307151,7.156546,7.490542,7.343795,7.603637,7.227611,7.46685,7.453695,7.023705,7.109509,7.230571,7.118196,7.085605,7.134561,7.214159,6.887429,6.588955,7.281574,7.032216,7.283287,7.266052
"ASB6",7.209106,7.266881,7.337233,7.31116,7.280091,7.117187,7.356069,7.348466,7.506214,7.059121,7.360834,7.093324,7.234671,7.380558,7.26359,7.18433,7.132889,7.131913,7.155184,7.101775,7.323413
"C9orf78",9.922307,9.52907,10.059143,9.919191,10.41155,9.522817,8.275442,8.991223,9.35703,8.717633,9.688266,9.174365,9.358624,9.597905,10.303364,9.554189,8.657325,9.385509,10.031708,9.518172,9.59904
"UCK1",7.71012,7.722452,7.606285,7.65278,7.760003,7.736065,7.736155,7.667876,7.70995,7.649775,8.012115,6.739868,7.780041,7.953988,7.647403,7.499604,7.400281,7.215272,7.613656,7.631695,7.767208
"SETX",10.036147,10.242739,10.158126,10.38228,10.065439,10.418026,10.545118,10.187339,10.286213,9.89129,10.179153,9.365307,10.334108,9.935235,10.295028,10.199784,9.937389,10.566692,10.500188,10.479743,10.366482
"TTF1",7.003013,7.11572,6.714059,6.844198,6.814577,7.08942,6.482918,7.013543,7.007477,6.469259,7.075058,5.711686,6.795088,7.253474,7.545438,7.166245,6.976127,7.312592,7.081155,6.775369,7.059829
"RALGDS",7.786673,7.574663,7.846071,7.616415,7.714759,7.802732,7.449425,7.802056,7.751597,7.399541,7.545003,7.487315,7.748592,7.919795,7.585749,7.747487,7.1463,7.434971,7.321001,7.629694,8.067962
"GBGT1",7.82345,7.854101,7.860231,7.794445,7.940887,7.892297,8.078517,7.704086,7.828178,7.711274,8.266774,7.874215,7.720392,7.750457,8.143823,7.734885,7.742759,7.544087,7.766619,8.297864,7.721393
"OBP2B",6.985548,6.539954,5.836258,6.461576,7.08934,6.806124,6.789166,7.352931,6.409951,7.016328,6.640364,6.641313,6.660724,6.84083,7.208632,5.975317,7.182862,5.988389,6.40175,6.677958,6.553505
"VAV2",6.863724,6.500981,6.24749,6.807908,6.70493,6.633654,6.383584,6.682617,6.799021,6.379474,6.942333,6.364316,6.869931,6.917739,6.558809,6.433328,6.550121,6.982998,6.25598,6.236749,6.70051
"NOTCH1",8.135359,8.678443,8.649335,8.263299,8.728815,8.441848,9.00891,8.493574,8.639179,8.270259,9.037016,7.984054,8.794631,7.960713,8.383642,8.142327,8.094994,8.620708,8.35116,7.547845,8.369891
"LCN8",7.347337,7.007586,7.454218,6.726327,7.048992,6.822861,7.052572,7.217839,7.123976,7.800152,6.986174,8.022292,7.188121,6.575042,6.875377,6.658827,7.253658,6.615942,7.011683,7.17598,7.089481
"EDF1",9.35125,9.820603,9.37943,9.475665,9.329451,9.825119,8.793921,9.341583,9.380089,9.351502,9.569241,8.413832,9.299751,9.785325,9.045594,8.893222,8.632662,8.952759,8.644107,8.743923,8.786874
"FBXW5",8.592876,8.742416,8.663952,8.738009,8.750118,8.656104,8.629573,8.793614,8.504855,8.566551,8.651687,8.37832,8.388188,8.747052,8.494874,8.401969,8.031989,8.190269,8.06914,8.603566,8.594271
"DPP7",8.682932,8.583794,8.564628,8.588682,8.536256,8.465064,8.520168,8.600228,8.622322,8.482368,8.663184,8.334046,8.537103,8.688516,8.322463,8.405432,8.314462,8.184079,8.041104,8.187707,8.357585
"ARRDC1-AS1",6.979903,7.044341,6.92758,7.061088,7.104877,6.979744,6.993215,7.276302,7.069779,6.778573,6.846523,6.173044,6.936209,7.067423,7.277003,6.858489,7.129945,7.146347,6.704465,6.866772,7.288446
"MTND2P28",9.737994,9.532981,9.100078,10.020307,9.701224,9.475717,9.541076,9.301539,9.840421,11.831514,9.100224,12.323322,9.277696,9.137713,9.602234,11.722993,11.613152,9.892027,9.995589,9.773738,9.544279
"PLCXD1",6.538386,6.348007,6.967931,6.248524,7.375569,6.22989,6.674937,6.837484,6.066204,7.062538,6.785577,8.084029,6.816413,7.008762,6.785331,7.08856,6.637684,6.453813,6.336057,6.571905,7.404881
"ASMTL-AS1",6.951676,6.472291,6.719977,6.365538,6.751518,6.814368,6.703485,6.702817,6.708665,7.423454,6.370639,7.026494,6.290667,6.59619,5.815529,4.588346,5.412501,6.648772,6.591982,6.025269,7.024211
"TLR7",7.73438,7.735883,7.11289,8.116315,7.561611,8.138875,7.756095,7.442984,7.687141,7.297981,7.566273,6.764286,7.615366,7.940297,7.800713,7.912058,7.988733,8.134348,8.184001,7.578889,8.532694
"TLR8",9.149056,9.592114,9.139512,9.442753,9.972057,9.975938,10.541074,9.281704,9.260536,8.75504,10.242397,8.923418,9.670127,8.80795,9.487775,9.003935,9.651258,9.570931,10.289383,9.359979,9.285844
"TCEANC",7.464354,7.019874,6.343004,7.563932,6.983485,7.330802,7.258874,7.315508,7.193602,6.251665,6.894677,6.159778,6.90941,7.517305,7.191054,7.351551,7.060977,7.546131,7.502675,7.389425,7.149999
"OFD1",8.294581,8.018923,7.646581,8.566494,7.964192,8.237375,7.863689,7.874361,8.303098,7.606848,7.729596,6.922999,8.489524,8.289283,8.360107,8.517994,8.100275,8.704353,8.65628,8.747576,8.240945
"MOSPD2",8.587457,9.030414,8.088996,8.152913,9.376918,9.251088,9.297415,8.672403,8.620604,8.012872,9.182416,7.91025,8.561165,8.456976,9.294357,8.881562,9.145599,9.468873,9.968671,9.010594,8.920459
"CA5BP1",6.662634,7.127022,6.719822,6.86758,6.487129,6.531689,6.891689,6.451679,6.574581,6.887898,6.948845,7.086828,6.446978,6.580606,6.437057,6.558852,7.339163,6.888932,6.84336,6.23827,7.040114
"SYAP1",7.825056,7.978822,7.218707,7.832464,7.930955,7.877319,7.822005,7.918322,7.731154,7.037265,8.000698,6.483116,7.682024,8.257142,8.244922,7.830733,7.662515,8.333605,7.906535,7.747755,7.97403
"REPS2",8.205965,8.941796,8.721666,8.229198,9.015738,8.82276,9.73315,8.468207,8.558286,8.216301,9.531359,8.144319,8.798418,7.610083,8.586377,8.291784,8.559112,8.800398,9.105919,8.383429,8.421995
"SCML1",7.435443,6.545535,6.055043,7.409197,6.789944,6.902861,6.410632,6.68848,7.367137,6.526186,6.563862,5.172312,6.856142,7.482389,6.995833,7.251603,7.044189,7.463274,7.723305,7.683652,6.763144
"CDKL5",6.669433,7.119916,7.113074,6.760016,6.63519,6.924725,7.580907,6.937446,6.944427,6.524405,7.058162,6.537625,6.795099,6.577728,7.305805,7.179992,6.911417,7.32032,7.710025,7.244859,7.043607
"PDHA1",8.570041,8.516984,8.103044,8.553252,8.199689,8.482068,7.963525,8.455066,8.421179,7.927556,8.290933,6.94532,8.545117,8.434536,8.736117,8.677666,8.487325,8.713296,8.5489,8.406898,8.630398
"FAM3C",8.589167,7.874792,7.797942,8.516159,7.829658,8.672544,7.593598,8.249828,8.432645,7.836324,7.906618,7.687717,8.060458,8.913351,8.584802,8.978257,8.650282,8.803194,8.783274,8.471396,8.233888
"SAT1",10.347318,10.222623,9.991672,10.047008,10.832111,10.427246,10.566283,10.116326,10.518087,10.141786,10.895078,9.596668,10.778853,10.216557,10.553365,10.36824,10.924396,10.546134,11.35864,10.827085,11.139204
"EIF2S3",10.721249,10.592173,10.441981,10.88358,10.932905,10.61397,10.813048,10.819544,10.670061,10.525816,10.551622,10.056839,10.518683,11.230449,10.728065,10.761264,10.795576,10.970346,10.495279,10.533649,10.327299
"ZFX",8.31615,8.422637,7.963394,8.795132,8.859928,8.355797,8.908479,8.337091,8.32867,7.869664,8.48083,7.315956,8.340592,9.101216,8.55545,8.489225,8.278258,9.197063,8.560833,8.475229,8.51413
"PDK3",8.101669,8.295466,8.072678,8.31827,8.321746,8.484897,8.764915,8.050927,8.01358,8.07369,8.503423,7.361679,8.563868,7.544197,8.307263,7.999218,8.09094,8.671288,8.524753,8.13036,8.040894
"POLA1",7.621449,7.442754,7.245975,7.982031,7.261783,7.607452,7.013439,7.354711,7.536654,6.948624,7.102033,6.774198,7.372314,6.957605,7.704752,7.770175,7.374474,7.977019,7.909078,8.23888,7.539581
"XK",7.114421,6.998393,7.046348,7.606115,7.698267,6.957448,7.441767,6.838444,6.63884,6.518667,6.829935,6.765712,6.877596,6.665909,7.522339,7.228601,6.483237,7.287539,7.498497,8.177572,7.37733
"ATP6AP2",9.635498,10.036454,9.777418,9.988892,9.754284,9.925709,10.201149,9.674578,9.758705,9.629572,10.127365,9.101347,9.89045,9.675205,10.070298,9.745246,9.7177,10.002952,10.135626,10.210333,9.475718
"USP9X",9.476483,9.621479,9.382763,9.892357,9.593771,9.599721,10.143754,9.457277,9.59194,9.317575,9.635263,8.94216,9.840784,9.248059,9.718701,9.558173,9.475897,10.331182,10.219369,9.957329,9.607043
"DDX3X",10.609135,10.923317,10.743794,10.669877,10.966262,11.021276,11.105334,10.707265,10.771491,10.499838,10.986314,10.171139,10.724318,10.779114,10.999289,10.683464,10.836063,11.547189,11.005284,10.938907,10.884479
"GPR34",4.025133,4.560359,4.169016,4.754725,4.380115,5.077153,4.223047,4.055485,4.317637,4.031486,4.110486,3.658584,4.143476,4.436141,4.584675,4.165159,4.147752,4.258546,5.225014,4.648307,3.834381
"GPR82",5.260804,5.249007,4.956784,5.359254,4.959431,6.33415,5.003536,5.312909,5.20385,5.090368,4.998508,4.605325,4.913065,5.674683,4.94506,5.850831,5.005908,5.706579,6.158323,5.144982,4.811957
"KDM6A",8.449467,8.455855,7.903268,8.667708,8.978074,8.547391,9.388495,8.3054,8.453028,7.812899,8.657548,7.247246,8.677677,8.953694,8.763747,8.673708,8.5131,9.436225,9.165674,8.792286,8.767708
"RP2",9.118577,9.156811,8.844851,8.948789,9.310405,9.207518,9.476184,8.883832,9.063571,8.23157,9.863264,7.985158,8.899467,8.769075,9.404929,8.921637,8.935672,9.040936,9.356284,8.865591,9.156149
"UBA1",8.746357,9.185741,8.917822,9.318501,9.131864,8.99456,9.478039,9.047625,8.953384,8.738709,9.222584,8.305267,9.231204,8.732849,9.209843,9.145732,9.203561,9.773463,9.011576,8.809392,9.245841
"CDK16",6.820416,7.064124,7.19962,7.321266,7.425606,7.043275,7.251801,7.011523,6.979705,6.782432,7.203084,6.367554,6.792449,7.324736,7.116139,6.895842,7.149397,7.567262,6.739775,7.074528,7.429143
"TIMP1",9.571281,10.21103,9.82675,10.376512,10.094325,10.295453,10.252035,9.661318,9.845868,9.539852,10.509605,9.19494,9.477821,9.428481,10.566629,10.244219,9.949311,10.480606,10.428888,10.537334,10.797688
"SSX6P",5.626812,5.357557,5.433129,5.130401,5.404929,5.439369,5.123417,5.091418,5.49544,5.758865,5.422785,6.674196,5.648563,4.9807,5.348312,5.216372,5.967902,5.362795,5.179935,5.375101,5.362288
"PORCN",6.848306,7.109982,7.214379,6.860719,6.742638,6.918254,6.875624,6.860092,6.972479,7.145401,6.870845,7.480007,6.839318,6.787154,7.083374,6.859617,6.817346,6.833535,6.962765,7.027166,6.740643
"WAS",8.173947,8.738898,8.56878,8.301068,8.683006,8.58709,9.040079,8.488628,8.570001,8.435188,8.984505,8.300599,8.768256,8.181085,8.512925,8.096047,8.504709,8.568575,8.546373,8.111374,8.500672
"PLP2",9.750857,10.467608,10.058889,10.188808,10.386456,10.282965,10.305072,9.670354,9.957234,10.091883,10.420645,9.721287,9.715674,9.775073,9.839017,10.025988,10.503914,9.638928,10.331497,9.911718,10.196813
"XAGE5",4.445483,4.157805,4.703292,3.920572,4.399335,3.815144,4.760246,4.498869,3.86896,4.88756,4.128306,5.369175,4.455706,4.200593,4.126037,4.326405,4.805887,4.627097,4.25857,4.523874,4.69553
"GNL3L",8.073444,8.788554,8.320441,8.802097,8.053524,8.192191,8.322919,8.342764,8.394437,7.922182,8.305729,7.053098,8.226796,7.984963,8.091068,7.887047,7.496209,8.312736,7.667521,7.845877,8.086605
"KLF8",6.481559,6.621707,5.939064,6.656512,6.119549,6.52318,6.204486,6.434232,6.498671,6.129279,6.047167,6.033476,6.60739,6.693296,6.827137,6.512597,6.290633,6.724233,6.524252,5.721859,6.194655
"FAAH2",6.857753,6.56913,6.027366,7.049524,6.497652,6.991746,6.471487,6.828309,6.703215,6.577897,5.968629,5.978188,6.248986,6.695646,6.80544,6.930482,6.447363,6.672271,6.838275,7.09319,6.879846
"MIR223",9.41804,9.763295,9.747905,9.369951,10.298186,10.276398,10.709764,9.304115,9.65317,9.20231,10.495702,8.783345,9.97336,9.460229,10.124434,9.90047,10.150102,10.184132,10.957544,10.57236,10.000515
"YIPF6",8.629803,8.517359,8.241489,9.237752,8.723154,8.954373,9.535101,8.416898,8.699181,7.722378,8.73381,7.834546,8.540934,8.63202,8.760194,8.679158,8.222558,8.668841,9.170261,9.575201,8.64371
"IGBP1",8.676812,8.362122,8.256017,8.41278,8.8666,8.790987,7.812049,8.666423,8.366843,8.119548,8.718744,7.463501,8.557538,9.322493,9.238727,9.012788,8.734521,8.687965,9.028721,9.136817,8.908115
"MED12",7.74991,8.082355,8.151336,8.36721,7.654488,7.931761,8.300021,8.000289,8.039619,7.684337,8.133877,7.901093,8.562318,7.60137,8.12842,8.02921,7.92317,8.745953,8.206168,7.611923,8.147369
"NHSL2",8.288759,8.899099,8.61428,8.233981,8.858662,9.026161,9.288076,8.468003,8.642019,8.562754,9.146724,8.095195,8.74269,8.054581,8.766782,8.21724,8.658758,8.697253,8.950366,8.394225,8.560386
"JPX",6.036148,6.022201,5.450499,6.086316,6.552376,6.373743,6.383672,5.728931,5.996977,4.791492,6.173715,4.853355,5.534842,7.179641,5.669356,6.008762,6.059474,6.912498,6.117778,5.545959,5.764084
"ATP5MD",8.47475,8.074262,7.455922,7.921757,8.764459,8.485071,7.511142,8.031047,8.157951,8.200969,8.65849,6.784323,8.205457,9.802345,8.219129,7.409079,7.912111,7.836314,8.307059,7.822152,7.229461
"UPRT",7.56883,7.473109,7.326922,7.79897,7.441083,7.601829,7.208894,7.509515,7.713258,6.755455,7.322304,6.394458,7.384143,7.534775,7.815576,7.944358,7.08618,7.909649,7.624585,7.785119,7.673452
"COX7B",6.006153,5.916424,4.715396,6.443276,6.701125,6.279239,6.743583,5.68397,6.329611,5.111185,6.351233,4.151968,6.846824,8.693495,6.075695,6.349083,5.849841,6.024947,7.38079,6.790414,6.042331
"P2RY10",8.839046,8.525531,8.198907,9.124902,8.623849,9.164153,8.199412,9.024837,8.883577,8.598422,7.997948,7.036829,8.863316,9.500575,8.646335,8.683681,8.671494,8.911922,9.245995,8.686467,7.726837
"GPR174",9.937125,8.890525,8.989933,9.638911,9.085878,9.963578,8.745396,9.315465,9.576186,8.885158,8.661057,8.000352,9.531595,10.046593,9.177438,9.331825,9.09506,9.540479,9.810815,10.250851,9.020838
"SH3BGRL",10.476478,10.528863,10.112637,10.441948,10.390132,10.489195,10.260125,10.293598,10.405374,9.852681,10.521003,9.732584,10.459115,10.409475,10.800522,10.667823,10.611113,10.314809,10.848924,11.202836,10.624451
"APOOL",6.780716,6.918031,5.929562,7.705406,6.926869,7.29181,6.494918,7.038332,7.106829,6.299363,6.938382,5.251432,6.891974,7.278309,7.319835,7.642673,7.035138,7.677924,7.789615,7.484014,7.235006
"ZNF711",5.406192,5.28196,5.117276,6.038287,4.964636,5.456606,4.800275,5.437051,5.60273,5.018011,4.840923,4.730394,5.103271,6.14707,6.131794,5.716683,4.985171,6.33507,5.48473,6.487535,5.371928
"DIAPH2",7.35224,7.377105,7.010494,7.934018,7.265468,7.577188,7.674618,7.113044,7.704368,6.769753,7.51515,6.579821,7.531181,7.153539,7.647857,7.676374,7.504625,7.753788,8.27307,8.566584,7.905586
"ARMCX6",6.821027,7.291277,7.048861,7.897541,7.359718,7.917792,6.338536,7.144308,7.129985,7.240285,7.118996,7.147164,6.7936,7.80468,7.619084,7.563139,7.969066,7.528429,7.855495,7.378071,7.69846
"ARMCX3",7.417135,7.542722,7.458287,7.617384,7.200627,7.641505,7.043952,7.382992,7.467567,7.125281,7.340145,6.509585,7.277331,7.511453,7.89878,7.728177,7.390561,7.657984,7.729773,7.58006,7.684676
"PRPS1",8.615211,8.400979,7.930487,8.784728,8.337839,8.76723,7.810741,8.688486,8.446546,8.267237,8.19117,6.856604,8.558933,9.139884,8.617125,8.742765,8.599914,8.80125,8.498423,8.806721,8.692987
"VSIG1",6.92518,7.116497,6.715329,7.709093,7.427964,7.179541,6.989532,7.256226,7.411986,6.789426,6.802035,6.336886,6.947438,7.005787,7.315264,6.622221,6.973607,6.997626,7.478877,7.340296,6.701386
"ATG4A",7.09365,6.993712,6.567889,6.94548,7.033585,7.15078,6.448272,7.109556,7.291357,6.401847,6.986196,6.113287,7.192764,7.647145,7.309533,7.606529,7.432087,7.208346,7.776692,7.681091,7.579987
"TDGF1P3",4.911938,4.478572,5.140796,4.629492,5.151001,5.150086,5.183824,5.159222,4.713544,5.246107,4.929384,5.723807,5.084081,4.689829,4.753814,4.881208,5.07998,5.01561,4.802796,4.555064,4.802338
"ALG13",7.105539,6.901101,6.655886,7.503109,6.922462,7.107194,6.958039,6.852079,6.992894,6.391664,6.951424,5.591363,7.063329,7.165964,7.191913,7.076057,6.847177,7.467802,7.520884,7.497042,7.085743
"WDR44",7.369049,7.512557,7.157176,7.691845,7.169585,7.583088,7.568345,7.194592,7.162724,6.69793,7.154657,6.241085,7.477228,7.318457,7.838099,7.764299,7.721636,7.976177,8.049231,8.053154,7.776208
"DOCK11",10.793521,10.769669,10.592311,10.956848,10.631439,10.921409,11.060113,10.748233,10.79226,10.428443,10.668708,9.930161,10.904862,10.645763,10.746544,10.866275,10.809551,11.168587,11.29609,11.045899,10.650778
"IL13RA1",9.182063,10.121187,9.248938,8.926157,9.923989,9.547103,10.422907,9.121332,9.490205,9.354531,10.108885,9.162739,9.535779,9.034315,9.39987,9.356059,9.844878,9.644516,9.787528,8.895908,9.108807
"PGRMC1",8.692686,8.892603,8.840046,9.370927,8.84497,9.153058,9.025423,8.944904,8.3093,7.836066,8.460838,8.282596,8.590933,8.529688,9.324276,9.355285,8.212146,8.785755,8.929312,8.636469,9.104645
"UBE2A",8.227236,8.089435,7.903333,8.117658,8.297592,8.396653,8.300323,7.880754,8.089912,7.738212,8.295153,6.861907,8.281676,8.510574,8.330326,8.592056,8.302233,8.486299,9.063198,8.643408,8.449205
"NDUFA1",8.791788,8.599547,7.510958,7.625604,8.967489,8.349648,7.355296,8.502142,8.494156,8.609336,8.722104,7.665248,8.627099,9.667633,7.696541,7.857602,7.737076,7.058136,7.686195,7.530036,7.854986
"ZBTB33",8.466268,8.258702,7.903629,8.479945,8.243493,8.886311,7.933702,8.144259,8.0105,7.489134,7.986621,7.026094,8.055478,8.739984,8.465438,8.338536,8.139813,8.486887,8.741911,8.716414,8.178857
"MCTS1",7.861928,7.963261,7.635561,8.142786,7.838379,8.221831,7.585815,7.667399,7.903744,7.400704,7.699052,6.646676,7.58295,8.410499,7.704622,8.069445,7.999816,8.092754,8.36856,8.178821,7.822807
"STAG2",9.566726,9.540343,9.446337,9.769629,9.74024,10.005977,9.817841,9.599254,9.615228,9.03981,9.872533,8.383355,9.38256,9.931262,9.930688,9.812751,9.70635,9.912286,10.027731,9.791503,9.414173
"SH2D1A",8.501184,7.998781,8.081849,8.716104,7.649308,8.79076,7.516435,8.219174,8.00535,7.751933,7.419176,7.07523,8.103584,9.324754,8.508941,8.756374,8.263317,8.566675,8.872018,9.344184,8.005778
"PHF6",8.411618,8.065333,7.715869,8.508436,8.036875,8.676564,7.668336,8.105465,8.191313,7.443244,7.956506,6.903753,7.882537,8.757508,8.541406,8.605442,8.499449,8.456676,8.828642,8.682775,8.240705
"HPRT1",7.966254,7.835248,7.311661,8.118736,7.769049,8.131228,7.721975,7.817472,7.794453,7.237397,7.856948,6.535747,7.632382,8.803173,8.178979,8.395757,8.191654,8.288214,8.907102,8.21626,8.032091
"INTS6L",8.192749,7.597028,7.567945,8.253139,7.843468,8.009675,8.143568,8.039476,8.055425,7.496409,7.884932,7.009937,8.280271,8.194658,8.091315,8.437512,8.147228,8.415922,8.604311,8.695945,8.110382
"FHL1",6.48339,6.534616,6.380967,7.083518,6.475736,6.771591,6.800439,6.161752,6.217057,6.283469,6.242429,6.360307,6.533063,6.422121,6.578817,6.670711,6.076686,6.061896,6.368015,6.498,6.01311
"HTATSF1",7.801278,7.404615,7.264266,7.708665,7.200325,7.897073,6.855134,7.466205,7.357932,6.851696,7.544907,6.470871,7.471889,7.861753,8.083941,7.788457,7.783605,7.732085,7.707132,7.629982,7.695966
"CD40LG",7.576086,7.018588,6.806397,7.372172,7.094367,7.112502,6.898202,7.250418,7.325677,6.835891,6.877385,6.165144,7.41711,7.59692,7.547349,7.366717,7.363182,7.91489,7.82894,7.811249,7.214332
"SPANXA2-OT1",5.175416,5.549916,6.156825,4.86527,5.434077,5.172181,5.062285,5.291405,5.728687,5.234723,5.22773,5.970016,5.069042,5.16149,5.385005,5.644782,5.767122,6.171619,5.750563,5.792293,5.422946
"IDS",10.242568,10.512198,10.247403,10.115784,10.576263,10.472319,10.96999,10.174405,10.42453,10.192754,10.859443,9.885098,10.591236,10.013369,10.405443,10.30498,10.485446,10.318389,10.459923,10.311035,10.29982
"MAGEA8",8.109842,7.836183,8.354015,7.959861,8.170518,7.938899,8.344423,8.011874,8.184531,8.995188,8.178689,9.313639,8.195958,7.773938,7.893502,8.146249,8.729054,7.757771,7.868963,7.988179,8.159257
"MTM1",8.211509,8.395912,8.14691,8.491064,8.4246,8.446757,8.435734,8.139359,8.37388,8.031454,8.281825,7.223031,8.256655,8.045699,8.640516,8.430463,8.456159,8.871576,9.031709,8.67595,8.522489
"CSAG1",5.918424,5.726983,6.083202,5.708993,6.036815,5.40622,5.816793,6.171114,5.818985,6.220782,5.701239,6.418652,5.552943,5.744707,5.566427,5.874348,5.616909,5.54963,5.741892,5.545223,5.393959
"ZNF185",7.2951,8.269143,7.766222,7.839568,7.823812,7.939697,8.50899,7.855165,7.186797,7.215903,7.580514,7.422132,7.533845,6.698909,7.94806,7.596905,7.589973,7.84591,8.198899,7.360791,7.437544
"SSR4",9.009936,9.005466,9.006869,8.834549,8.942546,8.990387,8.702002,8.902437,8.974343,8.785431,9.123278,7.873527,8.871932,9.341262,8.168697,8.227988,7.997389,8.140854,7.861407,8.644089,7.912314
"OPN1LW",4.805966,4.953131,4.909535,4.667349,5.231783,5.003228,4.433188,4.995016,4.861797,5.537292,4.771247,5.320022,5.094449,4.543174,5.349277,4.870844,5.872162,4.074673,4.88768,4.870242,5.358647
"ATP6AP1",8.830683,9.5044,9.315927,9.275244,9.031298,9.166051,9.501759,9.221965,9.208974,8.802575,9.374735,8.857413,9.177595,8.999754,9.159904,9.186799,8.977274,9.179574,8.897284,8.982981,9.132893
"GDI1",8.648305,9.35086,9.102097,9.125517,9.123053,9.307834,9.429601,9.102578,9.123274,8.858986,9.166159,8.447751,9.164222,8.756413,9.166573,9.111278,9.204439,9.469967,9.315824,9.060496,9.188136
"FAM50A",7.495673,7.592428,7.663451,7.50309,7.603679,7.521645,7.419386,7.56108,7.640116,7.142483,7.690427,6.859388,7.730322,7.616206,7.42762,7.381007,7.212636,7.122285,7.510448,7.405228,7.509795
"IKBKG",6.798162,6.867485,6.989893,6.465884,6.876371,6.656934,7.0367,6.714508,6.63707,6.341456,6.90727,6.606223,6.575732,6.61246,6.288129,6.155946,6.275855,6.777352,6.159962,6.190337,6.970297
"DKC1",8.005828,8.077666,7.828151,8.204796,7.772838,8.063597,7.176651,7.913051,8.055211,7.434814,7.928589,7.070839,7.896046,8.093241,7.906738,7.881052,7.823113,8.30421,8.045025,7.996213,8.190439
"BRCC3",7.070786,6.919513,7.251583,7.186621,7.176787,7.387802,7.002971,7.172803,7.586889,6.119241,7.367382,5.493987,7.414732,7.164044,7.190975,7.337677,6.952164,7.015777,7.33698,7.466361,7.273844
"VBP1",6.938303,6.413101,6.619637,7.072803,6.93486,7.433174,6.899656,6.408792,6.818499,5.959682,7.006279,5.155707,6.506057,7.930391,7.031741,6.632463,6.752876,6.977313,7.727565,7.361476,6.637547
"PPP2R3B",6.411385,6.351172,6.65481,6.052211,6.517835,6.148714,6.385043,6.124025,6.410987,5.481709,6.837643,3.951024,5.756503,6.043609,6.098693,5.851715,4.656114,5.373527,5.121319,6.427576,6.32786
"TRAPPC2",7.367359,7.344473,6.999016,7.362421,7.370556,7.581552,7.000277,7.221467,7.473595,6.698671,7.062332,6.445018,7.25359,7.355449,7.618109,7.470431,7.578282,8.024956,7.564351,7.214123,7.200424
"FANCB",5.423175,5.174914,5.52444,5.541433,5.346556,5.699955,5.63372,5.380455,5.44905,4.784834,5.149476,4.446089,5.233689,5.749909,5.492045,5.736606,5.305327,5.623265,6.327458,6.382507,5.148901
"AP1S2",7.807451,7.815494,7.508443,7.767498,8.053217,8.106268,7.872389,7.778438,7.688297,7.486687,8.152777,6.556053,7.740706,8.1109,7.937678,7.441431,7.678221,7.862354,8.631206,8.156548,7.587237
"RBBP7",9.205543,9.394266,8.861245,9.337726,8.938181,9.413362,8.666088,9.324946,9.278152,8.988634,8.994028,8.149245,9.283573,9.472283,9.165301,9.418797,9.149094,9.358146,9.109351,9.141185,9.408527
"BEND2",5.787408,5.898882,6.062081,5.917129,6.12922,6.543955,6.473833,6.501378,5.813613,5.615489,5.861785,6.026008,5.816312,5.17077,6.203911,7.581108,5.319681,5.702588,6.198246,5.755007,5.792141
"BCLAF3",7.201634,7.000454,6.605994,7.332593,7.222173,7.099898,7.1472,6.98943,7.154236,6.467979,6.929423,5.841185,6.758977,6.968782,7.175503,7.388302,7.129507,7.877216,7.982631,7.420549,7.386944
"SCARNA9L",6.880166,5.189982,4.461584,5.861769,6.950905,6.068792,5.847869,5.867072,6.458374,4.643044,5.613517,4.277512,6.329616,7.810415,5.669852,6.098399,5.374799,6.411215,6.350455,6.127567,5.38856
"RPS6KA3",10.243673,10.48285,10.163602,10.511937,10.25914,10.482303,10.479529,10.249479,10.50528,10.02773,10.09388,9.475757,10.387968,10.178421,10.338876,10.426434,10.276472,10.494771,10.690741,10.617517,10.16875
"APOO",6.398347,6.600805,6.056039,6.552986,6.362467,6.642,5.901741,6.054877,6.635168,6.314169,6.327956,5.870248,6.318717,6.8639,6.995071,6.797738,6.657722,6.681797,6.918704,6.792217,6.654991
"RPL9",11.54213,9.877873,10.366435,10.721614,11.322055,11.371815,10.40882,10.450429,10.657524,10.86252,11.05086,10.167134,11.156988,12.630507,10.738133,10.546892,11.170772,10.542504,11.502242,11.422437,9.86709
"TASL",7.988134,7.677242,7.442718,8.017646,8.527573,8.572952,8.19682,7.943645,8.159941,7.163942,8.698434,6.284148,7.71738,8.512387,8.447597,8.034055,8.357845,8.236926,9.128785,8.562102,8.609982
"TAB3",8.505297,8.519748,8.205075,8.636795,8.454547,8.72674,8.877582,8.47345,8.412567,8.125348,8.663712,7.915744,8.590081,8.282425,8.498154,8.326723,8.563714,8.617914,9.134938,8.853845,8.880979
"DYNLT3",7.650845,7.616289,7.53947,7.726444,7.67338,8.146823,7.618258,7.217999,7.803022,6.87367,7.63146,6.128466,7.290464,8.85222,7.949499,7.720504,7.788837,8.289051,8.515657,8.278746,7.818669
"RPGR",7.4198,7.32919,7.141973,7.211614,7.715668,7.629014,7.78057,6.982561,7.234079,6.939719,7.710367,6.722016,7.603991,7.027335,8.111636,7.536871,7.701213,7.821659,8.012994,7.561229,6.944582
"MED14",8.217736,8.533044,8.112089,8.809734,8.335666,8.519078,8.918008,8.37634,8.291225,8.048067,8.320616,7.894987,8.585682,8.309284,8.422253,8.431819,8.376595,9.013161,8.771973,8.798117,8.693271
"ZNF674",6.269274,6.783116,6.092633,6.385344,6.624851,6.634173,6.953617,6.208535,6.529758,5.896533,6.755874,5.664997,6.05759,6.567603,6.990216,6.600248,6.43375,6.70416,7.175766,6.334639,6.344357
"SLC9A7",7.761721,7.371262,7.136833,8.016656,7.402017,7.931085,7.238378,7.72026,7.924941,7.467273,7.643963,7.004994,8.053383,7.990003,7.730577,7.90131,7.250587,7.996368,7.716493,7.521605,7.233392
"CFP",8.573664,9.062678,9.100647,8.855473,9.093698,8.960904,9.275788,8.793955,8.826453,8.689568,9.390413,8.046584,8.621137,8.522254,8.973939,8.695266,8.403647,8.921553,8.834691,8.634404,8.889211
"UXT",8.715337,8.649992,8.292615,8.803375,8.539828,8.688036,7.897713,8.482657,8.553497,8.367284,8.559456,7.311365,8.451497,9.339554,8.633162,8.671304,8.644967,8.695757,8.680226,8.727371,8.182384
"SLC38A5",7.301553,7.830542,8.282039,8.185695,7.951321,7.463964,7.233835,8.014583,7.319159,6.850595,7.83774,7.004176,7.113354,6.883217,8.800222,7.490598,7.534052,7.710707,7.808221,8.188902,8.06502
"PIM2",9.83383,9.73185,9.497192,9.927468,9.731142,9.82893,9.632736,9.756371,9.733927,9.503084,9.775407,8.750086,9.87483,9.609352,9.739601,9.794112,9.948811,9.959166,9.770303,9.654952,9.864522
"TFE3",7.99397,8.251906,8.073782,8.132797,8.397867,8.436462,8.535212,8.169639,8.432403,7.639363,8.792396,7.709354,8.380086,7.964673,8.555133,8.116813,8.155028,8.333868,8.248238,8.038036,8.809121
"PRAF2",7.345763,7.550502,7.477539,7.753775,7.623391,7.425428,7.337894,7.526016,7.117066,7.048927,7.286372,6.650773,7.228046,7.519066,7.713142,7.477948,7.002594,7.484954,7.283566,7.436627,7.439638
"LOC401589",6.460938,6.444038,6.427725,6.455583,6.696358,6.301788,6.639164,6.449163,6.439165,6.875516,6.368439,7.529723,6.526085,5.994747,6.127429,5.850002,6.573756,6.496677,6.049581,6.324553,6.309601
"SSX7",5.705065,5.320542,5.346744,5.453858,5.691495,5.267882,5.508295,5.676815,5.726794,6.156843,5.448424,6.398271,5.534136,5.195395,5.428437,5.908463,6.107148,5.487899,5.411097,5.073843,5.678909
"SMC1A",8.219255,8.449459,8.091599,8.782065,8.165683,8.152797,7.934974,8.4219,8.174979,7.753112,8.186056,7.537176,8.543342,8.415381,8.564693,8.525057,8.214764,9.238098,8.099978,8.267853,8.657173
"MIRLET7F2",5.231483,5.596754,5.509297,5.767437,5.063142,6.022743,5.649667,4.890714,5.611304,5.182324,5.239951,4.284848,4.97792,5.733073,5.226085,4.997603,4.588492,4.762076,4.590803,5.013383,5.064837
"ALAS2",11.586992,10.660513,11.848951,12.265735,12.611267,11.195338,11.323837,11.176309,10.497505,9.460169,10.798236,10.289391,10.415696,11.086694,12.093535,11.469323,9.620997,11.000224,12.06726,12.185059,11.755119
"XAGE-4",5.538573,5.490207,5.431021,5.756291,5.040449,5.434566,5.329693,5.684798,5.081309,6.125543,5.6114,6.382687,5.904201,4.985729,5.662267,4.648851,5.431381,5.207731,5.276518,5.420086,5.158144
"UQCRBP1",5.802187,5.589163,5.31445,5.60305,6.324508,5.763505,5.337136,5.559905,5.536885,5.161835,5.63678,5.29886,5.702768,6.160681,5.551152,5.599741,5.23079,5.604542,5.697296,6.112951,5.498619
"CXorf65",7.142294,7.668423,7.227849,7.735058,7.595596,7.177237,7.218798,7.196058,7.747481,7.139882,7.162456,6.89058,7.658492,7.409993,7.686645,7.436439,7.697422,8.119382,7.89684,7.673626,7.639951
"CXCR3",7.490123,7.686164,7.719439,7.509842,7.365079,7.551962,7.559213,7.617028,7.266914,7.532287,7.284965,7.799172,7.29607,7.422318,7.296654,7.503718,7.415066,7.344834,7.324774,7.610795,7.481087
"RPS4X",12.183163,12.057887,11.779537,11.714517,12.241361,11.949753,11.258895,12.116046,12.031134,12.077153,11.831231,11.690921,12.055144,12.655024,12.235495,12.383398,12.212075,12.366229,11.886225,11.980699,11.69895
"NAP1L2",5.245077,5.30645,4.68085,5.161352,5.410789,5.504011,4.716431,5.51619,5.185548,5.03338,4.842929,5.531819,4.872234,5.922436,5.57268,4.870887,5.533057,5.306068,5.549182,5.482852,5.47499
"RLIM",10.520717,10.460972,9.793581,10.63586,10.465842,10.337053,10.122137,10.435074,10.517825,10.350936,10.365477,9.93167,10.718028,10.562479,10.622362,10.724059,10.66238,10.573363,10.623198,10.402264,10.046443
"ABCB7",7.579251,7.591443,7.010973,8.103815,7.308497,7.758856,7.172238,7.635819,7.765485,6.863316,7.319759,5.970723,7.456689,7.76304,7.679142,7.682017,7.406416,7.958775,7.907833,8.040543,7.220711
"ATRX",8.731625,8.814058,8.72031,9.207071,8.546329,9.009708,8.386299,8.699449,8.692035,8.041906,8.53506,7.621005,8.536811,8.672069,9.169598,9.157675,8.702088,9.396876,9.229769,9.361231,8.728419
"MAGT1",9.049577,9.043003,8.828305,9.310894,8.859271,9.228381,8.861721,8.897048,8.933163,8.574827,8.94726,7.902983,8.965561,9.23108,9.265245,9.403743,9.511663,9.508826,9.684219,9.447992,9.145014
"CYSLTR1",8.696695,8.546154,8.062262,8.886083,8.736858,9.143551,8.653967,8.586076,8.758614,8.187177,8.845931,7.246506,8.88831,9.206447,9.158677,8.76972,9.037743,8.945292,9.841065,9.052739,9.18354
"ITM2A",9.50489,7.764155,8.505842,9.156609,8.522205,9.179612,7.97815,8.609859,8.626672,8.378381,7.705401,7.299728,8.83149,9.72215,8.479744,8.577029,8.609139,8.497267,8.821311,8.805607,8.162651
"CHM",6.888586,6.745145,6.860179,7.521163,6.840819,7.433393,6.758162,6.92726,6.877433,6.54941,6.757088,5.839066,6.704974,7.171631,7.008547,7.341078,6.913169,7.503846,7.72727,7.67965,6.858059
"RPSAP15",8.457509,8.08059,8.224093,8.023259,7.883054,8.500376,7.873038,8.228869,8.268016,8.109336,8.386189,7.942537,8.196796,9.144198,7.882053,7.966802,7.998815,7.97769,8.069877,8.141349,7.396066
"YWHAQP8",7.310225,7.210183,7.318727,7.215693,7.291162,7.354844,7.314726,7.404473,7.084641,6.897584,7.032774,7.02165,7.434697,7.328691,7.098647,7.264524,6.801312,6.972415,7.018418,7.209072,7.400432
"TIMM8A",6.322291,6.157222,6.270201,6.90099,5.777255,6.552224,6.066296,6.516118,6.616744,5.878456,6.279985,5.629962,6.071576,7.252621,6.876902,6.074509,5.588026,6.393514,6.258516,6.45831,6.155803
"GLA",7.104674,7.694414,7.256648,7.29394,7.36471,7.737954,7.433499,6.990489,8.27258,6.988937,7.689941,6.48192,7.061743,6.927545,7.475355,7.209083,6.796351,7.177098,7.234067,7.110196,7.298417
"ZMAT1",7.399948,7.067294,6.540395,7.647991,6.884401,7.133247,7.035778,7.257641,7.445009,6.760142,6.894542,6.054378,6.802811,7.458911,7.50404,7.33323,7.150204,7.602097,7.856219,7.871434,7.398414
"TCEAL8",6.801795,6.52658,6.558399,6.417679,6.775593,6.979551,6.333767,6.636344,6.788317,6.268302,6.685021,6.209263,5.960659,7.482069,6.803096,6.600722,6.36029,6.455544,6.766741,6.680961,6.526627
"RBM41",7.482191,7.218843,7.118407,7.682926,7.159517,7.461399,6.93354,7.348781,7.523969,6.902654,7.058229,6.391759,7.374916,7.621161,7.431093,7.743804,7.336451,7.671545,7.857392,7.856033,7.454158
"TSC22D3",9.503613,9.836276,9.166944,9.253488,9.570519,9.487995,10.256949,9.707962,9.453888,9.173827,10.252634,8.494408,9.634199,9.494042,9.483341,9.123421,9.294923,9.315616,9.237823,9.319721,9.508616
"PSMD10",7.803718,7.11131,7.300643,7.307291,8.012375,7.699541,7.041875,7.363787,7.381963,7.123836,7.77973,6.344687,7.550973,7.993903,7.963987,7.431372,7.439879,7.003113,7.92894,7.751252,7.535053
"ACSL4",9.013272,9.007275,8.738269,8.838709,9.350847,9.446023,9.465836,8.972141,9.021089,8.524689,9.49498,7.810986,9.312958,8.655389,9.254398,9.091768,9.02578,9.25608,9.614268,9.151194,9.1781
"SNORD96B",5.944577,5.727454,5.874793,6.191402,6.089997,5.174048,6.01712,5.896373,5.904053,5.490041,5.735695,5.066216,5.816582,5.374921,5.882619,5.636985,5.162524,6.30113,6.415498,6.601735,6.192896
"CXorf56",6.591529,6.496151,7.300758,7.057384,7.312251,7.416455,7.072262,7.254918,7.210423,7.033845,6.836777,6.691122,6.921934,7.252843,6.584363,6.984958,7.30937,6.758979,6.820707,6.879332,7.144558
"SEPTIN6",9.676677,9.398787,9.248521,10.027523,9.424325,9.915599,9.008114,9.745287,9.653001,9.311276,9.273039,8.471659,9.719839,10.083248,9.700467,9.927202,9.730874,10.132555,9.627632,9.767968,9.681613
"UPF3B",6.646248,6.713165,6.538869,6.634171,6.61332,6.349197,5.986055,6.430232,6.594076,6.000148,6.514187,5.47233,6.380505,7.026984,6.703252,6.762941,6.461381,6.741183,6.589534,6.313308,6.534523
"TMEM255A",6.350357,6.754956,6.777259,6.328939,6.838794,6.353418,6.228292,6.622728,6.433508,6.767688,6.425669,7.329303,6.565905,6.590807,6.079369,6.234215,6.839146,6.271319,6.381331,6.694085,7.979879
"CUL4B",9.101495,8.879153,8.58373,9.221814,9.282967,9.273761,9.292365,8.974051,8.990934,8.790842,9.163754,8.365666,9.070048,9.178241,9.096872,9.126712,9.149417,9.473844,9.691573,9.464904,9.033598
"C1GALT1C1",7.303253,7.496099,7.061542,7.66395,7.589125,7.805987,7.636351,7.316498,7.257741,6.809115,7.351677,5.961038,7.122049,7.820297,7.894275,7.780911,7.700537,8.005117,8.009274,7.636098,7.371716
"THOC2",8.956255,8.919331,8.607498,9.241944,8.693133,9.054792,8.502868,8.788208,8.763384,8.204558,8.593808,7.525816,8.796243,8.937135,9.022767,9.143248,8.781871,9.291393,9.42785,9.580957,9.123221
"ELF4",8.263983,8.595018,8.283324,8.586865,8.381097,8.597583,8.624389,8.47609,8.46404,8.133011,8.862587,7.724755,8.607839,8.166046,8.416528,8.395722,8.416261,8.481926,8.596558,8.316468,9.088736
"ZNF280C",6.487243,6.93681,5.969961,7.01265,6.549291,6.58468,6.472148,6.587149,6.76681,6.033859,6.065234,5.689104,6.796685,6.734492,6.856279,6.920556,6.630672,7.325385,7.047791,7.344498,6.862603
"MBNL3",9.893302,10.300966,10.175384,11.637358,10.274978,10.443234,11.361818,10.017217,9.968775,8.751288,9.793241,9.892197,9.685041,9.463814,10.649027,10.079823,9.41783,10.504344,11.234761,12.052075,10.070191
"MOSPD1",5.889008,5.591918,5.748053,6.47498,5.555674,6.189012,6.47385,5.6531,5.977886,4.842922,5.846173,4.721045,5.756358,6.021102,6.073853,6.219127,6.060907,5.867384,7.072058,7.835193,5.76223
"RTL8A",8.08384,7.878458,8.092616,8.17828,7.919539,7.866748,8.057741,7.872414,7.977313,8.638758,7.974167,8.036196,8.038262,8.252565,8.205812,8.068237,8.297015,8.319258,8.277977,8.200068,8.408066
"CT55",6.279427,5.819774,6.344726,6.06436,6.723395,5.844031,5.762369,5.333327,6.161856,6.066412,6.03943,6.331671,5.997862,6.0659,5.76637,5.500274,4.978198,4.463775,6.131775,6.098152,5.355036
"SNORD61",7.553721,5.664228,5.520662,7.104957,7.161558,6.786703,6.436452,6.441377,7.224996,5.987231,6.773828,5.250659,7.301082,8.62545,6.845026,7.289565,7.052789,7.398204,8.101675,7.965134,6.735787
"ATP11C",8.020618,8.01549,7.413339,8.274418,7.87191,8.148415,7.995647,7.828365,7.914662,7.256997,7.912793,6.654843,7.940516,8.251007,8.041215,8.318867,8.122923,8.48115,8.613546,8.512245,8.099984
"LINC00893",7.365172,7.58363,6.788915,7.885449,7.973458,7.492633,6.864393,7.500737,7.865335,7.241353,7.692791,7.599427,8.260679,7.290623,7.927881,8.018331,8.329906,8.129144,7.779599,7.336998,7.958325
"CETN2",6.996812,7.222163,7.070406,6.200342,7.51768,7.246146,6.15955,7.385592,7.049494,6.722615,7.451465,6.353498,6.957977,7.335444,7.664033,7.208234,7.321141,6.758835,7.087113,7.459308,6.830721
"BCAP31",8.55118,9.163262,8.828317,8.802157,8.345856,9.064511,8.779999,8.711305,8.651839,8.377045,8.753946,7.449864,8.665134,8.585161,8.555809,8.560106,8.03064,8.327579,8.087081,8.229737,8.52399
"IDH3G",8.431883,9.030827,8.863769,9.013569,8.78882,8.928831,8.798571,8.999061,8.720853,8.408579,8.921087,8.254182,8.795543,8.921826,8.863675,8.528779,8.402687,8.732154,8.62191,8.907923,8.992083
"HCFC1",6.984099,7.429826,7.693189,7.924995,7.164405,7.510402,7.579828,7.585914,7.420645,7.253255,7.363379,6.924727,7.581092,6.986341,7.613145,7.088464,7.601291,8.168538,7.489853,7.412528,8.137569
"FLNA",9.543782,10.258504,9.919227,10.268728,9.250987,9.796414,9.775586,9.970143,9.570236,9.319205,9.817996,9.074333,10.017494,9.263138,9.754966,9.897241,9.310995,10.138643,9.208109,9.326059,10.178837
"MPP1",11.142198,11.317711,11.523466,11.636928,11.589296,10.808309,11.276792,10.974835,10.600108,10.000904,10.905902,10.644228,10.358856,10.184357,11.813612,11.078443,10.049689,11.273492,11.427951,11.892815,10.922898
"CLIC2",5.701322,5.671755,5.771791,7.518695,6.362673,6.222516,6.436744,5.664036,5.885767,5.107966,5.949016,5.368194,5.507162,6.07691,5.956485,5.590011,5.062163,5.812635,7.370314,8.152529,6.111788
"TMLHE",8.348277,8.599894,8.124735,8.555566,8.407937,8.547509,8.782342,8.39357,8.452883,7.672549,8.661818,6.882583,8.367844,8.328206,8.330282,8.161862,8.185672,8.345683,8.653686,8.700031,8.233282
"TAF9B",7.432989,6.803278,6.752208,7.573413,7.271037,7.414308,6.938926,6.868229,7.31376,6.824203,7.010866,6.328942,7.059827,7.712204,7.404021,7.524724,7.43148,7.423488,8.147928,7.923141,7.094161
"CSF2RA",8.702189,9.521894,9.21045,8.637937,9.255275,8.948321,9.329646,8.884265,8.929921,8.94086,9.712406,8.72913,9.095399,8.394631,8.780425,8.601651,8.843475,9.001893,8.959345,8.150891,8.521433
"IL3RA",6.862106,7.078229,6.940897,7.811508,7.436336,6.714985,6.152455,7.246492,7.08694,6.83115,6.823934,6.210674,6.63234,6.570394,6.536424,7.456068,6.312553,6.347357,6.96728,6.980003,6.909805
"CD99",9.627164,9.887333,9.520393,9.754253,9.133343,10.00089,9.284783,9.623664,9.367286,9.365774,9.394189,9.071474,9.579208,9.672276,9.834984,10.080989,9.75013,9.638421,9.832792,9.622427,9.72857
"RPS4Y1",10.310021,10.128434,9.606221,9.81496,5.93295,10.401339,5.761789,9.875415,10.072173,10.183257,9.910618,8.919427,9.989355,5.825792,9.237094,9.481856,9.170113,6.018552,9.466716,9.601999,8.926083
"ZFY",7.680121,7.580904,6.791155,7.976426,5.823643,7.96671,5.774593,7.566267,7.791804,7.040312,7.562507,6.214244,7.4203,6.106155,7.76968,7.717885,7.378328,5.612818,8.045859,7.810412,7.624725
"PRKY",8.77074,8.553548,8.309505,8.924964,6.874185,8.450093,7.4182,8.467298,8.836588,8.276122,8.422234,7.707609,8.853172,7.155224,8.658702,8.535519,8.431562,6.920654,8.433408,8.626936,8.573383
"DUX4",7.862154,7.213585,7.573106,7.043979,8.274218,6.882649,6.762854,7.212877,7.851679,10.145037,8.053384,11.159057,7.528791,7.329262,7.018722,8.348194,9.853181,6.48338,6.93563,6.599279,6.694484
"USP9Y",8.741803,8.670443,8.123648,9.315607,5.622848,8.791828,5.298689,8.727944,9.00897,8.030029,8.320347,7.412476,8.751868,5.104485,8.909083,9.019316,8.662092,5.187288,9.233663,9.645229,8.916663
"DDX3Y",9.622272,9.548855,9.470967,9.771648,5.239624,9.902487,5.476751,9.660342,9.777448,9.257191,9.469809,8.428617,9.427289,5.096031,9.871428,9.856449,9.537955,5.218235,9.988705,10.12097,9.632984
"TXLNGY",9.244151,8.782328,8.544022,9.33419,5.864991,8.921331,5.51966,8.918525,9.342592,8.632107,8.730935,7.827861,8.889198,5.867803,9.059192,9.213285,9.062948,5.951323,9.289104,9.384661,8.855885
"EIF1AY",8.272428,8.224088,8.469229,8.66305,4.96356,9.038534,4.649791,8.271135,8.315787,7.445063,8.676579,7.419767,8.039566,4.782439,9.309256,8.860269,8.513518,4.598049,9.757244,10.032178,8.192214
"RPS4Y2",6.089344,6.180809,6.110808,5.990793,5.327017,6.26708,5.059616,6.018117,6.173379,6.165841,5.766879,5.585611,6.08406,4.896975,6.018477,5.60792,5.660706,4.800672,6.027906,5.809382,5.396083
"VAMP7",8.640338,8.195137,8.695811,9.010018,8.635318,9.063251,8.756284,8.438027,8.485351,7.781624,8.669797,7.728207,8.434908,8.999136,8.711032,8.79363,8.843996,8.725394,9.313875,9.307207,8.765146
"UTY",9.988234,9.794262,9.72139,10.135522,5.828124,9.909584,5.778588,9.788907,10.224689,9.503593,9.861336,8.999667,10.11505,5.926843,10.030207,10.096154,9.789262,5.703788,10.522593,10.378269,9.941131
"CD24",6.814327,6.136897,5.950276,7.099914,6.507799,7.561714,5.834466,6.078036,6.894044,6.098919,6.411765,5.916134,6.580527,7.935065,6.571682,7.104232,6.906266,6.842472,7.212828,6.886985,6.898239
"BCORP1",5.484661,5.766904,6.187698,6.906744,3.534747,6.242802,4.811058,5.517859,5.606649,6.182566,5.868317,5.581892,6.781973,3.601688,5.522576,5.944397,6.042152,4.037312,6.184802,6.23678,5.967078
"KDM5D",8.592484,8.391858,8.232742,9.121129,5.560856,8.554274,5.96427,8.775669,8.970364,8.392433,8.340032,7.614146,8.709971,5.780127,8.731014,8.723424,8.524484,5.253909,8.671604,9.041242,9.032841
"TTTY10",6.001487,6.08434,6.201596,5.165538,5.469457,6.082646,5.48525,6.160181,6.614811,6.212787,6.406196,6.506278,6.584987,5.100611,6.003698,6.139907,6.315818,5.591359,7.093201,7.42447,6.254825
"ERVH-6",5.335935,5.331886,5.617716,5.176061,5.385128,5.501911,5.434953,5.789992,5.250844,6.383912,5.907671,7.124647,6.068894,5.040732,4.958999,6.123301,6.725412,6.040168,5.256488,5.753054,5.254586
"TTTY13",5.620427,5.247336,5.700086,5.119708,5.560418,5.718734,5.769823,5.263541,5.765173,6.471842,5.517777,7.253186,5.617925,5.202122,5.495517,5.693795,6.236961,5.452581,5.222387,5.376633,5.513244
"NAIP",9.854354,10.188078,9.596983,9.9689,10.616348,9.320523,11.396475,9.639268,10.203731,10.610442,10.529159,9.810214,9.92258,9.184322,10.307732,10.5204,10.070446,10.551861,10.539362,10.46979,10.627272
"OR14J1",4.942348,4.847699,5.118151,4.698486,5.463845,4.801771,5.062558,5.285175,5.100894,5.48654,4.815189,6.690683,5.228721,4.968325,5.160825,5.114752,5.904638,4.775476,5.034848,5.059897,5.141547
"PPP1R11",8.082609,8.284709,8.163902,8.043721,8.334962,8.287028,8.220568,8.127822,8.216362,8.187088,8.485229,7.983685,8.239163,8.253905,7.923302,8.363122,8.284189,8.096371,8.486186,8.124989,8.688152
"MUC21",5.254673,4.103417,4.359168,4.578064,4.680696,4.128217,4.859141,4.997369,4.346723,4.514935,5.353765,5.065792,4.348913,4.751447,4.38824,3.912857,5.579614,4.641373,4.922517,4.930706,5.262505
"TCF19",6.204911,5.668984,5.404765,6.318151,6.559352,5.228029,5.549751,6.253115,5.116811,5.762121,4.759671,6.845071,5.747608,6.615612,4.708681,7.036798,6.201751,6.126803,6.655478,5.94265,6.173049
"SKIV2L",6.73992,6.633536,8.348955,6.853316,6.553871,6.748166,6.593157,7.441691,6.097651,5.501741,6.717303,6.854207,6.413064,6.393464,6.898291,6.213584,6.564227,6.575599,6.257515,6.312566,6.424522
"STK19",5.578265,6.905596,6.311604,6.675416,6.206465,6.798382,7.160753,6.349422,6.63952,7.12361,6.883352,5.747091,5.844572,6.872171,7.087054,6.462797,5.54545,6.943022,6.432664,6.608187,6.43613
"TRIM31",5.842811,5.572754,5.793695,4.953983,5.573428,6.008738,5.912874,6.096915,5.405282,5.606928,5.254711,5.954722,5.520942,5.576622,6.240676,4.63976,5.090285,5.704319,5.536197,6.072898,5.546426
"CDSN",8.525348,7.844916,8.335406,7.315965,7.812126,7.85088,8.293214,7.85756,7.862882,8.642064,8.162889,9.426472,8.742522,8.328477,6.163085,8.7077,8.739632,8.250992,7.420608,7.975664,8.473044
"ABHD16A",6.990912,7.178518,7.034404,7.049464,7.15378,7.397514,7.209914,7.052258,7.184457,6.880803,7.633596,6.830374,7.24074,6.935545,7.17445,7.145157,7.180103,7.163992,7.113524,6.99566,7.540985
"CLIC1",5.182363,5.453676,5.373032,4.928975,4.62998,5.219724,3.899717,5.038225,4.976521,5.742821,4.854562,5.322031,4.371966,4.179231,3.800459,6.685073,5.125999,4.989871,4.18323,5.121435,4.72211
"HLA-DPA1",11.970575,12.427844,11.596393,12.593259,12.222338,11.986393,11.909626,12.453149,11.752059,11.788351,12.033342,11.271591,12.3154,9.070067,11.787393,11.965197,12.15546,11.954871,11.484597,12.25442,11.989347
"VPS52",4.60402,3.801344,5.705225,5.218522,6.14927,5.138031,6.834363,6.195054,5.526868,7.091682,6.514217,7.308194,5.690057,5.639725,6.4736,6.379793,4.887302,4.312476,6.784039,5.677798,6.025597
"TUBB",10.499809,10.940457,10.44187,11.117202,10.158586,10.819541,10.417329,10.674939,10.42587,10.272924,10.305794,9.939242,10.443657,10.475685,10.751111,10.896814,10.715056,11.08186,10.399943,10.754772,10.760885
"TNF",6.649478,6.938068,7.273343,6.98467,6.947447,6.762186,6.840854,6.507399,6.757292,6.891282,6.866347,6.888463,6.910582,6.547188,6.896814,6.62665,6.523733,6.430675,6.902389,6.404697,6.890371
"LST1",9.611844,10.473861,10.039018,9.847449,10.539313,10.130184,10.170242,9.916677,9.858435,10.000525,10.658028,9.567204,9.858997,9.725441,10.042425,9.676338,9.999779,9.93208,10.297449,9.743762,9.644102
"AIF1",8.681755,8.578335,8.389898,8.065983,9.392028,8.590683,8.302027,8.624243,8.69566,8.74178,9.358939,8.523022,8.542983,9.00957,9.173989,8.94804,9.471494,8.905611,9.941355,9.274543,9.219192
"CSNK2B",9.671615,10.516621,10.197558,10.543117,9.809559,10.414355,9.963316,9.701646,9.834074,10.214624,9.919494,9.629765,9.909144,9.767565,10.204862,10.30151,10.86792,10.53513,10.486972,10.37264,10.328228
"PSMB9",10.302832,10.3345,10.077442,10.305466,10.510813,10.716706,9.833447,10.612858,10.320668,10.270344,10.683959,9.193845,10.597117,10.321759,10.497944,10.514248,10.468577,10.524584,10.315125,10.265508,10.826896
"PFDN6",7.897357,7.989021,7.704526,7.724609,7.923814,7.952825,7.730123,7.723122,8.313852,7.88753,8.062649,7.593226,7.831798,8.638748,7.695115,7.692965,7.655209,7.722061,7.440438,7.4018,7.89912
"FLOT1",8.755272,8.915138,8.420016,8.779538,9.526925,8.969372,9.083453,8.763716,8.821679,8.601887,9.588479,8.23736,9.025006,8.623505,9.421772,8.703889,9.368553,9.438537,9.032235,8.790525,9.103553
"IER3",7.987132,7.781284,8.082792,7.649723,8.367083,7.78477,7.909474,8.038304,7.991101,8.083298,8.494002,7.900345,7.910206,7.845565,8.010161,7.842002,7.75665,7.669648,7.659622,7.950564,7.742963
"NCR3",7.3324,7.935326,7.865958,7.62693,7.293581,7.455235,7.710353,7.403593,7.424962,7.851578,7.5646,7.989292,7.828727,7.475657,7.607677,7.714281,7.695747,7.446221,7.60352,7.796587,7.555431
"NELFE",8.167648,8.346424,8.148555,8.319389,8.263577,8.175952,7.784188,8.26499,8.10117,7.917525,8.326784,7.637585,8.145955,8.379919,8.078188,7.949938,7.777436,7.935072,7.867382,7.75259,8.27281
"PSMB8",8.806402,9.002403,8.666182,9.235177,9.29919,9.304185,8.922648,9.031949,8.984762,8.53012,9.392323,7.343426,9.152542,9.41843,9.245764,9.211616,9.072657,9.376368,9.362377,9.13146,9.3356
"LILRA6",9.491008,9.914787,10.114615,9.583952,9.81307,10.097735,10.420832,9.887307,9.667908,9.732189,10.711072,9.582535,10.004366,9.643651,9.763984,9.480004,9.251647,9.800331,9.619833,9.70123,10.172343
"TBCA",8.215682,7.586321,6.797062,7.359885,8.02855,7.616696,6.501502,7.364585,8.028888,7.769936,7.986626,6.760561,7.595609,9.046064,7.977129,8.350144,8.363327,7.467456,8.72874,7.765953,8.02771
"LOC401261",8.967543,8.974528,8.561704,8.806517,8.538306,8.758428,8.612038,8.78016,8.807859,8.522882,9.026428,8.148068,8.99879,9.156593,8.880427,8.952149,8.685163,8.892854,9.070312,8.492948,8.663978
"ADCY10P1",6.729868,6.213285,6.220886,6.768745,6.529087,6.586599,7.378235,6.332861,6.660726,6.040125,7.061398,6.411008,7.308846,6.029408,6.895032,6.372571,7.042685,7.618234,7.312784,7.323183,7.008659
"LINC02520",6.298661,5.517768,5.889095,6.507471,5.555387,6.720856,5.379696,6.672951,5.553429,5.647153,6.034813,5.995875,6.253373,6.273045,6.459235,5.691071,5.620366,6.205404,6.415652,6.457289,5.26775
"KRTAP5-8",6.23605,5.946735,6.262625,5.760936,6.285056,5.389369,5.812787,6.53962,6.082697,7.452509,6.318752,8.325987,6.51604,5.901784,6.163085,6.309111,7.145169,6.283908,6.018542,6.080117,6.368077
"ZC3H11A",10.284542,9.976437,9.693252,10.17182,10.042809,10.281259,10.301091,9.9984,10.264679,9.86337,10.103993,9.434355,10.319404,10.202937,10.1934,10.299094,10.367171,10.388662,10.62398,10.332459,10.167245
"LYRM9",4.792614,4.632732,4.260316,5.00684,4.260408,4.575905,4.660635,4.557443,4.832709,4.702858,3.938721,4.669039,4.401671,4.718853,4.790216,4.344135,4.758053,6.53827,5.951326,4.841709,4.834125
"ZNF718",7.553739,7.21154,7.150268,8.008222,7.017003,7.682422,7.853344,7.286083,7.635326,6.722197,7.143918,6.664056,7.607688,8.777594,7.756906,8.4959,8.000852,7.933993,8.220299,7.867743,7.178509
"PCDHA10",5.01763,4.521881,4.960995,4.633157,5.06683,4.6716,5.17586,5.130008,4.814494,5.285351,4.555795,5.586068,4.923281,4.377471,4.742377,4.148928,4.926008,4.742147,4.729093,5.160304,4.372459
"PCDHA11",4.618776,4.492218,3.949499,4.290315,4.905427,3.752174,3.585195,4.630462,4.355587,3.960676,5.363443,4.286217,4.000763,3.442079,4.240508,3.457523,2.747833,3.905195,4.604462,3.540553,3.474449
"PCDHA12",5.681643,5.714871,5.410793,5.00197,5.341825,5.291502,5.11323,5.397849,5.571119,5.325219,4.967115,5.976432,5.66048,5.453677,5.867822,5.51462,5.870068,4.808337,5.121924,5.578336,4.984435
"PCDHA13",8.015458,7.282321,8.504942,7.222834,7.938241,7.438918,8.191241,8.183499,7.609469,7.596772,7.611682,8.354193,7.673276,7.703785,7.769948,7.721019,7.732637,7.89611,7.734385,7.668317,8.012565
"PCDHA1",6.263554,6.146651,7.080076,6.480364,6.644926,6.588988,6.282497,6.361277,5.952549,6.781278,6.25185,7.850128,6.527311,6.296152,6.307338,6.224973,6.171863,6.050242,5.997365,6.330854,6.564661
"PCDHA3",6.84253,6.302929,7.189848,6.221011,6.948438,6.514353,6.941401,6.620602,5.499011,6.696301,6.392097,7.424831,6.013881,6.274042,6.930658,6.452009,6.852158,6.246553,6.374034,6.379233,6.571253
"PCDHA5",6.734893,6.730852,7.204862,6.621621,7.305694,7.13702,7.074884,7.162056,6.422236,6.762297,6.324482,7.269636,6.360947,7.041078,6.173178,6.072819,5.287887,6.245465,5.467153,6.509227,7.153817
"PCDHA7",5.877463,5.58819,6.171828,5.617435,5.956406,5.970058,5.681386,5.805559,5.72842,6.038732,5.86274,6.079263,5.622974,6.138999,5.501002,5.426979,5.431859,4.804911,5.581221,5.872391,5.705939
"PCDHGB4",7.809972,7.965904,8.229467,7.478417,8.078578,7.946679,7.821944,8.250765,6.977291,8.117924,7.604137,8.158177,7.955215,7.306897,7.89886,7.552977,7.776079,7.575612,7.514075,7.713639,7.305311
"CDK11B",6.816641,8.036847,5.705225,6.433463,7.396974,6.461089,6.569299,6.302084,4.805516,5.733419,6.15538,4.464865,6.426119,7.877855,6.356443,5.033566,6.792973,5.91552,7.560488,4.17056,5.956076
"CDK11A",7.394076,8.253955,7.634632,8.103847,7.881871,7.907299,7.882006,7.487627,8.129232,7.910913,8.587145,6.958771,7.830143,7.532166,7.5923,7.914764,6.643854,8.243005,7.771624,7.422831,7.506625
"TAS2R45",7.217441,7.107265,5.323321,6.688944,7.366264,6.63956,6.887722,7.705149,7.002445,5.801122,4.406859,6.53302,6.830031,6.84759,7.100506,7.995145,7.333074,8.185999,8.673093,8.083685,6.829958
"H4C14",8.833095,8.438314,8.412258,8.518061,8.926971,9.029941,8.733072,8.762075,8.714729,8.053685,8.763481,7.585909,8.349813,9.15497,8.342465,8.325905,8.359019,8.226816,8.457168,8.115394,8.686601
"RAC1",7.832935,7.654319,6.90308,6.627515,7.925621,7.452955,7.230784,7.273309,7.808326,6.880989,7.593738,6.496302,7.674413,7.901696,8.268796,7.817642,7.531156,8.092819,8.161257,7.207231,7.281624
"PEDS1-UBE2V1",8.863173,9.146834,8.679421,9.06756,8.891693,8.953637,9.128184,9.021787,8.768498,9.267463,8.89272,9.340699,8.851436,9.15924,9.323129,9.297748,9.246765,8.728473,8.8997,8.960425,9.192853
"OR8G1",5.182233,5.45277,5.426723,5.331604,5.225875,5.136122,5.640152,5.00444,5.033864,6.733404,5.279908,7.190677,5.666591,4.814514,5.920814,5.693017,6.772544,4.918748,5.354765,5.493604,5.190334
"OR4N4",4.49795,4.415507,4.50842,4.120381,4.477805,4.30563,4.624851,4.509947,4.531065,5.80052,4.598222,6.865791,4.335552,4.531548,4.447545,4.689334,5.378333,4.21122,4.225249,4.230929,4.617757
"ST6GALNAC2",8.330305,8.604517,8.094504,7.975209,8.528448,8.665493,9.5023,8.204109,8.438686,8.455327,9.151021,8.244832,9.019227,7.875352,8.628235,7.918267,8.506156,8.62965,8.765416,7.947481,7.435072
"KRTAP5-7",9.257056,8.973084,9.138933,8.764713,9.107481,8.760013,9.243167,9.085268,9.202634,10.164695,9.096596,10.789393,9.14176,8.890419,8.95944,9.413628,9.95366,9.134297,9.027287,8.903769,9.162425
"SPRR2F",8.466049,8.180132,8.197973,7.915459,8.352742,7.709886,8.268562,8.269326,8.168826,9.183079,8.388358,9.840484,8.310219,8.185956,7.738983,8.527067,9.003077,8.225224,8.232019,8.115,8.088193
"NME2",6.308238,5.335319,5.482134,5.267291,5.764666,5.473853,4.450417,4.547017,5.146235,5.780129,5.317177,5.770265,6.645603,5.520481,4.100193,5.749013,5.055427,5.583093,5.009693,4.669549,3.825598
"POLR2M",8.752654,8.472456,8.264213,9.108292,8.684354,8.84367,8.121423,8.594871,8.270908,8.23737,8.302187,7.562115,8.289766,9.076849,8.780903,9.013684,8.50676,9.140947,9.098427,9.253047,8.944157
"SPRR2G",7.864182,7.652208,8.165516,7.537232,7.77729,7.464804,7.867851,7.735437,7.884459,8.643932,7.648517,9.333359,7.911292,7.686562,7.824852,7.849098,8.4658,7.676683,7.487758,7.617568,7.855071
